# Blender 5.0.0
# www.blender.org
mtllib login new.mtl
o Text
v 3.831000 0.681993 0.003147
v 3.528000 0.681993 0.003147
v 3.528000 0.326997 0.001509
v 3.564213 0.333859 0.001541
v 3.597787 0.336649 0.001553
v 3.628625 0.335668 0.001549
v 3.656630 0.331219 0.001528
v 3.681704 0.323602 0.001493
v 3.703750 0.313122 0.001445
v 3.722672 0.300078 0.001385
v 3.738371 0.284775 0.001314
v 3.750750 0.267513 0.001234
v 3.759713 0.248595 0.001147
v 3.765162 0.228322 0.001054
v 3.767000 0.206998 0.000955
v 3.765696 0.190503 0.000879
v 3.761903 0.174623 0.000806
v 3.755797 0.159514 0.000736
v 3.747555 0.145332 0.000671
v 3.737356 0.132233 0.000610
v 3.725375 0.120374 0.000555
v 3.711790 0.109910 0.000507
v 3.696778 0.100999 0.000466
v 3.680516 0.093796 0.000433
v 3.663181 0.088457 0.000408
v 3.644950 0.085140 0.000393
v 3.626000 0.083999 0.000388
v 3.613501 0.084353 0.000389
v 3.601005 0.085411 0.000394
v 3.588516 0.087171 0.000402
v 3.576037 0.089629 0.000414
v 3.563572 0.092781 0.000428
v 3.551125 0.096624 0.000446
v 3.538698 0.101155 0.000467
v 3.526296 0.106369 0.000491
v 3.513921 0.112264 0.000518
v 3.501578 0.118837 0.000548
v 3.489270 0.126083 0.000582
v 3.477000 0.133999 0.000618
v 3.477000 0.033000 0.000152
v 3.491514 0.025871 0.000119
v 3.505611 0.019472 0.000090
v 3.519375 0.013781 0.000064
v 3.532889 0.008778 0.000041
v 3.546236 0.004441 0.000020
v 3.559500 0.000750 0.000003
v 3.572764 -0.002316 -0.000011
v 3.586111 -0.004778 -0.000022
v 3.599625 -0.006656 -0.000031
v 3.613389 -0.007972 -0.000037
v 3.627486 -0.008746 -0.000040
v 3.642000 -0.009000 -0.000042
v 3.673487 -0.007117 -0.000033
v 3.703310 -0.001602 -0.000007
v 3.731266 0.007344 0.000034
v 3.757148 0.019518 0.000090
v 3.780753 0.034721 0.000160
v 3.801875 0.052749 0.000243
v 3.820310 0.073403 0.000339
v 3.835852 0.096480 0.000445
v 3.848297 0.121780 0.000562
v 3.857440 0.149100 0.000688
v 3.863076 0.178240 0.000822
v 3.865000 0.208998 0.000964
v 3.863061 0.239849 0.001107
v 3.857324 0.269224 0.001242
v 3.847906 0.296856 0.001370
v 3.834926 0.322478 0.001488
v 3.818501 0.345822 0.001596
v 3.798750 0.366621 0.001692
v 3.775791 0.384608 0.001775
v 3.749741 0.399514 0.001844
v 3.720719 0.411074 0.001897
v 3.688843 0.419019 0.001934
v 3.654231 0.423082 0.001952
v 3.617000 0.422996 0.001952
v 3.617000 0.593994 0.002741
v 3.831000 0.593994 0.002741
v 0.653000 0.681993 0.003147
v 0.555000 0.681993 0.003147
v 0.555000 0.384996 0.001777
v 0.173000 0.384996 0.001777
v 0.173000 0.681993 0.003147
v 0.075000 0.681993 0.003147
v 0.075000 0.000000 0.000000
v 0.173000 0.000000 0.000000
v 0.173000 0.296997 0.001371
v 0.555000 0.296997 0.001371
v 0.555000 0.000000 0.000000
v 0.653000 0.000000 0.000000
v 0.901000 0.681993 0.003147
v 0.803000 0.681993 0.003147
v 0.803000 0.000000 0.000000
v 1.209000 0.000000 0.000000
v 1.209000 0.087999 0.000406
v 0.818454 0.015937 0.000074
v 1.867000 0.681993 0.003147
v 1.769000 0.681993 0.003147
v 1.599977 0.300720 0.001388
v 1.603125 0.284703 0.001314
v 1.611743 0.268727 0.001240
v 1.624590 0.252904 0.001167
v 1.640428 0.237348 0.001095
v 1.658015 0.222170 0.001025
v 1.676114 0.207484 0.000957
v 1.693483 0.193402 0.000892
v 1.708883 0.180037 0.000831
v 1.721075 0.167502 0.000773
v 1.728818 0.155908 0.000719
v 1.730873 0.145370 0.000671
v 1.726000 0.135999 0.000628
v 1.717772 0.128404 0.000593
v 1.708593 0.121161 0.000559
v 1.698469 0.114327 0.000528
v 1.687408 0.107962 0.000498
v 1.675416 0.102124 0.000471
v 1.662500 0.096874 0.000447
v 1.648668 0.092269 0.000426
v 1.633926 0.088369 0.000408
v 1.618281 0.085233 0.000393
v 1.601741 0.082920 0.000383
v 1.584312 0.081489 0.000376
v 1.566000 0.080999 0.000374
v 1.551458 0.081396 0.000376
v 1.537333 0.082587 0.000381
v 1.523625 0.084577 0.000390
v 1.510333 0.087369 0.000403
v 1.497458 0.090967 0.000420
v 1.485000 0.095374 0.000440
v 1.472958 0.100593 0.000464
v 1.461334 0.106629 0.000492
v 1.450125 0.113483 0.000524
v 1.439334 0.121161 0.000559
v 1.428959 0.129665 0.000598
v 1.419000 0.138999 0.000641
v 1.411681 0.146795 0.000677
v 1.405199 0.154785 0.000714
v 1.399516 0.163123 0.000753
v 1.394593 0.171961 0.000794
v 1.390392 0.181452 0.000837
v 1.386875 0.191748 0.000885
v 1.384004 0.203002 0.000937
v 1.381741 0.215368 0.000994
v 1.380047 0.228998 0.001057
v 1.378885 0.244044 0.001126
v 1.378215 0.260659 0.001203
v 1.378000 0.278997 0.001287
v 1.630879 0.518214 0.002391
v 1.280000 0.681993 0.003147
v 1.280000 0.257997 0.001191
v 1.282838 0.213671 0.000986
v 1.291037 0.173637 0.000801
v 1.304125 0.137811 0.000636
v 1.321630 0.106110 0.000490
v 1.343079 0.078451 0.000362
v 1.368000 0.054749 0.000253
v 1.395921 0.034923 0.000161
v 1.426371 0.018889 0.000087
v 1.458875 0.006562 0.000030
v 1.492963 -0.002139 -0.000010
v 1.528162 -0.007299 -0.000034
v 1.564000 -0.009000 -0.000042
v 1.612606 -0.006739 -0.000031
v 1.656931 -0.000079 -0.000000
v 1.696985 0.010797 0.000050
v 1.732778 0.025703 0.000119
v 1.764321 0.044457 0.000205
v 1.791625 0.066874 0.000309
v 1.814700 0.092770 0.000428
v 1.833556 0.121962 0.000563
v 1.848203 0.154264 0.000712
v 1.858653 0.189493 0.000874
v 1.864915 0.227466 0.001050
v 1.867000 0.267997 0.001237
v 2.397000 0.340996 0.001574
v 2.395192 0.391997 0.001809
v 2.389870 0.439838 0.002030
v 2.381187 0.484276 0.002235
v 2.369296 0.525069 0.002423
v 2.354350 0.561972 0.002593
v 2.336500 0.594744 0.002744
v 2.315901 0.623140 0.002876
v 2.292704 0.646919 0.002985
v 2.267063 0.665837 0.003073
v 2.239130 0.679650 0.003136
v 2.209058 0.688117 0.003175
v 2.177000 0.690993 0.003189
v 2.144942 0.688117 0.003175
v 2.114871 0.679650 0.003136
v 2.086938 0.665837 0.003073
v 2.061296 0.646919 0.002985
v 2.038100 0.623140 0.002876
v 2.017500 0.594744 0.002744
v 1.999651 0.561972 0.002593
v 1.984704 0.525069 0.002423
v 1.972813 0.484276 0.002235
v 1.964130 0.439838 0.002030
v 1.958808 0.391997 0.001809
v 1.957000 0.340996 0.001574
v 1.958808 0.289996 0.001338
v 1.964130 0.242155 0.001117
v 1.972813 0.197717 0.000912
v 1.984704 0.156924 0.000724
v 1.999651 0.120021 0.000554
v 2.017500 0.087249 0.000403
v 2.038100 0.058852 0.000272
v 2.061296 0.035074 0.000162
v 2.086938 0.016156 0.000075
v 2.114871 0.002343 0.000011
v 2.144942 -0.006124 -0.000028
v 2.177000 -0.009000 -0.000042
v 2.209058 -0.006124 -0.000028
v 2.239130 0.002343 0.000011
v 2.267062 0.016156 0.000075
v 2.292704 0.035074 0.000162
v 2.315900 0.058852 0.000272
v 2.336500 0.087249 0.000403
v 2.354349 0.120021 0.000554
v 2.369296 0.156924 0.000724
v 2.381187 0.197717 0.000912
v 2.389870 0.242155 0.001117
v 2.395192 0.289996 0.001338
v 2.232177 0.340996 0.001574
v 2.232569 0.306402 0.001414
v 2.233465 0.281739 0.001300
v 2.234448 0.265687 0.001226
v 2.235101 0.256928 0.001186
v 2.235005 0.254141 0.001173
v 2.233744 0.256006 0.001181
v 2.230899 0.261205 0.001205
v 2.226053 0.268418 0.001239
v 2.218789 0.276325 0.001275
v 2.208689 0.283606 0.001309
v 2.195335 0.288943 0.001333
v 2.178310 0.291015 0.001343
v 2.161105 0.289072 0.001334
v 2.147252 0.284092 0.001311
v 2.136398 0.277348 0.001280
v 2.128189 0.270116 0.001246
v 2.122272 0.263670 0.001217
v 2.118291 0.259282 0.001196
v 2.115894 0.258228 0.001192
v 2.114726 0.261781 0.001208
v 2.114434 0.271215 0.001252
v 2.114664 0.287805 0.001328
v 2.115061 0.312824 0.001444
v 2.115272 0.347548 0.001604
v 2.115061 0.382219 0.001764
v 2.114664 0.407096 0.001879
v 2.114434 0.423471 0.001954
v 2.114726 0.432635 0.001996
v 2.115894 0.435882 0.002011
v 2.118291 0.434503 0.002005
v 2.122272 0.429791 0.001983
v 2.128189 0.423038 0.001952
v 2.136398 0.415536 0.001918
v 2.147252 0.408577 0.001885
v 2.161105 0.403454 0.001862
v 2.178310 0.401460 0.001853
v 2.195336 0.403325 0.001861
v 2.208689 0.408092 0.001883
v 2.218790 0.414512 0.001913
v 2.226054 0.421339 0.001944
v 2.230899 0.427326 0.001972
v 2.233744 0.431227 0.001990
v 2.235005 0.431795 0.001993
v 2.235101 0.427782 0.001974
v 2.234448 0.417943 0.001929
v 2.233465 0.401030 0.001851
v 2.232569 0.375797 0.001734
v 2.897000 0.340996 0.001574
v 2.895192 0.391997 0.001809
v 2.889870 0.439838 0.002030
v 2.881187 0.484276 0.002235
v 2.869296 0.525069 0.002423
v 2.854350 0.561972 0.002593
v 2.836500 0.594744 0.002744
v 2.815901 0.623140 0.002876
v 2.792704 0.646919 0.002985
v 2.767063 0.665837 0.003073
v 2.739130 0.679650 0.003136
v 2.709058 0.688117 0.003175
v 2.677000 0.690993 0.003189
v 2.644942 0.688117 0.003175
v 2.614871 0.679650 0.003136
v 2.586938 0.665837 0.003073
v 2.561296 0.646919 0.002985
v 2.538100 0.623140 0.002876
v 2.517500 0.594744 0.002744
v 2.499651 0.561972 0.002593
v 2.484704 0.525069 0.002423
v 2.472813 0.484276 0.002235
v 2.464130 0.439838 0.002030
v 2.458808 0.391997 0.001809
v 2.457000 0.340996 0.001574
v 2.458808 0.289996 0.001338
v 2.464130 0.242155 0.001117
v 2.472813 0.197717 0.000912
v 2.484704 0.156924 0.000724
v 2.499650 0.120021 0.000554
v 2.517500 0.087249 0.000403
v 2.538100 0.058852 0.000272
v 2.561296 0.035074 0.000162
v 2.586937 0.016156 0.000075
v 2.614870 0.002343 0.000011
v 2.644942 -0.006124 -0.000028
v 2.677000 -0.009000 -0.000042
v 2.709058 -0.006124 -0.000028
v 2.739130 0.002343 0.000011
v 2.767062 0.016156 0.000075
v 2.792704 0.035074 0.000162
v 2.815900 0.058852 0.000272
v 2.836500 0.087249 0.000403
v 2.854349 0.120021 0.000554
v 2.869296 0.156924 0.000724
v 2.881187 0.197717 0.000912
v 2.889870 0.242155 0.001117
v 2.895192 0.289996 0.001338
v 2.799000 0.340996 0.001574
v 2.798051 0.302329 0.001395
v 2.795241 0.266405 0.001229
v 2.790625 0.233341 0.001077
v 2.784259 0.203257 0.000938
v 2.776199 0.176270 0.000813
v 2.766500 0.152498 0.000704
v 2.755217 0.132060 0.000609
v 2.742407 0.115073 0.000531
v 2.728125 0.101655 0.000469
v 2.712425 0.091925 0.000424
v 2.695365 0.086000 0.000397
v 2.677000 0.083999 0.000388
v 2.658634 0.086000 0.000397
v 2.641574 0.091925 0.000424
v 2.625875 0.101655 0.000469
v 2.611593 0.115073 0.000531
v 2.598782 0.132060 0.000609
v 2.587500 0.152498 0.000704
v 2.577801 0.176270 0.000813
v 2.569741 0.203257 0.000938
v 2.563375 0.233341 0.001077
v 2.558759 0.266405 0.001229
v 2.555949 0.302329 0.001395
v 2.555000 0.340996 0.001574
v 2.555949 0.379664 0.001752
v 2.558759 0.415588 0.001918
v 2.563375 0.448651 0.002070
v 2.569741 0.478736 0.002209
v 2.577801 0.505723 0.002334
v 2.587500 0.529494 0.002443
v 2.598783 0.549933 0.002538
v 2.611593 0.566920 0.002616
v 2.625875 0.580338 0.002678
v 2.641575 0.590068 0.002723
v 2.658635 0.595993 0.002750
v 2.677000 0.597994 0.002759
v 2.695366 0.595993 0.002750
v 2.712426 0.590068 0.002723
v 2.728125 0.580338 0.002678
v 2.742408 0.566920 0.002616
v 2.755218 0.549933 0.002538
v 2.766500 0.529494 0.002443
v 2.776199 0.505723 0.002334
v 2.784260 0.478736 0.002209
v 2.790625 0.448651 0.002070
v 2.795241 0.415588 0.001918
v 2.798051 0.379664 0.001752
v 3.008000 0.568994 0.002626
v 3.019449 0.573976 0.002649
v 3.030343 0.578434 0.002669
v 3.040750 0.582384 0.002687
v 3.050741 0.585846 0.002703
v 3.060385 0.588835 0.002717
v 3.069750 0.591369 0.002729
v 3.078908 0.593465 0.002739
v 3.087926 0.595142 0.002746
v 3.096875 0.596416 0.002752
v 3.105824 0.597304 0.002756
v 3.114843 0.597824 0.002759
v 3.124000 0.597994 0.002759
v 3.141447 0.597190 0.002756
v 3.157741 0.594813 0.002745
v 3.172813 0.590916 0.002727
v 3.186593 0.585549 0.002702
v 3.199012 0.578766 0.002671
v 3.210000 0.570619 0.002633
v 3.219489 0.561159 0.002589
v 3.227408 0.550439 0.002540
v 3.233688 0.538510 0.002485
v 3.238260 0.525425 0.002425
v 3.241054 0.511236 0.002359
v 3.242000 0.495995 0.002289
v 3.241063 0.481023 0.002220
v 3.238250 0.467134 0.002156
v 3.233563 0.454370 0.002097
v 3.227000 0.442773 0.002043
v 3.218563 0.432384 0.001995
v 3.208250 0.423246 0.001953
v 3.196063 0.415398 0.001917
v 3.182000 0.408885 0.001887
v 3.166063 0.403746 0.001863
v 3.148250 0.400024 0.001846
v 3.128563 0.397760 0.001835
v 3.107000 0.396996 0.001832
v 3.107000 0.306997 0.001417
v 3.130250 0.307084 0.001417
v 3.151495 0.304941 0.001407
v 3.170734 0.300716 0.001388
v 3.187963 0.294552 0.001359
v 3.203178 0.286598 0.001323
v 3.216375 0.276997 0.001278
v 3.227552 0.265896 0.001227
v 3.236704 0.253442 0.001170
v 3.243828 0.239779 0.001106
v 3.248921 0.225053 0.001039
v 3.251980 0.209411 0.000966
v 3.253000 0.192998 0.000891
v 3.252115 0.176989 0.000817
v 3.249505 0.162008 0.000748
v 3.245234 0.148123 0.000684
v 3.239371 0.135406 0.000625
v 3.231979 0.123925 0.000572
v 3.223125 0.113749 0.000525
v 3.212876 0.104948 0.000484
v 3.201297 0.097592 0.000450
v 3.188453 0.091749 0.000423
v 3.174412 0.087490 0.000404
v 3.159239 0.084883 0.000392
v 3.143000 0.083999 0.000388
v 3.130499 0.084354 0.000389
v 3.117991 0.085420 0.000394
v 3.105469 0.087202 0.000402
v 3.092926 0.089703 0.000414
v 3.080355 0.092926 0.000429
v 3.067750 0.096874 0.000447
v 3.055103 0.101552 0.000469
v 3.042407 0.106962 0.000494
v 3.029656 0.113108 0.000522
v 3.016843 0.119994 0.000554
v 3.003959 0.127623 0.000589
v 2.991000 0.135999 0.000628
v 2.991000 0.030000 0.000138
v 3.003249 0.023981 0.000111
v 3.015491 0.018430 0.000085
v 3.027719 0.013359 0.000062
v 3.039926 0.008778 0.000041
v 3.052105 0.004696 0.000022
v 3.064250 0.001125 0.000005
v 3.076353 -0.001925 -0.000009
v 3.088408 -0.004444 -0.000021
v 3.100406 -0.006422 -0.000030
v 3.112343 -0.007847 -0.000036
v 3.124210 -0.008710 -0.000040
v 3.136000 -0.009000 -0.000042
v 3.166699 -0.007257 -0.000033
v 3.195676 -0.002139 -0.000010
v 3.222750 0.006187 0.000029
v 3.247741 0.017555 0.000081
v 3.270468 0.031798 0.000147
v 3.290750 0.048749 0.000225
v 3.308408 0.068242 0.000315
v 3.323260 0.090110 0.000416
v 3.335125 0.114186 0.000527
v 3.343825 0.140304 0.000647
v 3.349176 0.168297 0.000777
v 3.351000 0.197998 0.000914
v 3.350370 0.215489 0.000994
v 3.348463 0.232845 0.001074
v 3.345250 0.249888 0.001153
v 3.340704 0.266442 0.001230
v 3.334796 0.282329 0.001303
v 3.327500 0.297372 0.001372
v 3.318787 0.311394 0.001437
v 3.308630 0.324219 0.001496
v 3.297000 0.335668 0.001549
v 3.283870 0.345566 0.001595
v 3.269213 0.353734 0.001632
v 3.253000 0.359996 0.001661
v 3.267736 0.368697 0.001701
v 3.280972 0.377857 0.001744
v 3.292750 0.387558 0.001788
v 3.303111 0.397885 0.001836
v 3.312098 0.408919 0.001887
v 3.319750 0.420746 0.001942
v 3.326111 0.433447 0.002000
v 3.331223 0.447106 0.002063
v 3.335125 0.461808 0.002131
v 3.337861 0.477634 0.002204
v 3.339472 0.494668 0.002283
v 3.340000 0.512995 0.002367
v 3.338375 0.539184 0.002488
v 3.333583 0.563679 0.002601
v 3.325750 0.586369 0.002706
v 3.315000 0.607142 0.002802
v 3.301458 0.625887 0.002888
v 3.285250 0.642493 0.002965
v 3.266500 0.656850 0.003031
v 3.245333 0.668845 0.003086
v 3.221875 0.678368 0.003130
v 3.196250 0.685308 0.003162
v 3.168583 0.689553 0.003182
v 3.139000 0.690993 0.003189
v 3.126492 0.690804 0.003188
v 3.114435 0.690233 0.003185
v 3.102781 0.689274 0.003181
v 3.091481 0.687919 0.003174
v 3.080487 0.686161 0.003166
v 3.069750 0.683993 0.003156
v 3.059221 0.681408 0.003144
v 3.048852 0.678400 0.003131
v 3.038594 0.674962 0.003115
v 3.028398 0.671085 0.003097
v 3.018216 0.666765 0.003077
v 3.008000 0.661993 0.003055
v 3.831000 0.682505 -0.107840
v 3.528000 0.682505 -0.107840
v 3.528000 0.327509 -0.109479
v 3.564213 0.334371 -0.109447
v 3.597787 0.337161 -0.109434
v 3.628625 0.336180 -0.109439
v 3.656630 0.331731 -0.109459
v 3.681704 0.324115 -0.109494
v 3.703750 0.313634 -0.109543
v 3.722672 0.300591 -0.109603
v 3.738371 0.285287 -0.109673
v 3.750750 0.268025 -0.109753
v 3.759713 0.249107 -0.109840
v 3.765162 0.228834 -0.109934
v 3.767000 0.207510 -0.110032
v 3.765696 0.191015 -0.110108
v 3.761903 0.175135 -0.110182
v 3.755797 0.160026 -0.110251
v 3.747555 0.145844 -0.110317
v 3.737356 0.132745 -0.110377
v 3.725375 0.120886 -0.110432
v 3.711790 0.110422 -0.110480
v 3.696778 0.101511 -0.110521
v 3.680516 0.094308 -0.110555
v 3.663181 0.088970 -0.110579
v 3.644950 0.085652 -0.110595
v 3.626000 0.084511 -0.110600
v 3.613501 0.084865 -0.110598
v 3.601005 0.085923 -0.110593
v 3.588516 0.087683 -0.110585
v 3.576037 0.090141 -0.110574
v 3.563572 0.093293 -0.110559
v 3.551125 0.097136 -0.110542
v 3.538698 0.101667 -0.110521
v 3.526296 0.106881 -0.110497
v 3.513921 0.112777 -0.110469
v 3.501578 0.119349 -0.110439
v 3.489270 0.126595 -0.110406
v 3.477000 0.134511 -0.110369
v 3.477000 0.033512 -0.110835
v 3.491514 0.026383 -0.110868
v 3.505611 0.019984 -0.110898
v 3.519375 0.014293 -0.110924
v 3.532889 0.009290 -0.110947
v 3.546236 0.004953 -0.110967
v 3.559500 0.001262 -0.110984
v 3.572764 -0.001804 -0.110998
v 3.586111 -0.004266 -0.111010
v 3.599625 -0.006144 -0.111018
v 3.613389 -0.007460 -0.111024
v 3.627486 -0.008234 -0.111028
v 3.642000 -0.008488 -0.111029
v 3.673487 -0.006605 -0.111020
v 3.703310 -0.001090 -0.110995
v 3.731266 0.007856 -0.110954
v 3.757148 0.020030 -0.110897
v 3.780753 0.035233 -0.110827
v 3.801875 0.053262 -0.110744
v 3.820310 0.073915 -0.110649
v 3.835852 0.096993 -0.110542
v 3.848297 0.122292 -0.110426
v 3.857440 0.149612 -0.110300
v 3.863076 0.178752 -0.110165
v 3.865000 0.209510 -0.110023
v 3.863061 0.240361 -0.109881
v 3.857324 0.269736 -0.109745
v 3.847906 0.297368 -0.109618
v 3.834926 0.322990 -0.109499
v 3.818501 0.346334 -0.109392
v 3.798750 0.367133 -0.109296
v 3.775791 0.385120 -0.109213
v 3.749741 0.400026 -0.109144
v 3.720719 0.411586 -0.109091
v 3.688843 0.419531 -0.109054
v 3.654231 0.423594 -0.109035
v 3.617000 0.423508 -0.109036
v 3.617000 0.594506 -0.108247
v 3.831000 0.594506 -0.108247
v 0.653000 0.682505 -0.107840
v 0.555000 0.682505 -0.107840
v 0.555000 0.385508 -0.109211
v 0.173000 0.385508 -0.109211
v 0.173000 0.682505 -0.107840
v 0.075000 0.682505 -0.107840
v 0.075000 0.000512 -0.110988
v 0.173000 0.000512 -0.110988
v 0.173000 0.297509 -0.109617
v 0.555000 0.297509 -0.109617
v 0.555000 0.000512 -0.110988
v 0.653000 0.000512 -0.110988
v 0.901000 0.682505 -0.107840
v 0.803000 0.682505 -0.107840
v 0.803000 0.000512 -0.110988
v 1.209000 0.000512 -0.110988
v 1.209000 0.088511 -0.110581
v 0.818454 0.016449 -0.110914
v 1.867000 0.682505 -0.107840
v 1.769000 0.682505 -0.107840
v 1.599977 0.301232 -0.109600
v 1.603125 0.285215 -0.109674
v 1.611743 0.269239 -0.109747
v 1.624590 0.253416 -0.109821
v 1.640428 0.237860 -0.109892
v 1.658015 0.222682 -0.109962
v 1.676114 0.207996 -0.110030
v 1.693483 0.193915 -0.110095
v 1.708883 0.180550 -0.110157
v 1.721075 0.168014 -0.110215
v 1.728818 0.156421 -0.110268
v 1.730873 0.145882 -0.110317
v 1.726000 0.136511 -0.110360
v 1.717772 0.128916 -0.110395
v 1.708593 0.121673 -0.110428
v 1.698469 0.114839 -0.110460
v 1.687408 0.108474 -0.110489
v 1.675416 0.102637 -0.110516
v 1.662500 0.097386 -0.110541
v 1.648668 0.092781 -0.110562
v 1.633926 0.088882 -0.110580
v 1.618281 0.085746 -0.110594
v 1.601741 0.083433 -0.110605
v 1.584312 0.082001 -0.110611
v 1.566000 0.081511 -0.110614
v 1.551458 0.081908 -0.110612
v 1.537333 0.083099 -0.110606
v 1.523625 0.085089 -0.110597
v 1.510333 0.087882 -0.110584
v 1.497458 0.091479 -0.110568
v 1.485000 0.095886 -0.110547
v 1.472958 0.101105 -0.110523
v 1.461334 0.107141 -0.110495
v 1.450125 0.113995 -0.110464
v 1.439334 0.121673 -0.110428
v 1.428959 0.130177 -0.110389
v 1.419000 0.139511 -0.110346
v 1.411681 0.147307 -0.110310
v 1.405199 0.155298 -0.110273
v 1.399516 0.163635 -0.110235
v 1.394593 0.172473 -0.110194
v 1.390392 0.181964 -0.110150
v 1.386875 0.192260 -0.110103
v 1.384004 0.203515 -0.110051
v 1.381741 0.215880 -0.109994
v 1.380047 0.229510 -0.109931
v 1.378885 0.244556 -0.109861
v 1.378215 0.261171 -0.109785
v 1.378000 0.279509 -0.109700
v 1.630879 0.518727 -0.108596
v 1.280000 0.682505 -0.107840
v 1.280000 0.258509 -0.109797
v 1.282838 0.214183 -0.110002
v 1.291037 0.174149 -0.110186
v 1.304125 0.138323 -0.110352
v 1.321630 0.106622 -0.110498
v 1.343079 0.078963 -0.110626
v 1.368000 0.055262 -0.110735
v 1.395921 0.035435 -0.110826
v 1.426371 0.019401 -0.110900
v 1.458875 0.007075 -0.110957
v 1.492963 -0.001627 -0.110997
v 1.528162 -0.006786 -0.111021
v 1.564000 -0.008488 -0.111029
v 1.612606 -0.006227 -0.111019
v 1.656931 0.000433 -0.110988
v 1.696985 0.011309 -0.110938
v 1.732778 0.026216 -0.110869
v 1.764321 0.044969 -0.110782
v 1.791625 0.067386 -0.110679
v 1.814700 0.093283 -0.110559
v 1.833556 0.122474 -0.110425
v 1.848203 0.154776 -0.110276
v 1.858653 0.190006 -0.110113
v 1.864915 0.227978 -0.109938
v 1.867000 0.268509 -0.109751
v 2.397000 0.341509 -0.109414
v 2.395192 0.392509 -0.109179
v 2.389870 0.440350 -0.108958
v 2.381187 0.484788 -0.108753
v 2.369296 0.525581 -0.108565
v 2.354350 0.562484 -0.108394
v 2.336500 0.595256 -0.108243
v 2.315901 0.623653 -0.108112
v 2.292704 0.647431 -0.108002
v 2.267063 0.666349 -0.107915
v 2.239130 0.680162 -0.107851
v 2.209058 0.688629 -0.107812
v 2.177000 0.691505 -0.107799
v 2.144942 0.688629 -0.107812
v 2.114871 0.680162 -0.107851
v 2.086938 0.666349 -0.107915
v 2.061296 0.647431 -0.108002
v 2.038100 0.623653 -0.108112
v 2.017500 0.595256 -0.108243
v 1.999651 0.562484 -0.108394
v 1.984704 0.525581 -0.108565
v 1.972813 0.484788 -0.108753
v 1.964130 0.440350 -0.108958
v 1.958808 0.392509 -0.109179
v 1.957000 0.341509 -0.109414
v 1.958808 0.290508 -0.109649
v 1.964130 0.242667 -0.109870
v 1.972813 0.198229 -0.110075
v 1.984704 0.157436 -0.110263
v 1.999651 0.120533 -0.110434
v 2.017500 0.087761 -0.110585
v 2.038100 0.059365 -0.110716
v 2.061296 0.035586 -0.110826
v 2.086938 0.016668 -0.110913
v 2.114871 0.002855 -0.110977
v 2.144942 -0.005612 -0.111016
v 2.177000 -0.008488 -0.111029
v 2.209058 -0.005612 -0.111016
v 2.239130 0.002855 -0.110977
v 2.267062 0.016668 -0.110913
v 2.292704 0.035586 -0.110826
v 2.315900 0.059365 -0.110716
v 2.336500 0.087761 -0.110585
v 2.354349 0.120533 -0.110434
v 2.369296 0.157436 -0.110263
v 2.381187 0.198229 -0.110075
v 2.389870 0.242667 -0.109870
v 2.395192 0.290508 -0.109649
v 2.232177 0.341509 -0.109414
v 2.232569 0.306914 -0.109574
v 2.233465 0.282251 -0.109687
v 2.234448 0.266200 -0.109762
v 2.235101 0.257440 -0.109802
v 2.235005 0.254653 -0.109815
v 2.233744 0.256518 -0.109806
v 2.230899 0.261717 -0.109782
v 2.226053 0.268930 -0.109749
v 2.218789 0.276837 -0.109712
v 2.208689 0.284118 -0.109679
v 2.195335 0.289455 -0.109654
v 2.178310 0.291527 -0.109645
v 2.161105 0.289584 -0.109654
v 2.147252 0.284604 -0.109677
v 2.136398 0.277861 -0.109708
v 2.128189 0.270629 -0.109741
v 2.122272 0.264182 -0.109771
v 2.118291 0.259794 -0.109791
v 2.115894 0.258740 -0.109796
v 2.114726 0.262293 -0.109780
v 2.114434 0.271727 -0.109736
v 2.114664 0.288317 -0.109659
v 2.115061 0.313337 -0.109544
v 2.115272 0.348060 -0.109384
v 2.115061 0.382731 -0.109224
v 2.114664 0.407608 -0.109109
v 2.114434 0.423983 -0.109033
v 2.114726 0.433147 -0.108991
v 2.115894 0.436394 -0.108976
v 2.118291 0.435015 -0.108983
v 2.122272 0.430303 -0.109004
v 2.128189 0.423550 -0.109035
v 2.136398 0.416048 -0.109070
v 2.147252 0.409089 -0.109102
v 2.161105 0.403966 -0.109126
v 2.178310 0.401972 -0.109135
v 2.195336 0.403838 -0.109126
v 2.208689 0.408604 -0.109104
v 2.218790 0.415024 -0.109075
v 2.226054 0.421851 -0.109043
v 2.230899 0.427839 -0.109016
v 2.233744 0.431739 -0.108998
v 2.235005 0.432307 -0.108995
v 2.235101 0.428295 -0.109014
v 2.234448 0.418455 -0.109059
v 2.233465 0.401542 -0.109137
v 2.232569 0.376309 -0.109253
v 2.897000 0.341509 -0.109414
v 2.895192 0.392509 -0.109179
v 2.889870 0.440350 -0.108958
v 2.881187 0.484788 -0.108753
v 2.869296 0.525581 -0.108565
v 2.854350 0.562484 -0.108394
v 2.836500 0.595256 -0.108243
v 2.815901 0.623653 -0.108112
v 2.792704 0.647431 -0.108002
v 2.767063 0.666349 -0.107915
v 2.739130 0.680162 -0.107851
v 2.709058 0.688629 -0.107812
v 2.677000 0.691505 -0.107799
v 2.644942 0.688629 -0.107812
v 2.614871 0.680162 -0.107851
v 2.586938 0.666349 -0.107915
v 2.561296 0.647431 -0.108002
v 2.538100 0.623653 -0.108112
v 2.517500 0.595256 -0.108243
v 2.499651 0.562484 -0.108394
v 2.484704 0.525581 -0.108565
v 2.472813 0.484788 -0.108753
v 2.464130 0.440350 -0.108958
v 2.458808 0.392509 -0.109179
v 2.457000 0.341509 -0.109414
v 2.458808 0.290508 -0.109649
v 2.464130 0.242667 -0.109870
v 2.472813 0.198229 -0.110075
v 2.484704 0.157436 -0.110263
v 2.499650 0.120533 -0.110434
v 2.517500 0.087761 -0.110585
v 2.538100 0.059365 -0.110716
v 2.561296 0.035586 -0.110826
v 2.586937 0.016668 -0.110913
v 2.614870 0.002855 -0.110977
v 2.644942 -0.005612 -0.111016
v 2.677000 -0.008488 -0.111029
v 2.709058 -0.005612 -0.111016
v 2.739130 0.002855 -0.110977
v 2.767062 0.016668 -0.110913
v 2.792704 0.035586 -0.110826
v 2.815900 0.059365 -0.110716
v 2.836500 0.087761 -0.110585
v 2.854349 0.120533 -0.110434
v 2.869296 0.157436 -0.110263
v 2.881187 0.198229 -0.110075
v 2.889870 0.242667 -0.109870
v 2.895192 0.290508 -0.109649
v 2.799000 0.341509 -0.109414
v 2.798051 0.302841 -0.109592
v 2.795241 0.266917 -0.109758
v 2.790625 0.233853 -0.109911
v 2.784259 0.203769 -0.110050
v 2.776199 0.176782 -0.110174
v 2.766500 0.153011 -0.110284
v 2.755217 0.132572 -0.110378
v 2.742407 0.115585 -0.110457
v 2.728125 0.102167 -0.110518
v 2.712425 0.092437 -0.110563
v 2.695365 0.086512 -0.110591
v 2.677000 0.084511 -0.110600
v 2.658634 0.086512 -0.110591
v 2.641574 0.092437 -0.110563
v 2.625875 0.102167 -0.110518
v 2.611593 0.115585 -0.110457
v 2.598782 0.132572 -0.110378
v 2.587500 0.153011 -0.110284
v 2.577801 0.176782 -0.110174
v 2.569741 0.203769 -0.110050
v 2.563375 0.233853 -0.109911
v 2.558759 0.266917 -0.109758
v 2.555949 0.302841 -0.109592
v 2.555000 0.341509 -0.109414
v 2.555949 0.380176 -0.109236
v 2.558759 0.416100 -0.109070
v 2.563375 0.449164 -0.108917
v 2.569741 0.479248 -0.108778
v 2.577801 0.506235 -0.108654
v 2.587500 0.530007 -0.108544
v 2.598783 0.550445 -0.108450
v 2.611593 0.567432 -0.108371
v 2.625875 0.580850 -0.108310
v 2.641575 0.590580 -0.108265
v 2.658635 0.596505 -0.108237
v 2.677000 0.598506 -0.108228
v 2.695366 0.596505 -0.108237
v 2.712426 0.590580 -0.108265
v 2.728125 0.580850 -0.108310
v 2.742408 0.567432 -0.108371
v 2.755218 0.550445 -0.108450
v 2.766500 0.530007 -0.108544
v 2.776199 0.506235 -0.108654
v 2.784260 0.479248 -0.108778
v 2.790625 0.449164 -0.108917
v 2.795241 0.416100 -0.109070
v 2.798051 0.380176 -0.109236
v 3.008000 0.569506 -0.108362
v 3.019449 0.574488 -0.108339
v 3.030343 0.578946 -0.108318
v 3.040750 0.582897 -0.108300
v 3.050741 0.586358 -0.108284
v 3.060385 0.589347 -0.108270
v 3.069750 0.591881 -0.108259
v 3.078908 0.593978 -0.108249
v 3.087926 0.595654 -0.108241
v 3.096875 0.596928 -0.108235
v 3.105824 0.597816 -0.108231
v 3.114843 0.598336 -0.108229
v 3.124000 0.598506 -0.108228
v 3.141447 0.597702 -0.108232
v 3.157741 0.595325 -0.108243
v 3.172813 0.591428 -0.108261
v 3.186593 0.586062 -0.108285
v 3.199012 0.579279 -0.108317
v 3.210000 0.571131 -0.108354
v 3.219489 0.561671 -0.108398
v 3.227408 0.550951 -0.108448
v 3.233688 0.539022 -0.108503
v 3.238260 0.525937 -0.108563
v 3.241054 0.511748 -0.108628
v 3.242000 0.496507 -0.108699
v 3.241063 0.481535 -0.108768
v 3.238250 0.467646 -0.108832
v 3.233563 0.454882 -0.108891
v 3.227000 0.443285 -0.108944
v 3.218563 0.432896 -0.108992
v 3.208250 0.423758 -0.109034
v 3.196063 0.415911 -0.109071
v 3.182000 0.409397 -0.109101
v 3.166063 0.404258 -0.109124
v 3.148250 0.400536 -0.109142
v 3.128563 0.398272 -0.109152
v 3.107000 0.397508 -0.109156
v 3.107000 0.307509 -0.109571
v 3.130250 0.307596 -0.109570
v 3.151495 0.305453 -0.109580
v 3.170734 0.301228 -0.109600
v 3.187963 0.295065 -0.109628
v 3.203178 0.287110 -0.109665
v 3.216375 0.277509 -0.109709
v 3.227552 0.266409 -0.109761
v 3.236704 0.253954 -0.109818
v 3.243828 0.240291 -0.109881
v 3.248921 0.225565 -0.109949
v 3.251980 0.209923 -0.110021
v 3.253000 0.193510 -0.110097
v 3.252115 0.177501 -0.110171
v 3.249505 0.162520 -0.110240
v 3.245234 0.148636 -0.110304
v 3.239371 0.135918 -0.110363
v 3.231979 0.124437 -0.110416
v 3.223125 0.114261 -0.110463
v 3.212876 0.105460 -0.110503
v 3.201297 0.098104 -0.110537
v 3.188453 0.092261 -0.110564
v 3.174412 0.088002 -0.110584
v 3.159239 0.085396 -0.110596
v 3.143000 0.084511 -0.110600
v 3.130499 0.084866 -0.110598
v 3.117991 0.085933 -0.110593
v 3.105469 0.087714 -0.110585
v 3.092926 0.090215 -0.110574
v 3.080355 0.093438 -0.110559
v 3.067750 0.097386 -0.110541
v 3.055103 0.102064 -0.110519
v 3.042407 0.107474 -0.110494
v 3.029656 0.113620 -0.110466
v 3.016843 0.120506 -0.110434
v 3.003959 0.128135 -0.110399
v 2.991000 0.136511 -0.110360
v 2.991000 0.030512 -0.110849
v 3.003249 0.024493 -0.110877
v 3.015491 0.018943 -0.110902
v 3.027719 0.013871 -0.110926
v 3.039926 0.009290 -0.110947
v 3.052105 0.005208 -0.110966
v 3.064250 0.001637 -0.110982
v 3.076353 -0.001413 -0.110996
v 3.088408 -0.003932 -0.111008
v 3.100406 -0.005910 -0.111017
v 3.112343 -0.007335 -0.111024
v 3.124210 -0.008198 -0.111028
v 3.136000 -0.008488 -0.111029
v 3.166699 -0.006745 -0.111021
v 3.195676 -0.001627 -0.110997
v 3.222750 0.006700 -0.110959
v 3.247741 0.018068 -0.110907
v 3.270468 0.032310 -0.110841
v 3.290750 0.049262 -0.110763
v 3.308408 0.068754 -0.110673
v 3.323260 0.090622 -0.110572
v 3.335125 0.114698 -0.110461
v 3.343825 0.140816 -0.110340
v 3.349176 0.168809 -0.110211
v 3.351000 0.198510 -0.110074
v 3.350370 0.216001 -0.109993
v 3.348463 0.233357 -0.109913
v 3.345250 0.250400 -0.109834
v 3.340704 0.266954 -0.109758
v 3.334796 0.282841 -0.109685
v 3.327500 0.297884 -0.109615
v 3.318787 0.311906 -0.109551
v 3.308630 0.324731 -0.109491
v 3.297000 0.336180 -0.109439
v 3.283870 0.346078 -0.109393
v 3.269213 0.354246 -0.109355
v 3.253000 0.360508 -0.109326
v 3.267736 0.369210 -0.109286
v 3.280972 0.378369 -0.109244
v 3.292750 0.388071 -0.109199
v 3.303111 0.398397 -0.109151
v 3.312098 0.409431 -0.109101
v 3.319750 0.421258 -0.109046
v 3.326111 0.433959 -0.108987
v 3.331223 0.447619 -0.108924
v 3.335125 0.462320 -0.108856
v 3.337861 0.478146 -0.108783
v 3.339472 0.495180 -0.108705
v 3.340000 0.513507 -0.108620
v 3.338375 0.539696 -0.108499
v 3.333583 0.564191 -0.108386
v 3.325750 0.586881 -0.108282
v 3.315000 0.607654 -0.108186
v 3.301458 0.626399 -0.108099
v 3.285250 0.643005 -0.108023
v 3.266500 0.657362 -0.107956
v 3.245333 0.669357 -0.107901
v 3.221875 0.678880 -0.107857
v 3.196250 0.685820 -0.107825
v 3.168583 0.690065 -0.107806
v 3.139000 0.691505 -0.107799
v 3.126492 0.691316 -0.107800
v 3.114435 0.690746 -0.107802
v 3.102781 0.689786 -0.107807
v 3.091481 0.688431 -0.107813
v 3.080487 0.686673 -0.107821
v 3.069750 0.684505 -0.107831
v 3.059221 0.681920 -0.107843
v 3.048852 0.678912 -0.107857
v 3.038594 0.675474 -0.107873
v 3.028398 0.671598 -0.107891
v 3.018216 0.667277 -0.107911
v 3.008000 0.662505 -0.107933
vn -0.0000 -0.0046 1.0000
vn -0.0000 0.0046 -1.0000
vn 0.0850 0.9964 0.0046
vn 0.2961 -0.9552 -0.0044
vn -0.7158 0.6983 0.0032
vn -0.0544 0.9985 0.0046
vn 0.3281 -0.9446 -0.0044
vn 0.2612 -0.9653 -0.0045
vn -0.3281 -0.9446 -0.0044
vn 0.7158 0.6983 0.0032
vn 0.0284 0.9996 0.0046
vn -0.8782 0.4783 0.0022
vn -0.8094 0.5872 0.0027
vn 0.6079 0.7940 0.0037
vn 0.2232 -0.9748 -0.0045
vn 0.7411 -0.6713 -0.0031
vn 0.8782 0.4783 0.0022
vn 0.8094 0.5872 0.0027
vn 0.1828 -0.9831 -0.0045
vn -1.0000 -0.0000 -0.0000
vn 0.6413 -0.7673 -0.0035
vn 0.5268 -0.8500 -0.0039
vn -0.5268 -0.8500 -0.0039
vn -0.0000 1.0000 0.0046
vn 0.5310 -0.8473 -0.0039
vn 0.7156 0.6985 0.0032
vn -0.4410 -0.8975 -0.0041
vn 0.1409 -0.9900 -0.0046
vn -0.9269 0.3754 0.0017
vn 1.0000 -0.0000 -0.0000
vn 0.6847 -0.7288 -0.0034
vn -0.4129 -0.9108 -0.0042
vn 0.0988 -0.9951 -0.0046
vn -0.6847 -0.7288 -0.0034
vn 0.9269 0.3754 0.0017
vn -0.3831 -0.9237 -0.0043
vn 0.0576 -0.9983 -0.0046
vn -0.9600 0.2799 0.0013
vn 0.7984 -0.6021 -0.0028
vn -0.7984 -0.6021 -0.0028
vn 0.4141 -0.9102 -0.0042
vn 0.8106 0.5856 0.0027
vn 0.9600 0.2798 0.0013
vn -0.3514 -0.9362 -0.0043
vn 0.0185 -0.9998 -0.0046
vn -0.9814 0.1918 0.0009
vn -0.3178 -0.9482 -0.0044
vn -0.0460 -0.9989 -0.0046
vn -0.0000 -1.0000 -0.0046
vn 0.9814 0.1918 0.0009
vn -0.9939 0.1106 0.0005
vn 0.2940 -0.9558 -0.0044
vn 0.8881 0.4596 0.0021
vn 0.8755 -0.4833 -0.0022
vn -0.2821 -0.9594 -0.0044
vn -0.1443 -0.9895 -0.0046
vn -0.8755 -0.4833 -0.0022
vn -0.2444 -0.9697 -0.0045
vn -0.2504 -0.9681 -0.0045
vn 0.9259 -0.3778 -0.0017
vn -0.2046 -0.9788 -0.0045
vn -0.3629 -0.9318 -0.0043
vn -0.9259 -0.3778 -0.0017
vn 0.9939 0.1106 0.0005
vn -0.9600 0.2798 0.0013
vn 0.1739 -0.9847 -0.0045
vn 0.9453 0.3263 0.0015
vn 0.9410 -0.3384 -0.0016
vn 0.9924 -0.1230 -0.0006
vn -0.1626 -0.9867 -0.0046
vn -0.4793 -0.8776 -0.0040
vn -0.4986 -0.8668 -0.0040
vn -0.1815 0.9834 0.0045
vn -0.1186 -0.9929 -0.0046
vn -0.5956 -0.8033 -0.0037
vn -0.7639 -0.6453 -0.0030
vn 0.9582 -0.2862 -0.0013
vn -0.7061 -0.7082 -0.0033
vn -0.9582 -0.2862 -0.0013
vn 0.0567 -0.9984 -0.0046
vn 0.9995 -0.0318 -0.0001
vn -0.0725 -0.9974 -0.0046
vn 0.4230 0.9061 0.0042
vn -0.0246 -0.9997 -0.0046
vn 0.9814 0.1920 0.0009
vn 0.4104 -0.9119 -0.0042
vn -0.9142 0.4053 0.0019
vn -0.8043 -0.5942 -0.0027
vn -0.9997 -0.0238 -0.0001
vn -0.8849 -0.4658 -0.0021
vn 0.9783 -0.2070 -0.0010
vn 0.8080 -0.5892 -0.0027
vn -0.9783 -0.2070 -0.0010
vn -0.7521 -0.6590 -0.0030
vn 0.9981 0.0619 0.0003
vn 0.6872 -0.7264 -0.0034
vn -0.9440 -0.3298 -0.0015
vn -0.9978 0.0662 0.0003
vn -0.9812 -0.1929 -0.0009
vn 0.9904 -0.1383 -0.0006
vn -0.9812 -0.1932 -0.0009
vn -0.9904 -0.1383 -0.0006
vn -0.8801 -0.4747 -0.0022
vn -0.0023 1.0000 0.0046
vn 0.7773 -0.6291 -0.0029
vn 0.1166 0.9932 0.0046
vn 0.9996 -0.0288 -0.0001
vn 0.9999 0.0140 0.0001
vn 0.9999 0.0117 0.0001
vn -0.9981 -0.0620 -0.0003
vn -0.6746 -0.7382 -0.0034
vn -0.7763 -0.6303 -0.0029
vn 0.2418 0.9703 0.0045
vn -0.9980 0.0625 0.0003
vn 0.9970 -0.0780 -0.0004
vn 0.6849 -0.7287 -0.0034
vn 0.9987 -0.0514 -0.0002
vn 0.3700 0.9290 0.0043
vn -0.9970 -0.0780 -0.0004
vn -0.9983 0.0580 0.0003
vn 0.9956 -0.0942 -0.0004
vn 0.9992 0.0403 0.0002
vn 0.4967 0.8679 0.0040
vn -0.9801 0.1985 0.0009
vn -0.9994 0.0354 0.0002
vn -0.5397 -0.8418 -0.0039
vn -0.9980 -0.0639 -0.0003
vn 0.1862 -0.9825 -0.0045
vn -0.7008 -0.7134 -0.0033
vn 0.9854 -0.1703 -0.0008
vn 0.9994 0.0354 0.0002
vn 0.5365 -0.8439 -0.0039
vn 0.6167 0.7872 0.0036
vn -0.9387 0.3447 0.0016
vn -0.3468 -0.9379 -0.0043
vn 0.0828 -0.9966 -0.0046
vn 0.9997 -0.0245 -0.0001
vn 0.9970 0.0770 0.0004
vn -0.9997 -0.0245 -0.0001
vn -0.6533 -0.7571 -0.0035
vn 0.9665 -0.2566 -0.0012
vn 0.3362 -0.9418 -0.0043
vn 0.7251 0.6886 0.0032
vn -0.8703 0.4925 0.0023
vn -0.9994 -0.0354 -0.0002
vn -0.0318 -0.9995 -0.0046
vn 0.9999 0.0160 0.0001
vn 0.9924 0.1233 0.0006
vn -0.1152 -0.9933 -0.0046
vn 0.9366 -0.3504 -0.0016
vn 0.9997 0.0245 0.0001
vn 0.1089 -0.9940 -0.0046
vn 0.9867 -0.1627 -0.0008
vn 0.8179 0.5754 0.0027
vn -0.7762 0.6304 0.0029
vn -0.9997 0.0245 0.0001
vn -0.9994 0.0355 0.0002
vn -0.6301 -0.7765 -0.0036
vn -0.1569 -0.9876 -0.0046
vn -0.2906 -0.9568 -0.0044
vn 0.8941 -0.4478 -0.0021
vn 0.9994 -0.0354 -0.0002
vn 0.9837 0.1800 0.0008
vn -0.6632 0.7484 0.0035
vn -0.9797 -0.2006 -0.0009
vn -0.4294 -0.9031 -0.0042
vn 0.9970 0.0780 0.0004
vn -0.5414 0.8408 0.0039
vn -0.9970 0.0780 0.0004
vn -0.6298 -0.7768 -0.0036
vn 1.0000 0.0061 -0.0000
vn 0.8921 0.4519 0.0021
vn -0.9939 -0.1106 -0.0005
vn -0.9999 0.0113 0.0001
vn -0.5676 -0.8233 -0.0038
vn 0.8396 -0.5433 -0.0025
vn 0.9690 0.2472 0.0011
vn -0.4203 0.9074 0.0042
vn -0.6554 -0.7552 -0.0035
vn -0.6980 -0.7161 -0.0033
vn 0.9939 -0.1106 -0.0005
vn 1.0000 -0.0061 -0.0000
vn 0.7754 -0.6315 -0.0029
vn 0.9904 0.1383 0.0006
vn 0.9463 0.3232 0.0015
vn 0.9465 0.3226 0.0015
vn -0.3069 0.9517 0.0044
vn -0.9904 0.1383 0.0006
vn -0.9999 -0.0113 -0.0001
vn -0.8126 -0.5828 -0.0027
vn 0.9587 -0.2844 -0.0013
vn -0.2045 0.9788 0.0045
vn -0.9814 -0.1918 -0.0009
vn 0.9144 0.4047 0.0019
vn 0.9815 0.1917 0.0009
vn -0.1142 0.9934 0.0046
vn -0.7169 -0.6972 -0.0032
vn -0.9037 -0.4281 -0.0020
vn 0.9814 -0.1918 -0.0009
vn 0.9999 -0.0159 -0.0001
vn -0.9783 0.2070 0.0010
vn -0.9993 -0.0363 -0.0002
vn -0.9393 -0.3431 -0.0016
vn -0.9657 -0.2596 -0.0012
vn 0.7059 -0.7083 -0.0033
vn -0.0354 0.9994 0.0046
vn -0.1122 0.9937 0.0046
vn 0.9783 0.2070 0.0010
vn 0.8736 0.4866 0.0022
vn 0.9980 0.0627 0.0003
vn -0.9582 0.2862 0.0013
vn 0.1208 0.9927 0.0046
vn -0.8316 -0.5554 -0.0026
vn -0.9963 -0.0859 -0.0004
vn 0.6358 -0.7719 -0.0036
vn 0.9582 0.2862 0.0013
vn 0.8263 0.5632 0.0026
vn 0.9980 -0.0624 -0.0003
vn -0.9600 -0.2798 -0.0013
vn -0.9815 -0.1914 -0.0009
vn -0.9969 0.0788 0.0004
vn 0.5691 -0.8223 -0.0038
vn -0.3383 0.9410 0.0043
vn -0.9726 0.2323 0.0011
vn 0.5085 -0.8611 -0.0040
vn 0.9600 -0.2798 -0.0013
vn 0.7766 0.6300 0.0029
vn -0.9259 0.3778 0.0017
vn 0.3711 0.9286 0.0043
vn 0.3603 0.9328 0.0043
vn 0.9107 -0.4130 -0.0019
vn 0.9818 -0.1899 -0.0009
vn 0.9999 -0.0138 -0.0001
vn -0.9272 0.3747 0.0017
vn 0.4868 0.8735 0.0040
vn 0.9259 0.3778 0.0017
vn -0.5277 0.8494 0.0039
vn 0.7291 0.6844 0.0032
vn -0.9269 -0.3754 -0.0017
vn -0.8872 0.4613 0.0021
vn -0.8646 0.5024 0.0023
vn 0.6020 0.7985 0.0037
vn 0.5848 0.8112 0.0037
vn 0.7016 0.7126 0.0033
vn 0.9269 -0.3754 -0.0017
vn -0.9981 -0.0611 -0.0003
vn 0.6839 0.7296 0.0034
vn 0.9483 -0.3173 -0.0015
vn -0.8755 0.4833 0.0022
vn -0.8754 -0.4834 -0.0022
vn -0.7890 0.6144 0.0028
vn 0.7839 0.6209 0.0029
vn -0.6611 0.7503 0.0035
vn 0.0037 -1.0000 -0.0046
vn -0.6782 0.7348 0.0034
vn 0.8755 0.4833 0.0022
vn -0.7984 0.6021 0.0028
vn 0.7364 0.6765 0.0031
vn 0.5421 0.8403 0.0039
vn 0.8494 0.5278 0.0024
vn 0.6339 0.7734 0.0036
vn -0.7035 0.7107 0.0033
vn -0.1003 -0.9949 -0.0046
vn 0.9995 0.0309 0.0001
vn -0.6195 0.7850 0.0036
vn 0.7984 0.6021 0.0028
vn -0.7367 0.6762 0.0031
vn -0.2145 -0.9767 -0.0045
vn -0.8782 -0.4783 -0.0022
vn 0.5073 0.8617 0.0040
vn 0.8400 -0.5426 -0.0025
vn -0.3368 -0.9416 -0.0043
vn 0.8301 0.5577 0.0026
vn 0.8973 -0.4414 -0.0020
vn 0.8782 -0.4783 -0.0022
vn -0.9972 -0.0743 -0.0003
vn 0.5797 0.8148 0.0038
vn -0.6102 0.7922 0.0037
vn -0.6847 0.7288 0.0034
vn -0.5595 0.8288 0.0038
vn 0.8998 0.4364 0.0020
vn -0.7406 0.6719 0.0031
vn -0.4633 -0.8862 -0.0041
vn -0.4988 0.8667 0.0040
vn 0.4700 0.8827 0.0041
vn 0.6847 0.7288 0.0034
vn -0.5883 -0.8087 -0.0037
vn -0.5268 0.8500 0.0039
vn 0.9500 0.3122 0.0014
vn 0.4301 0.9028 0.0042
vn 0.5217 0.8531 0.0039
vn -0.5105 0.8599 0.0040
vn 0.8773 0.4800 0.0022
vn -0.4377 0.8991 0.0041
vn 0.9373 0.3485 0.0016
vn 0.5268 0.8500 0.0039
vn -0.4026 0.9154 0.0042
vn -0.7047 -0.7095 -0.0033
vn -0.3281 0.9446 0.0044
vn 0.3876 0.9218 0.0043
vn 0.4608 0.8875 0.0041
vn -0.9994 0.0343 0.0002
vn -0.7902 -0.6128 -0.0028
vn 0.3425 0.9395 0.0043
vn 0.9643 0.2648 0.0012
vn 0.3281 0.9446 0.0044
vn -0.4050 0.9143 0.0042
vn -0.8058 -0.5921 -0.0027
vn -0.8094 -0.5872 -0.0027
vn -0.3766 0.9264 0.0043
vn 0.8285 0.5600 0.0026
vn -0.8867 -0.4624 -0.0021
vn 0.2950 0.9555 0.0044
vn 0.8094 -0.5872 -0.0027
vn 0.3977 0.9175 0.0042
vn -0.1083 0.9941 0.0046
vn -0.3159 0.9488 0.0044
vn 0.8294 -0.5586 -0.0026
vn 0.9827 0.1853 0.0009
vn -0.2943 0.9557 0.0044
vn -0.9451 -0.3269 -0.0015
vn 0.1083 0.9941 0.0046
vn -0.9600 -0.2799 -0.0013
vn 0.3335 0.9427 0.0044
vn 0.2452 0.9695 0.0045
vn 0.9940 0.1092 0.0005
vn -0.7158 -0.6983 -0.0032
vn 0.7466 -0.6653 -0.0031
vn -0.9814 -0.1919 -0.0009
vn -0.2557 0.9667 0.0045
vn 0.1932 0.9811 0.0045
vn -0.1790 0.9838 0.0045
vn 0.7158 -0.6983 -0.0032
vn 0.9994 0.0360 0.0002
vn -0.5937 -0.8047 -0.0037
vn 0.2691 0.9631 0.0044
vn -0.1965 0.9805 0.0045
vn 0.1395 0.9902 0.0046
vn 0.5937 -0.8047 -0.0037
vn 0.0844 0.9964 0.0046
vn 0.9981 -0.0613 -0.0003
vn -0.4433 -0.8964 -0.0041
vn 0.2056 0.9786 0.0045
vn -0.0601 0.9982 0.0046
vn -0.9985 0.0552 0.0003
vn -0.1385 0.9904 0.0046
vn -0.8095 -0.5872 -0.0027
vn -0.9852 0.1717 0.0008
vn 0.4433 -0.8964 -0.0041
vn 0.0283 0.9996 0.0046
vn -0.2710 -0.9626 -0.0044
vn 0.1437 0.9896 0.0046
vn -0.0818 0.9966 0.0046
vn 0.9822 -0.1878 -0.0009
vn 0.7461 -0.6659 -0.0031
vn -0.9558 0.2940 0.0014
vn 0.2710 -0.9626 -0.0044
vn -0.0894 -0.9960 -0.0046
vn 0.0841 0.9965 0.0046
vn 0.6492 -0.7606 -0.0035
vn -0.9081 0.4187 0.0019
vn 0.0894 -0.9960 -0.0046
vn -0.0268 0.9996 0.0046
vn -0.0151 0.9999 0.0046
vn 0.5415 -0.8407 -0.0039
vn -0.4408 -0.8976 -0.0041
vn 0.9488 -0.3160 -0.0015
vn 0.0486 0.9988 0.0046
vn 0.0273 0.9996 0.0046
vn -0.0473 0.9989 0.0046
vn -0.4133 -0.9106 -0.0042
vn -0.6891 -0.7246 -0.0033
vn 0.5428 0.8399 0.0039
vn -0.0821 0.9966 0.0046
vn -0.8408 0.5413 0.0025
vn 0.4256 -0.9049 -0.0042
vn 0.6346 -0.7729 -0.0036
vn -0.3821 -0.9241 -0.0043
vn 0.1517 0.9884 0.0046
vn -0.5790 -0.8153 -0.0038
vn 0.5095 0.8604 0.0040
vn -0.1191 0.9929 0.0046
vn -0.3472 -0.9378 -0.0043
vn -0.7544 0.6564 0.0030
vn -0.1579 0.9874 0.0046
vn 0.5110 -0.8595 -0.0040
vn -0.3090 -0.9510 -0.0044
vn -0.4659 -0.8848 -0.0041
vn 0.4734 0.8809 0.0041
vn -0.1979 0.9802 0.0045
vn -0.0894 0.9960 0.0046
vn 0.3048 -0.9524 -0.0044
vn 0.8970 -0.4421 -0.0020
vn 0.3845 -0.9231 -0.0043
vn -0.2681 -0.9634 -0.0044
vn -0.6515 0.7587 0.0035
vn 0.2614 0.9652 0.0045
vn 0.0894 0.9960 0.0046
vn -0.3546 -0.9350 -0.0043
vn -0.2384 0.9712 0.0045
vn -0.2252 -0.9743 -0.0045
vn 0.2710 0.9626 0.0044
vn 0.4342 0.9008 0.0042
vn -0.2786 0.9604 0.0044
vn -0.2710 0.9626 0.0044
vn 0.2620 -0.9650 -0.0045
vn -0.2473 -0.9689 -0.0045
vn 0.1818 -0.9833 -0.0045
vn 0.3920 0.9199 0.0042
vn -0.3178 0.9481 0.0044
vn -0.1814 -0.9834 -0.0045
vn -0.5362 0.8441 0.0039
vn 0.4433 0.8964 0.0041
vn -0.4433 0.8964 0.0041
vn 0.1486 -0.9889 -0.0046
vn -0.1377 -0.9905 -0.0046
vn 0.3761 0.9265 0.0043
vn -0.1450 -0.9894 -0.0046
vn 0.3469 0.9379 0.0043
vn -0.3554 0.9347 0.0043
vn -0.0952 -0.9954 -0.0046
vn -0.4141 0.9102 0.0042
vn 0.5937 0.8047 0.0037
vn -0.0474 -0.9989 -0.0046
vn -0.3906 0.9205 0.0042
vn -0.5937 0.8047 0.0037
vn 0.0465 -0.9989 -0.0046
vn 0.0597 -0.9982 -0.0046
vn 0.2989 0.9543 0.0044
vn -0.0548 -0.9985 -0.0046
vn 0.4930 0.8700 0.0040
vn -0.0175 -0.9998 -0.0046
vn 0.2483 0.9687 0.0045
vn -0.4232 0.9060 0.0042
vn -0.2903 0.9569 0.0044
vn 0.3990 -0.9169 -0.0042
vn 0.8273 -0.5618 -0.0026
vn 0.3787 -0.9255 -0.0043
vn 0.1955 0.9807 0.0045
vn -0.1693 0.9856 0.0045
vn 0.3549 -0.9349 -0.0043
vn 0.8095 0.5872 0.0027
vn 0.3274 -0.9449 -0.0044
vn 0.1083 -0.9941 -0.0046
vn 0.1409 0.9900 0.0046
vn -0.1083 -0.9941 -0.0046
vt 0.164062 0.000000
vt 0.160156 0.000000
vt 0.162109 0.000000
vt 0.158203 0.000000
vt 0.156250 0.000000
vt 0.152344 0.000000
vt 0.154297 0.000000
vt 0.173828 0.000000
vt 0.167969 0.000000
vt 0.169922 0.000000
vt 0.166016 0.000000
vt 0.171875 0.000000
vt 0.179688 0.000000
vt 0.175781 0.000000
vt 0.177734 0.000000
vt 0.185547 0.000000
vt 0.181641 0.000000
vt 0.183594 0.000000
vt 0.291016 0.000000
vt 0.287109 0.000000
vt 0.289062 0.000000
vt 0.191406 0.000000
vt 0.187500 0.000000
vt 0.189453 0.000000
vt 0.337891 0.000000
vt 0.285156 0.000000
vt 0.193359 0.000000
vt 0.195312 0.000000
vt 0.283203 0.000000
vt 0.197266 0.000000
vt 0.335938 0.000000
vt 0.281250 0.000000
vt 0.292969 0.000000
vt 0.199219 0.000000
vt 0.279297 0.000000
vt 0.201172 0.000000
vt 0.277344 0.000000
vt 0.333984 0.000000
vt 0.203125 0.000000
vt 0.275391 0.000000
vt 0.294922 0.000000
vt 0.205078 0.000000
vt 0.273438 0.000000
vt 0.207031 0.000000
vt 0.271484 0.000000
vt 0.332031 0.000000
vt 0.269531 0.000000
vt 0.208984 0.000000
vt 0.296875 0.000000
vt 0.267578 0.000000
vt 0.210938 0.000000
vt 0.265625 0.000000
vt 0.212891 0.000000
vt 0.263672 0.000000
vt 0.330078 0.000000
vt 0.261719 0.000000
vt 0.214844 0.000000
vt 0.259766 0.000000
vt 0.298828 0.000000
vt 0.216797 0.000000
vt 0.257812 0.000000
vt 0.218750 0.000000
vt 0.328125 0.000000
vt 0.255859 0.000000
vt 0.220703 0.000000
vt 0.222656 0.000000
vt 0.253906 0.000000
vt 0.224609 0.000000
vt 0.251953 0.000000
vt 0.300781 0.000000
vt 0.226562 0.000000
vt 0.250000 0.000000
vt 0.228516 0.000000
vt 0.248047 0.000000
vt 0.326172 0.000000
vt 0.230469 0.000000
vt 0.246094 0.000000
vt 0.232422 0.000000
vt 0.244141 0.000000
vt 0.234375 0.000000
vt 0.242188 0.000000
vt 0.236328 0.000000
vt 0.240234 0.000000
vt 0.238281 0.000000
vt 0.302734 0.000000
vt 0.324219 0.000000
vt 0.304688 0.000000
vt 0.322266 0.000000
vt 0.306641 0.000000
vt 0.320312 0.000000
vt 0.308594 0.000000
vt 0.318359 0.000000
vt 0.310547 0.000000
vt 0.316406 0.000000
vt 0.312500 0.000000
vt 0.314453 0.000000
vt 0.365234 0.000000
vt 0.361328 0.000000
vt 0.363281 0.000000
vt 0.359375 0.000000
vt 0.367188 0.000000
vt 0.357422 0.000000
vt 0.369141 0.000000
vt 0.355469 0.000000
vt 0.371094 0.000000
vt 0.373047 0.000000
vt 0.353516 0.000000
vt 0.375000 0.000000
vt 0.351562 0.000000
vt 0.376953 0.000000
vt 0.349609 0.000000
vt 0.378906 0.000000
vt 0.347656 0.000000
vt 0.380859 0.000000
vt 0.345703 0.000000
vt 0.382812 0.000000
vt 0.343750 0.000000
vt 0.384766 0.000000
vt 0.490234 0.000000
vt 0.517578 0.000000
vt 0.341797 0.000000
vt 0.488281 0.000000
vt 0.492188 0.000000
vt 0.494141 0.000000
vt 0.486328 0.000000
vt 0.515625 0.000000
vt 0.519531 0.000000
vt 0.513672 0.000000
vt 0.496094 0.000000
vt 0.521484 0.000000
vt 0.511719 0.000000
vt 0.484375 0.000000
vt 0.498047 0.000000
vt 0.509766 0.000000
vt 0.523438 0.000000
vt 0.500000 0.000000
vt 0.507812 0.000000
vt 0.501953 0.000000
vt 0.505859 0.000000
vt 0.482422 0.000000
vt 0.503906 0.000000
vt 0.525391 0.000000
vt 0.386719 0.000000
vt 0.339844 0.000000
vt 0.480469 0.000000
vt 0.433594 0.000000
vt 0.478516 0.000000
vt 0.388672 0.000000
vt 0.435547 0.000000
vt 0.431641 0.000000
vt 0.476562 0.000000
vt 0.437500 0.000000
vt 0.458984 0.000000
vt 0.455078 0.000000
vt 0.457031 0.000000
vt 0.390625 0.000000
vt 0.429688 0.000000
vt 0.460938 0.000000
vt 0.453125 0.000000
vt 0.474609 0.000000
vt 0.462891 0.000000
vt 0.451172 0.000000
vt 0.439453 0.000000
vt 0.464844 0.000000
vt 0.449219 0.000000
vt 0.472656 0.000000
vt 0.466797 0.000000
vt 0.447266 0.000000
vt 0.441406 0.000000
vt 0.468750 0.000000
vt 0.470703 0.000000
vt 0.445312 0.000000
vt 0.443359 0.000000
vt 0.392578 0.000000
vt 0.427734 0.000000
vt 0.394531 0.000000
vt 0.425781 0.000000
vt 0.396484 0.000000
vt 0.423828 0.000000
vt 0.398438 0.000000
vt 0.421875 0.000000
vt 0.400391 0.000000
vt 0.419922 0.000000
vt 0.402344 0.000000
vt 0.417969 0.000000
vt 0.404297 0.000000
vt 0.416016 0.000000
vt 0.406250 0.000000
vt 0.414062 0.000000
vt 0.408203 0.000000
vt 0.412109 0.000000
vt 0.410156 0.000000
vt 0.552734 0.000000
vt 0.548828 0.000000
vt 0.550781 0.000000
vt 0.546875 0.000000
vt 0.554688 0.000000
vt 0.544922 0.000000
vt 0.556641 0.000000
vt 0.542969 0.000000
vt 0.558594 0.000000
vt 0.560547 0.000000
vt 0.541016 0.000000
vt 0.562500 0.000000
vt 0.691406 0.000000
vt 0.539062 0.000000
vt 0.689453 0.000000
vt 0.693359 0.000000
vt 0.687500 0.000000
vt 0.695312 0.000000
vt 0.564453 0.000000
vt 0.537109 0.000000
vt 0.685547 0.000000
vt 0.697266 0.000000
vt 0.683594 0.000000
vt 0.699219 0.000000
vt 0.681641 0.000000
vt 0.701172 0.000000
vt 0.566406 0.000000
vt 0.535156 0.000000
vt 0.679688 0.000000
vt 0.703125 0.000000
vt 0.677734 0.000000
vt 0.705078 0.000000
vt 0.568359 0.000000
vt 0.533203 0.000000
vt 0.675781 0.000000
vt 0.707031 0.000000
vt 0.570312 0.000000
vt 0.531250 0.000000
vt 0.673828 0.000000
vt 0.708984 0.000000
vt 0.671875 0.000000
vt 0.710938 0.000000
vt 0.572266 0.000000
vt 0.529297 0.000000
vt 0.669922 0.000000
vt 0.712891 0.000000
vt 0.574219 0.000000
vt 0.527344 0.000000
vt 0.667969 0.000000
vt 0.621094 0.000000
vt 0.576172 0.000000
vt 0.666016 0.000000
vt 0.623047 0.000000
vt 0.619141 0.000000
vt 0.664062 0.000000
vt 0.625000 0.000000
vt 0.578125 0.000000
vt 0.617188 0.000000
vt 0.662109 0.000000
vt 0.626953 0.000000
vt 0.580078 0.000000
vt 0.615234 0.000000
vt 0.628906 0.000000
vt 0.660156 0.000000
vt 0.630859 0.000000
vt 0.658203 0.000000
vt 0.582031 0.000000
vt 0.613281 0.000000
vt 0.632812 0.000000
vt 0.656250 0.000000
vt 0.583984 0.000000
vt 0.611328 0.000000
vt 0.634766 0.000000
vt 0.654297 0.000000
vt 0.636719 0.000000
vt 0.652344 0.000000
vt 0.585938 0.000000
vt 0.609375 0.000000
vt 0.638672 0.000000
vt 0.650391 0.000000
vt 0.640625 0.000000
vt 0.648438 0.000000
vt 0.642578 0.000000
vt 0.646484 0.000000
vt 0.587891 0.000000
vt 0.607422 0.000000
vt 0.644531 0.000000
vt 0.589844 0.000000
vt 0.605469 0.000000
vt 0.591797 0.000000
vt 0.603516 0.000000
vt 0.593750 0.000000
vt 0.601562 0.000000
vt 0.595703 0.000000
vt 0.599609 0.000000
vt 0.597656 0.000000
vt 0.978516 0.000000
vt 0.974609 0.000000
vt 0.976562 0.000000
vt 0.980469 0.000000
vt 0.982422 0.000000
vt 0.972656 0.000000
vt 0.984375 0.000000
vt 0.986328 0.000000
vt 0.988281 0.000000
vt 0.970703 0.000000
vt 0.990234 0.000000
vt 0.992188 0.000000
vt 0.994141 0.000000
vt 0.968750 0.000000
vt 0.996094 0.000000
vt 0.998047 0.000000
vt 0.966797 0.000000
vt 1.000000 0.000000
vt 0.714844 0.000000
vt 0.716797 0.000000
vt 0.718750 0.000000
vt 0.720703 0.000000
vt 0.722656 0.000000
vt 0.724609 0.000000
vt 0.726562 0.000000
vt 0.964844 0.000000
vt 0.728516 0.000000
vt 0.730469 0.000000
vt 0.962891 0.000000
vt 0.732422 0.000000
vt 0.734375 0.000000
vt 0.736328 0.000000
vt 0.960938 0.000000
vt 0.738281 0.000000
vt 0.740234 0.000000
vt 0.958984 0.000000
vt 0.742188 0.000000
vt 0.744141 0.000000
vt 0.746094 0.000000
vt 0.957031 0.000000
vt 0.748047 0.000000
vt 0.750000 0.000000
vt 0.751953 0.000000
vt 0.955078 0.000000
vt 0.753906 0.000000
vt 0.755859 0.000000
vt 0.953125 0.000000
vt 0.757812 0.000000
vt 0.759766 0.000000
vt 0.951172 0.000000
vt 0.761719 0.000000
vt 0.763672 0.000000
vt 0.949219 0.000000
vt 0.765625 0.000000
vt 0.947266 0.000000
vt 0.767578 0.000000
vt 0.945312 0.000000
vt 0.769531 0.000000
vt 0.943359 0.000000
vt 0.771484 0.000000
vt 0.941406 0.000000
vt 0.773438 0.000000
vt 0.775391 0.000000
vt 0.939453 0.000000
vt 0.777344 0.000000
vt 0.937500 0.000000
vt 0.779297 0.000000
vt 0.781250 0.000000
vt 0.783203 0.000000
vt 0.935547 0.000000
vt 0.785156 0.000000
vt 0.787109 0.000000
vt 0.933594 0.000000
vt 0.931641 0.000000
vt 0.929688 0.000000
vt 0.927734 0.000000
vt 0.925781 0.000000
vt 0.923828 0.000000
vt 0.921875 0.000000
vt 0.919922 0.000000
vt 0.789062 0.000000
vt 0.917969 0.000000
vt 0.791016 0.000000
vt 0.792969 0.000000
vt 0.794922 0.000000
vt 0.916016 0.000000
vt 0.796875 0.000000
vt 0.798828 0.000000
vt 0.914062 0.000000
vt 0.800781 0.000000
vt 0.912109 0.000000
vt 0.802734 0.000000
vt 0.804688 0.000000
vt 0.910156 0.000000
vt 0.806641 0.000000
vt 0.908203 0.000000
vt 0.808594 0.000000
vt 0.906250 0.000000
vt 0.810547 0.000000
vt 0.904297 0.000000
vt 0.812500 0.000000
vt 0.814453 0.000000
vt 0.902344 0.000000
vt 0.816406 0.000000
vt 0.818359 0.000000
vt 0.900391 0.000000
vt 0.859375 0.000000
vt 0.855469 0.000000
vt 0.857422 0.000000
vt 0.820312 0.000000
vt 0.853516 0.000000
vt 0.822266 0.000000
vt 0.851562 0.000000
vt 0.898438 0.000000
vt 0.824219 0.000000
vt 0.849609 0.000000
vt 0.847656 0.000000
vt 0.826172 0.000000
vt 0.845703 0.000000
vt 0.828125 0.000000
vt 0.843750 0.000000
vt 0.841797 0.000000
vt 0.830078 0.000000
vt 0.896484 0.000000
vt 0.839844 0.000000
vt 0.832031 0.000000
vt 0.837891 0.000000
vt 0.835938 0.000000
vt 0.833984 0.000000
vt 0.894531 0.000000
vt 0.892578 0.000000
vt 0.890625 0.000000
vt 0.861328 0.000000
vt 0.863281 0.000000
vt 0.865234 0.000000
vt 0.888672 0.000000
vt 0.867188 0.000000
vt 0.869141 0.000000
vt 0.886719 0.000000
vt 0.871094 0.000000
vt 0.873047 0.000000
vt 0.875000 0.000000
vt 0.884766 0.000000
vt 0.876953 0.000000
vt 0.878906 0.000000
vt 0.882812 0.000000
vt 0.880859 0.000000
vt 0.003906 0.000000
vt 0.148438 0.000000
vt 0.001953 0.000000
vt 0.000000 0.000000
vt 0.150391 0.000000
vt 0.146484 0.000000
vt 0.142578 0.000000
vt 0.144531 0.000000
vt 0.140625 0.000000
vt 0.138672 0.000000
vt 0.136719 0.000000
vt 0.005859 0.000000
vt 0.134766 0.000000
vt 0.007812 0.000000
vt 0.132812 0.000000
vt 0.009766 0.000000
vt 0.130859 0.000000
vt 0.011719 0.000000
vt 0.013672 0.000000
vt 0.015625 0.000000
vt 0.128906 0.000000
vt 0.017578 0.000000
vt 0.019531 0.000000
vt 0.126953 0.000000
vt 0.021484 0.000000
vt 0.125000 0.000000
vt 0.023438 0.000000
vt 0.025391 0.000000
vt 0.123047 0.000000
vt 0.027344 0.000000
vt 0.121094 0.000000
vt 0.029297 0.000000
vt 0.031250 0.000000
vt 0.119141 0.000000
vt 0.033203 0.000000
vt 0.035156 0.000000
vt 0.117188 0.000000
vt 0.037109 0.000000
vt 0.076172 0.000000
vt 0.072266 0.000000
vt 0.074219 0.000000
vt 0.039062 0.000000
vt 0.070312 0.000000
vt 0.115234 0.000000
vt 0.041016 0.000000
vt 0.068359 0.000000
vt 0.066406 0.000000
vt 0.042969 0.000000
vt 0.064453 0.000000
vt 0.062500 0.000000
vt 0.044922 0.000000
vt 0.060547 0.000000
vt 0.113281 0.000000
vt 0.046875 0.000000
vt 0.058594 0.000000
vt 0.056641 0.000000
vt 0.048828 0.000000
vt 0.054688 0.000000
vt 0.052734 0.000000
vt 0.050781 0.000000
vt 0.111328 0.000000
vt 0.109375 0.000000
vt 0.107422 0.000000
vt 0.078125 0.000000
vt 0.080078 0.000000
vt 0.105469 0.000000
vt 0.082031 0.000000
vt 0.083984 0.000000
vt 0.085938 0.000000
vt 0.103516 0.000000
vt 0.087891 0.000000
vt 0.089844 0.000000
vt 0.101562 0.000000
vt 0.091797 0.000000
vt 0.093750 0.000000
vt 0.095703 0.000000
vt 0.099609 0.000000
vt 0.097656 0.000000
s 0
f 85/1/1 83/2/1 84/3/1
f 85/1/1 82/4/1 83/2/1
f 81/5/1 79/6/1 80/7/1
f 81/5/1 90/8/1 79/6/1
f 85/1/1 87/9/1 82/4/1
f 87/9/1 81/5/1 82/4/1
f 87/9/1 88/10/1 81/5/1
f 88/10/1 90/8/1 81/5/1
f 85/1/1 86/11/1 87/9/1
f 89/12/1 90/8/1 88/10/1
f 93/13/1 91/14/1 92/15/1
f 93/13/1 96/16/1 91/14/1
f 96/16/1 94/17/1 95/18/1
f 93/13/1 94/17/1 96/16/1
f 150/19/1 148/20/1 149/21/1
f 99/22/1 97/23/1 98/24/1
f 99/22/1 174/25/1 97/23/1
f 150/19/1 147/26/1 148/20/1
f 100/27/1 174/25/1 99/22/1
f 101/28/1 174/25/1 100/27/1
f 150/19/1 146/29/1 147/26/1
f 102/30/1 174/25/1 101/28/1
f 102/30/1 173/31/1 174/25/1
f 150/19/1 145/32/1 146/29/1
f 151/33/1 145/32/1 150/19/1
f 103/34/1 173/31/1 102/30/1
f 151/33/1 144/35/1 145/32/1
f 104/36/1 173/31/1 103/34/1
f 151/33/1 143/37/1 144/35/1
f 104/36/1 172/38/1 173/31/1
f 105/39/1 172/38/1 104/36/1
f 151/33/1 142/40/1 143/37/1
f 152/41/1 142/40/1 151/33/1
f 106/42/1 172/38/1 105/39/1
f 152/41/1 141/43/1 142/40/1
f 107/44/1 172/38/1 106/42/1
f 152/41/1 140/45/1 141/43/1
f 107/44/1 171/46/1 172/38/1
f 152/41/1 139/47/1 140/45/1
f 108/48/1 171/46/1 107/44/1
f 153/49/1 139/47/1 152/41/1
f 153/49/1 138/50/1 139/47/1
f 109/51/1 171/46/1 108/48/1
f 153/49/1 137/52/1 138/50/1
f 110/53/1 171/46/1 109/51/1
f 153/49/1 136/54/1 137/52/1
f 110/53/1 170/55/1 171/46/1
f 153/49/1 135/56/1 136/54/1
f 111/57/1 170/55/1 110/53/1
f 153/49/1 134/58/1 135/56/1
f 154/59/1 134/58/1 153/49/1
f 112/60/1 170/55/1 111/57/1
f 154/59/1 133/61/1 134/58/1
f 113/62/1 170/55/1 112/60/1
f 113/62/1 169/63/1 170/55/1
f 154/59/1 132/64/1 133/61/1
f 114/65/1 169/63/1 113/62/1
f 115/66/1 169/63/1 114/65/1
f 154/59/1 131/67/1 132/64/1
f 116/68/1 169/63/1 115/66/1
f 154/59/1 130/69/1 131/67/1
f 155/70/1 130/69/1 154/59/1
f 117/71/1 169/63/1 116/68/1
f 155/70/1 129/72/1 130/69/1
f 118/73/1 169/63/1 117/71/1
f 155/70/1 128/74/1 129/72/1
f 118/73/1 168/75/1 169/63/1
f 119/76/1 168/75/1 118/73/1
f 155/70/1 127/77/1 128/74/1
f 120/78/1 168/75/1 119/76/1
f 155/70/1 126/79/1 127/77/1
f 121/80/1 168/75/1 120/78/1
f 155/70/1 125/81/1 126/79/1
f 122/82/1 168/75/1 121/80/1
f 155/70/1 124/83/1 125/81/1
f 123/84/1 168/75/1 122/82/1
f 155/70/1 123/84/1 124/83/1
f 155/70/1 168/75/1 123/84/1
f 156/85/1 168/75/1 155/70/1
f 156/85/1 167/86/1 168/75/1
f 157/87/1 167/86/1 156/85/1
f 157/87/1 166/88/1 167/86/1
f 158/89/1 166/88/1 157/87/1
f 158/89/1 165/90/1 166/88/1
f 159/91/1 165/90/1 158/89/1
f 159/91/1 164/92/1 165/90/1
f 160/93/1 164/92/1 159/91/1
f 160/93/1 163/94/1 164/92/1
f 161/95/1 163/94/1 160/93/1
f 161/95/1 162/96/1 163/94/1
f 188/97/1 186/98/1 187/99/1
f 188/97/1 185/100/1 186/98/1
f 189/101/1 185/100/1 188/97/1
f 189/101/1 184/102/1 185/100/1
f 190/103/1 184/102/1 189/101/1
f 190/103/1 183/104/1 184/102/1
f 191/105/1 183/104/1 190/103/1
f 192/106/1 183/104/1 191/105/1
f 192/106/1 182/107/1 183/104/1
f 193/108/1 182/107/1 192/106/1
f 193/108/1 181/109/1 182/107/1
f 194/110/1 181/109/1 193/108/1
f 194/110/1 180/111/1 181/109/1
f 195/112/1 180/111/1 194/110/1
f 195/112/1 179/113/1 180/111/1
f 196/114/1 179/113/1 195/112/1
f 196/114/1 178/115/1 179/113/1
f 197/116/1 178/115/1 196/114/1
f 197/116/1 177/117/1 178/115/1
f 198/118/1 252/119/1 197/116/1
f 252/119/1 177/117/1 197/116/1
f 252/119/1 266/120/1 177/117/1
f 266/120/1 176/121/1 177/117/1
f 198/118/1 251/122/1 252/119/1
f 253/123/1 266/120/1 252/119/1
f 254/124/1 266/120/1 253/123/1
f 198/118/1 250/125/1 251/122/1
f 254/124/1 265/126/1 266/120/1
f 267/127/1 176/121/1 266/120/1
f 254/124/1 264/128/1 265/126/1
f 255/129/1 264/128/1 254/124/1
f 268/130/1 176/121/1 267/127/1
f 255/129/1 263/131/1 264/128/1
f 198/118/1 249/132/1 250/125/1
f 256/133/1 263/131/1 255/129/1
f 256/133/1 262/134/1 263/131/1
f 269/135/1 176/121/1 268/130/1
f 257/136/1 262/134/1 256/133/1
f 257/136/1 261/137/1 262/134/1
f 258/138/1 261/137/1 257/136/1
f 258/138/1 260/139/1 261/137/1
f 198/118/1 248/140/1 249/132/1
f 259/141/1 260/139/1 258/138/1
f 270/142/1 176/121/1 269/135/1
f 199/143/1 248/140/1 198/118/1
f 270/142/1 175/144/1 176/121/1
f 199/143/1 247/145/1 248/140/1
f 223/146/1 175/144/1 270/142/1
f 199/143/1 246/147/1 247/145/1
f 200/148/1 246/147/1 199/143/1
f 224/149/1 175/144/1 223/146/1
f 224/149/1 222/150/1 175/144/1
f 200/148/1 245/151/1 246/147/1
f 225/152/1 222/150/1 224/149/1
f 236/153/1 234/154/1 235/155/1
f 201/156/1 245/151/1 200/148/1
f 225/152/1 221/157/1 222/150/1
f 237/158/1 234/154/1 236/153/1
f 237/158/1 233/159/1 234/154/1
f 201/156/1 244/160/1 245/151/1
f 238/161/1 233/159/1 237/158/1
f 238/161/1 232/162/1 233/159/1
f 226/163/1 221/157/1 225/152/1
f 239/164/1 232/162/1 238/161/1
f 239/164/1 231/165/1 232/162/1
f 201/156/1 243/166/1 244/160/1
f 240/167/1 231/165/1 239/164/1
f 240/167/1 230/168/1 231/165/1
f 227/169/1 221/157/1 226/163/1
f 241/170/1 230/168/1 240/167/1
f 201/156/1 242/171/1 243/166/1
f 241/170/1 229/172/1 230/168/1
f 242/171/1 229/172/1 241/170/1
f 201/156/1 229/172/1 242/171/1
f 228/173/1 221/157/1 227/169/1
f 201/156/1 228/173/1 229/172/1
f 201/156/1 221/157/1 228/173/1
f 202/174/1 221/157/1 201/156/1
f 202/174/1 220/175/1 221/157/1
f 203/176/1 220/175/1 202/174/1
f 203/176/1 219/177/1 220/175/1
f 204/178/1 219/177/1 203/176/1
f 204/178/1 218/179/1 219/177/1
f 205/180/1 218/179/1 204/178/1
f 205/180/1 217/181/1 218/179/1
f 206/182/1 217/181/1 205/180/1
f 206/182/1 216/183/1 217/181/1
f 207/184/1 216/183/1 206/182/1
f 207/184/1 215/185/1 216/183/1
f 208/186/1 215/185/1 207/184/1
f 208/186/1 214/187/1 215/185/1
f 209/188/1 214/187/1 208/186/1
f 209/188/1 213/189/1 214/187/1
f 210/190/1 213/189/1 209/188/1
f 210/190/1 212/191/1 213/189/1
f 211/192/1 212/191/1 210/190/1
f 284/193/1 282/194/1 283/195/1
f 284/193/1 281/196/1 282/194/1
f 285/197/1 281/196/1 284/193/1
f 285/197/1 280/198/1 281/196/1
f 286/199/1 280/198/1 285/197/1
f 286/199/1 279/200/1 280/198/1
f 287/201/1 279/200/1 286/199/1
f 288/202/1 279/200/1 287/201/1
f 288/202/1 278/203/1 279/200/1
f 289/204/1 278/203/1 288/202/1
f 289/204/1 355/205/1 278/203/1
f 355/205/1 277/206/1 278/203/1
f 289/204/1 354/207/1 355/205/1
f 356/208/1 277/206/1 355/205/1
f 289/204/1 353/209/1 354/207/1
f 357/210/1 277/206/1 356/208/1
f 290/211/1 353/209/1 289/204/1
f 357/210/1 276/212/1 277/206/1
f 290/211/1 352/213/1 353/209/1
f 358/214/1 276/212/1 357/210/1
f 290/211/1 351/215/1 352/213/1
f 359/216/1 276/212/1 358/214/1
f 290/211/1 350/217/1 351/215/1
f 360/218/1 276/212/1 359/216/1
f 291/219/1 350/217/1 290/211/1
f 360/218/1 275/220/1 276/212/1
f 291/219/1 349/221/1 350/217/1
f 361/222/1 275/220/1 360/218/1
f 291/219/1 348/223/1 349/221/1
f 362/224/1 275/220/1 361/222/1
f 292/225/1 348/223/1 291/219/1
f 362/224/1 274/226/1 275/220/1
f 292/225/1 347/227/1 348/223/1
f 363/228/1 274/226/1 362/224/1
f 293/229/1 347/227/1 292/225/1
f 363/228/1 273/230/1 274/226/1
f 293/229/1 346/231/1 347/227/1
f 364/232/1 273/230/1 363/228/1
f 293/229/1 345/233/1 346/231/1
f 365/234/1 273/230/1 364/232/1
f 294/235/1 345/233/1 293/229/1
f 365/234/1 272/236/1 273/230/1
f 294/235/1 344/237/1 345/233/1
f 366/238/1 272/236/1 365/234/1
f 295/239/1 344/237/1 294/235/1
f 366/238/1 271/240/1 272/236/1
f 295/239/1 343/241/1 344/237/1
f 319/242/1 271/240/1 366/238/1
f 296/243/1 343/241/1 295/239/1
f 296/243/1 342/244/1 343/241/1
f 320/245/1 271/240/1 319/242/1
f 320/245/1 318/246/1 271/240/1
f 296/243/1 341/247/1 342/244/1
f 321/248/1 318/246/1 320/245/1
f 297/249/1 341/247/1 296/243/1
f 321/248/1 317/250/1 318/246/1
f 297/249/1 340/251/1 341/247/1
f 322/252/1 317/250/1 321/248/1
f 298/253/1 340/251/1 297/249/1
f 322/252/1 316/254/1 317/250/1
f 323/255/1 316/254/1 322/252/1
f 298/253/1 339/256/1 340/251/1
f 324/257/1 316/254/1 323/255/1
f 298/253/1 338/258/1 339/256/1
f 299/259/1 338/258/1 298/253/1
f 324/257/1 315/260/1 316/254/1
f 325/261/1 315/260/1 324/257/1
f 299/259/1 337/262/1 338/258/1
f 300/263/1 337/262/1 299/259/1
f 325/261/1 314/264/1 315/260/1
f 326/265/1 314/264/1 325/261/1
f 300/263/1 336/266/1 337/262/1
f 327/267/1 314/264/1 326/265/1
f 300/263/1 335/268/1 336/266/1
f 301/269/1 335/268/1 300/263/1
f 327/267/1 313/270/1 314/264/1
f 328/271/1 313/270/1 327/267/1
f 301/269/1 334/272/1 335/268/1
f 329/273/1 313/270/1 328/271/1
f 301/269/1 333/274/1 334/272/1
f 330/275/1 313/270/1 329/273/1
f 301/269/1 332/276/1 333/274/1
f 302/277/1 332/276/1 301/269/1
f 330/275/1 312/278/1 313/270/1
f 331/279/1 312/278/1 330/275/1
f 302/277/1 331/279/1 332/276/1
f 302/277/1 312/278/1 331/279/1
f 303/280/1 312/278/1 302/277/1
f 303/280/1 311/281/1 312/278/1
f 304/282/1 311/281/1 303/280/1
f 304/282/1 310/283/1 311/281/1
f 305/284/1 310/283/1 304/282/1
f 305/284/1 309/285/1 310/283/1
f 306/286/1 309/285/1 305/284/1
f 306/286/1 308/287/1 309/285/1
f 307/288/1 308/287/1 306/286/1
f 502/289/1 500/290/1 501/291/1
f 503/292/1 500/290/1 502/289/1
f 504/293/1 500/290/1 503/292/1
f 504/293/1 499/294/1 500/290/1
f 505/295/1 499/294/1 504/293/1
f 506/296/1 499/294/1 505/295/1
f 507/297/1 499/294/1 506/296/1
f 507/297/1 498/298/1 499/294/1
f 508/299/1 498/298/1 507/297/1
f 509/300/1 498/298/1 508/299/1
f 510/301/1 498/298/1 509/300/1
f 510/301/1 497/302/1 498/298/1
f 511/303/1 497/302/1 510/301/1
f 512/304/1 497/302/1 511/303/1
f 512/304/1 496/305/1 497/302/1
f 513/306/1 496/305/1 512/304/1
f 367/307/1 368/308/1 513/306/1
f 368/308/1 369/309/1 513/306/1
f 369/309/1 370/310/1 513/306/1
f 370/310/1 371/311/1 513/306/1
f 371/311/1 496/305/1 513/306/1
f 371/311/1 372/312/1 496/305/1
f 372/312/1 373/313/1 496/305/1
f 373/313/1 495/314/1 496/305/1
f 373/313/1 374/315/1 495/314/1
f 374/315/1 375/316/1 495/314/1
f 375/316/1 494/317/1 495/314/1
f 375/316/1 376/318/1 494/317/1
f 376/318/1 377/319/1 494/317/1
f 377/319/1 378/320/1 494/317/1
f 378/320/1 493/321/1 494/317/1
f 378/320/1 379/322/1 493/321/1
f 379/322/1 380/323/1 493/321/1
f 380/323/1 492/324/1 493/321/1
f 381/325/1 492/324/1 380/323/1
f 382/326/1 492/324/1 381/325/1
f 383/327/1 492/324/1 382/326/1
f 383/327/1 491/328/1 492/324/1
f 384/329/1 491/328/1 383/327/1
f 385/330/1 491/328/1 384/329/1
f 386/331/1 491/328/1 385/330/1
f 386/331/1 490/332/1 491/328/1
f 387/333/1 490/332/1 386/331/1
f 388/334/1 490/332/1 387/333/1
f 388/334/1 489/335/1 490/332/1
f 389/336/1 489/335/1 388/334/1
f 390/337/1 489/335/1 389/336/1
f 390/337/1 488/338/1 489/335/1
f 391/339/1 488/338/1 390/337/1
f 392/340/1 488/338/1 391/339/1
f 392/340/1 487/341/1 488/338/1
f 393/342/1 487/341/1 392/340/1
f 393/342/1 486/343/1 487/341/1
f 394/344/1 486/343/1 393/342/1
f 394/344/1 485/345/1 486/343/1
f 395/346/1 485/345/1 394/344/1
f 395/346/1 484/347/1 485/345/1
f 396/348/1 484/347/1 395/346/1
f 396/348/1 483/349/1 484/347/1
f 397/350/1 483/349/1 396/348/1
f 398/351/1 483/349/1 397/350/1
f 398/351/1 482/352/1 483/349/1
f 399/353/1 482/352/1 398/351/1
f 399/353/1 481/354/1 482/352/1
f 400/355/1 481/354/1 399/353/1
f 401/356/1 481/354/1 400/355/1
f 402/357/1 481/354/1 401/356/1
f 402/357/1 480/358/1 481/354/1
f 403/359/1 480/358/1 402/357/1
f 404/360/1 480/358/1 403/359/1
f 404/360/1 479/361/1 480/358/1
f 404/360/1 478/362/1 479/361/1
f 404/360/1 477/363/1 478/362/1
f 404/360/1 476/364/1 477/363/1
f 404/360/1 475/365/1 476/364/1
f 404/360/1 474/366/1 475/365/1
f 404/360/1 473/367/1 474/366/1
f 404/360/1 472/368/1 473/367/1
f 404/360/1 405/369/1 472/368/1
f 405/369/1 471/370/1 472/368/1
f 406/371/1 471/370/1 405/369/1
f 407/372/1 471/370/1 406/371/1
f 408/373/1 471/370/1 407/372/1
f 408/373/1 470/374/1 471/370/1
f 409/375/1 470/374/1 408/373/1
f 410/376/1 470/374/1 409/375/1
f 410/376/1 469/377/1 470/374/1
f 411/378/1 469/377/1 410/376/1
f 411/378/1 468/379/1 469/377/1
f 412/380/1 468/379/1 411/378/1
f 413/381/1 468/379/1 412/380/1
f 413/381/1 467/382/1 468/379/1
f 414/383/1 467/382/1 413/381/1
f 414/383/1 466/384/1 467/382/1
f 415/385/1 466/384/1 414/383/1
f 415/385/1 465/386/1 466/384/1
f 416/387/1 465/386/1 415/385/1
f 416/387/1 464/388/1 465/386/1
f 417/389/1 464/388/1 416/387/1
f 418/390/1 464/388/1 417/389/1
f 418/390/1 463/391/1 464/388/1
f 419/392/1 463/391/1 418/390/1
f 420/393/1 463/391/1 419/392/1
f 420/393/1 462/394/1 463/391/1
f 441/395/1 439/396/1 440/397/1
f 421/398/1 462/394/1 420/393/1
f 441/395/1 438/399/1 439/396/1
f 422/400/1 462/394/1 421/398/1
f 441/395/1 437/401/1 438/399/1
f 422/400/1 461/402/1 462/394/1
f 423/403/1 461/402/1 422/400/1
f 441/395/1 436/404/1 437/401/1
f 441/395/1 435/405/1 436/404/1
f 424/406/1 461/402/1 423/403/1
f 441/395/1 434/407/1 435/405/1
f 425/408/1 461/402/1 424/406/1
f 441/395/1 433/409/1 434/407/1
f 441/395/1 432/410/1 433/409/1
f 426/411/1 461/402/1 425/408/1
f 426/411/1 460/412/1 461/402/1
f 441/395/1 431/413/1 432/410/1
f 427/414/1 460/412/1 426/411/1
f 441/395/1 430/415/1 431/413/1
f 441/395/1 429/416/1 430/415/1
f 428/417/1 460/412/1 427/414/1
f 441/395/1 428/417/1 429/416/1
f 441/395/1 460/412/1 428/417/1
f 441/395/1 459/418/1 460/412/1
f 441/395/1 458/419/1 459/418/1
f 441/395/1 457/420/1 458/419/1
f 442/421/1 457/420/1 441/395/1
f 443/422/1 457/420/1 442/421/1
f 444/423/1 457/420/1 443/422/1
f 444/423/1 456/424/1 457/420/1
f 445/425/1 456/424/1 444/423/1
f 446/426/1 456/424/1 445/425/1
f 446/426/1 455/427/1 456/424/1
f 447/428/1 455/427/1 446/426/1
f 448/429/1 455/427/1 447/428/1
f 449/430/1 455/427/1 448/429/1
f 449/430/1 454/431/1 455/427/1
f 450/432/1 454/431/1 449/430/1
f 451/433/1 454/431/1 450/432/1
f 451/433/1 453/434/1 454/431/1
f 452/435/1 453/434/1 451/433/1
f 3/436/1 77/437/1 2/438/1
f 77/437/1 1/439/1 2/438/1
f 77/437/1 78/440/1 1/439/1
f 3/436/1 76/441/1 77/437/1
f 76/441/1 74/442/1 75/443/1
f 3/436/1 74/442/1 76/441/1
f 3/436/1 73/444/1 74/442/1
f 3/436/1 72/445/1 73/444/1
f 3/436/1 71/446/1 72/445/1
f 3/436/1 4/447/1 71/446/1
f 4/447/1 70/448/1 71/446/1
f 4/447/1 5/449/1 70/448/1
f 5/449/1 69/450/1 70/448/1
f 5/449/1 6/451/1 69/450/1
f 6/451/1 68/452/1 69/450/1
f 7/453/1 68/452/1 6/451/1
f 8/454/1 68/452/1 7/453/1
f 9/455/1 68/452/1 8/454/1
f 9/455/1 67/456/1 68/452/1
f 10/457/1 67/456/1 9/455/1
f 11/458/1 67/456/1 10/457/1
f 11/458/1 66/459/1 67/456/1
f 12/460/1 66/459/1 11/458/1
f 12/460/1 65/461/1 66/459/1
f 13/462/1 65/461/1 12/460/1
f 14/463/1 65/461/1 13/462/1
f 14/463/1 64/464/1 65/461/1
f 15/465/1 64/464/1 14/463/1
f 15/465/1 63/466/1 64/464/1
f 16/467/1 63/466/1 15/465/1
f 17/468/1 63/466/1 16/467/1
f 17/468/1 62/469/1 63/466/1
f 18/470/1 62/469/1 17/468/1
f 19/471/1 62/469/1 18/470/1
f 19/471/1 61/472/1 62/469/1
f 20/473/1 61/472/1 19/471/1
f 40/474/1 38/475/1 39/476/1
f 21/477/1 61/472/1 20/473/1
f 40/474/1 37/478/1 38/475/1
f 21/477/1 60/479/1 61/472/1
f 22/480/1 60/479/1 21/477/1
f 40/474/1 36/481/1 37/478/1
f 40/474/1 35/482/1 36/481/1
f 23/483/1 60/479/1 22/480/1
f 40/474/1 34/484/1 35/482/1
f 40/474/1 33/485/1 34/484/1
f 24/486/1 60/479/1 23/483/1
f 40/474/1 32/487/1 33/485/1
f 24/486/1 59/488/1 60/479/1
f 25/489/1 59/488/1 24/486/1
f 40/474/1 31/490/1 32/487/1
f 40/474/1 30/491/1 31/490/1
f 26/492/1 59/488/1 25/489/1
f 40/474/1 29/493/1 30/491/1
f 40/474/1 28/494/1 29/493/1
f 27/495/1 59/488/1 26/492/1
f 40/474/1 27/495/1 28/494/1
f 40/474/1 59/488/1 27/495/1
f 40/474/1 58/496/1 59/488/1
f 40/474/1 57/497/1 58/496/1
f 40/474/1 56/498/1 57/497/1
f 41/499/1 56/498/1 40/474/1
f 42/500/1 56/498/1 41/499/1
f 42/500/1 55/501/1 56/498/1
f 43/502/1 55/501/1 42/500/1
f 44/503/1 55/501/1 43/502/1
f 45/504/1 55/501/1 44/503/1
f 45/504/1 54/505/1 55/501/1
f 46/506/1 54/505/1 45/504/1
f 47/507/1 54/505/1 46/506/1
f 47/507/1 53/508/1 54/505/1
f 48/509/1 53/508/1 47/507/1
f 49/510/1 53/508/1 48/509/1
f 50/511/1 53/508/1 49/510/1
f 50/511/1 52/512/1 53/508/1
f 51/513/1 52/512/1 50/511/1
f 598/1/2 597/3/2 596/2/2
f 598/1/2 596/2/2 595/4/2
f 594/5/2 593/7/2 592/6/2
f 594/5/2 592/6/2 603/8/2
f 598/1/2 595/4/2 600/9/2
f 600/9/2 595/4/2 594/5/2
f 600/9/2 594/5/2 601/10/2
f 601/10/2 594/5/2 603/8/2
f 598/1/2 600/9/2 599/11/2
f 602/12/2 601/10/2 603/8/2
f 606/13/2 605/15/2 604/14/2
f 606/13/2 604/14/2 609/16/2
f 609/16/2 608/18/2 607/17/2
f 606/13/2 609/16/2 607/17/2
f 663/19/2 662/21/2 661/20/2
f 612/22/2 611/24/2 610/23/2
f 612/22/2 610/23/2 687/25/2
f 663/19/2 661/20/2 660/26/2
f 613/27/2 612/22/2 687/25/2
f 614/28/2 613/27/2 687/25/2
f 663/19/2 660/26/2 659/29/2
f 615/30/2 614/28/2 687/25/2
f 615/30/2 687/25/2 686/31/2
f 663/19/2 659/29/2 658/32/2
f 664/33/2 663/19/2 658/32/2
f 616/34/2 615/30/2 686/31/2
f 664/33/2 658/32/2 657/35/2
f 617/36/2 616/34/2 686/31/2
f 664/33/2 657/35/2 656/37/2
f 617/36/2 686/31/2 685/38/2
f 618/39/2 617/36/2 685/38/2
f 664/33/2 656/37/2 655/40/2
f 665/41/2 664/33/2 655/40/2
f 619/42/2 618/39/2 685/38/2
f 665/41/2 655/40/2 654/43/2
f 620/44/2 619/42/2 685/38/2
f 665/41/2 654/43/2 653/45/2
f 620/44/2 685/38/2 684/46/2
f 665/41/2 653/45/2 652/47/2
f 621/48/2 620/44/2 684/46/2
f 666/49/2 665/41/2 652/47/2
f 666/49/2 652/47/2 651/50/2
f 622/51/2 621/48/2 684/46/2
f 666/49/2 651/50/2 650/52/2
f 623/53/2 622/51/2 684/46/2
f 666/49/2 650/52/2 649/54/2
f 623/53/2 684/46/2 683/55/2
f 666/49/2 649/54/2 648/56/2
f 624/57/2 623/53/2 683/55/2
f 666/49/2 648/56/2 647/58/2
f 667/59/2 666/49/2 647/58/2
f 625/60/2 624/57/2 683/55/2
f 667/59/2 647/58/2 646/61/2
f 626/62/2 625/60/2 683/55/2
f 626/62/2 683/55/2 682/63/2
f 667/59/2 646/61/2 645/64/2
f 627/65/2 626/62/2 682/63/2
f 628/66/2 627/65/2 682/63/2
f 667/59/2 645/64/2 644/67/2
f 629/68/2 628/66/2 682/63/2
f 667/59/2 644/67/2 643/69/2
f 668/70/2 667/59/2 643/69/2
f 630/71/2 629/68/2 682/63/2
f 668/70/2 643/69/2 642/72/2
f 631/73/2 630/71/2 682/63/2
f 668/70/2 642/72/2 641/74/2
f 631/73/2 682/63/2 681/75/2
f 632/76/2 631/73/2 681/75/2
f 668/70/2 641/74/2 640/77/2
f 633/78/2 632/76/2 681/75/2
f 668/70/2 640/77/2 639/79/2
f 634/80/2 633/78/2 681/75/2
f 668/70/2 639/79/2 638/81/2
f 635/82/2 634/80/2 681/75/2
f 668/70/2 638/81/2 637/83/2
f 636/84/2 635/82/2 681/75/2
f 668/70/2 637/83/2 636/84/2
f 668/70/2 636/84/2 681/75/2
f 669/85/2 668/70/2 681/75/2
f 669/85/2 681/75/2 680/86/2
f 670/87/2 669/85/2 680/86/2
f 670/87/2 680/86/2 679/88/2
f 671/89/2 670/87/2 679/88/2
f 671/89/2 679/88/2 678/90/2
f 672/91/2 671/89/2 678/90/2
f 672/91/2 678/90/2 677/92/2
f 673/93/2 672/91/2 677/92/2
f 673/93/2 677/92/2 676/94/2
f 674/95/2 673/93/2 676/94/2
f 674/95/2 676/94/2 675/96/2
f 701/97/2 700/99/2 699/98/2
f 701/97/2 699/98/2 698/100/2
f 702/101/2 701/97/2 698/100/2
f 702/101/2 698/100/2 697/102/2
f 703/103/2 702/101/2 697/102/2
f 703/103/2 697/102/2 696/104/2
f 704/105/2 703/103/2 696/104/2
f 705/106/2 704/105/2 696/104/2
f 705/106/2 696/104/2 695/107/2
f 706/108/2 705/106/2 695/107/2
f 706/108/2 695/107/2 694/109/2
f 707/110/2 706/108/2 694/109/2
f 707/110/2 694/109/2 693/111/2
f 708/112/2 707/110/2 693/111/2
f 708/112/2 693/111/2 692/113/2
f 709/114/2 708/112/2 692/113/2
f 709/114/2 692/113/2 691/115/2
f 710/116/2 709/114/2 691/115/2
f 710/116/2 691/115/2 690/117/2
f 711/118/2 710/116/2 765/119/2
f 765/119/2 710/116/2 690/117/2
f 765/119/2 690/117/2 779/120/2
f 779/120/2 690/117/2 689/121/2
f 711/118/2 765/119/2 764/122/2
f 766/123/2 765/119/2 779/120/2
f 767/124/2 766/123/2 779/120/2
f 711/118/2 764/122/2 763/125/2
f 767/124/2 779/120/2 778/126/2
f 780/127/2 779/120/2 689/121/2
f 767/124/2 778/126/2 777/128/2
f 768/129/2 767/124/2 777/128/2
f 781/130/2 780/127/2 689/121/2
f 768/129/2 777/128/2 776/131/2
f 711/118/2 763/125/2 762/132/2
f 769/133/2 768/129/2 776/131/2
f 769/133/2 776/131/2 775/134/2
f 782/135/2 781/130/2 689/121/2
f 770/136/2 769/133/2 775/134/2
f 770/136/2 775/134/2 774/137/2
f 771/138/2 770/136/2 774/137/2
f 771/138/2 774/137/2 773/139/2
f 711/118/2 762/132/2 761/140/2
f 772/141/2 771/138/2 773/139/2
f 783/142/2 782/135/2 689/121/2
f 712/143/2 711/118/2 761/140/2
f 783/142/2 689/121/2 688/144/2
f 712/143/2 761/140/2 760/145/2
f 736/146/2 783/142/2 688/144/2
f 712/143/2 760/145/2 759/147/2
f 713/148/2 712/143/2 759/147/2
f 737/149/2 736/146/2 688/144/2
f 737/149/2 688/144/2 735/150/2
f 713/148/2 759/147/2 758/151/2
f 738/152/2 737/149/2 735/150/2
f 749/153/2 748/155/2 747/154/2
f 714/156/2 713/148/2 758/151/2
f 738/152/2 735/150/2 734/157/2
f 750/158/2 749/153/2 747/154/2
f 750/158/2 747/154/2 746/159/2
f 714/156/2 758/151/2 757/160/2
f 751/161/2 750/158/2 746/159/2
f 751/161/2 746/159/2 745/162/2
f 739/163/2 738/152/2 734/157/2
f 752/164/2 751/161/2 745/162/2
f 752/164/2 745/162/2 744/165/2
f 714/156/2 757/160/2 756/166/2
f 753/167/2 752/164/2 744/165/2
f 753/167/2 744/165/2 743/168/2
f 740/169/2 739/163/2 734/157/2
f 754/170/2 753/167/2 743/168/2
f 714/156/2 756/166/2 755/171/2
f 754/170/2 743/168/2 742/172/2
f 755/171/2 754/170/2 742/172/2
f 714/156/2 755/171/2 742/172/2
f 741/173/2 740/169/2 734/157/2
f 714/156/2 742/172/2 741/173/2
f 714/156/2 741/173/2 734/157/2
f 715/174/2 714/156/2 734/157/2
f 715/174/2 734/157/2 733/175/2
f 716/176/2 715/174/2 733/175/2
f 716/176/2 733/175/2 732/177/2
f 717/178/2 716/176/2 732/177/2
f 717/178/2 732/177/2 731/179/2
f 718/180/2 717/178/2 731/179/2
f 718/180/2 731/179/2 730/181/2
f 719/182/2 718/180/2 730/181/2
f 719/182/2 730/181/2 729/183/2
f 720/184/2 719/182/2 729/183/2
f 720/184/2 729/183/2 728/185/2
f 721/186/2 720/184/2 728/185/2
f 721/186/2 728/185/2 727/187/2
f 722/188/2 721/186/2 727/187/2
f 722/188/2 727/187/2 726/189/2
f 723/190/2 722/188/2 726/189/2
f 723/190/2 726/189/2 725/191/2
f 724/192/2 723/190/2 725/191/2
f 797/193/2 796/195/2 795/194/2
f 797/193/2 795/194/2 794/196/2
f 798/197/2 797/193/2 794/196/2
f 798/197/2 794/196/2 793/198/2
f 799/199/2 798/197/2 793/198/2
f 799/199/2 793/198/2 792/200/2
f 800/201/2 799/199/2 792/200/2
f 801/202/2 800/201/2 792/200/2
f 801/202/2 792/200/2 791/203/2
f 802/204/2 801/202/2 791/203/2
f 802/204/2 791/203/2 868/205/2
f 868/205/2 791/203/2 790/206/2
f 802/204/2 868/205/2 867/207/2
f 869/208/2 868/205/2 790/206/2
f 802/204/2 867/207/2 866/209/2
f 870/210/2 869/208/2 790/206/2
f 803/211/2 802/204/2 866/209/2
f 870/210/2 790/206/2 789/212/2
f 803/211/2 866/209/2 865/213/2
f 871/214/2 870/210/2 789/212/2
f 803/211/2 865/213/2 864/215/2
f 872/216/2 871/214/2 789/212/2
f 803/211/2 864/215/2 863/217/2
f 873/218/2 872/216/2 789/212/2
f 804/219/2 803/211/2 863/217/2
f 873/218/2 789/212/2 788/220/2
f 804/219/2 863/217/2 862/221/2
f 874/222/2 873/218/2 788/220/2
f 804/219/2 862/221/2 861/223/2
f 875/224/2 874/222/2 788/220/2
f 805/225/2 804/219/2 861/223/2
f 875/224/2 788/220/2 787/226/2
f 805/225/2 861/223/2 860/227/2
f 876/228/2 875/224/2 787/226/2
f 806/229/2 805/225/2 860/227/2
f 876/228/2 787/226/2 786/230/2
f 806/229/2 860/227/2 859/231/2
f 877/232/2 876/228/2 786/230/2
f 806/229/2 859/231/2 858/233/2
f 878/234/2 877/232/2 786/230/2
f 807/235/2 806/229/2 858/233/2
f 878/234/2 786/230/2 785/236/2
f 807/235/2 858/233/2 857/237/2
f 879/238/2 878/234/2 785/236/2
f 808/239/2 807/235/2 857/237/2
f 879/238/2 785/236/2 784/240/2
f 808/239/2 857/237/2 856/241/2
f 832/242/2 879/238/2 784/240/2
f 809/243/2 808/239/2 856/241/2
f 809/243/2 856/241/2 855/244/2
f 833/245/2 832/242/2 784/240/2
f 833/245/2 784/240/2 831/246/2
f 809/243/2 855/244/2 854/247/2
f 834/248/2 833/245/2 831/246/2
f 810/249/2 809/243/2 854/247/2
f 834/248/2 831/246/2 830/250/2
f 810/249/2 854/247/2 853/251/2
f 835/252/2 834/248/2 830/250/2
f 811/253/2 810/249/2 853/251/2
f 835/252/2 830/250/2 829/254/2
f 836/255/2 835/252/2 829/254/2
f 811/253/2 853/251/2 852/256/2
f 837/257/2 836/255/2 829/254/2
f 811/253/2 852/256/2 851/258/2
f 812/259/2 811/253/2 851/258/2
f 837/257/2 829/254/2 828/260/2
f 838/261/2 837/257/2 828/260/2
f 812/259/2 851/258/2 850/262/2
f 813/263/2 812/259/2 850/262/2
f 838/261/2 828/260/2 827/264/2
f 839/265/2 838/261/2 827/264/2
f 813/263/2 850/262/2 849/266/2
f 840/267/2 839/265/2 827/264/2
f 813/263/2 849/266/2 848/268/2
f 814/269/2 813/263/2 848/268/2
f 840/267/2 827/264/2 826/270/2
f 841/271/2 840/267/2 826/270/2
f 814/269/2 848/268/2 847/272/2
f 842/273/2 841/271/2 826/270/2
f 814/269/2 847/272/2 846/274/2
f 843/275/2 842/273/2 826/270/2
f 814/269/2 846/274/2 845/276/2
f 815/277/2 814/269/2 845/276/2
f 843/275/2 826/270/2 825/278/2
f 844/279/2 843/275/2 825/278/2
f 815/277/2 845/276/2 844/279/2
f 815/277/2 844/279/2 825/278/2
f 816/280/2 815/277/2 825/278/2
f 816/280/2 825/278/2 824/281/2
f 817/282/2 816/280/2 824/281/2
f 817/282/2 824/281/2 823/283/2
f 818/284/2 817/282/2 823/283/2
f 818/284/2 823/283/2 822/285/2
f 819/286/2 818/284/2 822/285/2
f 819/286/2 822/285/2 821/287/2
f 820/288/2 819/286/2 821/287/2
f 1015/289/2 1014/291/2 1013/290/2
f 1016/292/2 1015/289/2 1013/290/2
f 1017/293/2 1016/292/2 1013/290/2
f 1017/293/2 1013/290/2 1012/294/2
f 1018/295/2 1017/293/2 1012/294/2
f 1019/296/2 1018/295/2 1012/294/2
f 1020/297/2 1019/296/2 1012/294/2
f 1020/297/2 1012/294/2 1011/298/2
f 1021/299/2 1020/297/2 1011/298/2
f 1022/300/2 1021/299/2 1011/298/2
f 1023/301/2 1022/300/2 1011/298/2
f 1023/301/2 1011/298/2 1010/302/2
f 1024/303/2 1023/301/2 1010/302/2
f 1025/304/2 1024/303/2 1010/302/2
f 1025/304/2 1010/302/2 1009/305/2
f 1026/306/2 1025/304/2 1009/305/2
f 880/307/2 1026/306/2 881/308/2
f 881/308/2 1026/306/2 882/309/2
f 882/309/2 1026/306/2 883/310/2
f 883/310/2 1026/306/2 884/311/2
f 884/311/2 1026/306/2 1009/305/2
f 884/311/2 1009/305/2 885/312/2
f 885/312/2 1009/305/2 886/313/2
f 886/313/2 1009/305/2 1008/314/2
f 886/313/2 1008/314/2 887/315/2
f 887/315/2 1008/314/2 888/316/2
f 888/316/2 1008/314/2 1007/317/2
f 888/316/2 1007/317/2 889/318/2
f 889/318/2 1007/317/2 890/319/2
f 890/319/2 1007/317/2 891/320/2
f 891/320/2 1007/317/2 1006/321/2
f 891/320/2 1006/321/2 892/322/2
f 892/322/2 1006/321/2 893/323/2
f 893/323/2 1006/321/2 1005/324/2
f 894/325/2 893/323/2 1005/324/2
f 895/326/2 894/325/2 1005/324/2
f 896/327/2 895/326/2 1005/324/2
f 896/327/2 1005/324/2 1004/328/2
f 897/329/2 896/327/2 1004/328/2
f 898/330/2 897/329/2 1004/328/2
f 899/331/2 898/330/2 1004/328/2
f 899/331/2 1004/328/2 1003/332/2
f 900/333/2 899/331/2 1003/332/2
f 901/334/2 900/333/2 1003/332/2
f 901/334/2 1003/332/2 1002/335/2
f 902/336/2 901/334/2 1002/335/2
f 903/337/2 902/336/2 1002/335/2
f 903/337/2 1002/335/2 1001/338/2
f 904/339/2 903/337/2 1001/338/2
f 905/340/2 904/339/2 1001/338/2
f 905/340/2 1001/338/2 1000/341/2
f 906/342/2 905/340/2 1000/341/2
f 906/342/2 1000/341/2 999/343/2
f 907/344/2 906/342/2 999/343/2
f 907/344/2 999/343/2 998/345/2
f 908/346/2 907/344/2 998/345/2
f 908/346/2 998/345/2 997/347/2
f 909/348/2 908/346/2 997/347/2
f 909/348/2 997/347/2 996/349/2
f 910/350/2 909/348/2 996/349/2
f 911/351/2 910/350/2 996/349/2
f 911/351/2 996/349/2 995/352/2
f 912/353/2 911/351/2 995/352/2
f 912/353/2 995/352/2 994/354/2
f 913/355/2 912/353/2 994/354/2
f 914/356/2 913/355/2 994/354/2
f 915/357/2 914/356/2 994/354/2
f 915/357/2 994/354/2 993/358/2
f 916/359/2 915/357/2 993/358/2
f 917/360/2 916/359/2 993/358/2
f 917/360/2 993/358/2 992/361/2
f 917/360/2 992/361/2 991/362/2
f 917/360/2 991/362/2 990/363/2
f 917/360/2 990/363/2 989/364/2
f 917/360/2 989/364/2 988/365/2
f 917/360/2 988/365/2 987/366/2
f 917/360/2 987/366/2 986/367/2
f 917/360/2 986/367/2 985/368/2
f 917/360/2 985/368/2 918/369/2
f 918/369/2 985/368/2 984/370/2
f 919/371/2 918/369/2 984/370/2
f 920/372/2 919/371/2 984/370/2
f 921/373/2 920/372/2 984/370/2
f 921/373/2 984/370/2 983/374/2
f 922/375/2 921/373/2 983/374/2
f 923/376/2 922/375/2 983/374/2
f 923/376/2 983/374/2 982/377/2
f 924/378/2 923/376/2 982/377/2
f 924/378/2 982/377/2 981/379/2
f 925/380/2 924/378/2 981/379/2
f 926/381/2 925/380/2 981/379/2
f 926/381/2 981/379/2 980/382/2
f 927/383/2 926/381/2 980/382/2
f 927/383/2 980/382/2 979/384/2
f 928/385/2 927/383/2 979/384/2
f 928/385/2 979/384/2 978/386/2
f 929/387/2 928/385/2 978/386/2
f 929/387/2 978/386/2 977/388/2
f 930/389/2 929/387/2 977/388/2
f 931/390/2 930/389/2 977/388/2
f 931/390/2 977/388/2 976/391/2
f 932/392/2 931/390/2 976/391/2
f 933/393/2 932/392/2 976/391/2
f 933/393/2 976/391/2 975/394/2
f 954/395/2 953/397/2 952/396/2
f 934/398/2 933/393/2 975/394/2
f 954/395/2 952/396/2 951/399/2
f 935/400/2 934/398/2 975/394/2
f 954/395/2 951/399/2 950/401/2
f 935/400/2 975/394/2 974/402/2
f 936/403/2 935/400/2 974/402/2
f 954/395/2 950/401/2 949/404/2
f 954/395/2 949/404/2 948/405/2
f 937/406/2 936/403/2 974/402/2
f 954/395/2 948/405/2 947/407/2
f 938/408/2 937/406/2 974/402/2
f 954/395/2 947/407/2 946/409/2
f 954/395/2 946/409/2 945/410/2
f 939/411/2 938/408/2 974/402/2
f 939/411/2 974/402/2 973/412/2
f 954/395/2 945/410/2 944/413/2
f 940/414/2 939/411/2 973/412/2
f 954/395/2 944/413/2 943/415/2
f 954/395/2 943/415/2 942/416/2
f 941/417/2 940/414/2 973/412/2
f 954/395/2 942/416/2 941/417/2
f 954/395/2 941/417/2 973/412/2
f 954/395/2 973/412/2 972/418/2
f 954/395/2 972/418/2 971/419/2
f 954/395/2 971/419/2 970/420/2
f 955/421/2 954/395/2 970/420/2
f 956/422/2 955/421/2 970/420/2
f 957/423/2 956/422/2 970/420/2
f 957/423/2 970/420/2 969/424/2
f 958/425/2 957/423/2 969/424/2
f 959/426/2 958/425/2 969/424/2
f 959/426/2 969/424/2 968/427/2
f 960/428/2 959/426/2 968/427/2
f 961/429/2 960/428/2 968/427/2
f 962/430/2 961/429/2 968/427/2
f 962/430/2 968/427/2 967/431/2
f 963/432/2 962/430/2 967/431/2
f 964/433/2 963/432/2 967/431/2
f 964/433/2 967/431/2 966/434/2
f 965/435/2 964/433/2 966/434/2
f 516/436/2 515/438/2 590/437/2
f 590/437/2 515/438/2 514/439/2
f 590/437/2 514/439/2 591/440/2
f 516/436/2 590/437/2 589/441/2
f 589/441/2 588/443/2 587/442/2
f 516/436/2 589/441/2 587/442/2
f 516/436/2 587/442/2 586/444/2
f 516/436/2 586/444/2 585/445/2
f 516/436/2 585/445/2 584/446/2
f 516/436/2 584/446/2 517/447/2
f 517/447/2 584/446/2 583/448/2
f 517/447/2 583/448/2 518/449/2
f 518/449/2 583/448/2 582/450/2
f 518/449/2 582/450/2 519/451/2
f 519/451/2 582/450/2 581/452/2
f 520/453/2 519/451/2 581/452/2
f 521/454/2 520/453/2 581/452/2
f 522/455/2 521/454/2 581/452/2
f 522/455/2 581/452/2 580/456/2
f 523/457/2 522/455/2 580/456/2
f 524/458/2 523/457/2 580/456/2
f 524/458/2 580/456/2 579/459/2
f 525/460/2 524/458/2 579/459/2
f 525/460/2 579/459/2 578/461/2
f 526/462/2 525/460/2 578/461/2
f 527/463/2 526/462/2 578/461/2
f 527/463/2 578/461/2 577/464/2
f 528/465/2 527/463/2 577/464/2
f 528/465/2 577/464/2 576/466/2
f 529/467/2 528/465/2 576/466/2
f 530/468/2 529/467/2 576/466/2
f 530/468/2 576/466/2 575/469/2
f 531/470/2 530/468/2 575/469/2
f 532/471/2 531/470/2 575/469/2
f 532/471/2 575/469/2 574/472/2
f 533/473/2 532/471/2 574/472/2
f 553/474/2 552/476/2 551/475/2
f 534/477/2 533/473/2 574/472/2
f 553/474/2 551/475/2 550/478/2
f 534/477/2 574/472/2 573/479/2
f 535/480/2 534/477/2 573/479/2
f 553/474/2 550/478/2 549/481/2
f 553/474/2 549/481/2 548/482/2
f 536/483/2 535/480/2 573/479/2
f 553/474/2 548/482/2 547/484/2
f 553/474/2 547/484/2 546/485/2
f 537/486/2 536/483/2 573/479/2
f 553/474/2 546/485/2 545/487/2
f 537/486/2 573/479/2 572/488/2
f 538/489/2 537/486/2 572/488/2
f 553/474/2 545/487/2 544/490/2
f 553/474/2 544/490/2 543/491/2
f 539/492/2 538/489/2 572/488/2
f 553/474/2 543/491/2 542/493/2
f 553/474/2 542/493/2 541/494/2
f 540/495/2 539/492/2 572/488/2
f 553/474/2 541/494/2 540/495/2
f 553/474/2 540/495/2 572/488/2
f 553/474/2 572/488/2 571/496/2
f 553/474/2 571/496/2 570/497/2
f 553/474/2 570/497/2 569/498/2
f 554/499/2 553/474/2 569/498/2
f 555/500/2 554/499/2 569/498/2
f 555/500/2 569/498/2 568/501/2
f 556/502/2 555/500/2 568/501/2
f 557/503/2 556/502/2 568/501/2
f 558/504/2 557/503/2 568/501/2
f 558/504/2 568/501/2 567/505/2
f 559/506/2 558/504/2 567/505/2
f 560/507/2 559/506/2 567/505/2
f 560/507/2 567/505/2 566/508/2
f 561/509/2 560/507/2 566/508/2
f 562/510/2 561/509/2 566/508/2
f 563/511/2 562/510/2 566/508/2
f 563/511/2 566/508/2 565/512/2
f 564/513/2 563/511/2 565/512/2
f 429/416/3 942/416/3 943/415/3 430/415/3
f 371/311/4 884/311/4 885/312/4 372/312/4
f 191/105/5 704/105/5 705/106/5 192/106/5
f 427/414/6 940/414/6 941/417/6 428/417/6
f 353/209/7 866/209/7 867/207/7 354/207/7
f 372/312/8 885/312/8 886/313/8 373/313/8
f 356/208/9 869/208/9 870/210/9 357/210/9
f 182/107/10 695/107/10 696/104/10 183/104/10
f 428/417/11 941/417/11 942/416/11 429/416/11
f 289/204/12 802/204/12 803/211/12 290/211/12
f 192/106/13 705/106/13 706/108/13 193/108/13
f 495/314/14 1008/314/14 1009/305/14 496/305/14
f 373/313/15 886/313/15 887/315/15 374/315/15
f 459/418/16 972/418/16 973/412/16 460/412/16
f 276/212/17 789/212/17 790/206/17 277/206/17
f 181/109/18 694/109/18 695/107/18 182/107/18
f 374/315/19 887/315/19 888/316/19 375/316/19
f 193/108/12 706/108/12 707/110/12 194/110/12
f 84/3/20 597/3/20 598/1/20 85/1/20
f 458/419/21 971/419/21 972/418/21 459/418/21
f 352/213/22 865/213/22 866/209/22 353/209/22
f 357/210/23 870/210/23 871/214/23 358/214/23
f 83/2/24 596/2/24 597/3/24 84/3/24
f 457/420/25 970/420/25 971/419/25 458/419/25
f 494/317/26 1007/317/26 1008/314/26 495/314/26
f 180/111/17 693/111/17 694/109/17 181/109/17
f 441/395/27 954/395/27 955/421/27 442/421/27
f 375/316/28 888/316/28 889/318/28 376/318/28
f 194/110/29 707/110/29 708/112/29 195/112/29
f 82/4/30 595/4/30 596/2/30 83/2/30
f 351/215/31 864/215/31 865/213/31 352/213/31
f 80/7/20 593/7/20 594/5/20 81/5/20
f 442/421/32 955/421/32 956/422/32 443/422/32
f 376/318/33 889/318/33 890/319/33 377/319/33
f 358/214/34 871/214/34 872/216/34 359/216/34
f 179/113/35 692/113/35 693/111/35 180/111/35
f 79/6/24 592/6/24 593/7/24 80/7/24
f 443/422/36 956/422/36 957/423/36 444/423/36
f 377/319/37 890/319/37 891/320/37 378/320/37
f 195/112/38 708/112/38 709/114/38 196/114/38
f 350/217/39 863/217/39 864/215/39 351/215/39
f 90/8/30 603/8/30 592/6/30 79/6/30
f 359/216/40 872/216/40 873/218/40 360/218/40
f 456/424/41 969/424/41 970/420/41 457/420/41
f 493/321/42 1006/321/42 1007/317/42 494/317/42
f 178/115/43 691/115/43 692/113/43 179/113/43
f 444/423/44 957/423/44 958/425/44 445/425/44
f 378/320/45 891/320/45 892/322/45 379/322/45
f 290/211/29 803/211/29 804/219/29 291/219/29
f 196/114/46 709/114/46 710/116/46 197/116/46
f 81/5/24 594/5/24 595/4/24 82/4/24
f 445/425/47 958/425/47 959/426/47 446/426/47
f 379/322/48 892/322/48 893/323/48 380/323/48
f 87/9/49 600/9/49 601/10/49 88/10/49
f 275/220/35 788/220/35 789/212/35 276/212/35
f 177/117/50 690/117/50 691/115/50 178/115/50
f 197/116/51 710/116/51 711/118/51 198/118/51
f 455/427/52 968/427/52 969/424/52 456/424/52
f 492/324/53 1005/324/53 1006/321/53 493/321/53
f 349/221/54 862/221/54 863/217/54 350/217/54
f 85/1/49 598/1/49 599/11/49 86/11/49
f 446/426/55 959/426/55 960/428/55 447/428/55
f 380/323/56 893/323/56 894/325/56 381/325/56
f 360/218/57 873/218/57 874/222/57 361/222/57
f 86/11/30 599/11/30 600/9/30 87/9/30
f 88/10/20 601/10/20 602/12/20 89/12/20
f 447/428/58 960/428/58 961/429/58 448/429/58
f 381/325/59 894/325/59 895/326/59 382/326/59
f 89/12/49 602/12/49 603/8/49 90/8/49
f 348/223/60 861/223/60 862/221/60 349/221/60
f 92/15/20 605/15/20 606/13/20 93/13/20
f 448/429/61 961/429/61 962/430/61 449/430/61
f 382/326/62 895/326/62 896/327/62 383/327/62
f 361/222/63 874/222/63 875/224/63 362/224/63
f 176/121/64 689/121/64 690/117/64 177/117/64
f 91/14/24 604/14/24 605/15/24 92/15/24
f 291/219/65 804/219/65 805/225/65 292/225/65
f 454/431/66 967/431/66 968/427/66 455/427/66
f 491/328/67 1004/328/67 1005/324/67 492/324/67
f 251/122/68 764/122/68 765/119/68 252/119/68
f 96/16/69 609/16/69 604/14/69 91/14/69
f 449/430/70 962/430/70 963/432/70 450/432/70
f 383/327/71 896/327/71 897/329/71 384/329/71
f 252/119/72 765/119/72 766/123/72 253/123/72
f 95/18/73 608/18/73 609/16/73 96/16/73
f 274/226/43 787/226/43 788/220/43 275/220/43
f 450/432/74 963/432/74 964/433/74 451/433/74
f 384/329/75 897/329/75 898/330/75 385/330/75
f 253/123/76 766/123/76 767/124/76 254/124/76
f 94/17/30 607/17/30 608/18/30 95/18/30
f 347/227/77 860/227/77 861/223/77 348/223/77
f 93/13/49 606/13/49 607/17/49 94/17/49
f 385/330/78 898/330/78 899/331/78 386/331/78
f 362/224/79 875/224/79 876/228/79 363/228/79
f 149/21/20 662/21/20 663/19/20 150/19/20
f 453/434/80 966/434/80 967/431/80 454/431/80
f 250/125/81 763/125/81 764/122/81 251/122/81
f 451/433/82 964/433/82 965/435/82 452/435/82
f 292/225/46 805/225/46 806/229/46 293/229/46
f 148/20/83 661/20/83 662/21/83 149/21/83
f 452/435/84 965/435/84 966/434/84 453/434/84
f 490/332/85 1003/332/85 1004/328/85 491/328/85
f 265/126/86 778/126/86 779/120/86 266/120/86
f 98/24/87 611/24/87 612/22/87 99/22/87
f 2/438/20 515/438/20 516/436/20 3/436/20
f 386/331/88 899/331/88 900/333/88 387/333/88
f 266/120/89 779/120/89 780/127/89 267/127/89
f 273/230/50 786/230/50 787/226/50 274/226/50
f 97/23/24 610/23/24 611/24/24 98/24/24
f 387/333/90 900/333/90 901/334/90 388/334/90
f 346/231/91 859/231/91 860/227/91 347/227/91
f 264/128/92 777/128/92 778/126/92 265/126/92
f 174/25/30 687/25/30 610/23/30 97/23/30
f 1/439/24 514/439/24 515/438/24 2/438/24
f 363/228/93 876/228/93 877/232/93 364/232/93
f 254/124/94 767/124/94 768/129/94 255/129/94
f 77/437/49 590/437/49 591/440/49 78/440/49
f 489/335/95 1002/335/95 1003/332/95 490/332/95
f 147/26/96 660/26/96 661/20/96 148/20/96
f 78/440/30 591/440/30 514/439/30 1/439/30
f 388/334/97 901/334/97 902/336/97 389/336/97
f 267/127/98 780/127/98 781/130/98 268/130/98
f 99/22/99 612/22/99 613/27/99 100/27/99
f 345/233/100 858/233/100 859/231/100 346/231/100
f 76/441/30 589/441/30 590/437/30 77/437/30
f 389/336/101 902/336/101 903/337/101 390/337/101
f 364/232/102 877/232/102 878/234/102 365/234/102
f 100/27/103 613/27/103 614/28/103 101/28/103
f 75/443/104 588/443/104 589/441/104 76/441/104
f 263/131/105 776/131/105 777/128/105 264/128/105
f 293/229/51 806/229/51 807/235/51 294/235/51
f 74/442/106 587/442/106 588/443/106 75/443/106
f 488/338/107 1001/338/107 1002/335/107 489/335/107
f 249/132/108 762/132/108 763/125/108 250/125/108
f 146/29/109 659/29/109 660/26/109 147/26/109
f 390/337/110 903/337/110 904/339/110 391/339/110
f 255/129/111 768/129/111 769/133/111 256/133/111
f 101/28/112 614/28/112 615/30/112 102/30/112
f 272/236/64 785/236/64 786/230/64 273/230/64
f 73/444/113 586/444/113 587/442/113 74/442/113
f 391/339/114 904/339/114 905/340/114 392/340/114
f 344/237/115 857/237/115 858/233/115 345/233/115
f 262/134/116 775/134/116 776/131/116 263/131/116
f 173/31/117 686/31/117 687/25/117 174/25/117
f 72/445/118 585/445/118 586/444/118 73/444/118
f 365/234/119 878/234/119 879/238/119 366/238/119
f 268/130/120 781/130/120 782/135/120 269/135/120
f 487/341/121 1000/341/121 1001/338/121 488/338/121
f 145/32/122 658/32/122 659/29/122 146/29/122
f 71/446/123 584/446/123 585/445/123 72/445/123
f 392/340/124 905/340/124 906/342/124 393/342/124
f 294/235/125 807/235/125 808/239/125 295/239/125
f 256/133/126 769/133/126 770/136/126 257/136/126
f 150/19/127 663/19/127 664/33/127 151/33/127
f 3/436/128 516/436/128 517/447/128 4/447/128
f 102/30/129 615/30/129 616/34/129 103/34/129
f 486/343/130 999/343/130 1000/341/130 487/341/130
f 271/240/131 784/240/131 785/236/131 272/236/131
f 261/137/132 774/137/132 775/134/132 262/134/132
f 70/448/133 583/448/133 584/446/133 71/446/133
f 393/342/134 906/342/134 907/344/134 394/344/134
f 257/136/135 770/136/135 771/138/135 258/138/135
f 4/447/136 517/447/136 518/449/136 5/449/136
f 343/241/137 856/241/137 857/237/137 344/237/137
f 144/35/138 657/35/138 658/32/138 145/32/138
f 366/238/139 879/238/139 832/242/139 319/242/139
f 103/34/140 616/34/140 617/36/140 104/36/140
f 485/345/141 998/345/141 999/343/141 486/343/141
f 260/139/142 773/139/142 774/137/142 261/137/142
f 69/450/143 582/450/143 583/448/143 70/448/143
f 394/344/144 907/344/144 908/346/144 395/346/144
f 295/239/145 808/239/145 809/243/145 296/243/145
f 5/449/146 518/449/146 519/451/146 6/451/146
f 248/140/147 761/140/147 762/132/147 249/132/147
f 143/37/148 656/37/148 657/35/148 144/35/148
f 258/138/149 771/138/149 772/141/149 259/141/149
f 484/347/150 997/347/150 998/345/150 485/345/150
f 342/244/151 855/244/151 856/241/151 343/241/151
f 259/141/152 772/141/152 773/139/152 260/139/152
f 172/38/153 685/38/153 686/31/153 173/31/153
f 68/452/154 581/452/154 582/450/154 69/450/154
f 395/346/155 908/346/155 909/348/155 396/348/155
f 319/242/156 832/242/156 833/245/156 320/245/156
f 269/135/157 782/135/157 783/142/157 270/142/157
f 104/36/158 617/36/158 618/39/158 105/39/158
f 6/451/159 519/451/159 520/453/159 7/453/159
f 198/118/125 711/118/125 712/143/125 199/143/125
f 7/453/160 520/453/160 521/454/160 8/454/160
f 483/349/161 996/349/161 997/347/161 484/347/161
f 318/246/162 831/246/162 784/240/162 271/240/162
f 142/40/163 655/40/163 656/37/163 143/37/163
f 396/348/164 909/348/164 910/350/164 397/350/164
f 151/33/165 664/33/165 665/41/165 152/41/165
f 8/454/166 521/454/166 522/455/166 9/455/166
f 341/247/167 854/247/167 855/244/167 342/244/167
f 175/144/131 688/144/131 689/121/131 176/121/131
f 397/350/168 910/350/168 911/351/168 398/351/168
f 320/245/169 833/245/169 834/248/169 321/248/169
f 105/39/170 618/39/170 619/42/170 106/42/170
f 247/145/171 760/145/171 761/140/171 248/140/171
f 67/456/172 580/456/172 581/452/172 68/452/172
f 296/243/173 809/243/173 810/249/173 297/249/173
f 270/142/174 783/142/174 736/146/174 223/146/174
f 9/455/175 522/455/175 523/457/175 10/457/175
f 482/352/176 995/352/176 996/349/176 483/349/176
f 141/43/177 654/43/177 655/40/177 142/40/177
f 398/351/178 911/351/178 912/353/178 399/353/178
f 106/42/179 619/42/179 620/44/179 107/44/179
f 10/457/180 523/457/180 524/458/180 11/458/180
f 317/250/181 830/250/181 831/246/181 318/246/181
f 246/147/182 759/147/182 760/145/182 247/145/182
f 199/143/145 712/143/145 713/148/145 200/148/145
f 481/354/183 994/354/183 995/352/183 482/352/183
f 340/251/184 853/251/184 854/247/184 341/247/184
f 140/45/185 653/45/185 654/43/185 141/43/185
f 66/459/186 579/459/186 580/456/186 67/456/186
f 399/353/187 912/353/187 913/355/187 400/355/187
f 321/248/188 834/248/188 835/252/188 322/252/188
f 223/146/189 736/146/189 737/149/189 224/149/189
f 11/458/190 524/458/190 525/460/190 12/460/190
f 171/46/191 684/46/191 685/38/191 172/38/191
f 400/355/192 913/355/192 914/356/192 401/356/192
f 297/249/193 810/249/193 811/253/193 298/253/193
f 222/150/162 735/150/162 688/144/162 175/144/162
f 139/47/194 652/47/194 653/45/194 140/45/194
f 65/461/195 578/461/195 579/459/195 66/459/195
f 401/356/196 914/356/196 915/357/196 402/357/196
f 107/44/197 620/44/197 621/48/197 108/48/197
f 12/460/198 525/460/198 526/462/198 13/462/198
f 316/254/199 829/254/199 830/250/199 317/250/199
f 245/151/200 758/151/200 759/147/200 246/147/200
f 322/252/201 835/252/201 836/255/201 323/255/201
f 224/149/202 737/149/202 738/152/202 225/152/202
f 152/41/203 665/41/203 666/49/203 153/49/203
f 13/462/204 526/462/204 527/463/204 14/463/204
f 480/358/205 993/358/205 994/354/205 481/354/205
f 402/357/206 915/357/206 916/359/206 403/359/206
f 235/155/207 748/155/207 749/153/207 236/153/207
f 339/256/208 852/256/208 853/251/208 340/251/208
f 138/50/209 651/50/209 652/47/209 139/47/209
f 64/464/210 577/464/210 578/461/210 65/461/210
f 403/359/20 916/359/20 917/360/20 404/360/20
f 323/255/211 836/255/211 837/257/211 324/257/211
f 234/154/212 747/154/212 748/155/212 235/155/212
f 108/48/213 621/48/213 622/51/213 109/51/213
f 14/463/214 527/463/214 528/465/214 15/465/214
f 200/148/173 713/148/173 714/156/173 201/156/173
f 479/361/215 992/361/215 993/358/215 480/358/215
f 338/258/216 851/258/216 852/256/216 339/256/216
f 137/52/217 650/52/217 651/50/217 138/50/217
f 63/466/218 576/466/218 577/464/218 64/464/218
f 298/253/219 811/253/219 812/259/219 299/259/219
f 221/157/181 734/157/181 735/150/181 222/150/181
f 109/51/220 622/51/220 623/53/220 110/53/220
f 15/465/221 528/465/221 529/467/221 16/467/221
f 478/362/222 991/362/222 992/361/222 479/361/222
f 236/153/223 749/153/223 750/158/223 237/158/223
f 16/467/224 529/467/224 530/468/224 17/468/224
f 477/363/225 990/363/225 991/362/225 478/362/225
f 315/260/226 828/260/226 829/254/226 316/254/226
f 136/54/227 649/54/227 650/52/227 137/52/227
f 324/257/228 837/257/228 838/261/228 325/261/228
f 233/159/229 746/159/229 747/154/229 234/154/229
f 476/364/230 989/364/230 990/363/230 477/363/230
f 170/55/231 683/55/231 684/46/231 171/46/231
f 62/469/232 575/469/232 576/466/232 63/466/232
f 244/160/233 757/160/233 758/151/233 245/151/233
f 17/468/234 530/468/234 531/470/234 18/470/234
f 475/365/235 988/365/235 989/364/235 476/364/235
f 337/262/236 850/262/236 851/258/236 338/258/236
f 237/158/237 750/158/237 751/161/237 238/161/237
f 135/56/238 648/56/238 649/54/238 136/54/238
f 299/259/239 812/259/239 813/263/239 300/263/239
f 110/53/240 623/53/240 624/57/240 111/57/240
f 18/470/241 531/470/241 532/471/241 19/471/241
f 474/366/242 987/366/242 988/365/242 475/365/242
f 232/162/243 745/162/243 746/159/243 233/159/243
f 473/367/244 986/367/244 987/366/244 474/366/244
f 314/264/245 827/264/245 828/260/245 315/260/245
f 225/152/246 738/152/246 739/163/246 226/163/246
f 134/58/247 647/58/247 648/56/247 135/56/247
f 61/472/248 574/472/248 575/469/248 62/469/248
f 325/261/249 838/261/249 839/265/249 326/265/249
f 153/49/250 666/49/250 667/59/250 154/59/250
f 19/471/251 532/471/251 533/473/251 20/473/251
f 472/368/252 985/368/252 986/367/252 473/367/252
f 238/161/253 751/161/253 752/164/253 239/164/253
f 404/360/254 917/360/254 918/369/254 405/369/254
f 111/57/255 624/57/255 625/60/255 112/60/255
f 39/476/20 552/476/20 553/474/20 40/474/20
f 336/266/256 849/266/256 850/262/256 337/262/256
f 326/265/257 839/265/257 840/267/257 327/267/257
f 231/165/258 744/165/258 745/162/258 232/162/258
f 38/475/259 551/475/259 552/476/259 39/476/259
f 471/370/260 984/370/260 985/368/260 472/368/260
f 133/61/261 646/61/261 647/58/261 134/58/261
f 20/473/262 533/473/262 534/477/262 21/477/262
f 405/369/263 918/369/263 919/371/263 406/371/263
f 243/166/264 756/166/264 757/160/264 244/160/264
f 112/60/265 625/60/265 626/62/265 113/62/265
f 335/268/266 848/268/266 849/266/266 336/266/266
f 239/164/267 752/164/267 753/167/267 240/167/267
f 406/371/268 919/371/268 920/372/268 407/372/268
f 300/263/269 813/263/269 814/269/269 301/269/269
f 37/478/270 550/478/270 551/475/270 38/475/270
f 169/63/271 682/63/271 683/55/271 170/55/271
f 407/372/272 920/372/272 921/373/272 408/373/272
f 230/168/273 743/168/273 744/165/273 231/165/273
f 60/479/274 573/479/274 574/472/274 61/472/274
f 313/270/275 826/270/275 827/264/275 314/264/275
f 226/163/276 739/163/276 740/169/276 227/169/276
f 132/64/277 645/64/277 646/61/277 133/61/277
f 21/477/278 534/477/278 535/480/278 22/480/278
f 327/267/279 840/267/279 841/271/279 328/271/279
f 113/62/280 626/62/280 627/65/280 114/65/280
f 470/374/281 983/374/281 984/370/281 471/370/281
f 240/167/282 753/167/282 754/170/282 241/170/282
f 408/373/283 921/373/283 922/375/283 409/375/283
f 114/65/284 627/65/284 628/66/284 115/66/284
f 36/481/285 549/481/285 550/478/285 37/478/285
f 334/272/286 847/272/286 848/268/286 335/268/286
f 409/375/287 922/375/287 923/376/287 410/376/287
f 328/271/288 841/271/288 842/273/288 329/273/288
f 242/171/289 755/171/289 756/166/289 243/166/289
f 35/482/290 548/482/290 549/481/290 36/481/290
f 131/67/291 644/67/291 645/64/291 132/64/291
f 22/480/292 535/480/292 536/483/292 23/483/292
f 229/172/293 742/172/293 743/168/293 230/168/293
f 115/66/294 628/66/294 629/68/294 116/68/294
f 469/377/295 982/377/295 983/374/295 470/374/295
f 333/274/296 846/274/296 847/272/296 334/272/296
f 241/170/297 754/170/297 755/171/297 242/171/297
f 410/376/298 923/376/298 924/378/298 411/378/298
f 329/273/299 842/273/299 843/275/299 330/275/299
f 34/484/300 547/484/300 548/482/300 35/482/300
f 130/69/301 643/69/301 644/67/301 131/67/301
f 227/169/302 740/169/302 741/173/302 228/173/302
f 154/59/303 667/59/303 668/70/303 155/70/303
f 33/485/304 546/485/304 547/484/304 34/484/304
f 468/379/305 981/379/305 982/377/305 469/377/305
f 332/276/306 845/276/306 846/274/306 333/274/306
f 23/483/307 536/483/307 537/486/307 24/486/307
f 411/378/308 924/378/308 925/380/308 412/380/308
f 301/269/309 814/269/309 815/277/309 302/277/309
f 116/68/310 629/68/310 630/71/310 117/71/310
f 228/173/311 741/173/311 742/172/311 229/172/311
f 412/380/312 925/380/312 926/381/312 413/381/312
f 32/487/313 545/487/313 546/485/313 33/485/313
f 312/278/314 825/278/314 826/270/314 313/270/314
f 201/156/193 714/156/193 715/174/193 202/174/193
f 129/72/315 642/72/315 643/69/315 130/69/315
f 330/275/316 843/275/316 844/279/316 331/279/316
f 117/71/317 630/71/317 631/73/317 118/73/317
f 59/488/318 572/488/318 573/479/318 60/479/318
f 467/382/319 980/382/319 981/379/319 468/379/319
f 24/486/320 537/486/320 538/489/320 25/489/320
f 413/381/321 926/381/321 927/383/321 414/383/321
f 220/175/199 733/175/199 734/157/199 221/157/199
f 331/279/322 844/279/322 845/276/322 332/276/322
f 202/174/323 715/174/323 716/176/323 203/176/323
f 128/74/324 641/74/324 642/72/324 129/72/324
f 31/490/325 544/490/325 545/487/325 32/487/325
f 466/384/326 979/384/326 980/382/326 467/382/326
f 302/277/327 815/277/327 816/280/327 303/280/327
f 168/75/328 681/75/328 682/63/328 169/63/328
f 414/383/329 927/383/329 928/385/329 415/385/329
f 219/177/226 732/177/226 733/175/226 220/175/226
f 118/73/330 631/73/330 632/76/330 119/76/330
f 30/491/331 543/491/331 544/490/331 31/490/331
f 203/176/239 716/176/239 717/178/239 204/178/239
f 25/489/332 538/489/332 539/492/332 26/492/332
f 311/281/333 824/281/333 825/278/333 312/278/333
f 465/386/334 978/386/334 979/384/334 466/384/334
f 303/280/335 816/280/335 817/282/335 304/282/335
f 127/77/336 640/77/336 641/74/336 128/74/336
f 415/385/110 928/385/110 929/387/110 416/387/110
f 218/179/245 731/179/245 732/177/245 219/177/245
f 119/76/337 632/76/337 633/78/337 120/78/337
f 29/493/338 542/493/338 543/491/338 30/491/338
f 204/178/269 717/178/269 718/180/269 205/180/269
f 310/283/339 823/283/339 824/281/339 311/281/339
f 28/494/340 541/494/340 542/493/340 29/493/340
f 464/388/341 977/388/341 978/386/341 465/386/341
f 304/282/342 817/282/342 818/284/342 305/284/342
f 126/79/343 639/79/343 640/77/343 127/77/343
f 26/492/344 539/492/344 540/495/344 27/495/344
f 416/387/345 929/387/345 930/389/345 417/389/345
f 217/181/275 730/181/275 731/179/275 218/179/275
f 120/78/346 633/78/346 634/80/346 121/80/346
f 205/180/347 718/180/347 719/182/347 206/182/347
f 417/389/348 930/389/348 931/390/348 418/390/348
f 309/285/349 822/285/349 823/283/349 310/283/349
f 27/495/350 540/495/350 541/494/350 28/494/350
f 305/284/351 818/284/351 819/286/351 306/286/351
f 125/81/352 638/81/352 639/79/352 126/79/352
f 216/183/314 729/183/314 730/181/314 217/181/314
f 121/80/353 634/80/353 635/82/353 122/82/353
f 463/391/354 976/391/354 977/388/354 464/388/354
f 206/182/327 719/182/327 720/184/327 207/184/327
f 58/496/355 571/496/355 572/488/355 59/488/355
f 418/390/356 931/390/356 932/392/356 419/392/356
f 308/287/357 821/287/357 822/285/357 309/285/357
f 306/286/358 819/286/358 820/288/358 307/288/358
f 124/83/359 637/83/359 638/81/359 125/81/359
f 57/497/360 570/497/360 571/496/360 58/496/360
f 419/392/361 932/392/361 933/393/361 420/393/361
f 307/288/362 820/288/362 821/287/362 308/287/362
f 215/185/333 728/185/333 729/183/333 216/183/333
f 122/82/363 635/82/363 636/84/363 123/84/363
f 501/291/364 1014/291/364 1015/289/364 502/289/364
f 207/184/335 720/184/335 721/186/335 208/186/335
f 56/498/365 569/498/365 570/497/365 57/497/365
f 40/474/366 553/474/366 554/499/366 41/499/366
f 462/394/367 975/394/367 976/391/367 463/391/367
f 500/290/368 1013/290/368 1014/291/368 501/291/368
f 123/84/369 636/84/369 637/83/369 124/83/369
f 440/397/20 953/397/20 954/395/20 441/395/20
f 502/289/370 1015/289/370 1016/292/370 503/292/370
f 214/187/339 727/187/339 728/185/339 215/185/339
f 41/499/371 554/499/371 555/500/371 42/500/371
f 208/186/342 721/186/342 722/188/342 209/188/342
f 155/70/372 668/70/372 669/85/372 156/85/372
f 439/396/373 952/396/373 953/397/373 440/397/373
f 503/292/374 1016/292/374 1017/293/374 504/293/374
f 420/393/375 933/393/375 934/398/375 421/398/375
f 55/501/376 568/501/376 569/498/376 56/498/376
f 213/189/349 726/189/349 727/187/349 214/187/349
f 167/86/377 680/86/377 681/75/377 168/75/377
f 42/500/378 555/500/378 556/502/378 43/502/378
f 499/294/379 1012/294/379 1013/290/379 500/290/379
f 209/188/351 722/188/351 723/190/351 210/190/351
f 156/85/380 669/85/380 670/87/380 157/87/380
f 438/399/381 951/399/381 952/396/381 439/396/381
f 504/293/382 1017/293/382 1018/295/382 505/295/382
f 43/502/383 556/502/383 557/503/383 44/503/383
f 421/398/384 934/398/384 935/400/384 422/400/384
f 505/295/385 1018/295/385 1019/296/385 506/296/385
f 212/191/357 725/191/357 726/189/357 213/189/357
f 166/88/386 679/88/386 680/86/386 167/86/386
f 44/503/387 557/503/387 558/504/387 45/504/387
f 210/190/358 723/190/358 724/192/358 211/192/358
f 157/87/388 670/87/388 671/89/388 158/89/388
f 437/401/389 950/401/389 951/399/389 438/399/389
f 506/296/390 1019/296/390 1020/297/390 507/297/390
f 211/192/362 724/192/362 725/191/362 212/191/362
f 283/195/391 796/195/391 797/193/391 284/193/391
f 54/505/392 567/505/392 568/501/392 55/501/392
f 461/402/393 974/402/393 975/394/393 462/394/393
f 165/90/394 678/90/394 679/88/394 166/88/394
f 45/504/395 558/504/395 559/506/395 46/506/395
f 422/400/396 935/400/396 936/403/396 423/403/396
f 498/298/397 1011/298/397 1012/294/397 499/294/397
f 282/194/398 795/194/398 796/195/398 283/195/398
f 158/89/399 671/89/399 672/91/399 159/91/399
f 507/297/400 1020/297/400 1021/299/400 508/299/400
f 46/506/401 559/506/401 560/507/401 47/507/401
f 281/196/402 794/196/402 795/194/402 282/194/402
f 436/404/403 949/404/403 950/401/403 437/401/403
f 508/299/404 1021/299/404 1022/300/404 509/300/404
f 284/193/405 797/193/405 798/197/405 285/197/405
f 164/92/406 677/92/406 678/90/406 165/90/406
f 159/91/407 672/91/407 673/93/407 160/93/407
f 53/508/408 566/508/408 567/505/408 54/505/408
f 435/405/409 948/405/409 949/404/409 436/404/409
f 509/300/410 1022/300/410 1023/301/410 510/301/410
f 47/507/411 560/507/411 561/509/411 48/509/411
f 423/403/412 936/403/412 937/406/412 424/406/412
f 280/198/413 793/198/413 794/196/413 281/196/413
f 285/197/414 798/197/414 799/199/414 286/199/414
f 163/94/415 676/94/415 677/92/415 164/92/415
f 48/509/416 561/509/416 562/510/416 49/510/416
f 497/302/417 1010/302/417 1011/298/417 498/298/417
f 160/93/418 673/93/418 674/95/418 161/95/418
f 434/407/419 947/407/419 948/405/419 435/405/419
f 510/301/420 1023/301/420 1024/303/420 511/303/420
f 49/510/421 562/510/421 563/511/421 50/511/421
f 424/406/422 937/406/422 938/408/422 425/408/422
f 279/200/423 792/200/423 793/198/423 280/198/423
f 161/95/424 674/95/424 675/96/424 162/96/424
f 511/303/425 1024/303/425 1025/304/425 512/304/425
f 286/199/426 799/199/426 800/201/426 287/201/426
f 162/96/427 675/96/427 676/94/427 163/94/427
f 187/99/391 700/99/391 701/97/391 188/97/391
f 52/512/428 565/512/428 566/508/428 53/508/428
f 433/409/429 946/409/429 947/407/429 434/407/429
f 287/201/5 800/201/5 801/202/5 288/202/5
f 50/511/430 563/511/430 564/513/430 51/513/430
f 496/305/431 1009/305/431 1010/302/431 497/302/431
f 186/98/398 699/98/398 700/99/398 187/99/398
f 51/513/432 564/513/432 565/512/432 52/512/432
f 432/410/433 945/410/433 946/409/433 433/409/433
f 512/304/434 1025/304/434 1026/306/434 513/306/434
f 425/408/435 938/408/435 939/411/435 426/411/435
f 278/203/10 791/203/10 792/200/10 279/200/10
f 185/100/402 698/100/402 699/98/402 186/98/402
f 513/306/20 1026/306/20 880/307/20 367/307/20
f 288/202/13 801/202/13 802/204/13 289/204/13
f 188/97/405 701/97/405 702/101/405 189/101/405
f 367/307/436 880/307/436 881/308/436 368/308/436
f 460/412/437 973/412/437 974/402/437 461/402/437
f 368/308/438 881/308/438 882/309/438 369/309/438
f 184/102/413 697/102/413 698/100/413 185/100/413
f 431/413/439 944/413/439 945/410/439 432/410/439
f 189/101/414 702/101/414 703/103/414 190/103/414
f 426/411/440 939/411/440 940/414/440 427/414/440
f 369/309/441 882/309/441 883/310/441 370/310/441
f 277/206/442 790/206/442 791/203/442 278/203/442
f 370/310/443 883/310/443 884/311/443 371/311/443
f 354/207/444 867/207/444 868/205/444 355/205/444
f 183/104/423 696/104/423 697/102/423 184/102/423
f 430/415/445 943/415/445 944/413/445 431/413/445
f 355/205/446 868/205/446 869/208/446 356/208/446
f 190/103/426 703/103/426 704/105/426 191/105/426
