# Blender 4.0.2
# www.blender.org
mtllib Login.mtl
o Text
v 2.889001 0.109912 -0.019903
v 2.878594 0.109912 -0.009581
v 2.867642 0.109912 -0.000156
v 2.856144 0.109912 0.008371
v 2.844101 0.109912 0.016001
v 2.831513 0.109912 0.022733
v 2.818379 0.109912 0.028568
v 2.804700 0.109912 0.033505
v 2.790476 0.109912 0.037544
v 2.775706 0.109912 0.040686
v 2.760391 0.109912 0.042930
v 2.744531 0.109912 0.044276
v 2.728126 0.109912 0.044725
v 2.710793 0.109912 0.044199
v 2.694238 0.109912 0.042621
v 2.678460 0.109912 0.039991
v 2.663459 0.109912 0.036308
v 2.649234 0.109912 0.031574
v 2.635787 0.109912 0.025788
v 2.623116 0.109912 0.018950
v 2.611223 0.109912 0.011059
v 2.600107 0.109912 0.002117
v 2.589767 0.109912 -0.007877
v 2.580205 0.109912 -0.018924
v 2.571419 0.109912 -0.031022
v 2.570032 0.109912 -0.033216
v 2.568765 0.109912 -0.035395
v 2.567619 0.109912 -0.037559
v 2.566593 0.109912 -0.039709
v 2.565689 0.109912 -0.041844
v 2.564904 0.109912 -0.043965
v 2.564241 0.109912 -0.046072
v 2.563698 0.109912 -0.048164
v 2.563276 0.109912 -0.050241
v 2.562974 0.109912 -0.052304
v 2.562793 0.109912 -0.054353
v 2.562733 0.109912 -0.056387
v 2.562837 0.109912 -0.059476
v 2.563148 0.109912 -0.062487
v 2.563667 0.109912 -0.065421
v 2.564393 0.109912 -0.068278
v 2.565327 0.109912 -0.071058
v 2.566468 0.109912 -0.073760
v 2.567817 0.109912 -0.076386
v 2.569373 0.109912 -0.078934
v 2.571137 0.109912 -0.081404
v 2.573108 0.109912 -0.083798
v 2.575287 0.109912 -0.086115
v 2.577674 0.109912 -0.088354
v 2.580193 0.109912 -0.090463
v 2.582770 0.109912 -0.092388
v 2.585405 0.109912 -0.094130
v 2.588098 0.109912 -0.095689
v 2.590848 0.109912 -0.097064
v 2.593657 0.109912 -0.098256
v 2.596524 0.109912 -0.099265
v 2.599448 0.109912 -0.100090
v 2.602431 0.109912 -0.100732
v 2.605471 0.109912 -0.101191
v 2.608569 0.109912 -0.101466
v 2.611725 0.109912 -0.101557
v 2.614930 0.109912 -0.101456
v 2.618057 0.109912 -0.101152
v 2.621107 0.109912 -0.100645
v 2.624079 0.109912 -0.099936
v 2.626975 0.109912 -0.099024
v 2.629793 0.109912 -0.097909
v 2.632535 0.109912 -0.096592
v 2.635198 0.109912 -0.095071
v 2.637785 0.109912 -0.093349
v 2.640294 0.109912 -0.091423
v 2.642726 0.109912 -0.089295
v 2.645082 0.109912 -0.086964
v 2.648981 0.109912 -0.082901
v 2.652571 0.109912 -0.079165
v 2.655853 0.109912 -0.075758
v 2.658826 0.109912 -0.072679
v 2.661489 0.109912 -0.069929
v 2.663845 0.109912 -0.067506
v 2.665891 0.109912 -0.065412
v 2.667628 0.109912 -0.063645
v 2.669057 0.109912 -0.062207
v 2.670176 0.109912 -0.061097
v 2.670987 0.109912 -0.060315
v 2.671489 0.109912 -0.059862
v 2.675014 0.109912 -0.057531
v 2.678757 0.109912 -0.055403
v 2.682716 0.109912 -0.053477
v 2.686893 0.109912 -0.051754
v 2.691287 0.109912 -0.050234
v 2.695898 0.109912 -0.048917
v 2.700727 0.109912 -0.047802
v 2.705772 0.109912 -0.046890
v 2.711035 0.109912 -0.046180
v 2.716515 0.109912 -0.045674
v 2.722211 0.109912 -0.045370
v 2.728126 0.109912 -0.045268
v 2.736921 0.109912 -0.045541
v 2.745470 0.109912 -0.046359
v 2.753773 0.109912 -0.047722
v 2.761829 0.109912 -0.049631
v 2.769640 0.109912 -0.052085
v 2.777205 0.109912 -0.055084
v 2.784523 0.109912 -0.058629
v 2.791595 0.109912 -0.062719
v 2.798422 0.109912 -0.067354
v 2.805002 0.109912 -0.072535
v 2.811336 0.109912 -0.078260
v 2.817424 0.109912 -0.084532
v 2.822918 0.109912 -0.090955
v 2.827934 0.109912 -0.097600
v 2.832473 0.109912 -0.104467
v 2.836534 0.109912 -0.111557
v 2.840117 0.109912 -0.118868
v 2.843223 0.109912 -0.126401
v 2.845850 0.109912 -0.134156
v 2.848001 0.109912 -0.142133
v 2.849673 0.109912 -0.150333
v 2.850867 0.109912 -0.158754
v 2.851583 0.109912 -0.167397
v 2.851822 0.109912 -0.176262
v 2.851703 0.109912 -0.184710
v 2.851345 0.109912 -0.192796
v 2.850748 0.109912 -0.200519
v 2.849911 0.109912 -0.207881
v 2.848836 0.109912 -0.214881
v 2.847523 0.109912 -0.221519
v 2.845970 0.109912 -0.227795
v 2.844178 0.109912 -0.233709
v 2.842148 0.109912 -0.239262
v 2.839879 0.109912 -0.244452
v 2.837370 0.109912 -0.249280
v 2.834623 0.109912 -0.253746
v 2.831635 0.109912 -0.257853
v 2.828403 0.109912 -0.261603
v 2.824927 0.109912 -0.264996
v 2.821207 0.109912 -0.268031
v 2.817244 0.109912 -0.270709
v 2.813037 0.109912 -0.273031
v 2.808586 0.109912 -0.274995
v 2.803892 0.109912 -0.276602
v 2.798954 0.109912 -0.277852
v 2.793772 0.109912 -0.278744
v 2.788346 0.109912 -0.279280
v 2.782677 0.109912 -0.279459
v 2.772652 0.109912 -0.279184
v 2.762959 0.109912 -0.278358
v 2.753599 0.109912 -0.276983
v 2.744572 0.109912 -0.275057
v 2.735878 0.109912 -0.272582
v 2.727518 0.109912 -0.269556
v 2.719490 0.109912 -0.265980
v 2.711795 0.109912 -0.261854
v 2.704433 0.109912 -0.257178
v 2.697404 0.109912 -0.251951
v 2.690708 0.109912 -0.246175
v 2.684345 0.109912 -0.239848
v 2.681911 0.109912 -0.237071
v 2.679471 0.109912 -0.234298
v 2.677027 0.109912 -0.231530
v 2.674578 0.109912 -0.228768
v 2.672124 0.109912 -0.226010
v 2.669665 0.109912 -0.223256
v 2.667201 0.109912 -0.220508
v 2.664733 0.109912 -0.217765
v 2.662260 0.109912 -0.215026
v 2.659781 0.109912 -0.212292
v 2.657299 0.109912 -0.209563
v 2.654811 0.109912 -0.206839
v 2.651667 0.109912 -0.204008
v 2.648489 0.109912 -0.201424
v 2.645277 0.109912 -0.199086
v 2.642032 0.109912 -0.196994
v 2.638752 0.109912 -0.195148
v 2.635440 0.109912 -0.193548
v 2.632093 0.109912 -0.192195
v 2.628712 0.109912 -0.191087
v 2.625298 0.109912 -0.190226
v 2.621850 0.109912 -0.189610
v 2.618368 0.109912 -0.189241
v 2.614852 0.109912 -0.189118
v 2.611594 0.109912 -0.189212
v 2.608419 0.109912 -0.189495
v 2.605330 0.109912 -0.189965
v 2.602324 0.109912 -0.190624
v 2.599404 0.109912 -0.191471
v 2.596567 0.109912 -0.192506
v 2.593815 0.109912 -0.193729
v 2.591148 0.109912 -0.195141
v 2.588565 0.109912 -0.196741
v 2.586066 0.109912 -0.198529
v 2.583652 0.109912 -0.200505
v 2.581322 0.109912 -0.202669
v 2.579130 0.109912 -0.204962
v 2.577128 0.109912 -0.207321
v 2.575318 0.109912 -0.209749
v 2.573697 0.109912 -0.212244
v 2.572268 0.109912 -0.214806
v 2.571029 0.109912 -0.217436
v 2.569980 0.109912 -0.220134
v 2.569122 0.109912 -0.222899
v 2.568455 0.109912 -0.225732
v 2.567978 0.109912 -0.228633
v 2.567693 0.109912 -0.231600
v 2.567597 0.109912 -0.234636
v 2.567638 0.109912 -0.236277
v 2.567761 0.109912 -0.238535
v 2.567966 0.109912 -0.241411
v 2.568254 0.109912 -0.244905
v 2.568623 0.109912 -0.249017
v 2.569074 0.109912 -0.253746
v 2.569607 0.109912 -0.259093
v 2.570222 0.109912 -0.265058
v 2.570920 0.109912 -0.271641
v 2.571699 0.109912 -0.278841
v 2.572561 0.109912 -0.286659
v 2.573504 0.109912 -0.295095
v 2.575336 0.109912 -0.311589
v 2.577008 0.109912 -0.327138
v 2.578521 0.109912 -0.341742
v 2.579874 0.109912 -0.355399
v 2.581069 0.109912 -0.368110
v 2.582104 0.109912 -0.379876
v 2.582980 0.109912 -0.390695
v 2.583696 0.109912 -0.400569
v 2.584254 0.109912 -0.409497
v 2.584652 0.109912 -0.417479
v 2.584891 0.109912 -0.424515
v 2.584970 0.109912 -0.430605
v 2.584928 0.109912 -0.432039
v 2.584802 0.109912 -0.433559
v 2.584590 0.109912 -0.435166
v 2.584295 0.109912 -0.436860
v 2.583915 0.109912 -0.438640
v 2.583450 0.109912 -0.440508
v 2.582901 0.109912 -0.442463
v 2.582268 0.109912 -0.444504
v 2.581550 0.109912 -0.446632
v 2.580748 0.109912 -0.448847
v 2.579861 0.109912 -0.451149
v 2.578890 0.109912 -0.453538
v 2.577919 0.109912 -0.455927
v 2.577032 0.109912 -0.458229
v 2.576230 0.109912 -0.460444
v 2.575512 0.109912 -0.462572
v 2.574878 0.109912 -0.464613
v 2.574329 0.109912 -0.466568
v 2.573865 0.109912 -0.468435
v 2.573485 0.109912 -0.470216
v 2.573189 0.109912 -0.471910
v 2.572978 0.109912 -0.473517
v 2.572852 0.109912 -0.475037
v 2.572809 0.109912 -0.476471
v 2.572932 0.109912 -0.479308
v 2.573302 0.109912 -0.482030
v 2.573917 0.109912 -0.484636
v 2.574778 0.109912 -0.487126
v 2.575886 0.109912 -0.489500
v 2.577240 0.109912 -0.491759
v 2.578839 0.109912 -0.493902
v 2.580685 0.109912 -0.495928
v 2.582777 0.109912 -0.497840
v 2.585115 0.109912 -0.499635
v 2.587699 0.109912 -0.501314
v 2.590530 0.109912 -0.502878
v 2.592880 0.109912 -0.503988
v 2.595298 0.109912 -0.505001
v 2.597783 0.109912 -0.505918
v 2.600336 0.109912 -0.506738
v 2.602957 0.109912 -0.507462
v 2.605645 0.109912 -0.508090
v 2.608400 0.109912 -0.508621
v 2.611223 0.109912 -0.509055
v 2.614114 0.109912 -0.509393
v 2.617072 0.109912 -0.509634
v 2.620098 0.109912 -0.509779
v 2.623191 0.109912 -0.509827
v 2.624399 0.109912 -0.509819
v 2.625706 0.109912 -0.509793
v 2.627111 0.109912 -0.509751
v 2.628616 0.109912 -0.509692
v 2.630219 0.109912 -0.509616
v 2.631922 0.109912 -0.509523
v 2.633723 0.109912 -0.509413
v 2.635623 0.109912 -0.509287
v 2.637622 0.109912 -0.509143
v 2.639720 0.109912 -0.508982
v 2.641917 0.109912 -0.508805
v 2.644213 0.109912 -0.508611
v 2.646509 0.109912 -0.508417
v 2.648706 0.109912 -0.508239
v 2.650804 0.109912 -0.508079
v 2.652803 0.109912 -0.507935
v 2.654704 0.109912 -0.507809
v 2.656505 0.109912 -0.507699
v 2.658207 0.109912 -0.507606
v 2.659811 0.109912 -0.507530
v 2.661315 0.109912 -0.507471
v 2.662720 0.109912 -0.507429
v 2.664027 0.109912 -0.507403
v 2.665235 0.109912 -0.507395
v 2.832365 0.109912 -0.507047
v 2.833506 0.109912 -0.507062
v 2.834845 0.109912 -0.507105
v 2.836382 0.109912 -0.507178
v 2.838117 0.109912 -0.507279
v 2.840050 0.109912 -0.507409
v 2.842180 0.109912 -0.507569
v 2.844509 0.109912 -0.507757
v 2.847035 0.109912 -0.507974
v 2.849760 0.109912 -0.508220
v 2.852682 0.109912 -0.508495
v 2.855802 0.109912 -0.508799
v 2.859119 0.109912 -0.509132
v 2.862440 0.109912 -0.509465
v 2.865567 0.109912 -0.509769
v 2.868501 0.109912 -0.510044
v 2.871242 0.109912 -0.510290
v 2.873790 0.109912 -0.510507
v 2.876145 0.109912 -0.510696
v 2.878307 0.109912 -0.510855
v 2.880276 0.109912 -0.510985
v 2.882052 0.109912 -0.511087
v 2.883635 0.109912 -0.511159
v 2.885025 0.109912 -0.511202
v 2.886221 0.109912 -0.511217
v 2.889303 0.109912 -0.511134
v 2.892292 0.109912 -0.510884
v 2.895190 0.109912 -0.510468
v 2.897997 0.109912 -0.509885
v 2.900711 0.109912 -0.509136
v 2.903334 0.109912 -0.508220
v 2.905865 0.109912 -0.507138
v 2.908305 0.109912 -0.505889
v 2.910653 0.109912 -0.504474
v 2.912909 0.109912 -0.502892
v 2.915073 0.109912 -0.501144
v 2.917146 0.109912 -0.499229
v 2.919088 0.109912 -0.497184
v 2.920861 0.109912 -0.495045
v 2.922466 0.109912 -0.492812
v 2.923902 0.109912 -0.490485
v 2.925169 0.109912 -0.488064
v 2.926267 0.109912 -0.485548
v 2.927196 0.109912 -0.482938
v 2.927956 0.109912 -0.480235
v 2.928547 0.109912 -0.477437
v 2.928969 0.109912 -0.474545
v 2.929222 0.109912 -0.471559
v 2.929307 0.109912 -0.468479
v 2.928576 0.109912 -0.460210
v 2.926383 0.109912 -0.452660
v 2.922727 0.109912 -0.445829
v 2.917609 0.109912 -0.439717
v 2.911029 0.109912 -0.434324
v 2.902987 0.109912 -0.429650
v 2.893482 0.109912 -0.425695
v 2.882515 0.109912 -0.422459
v 2.870086 0.109912 -0.419943
v 2.856195 0.109912 -0.418145
v 2.840841 0.109912 -0.417066
v 2.824025 0.109912 -0.416707
v 2.822605 0.109912 -0.416709
v 2.821125 0.109912 -0.416716
v 2.819584 0.109912 -0.416729
v 2.817983 0.109912 -0.416745
v 2.816322 0.109912 -0.416767
v 2.814600 0.109912 -0.416794
v 2.812819 0.109912 -0.416825
v 2.810976 0.109912 -0.416861
v 2.809074 0.109912 -0.416902
v 2.807111 0.109912 -0.416948
v 2.805088 0.109912 -0.416999
v 2.803004 0.109912 -0.417054
v 2.800949 0.109912 -0.417110
v 2.799013 0.109912 -0.417160
v 2.797195 0.109912 -0.417206
v 2.795495 0.109912 -0.417247
v 2.793913 0.109912 -0.417283
v 2.792450 0.109912 -0.417315
v 2.791104 0.109912 -0.417341
v 2.789877 0.109912 -0.417363
v 2.788769 0.109912 -0.417380
v 2.787778 0.109912 -0.417392
v 2.786906 0.109912 -0.417399
v 2.786152 0.109912 -0.417402
v 2.682608 0.109912 -0.417402
v 2.682388 0.109912 -0.413676
v 2.682077 0.109912 -0.409564
v 2.681674 0.109912 -0.405067
v 2.681180 0.109912 -0.400183
v 2.680593 0.109912 -0.394913
v 2.679915 0.109912 -0.389257
v 2.679145 0.109912 -0.383215
v 2.678284 0.109912 -0.376787
v 2.677331 0.109912 -0.369973
v 2.676286 0.109912 -0.362773
v 2.675149 0.109912 -0.355186
v 2.673921 0.109912 -0.347214
v 2.681631 0.109912 -0.350766
v 2.689586 0.109912 -0.354009
v 2.697788 0.109912 -0.356943
v 2.706235 0.109912 -0.359568
v 2.714929 0.109912 -0.361885
v 2.723869 0.109912 -0.363892
v 2.733055 0.109912 -0.365591
v 2.742487 0.109912 -0.366981
v 2.752166 0.109912 -0.368062
v 2.762090 0.109912 -0.368834
v 2.772261 0.109912 -0.369297
v 2.782677 0.109912 -0.369452
v 2.796467 0.109912 -0.369015
v 2.809693 0.109912 -0.367705
v 2.822353 0.109912 -0.365521
v 2.834449 0.109912 -0.362464
v 2.845981 0.109912 -0.358533
v 2.856948 0.109912 -0.353729
v 2.867350 0.109912 -0.348051
v 2.877187 0.109912 -0.341500
v 2.886460 0.109912 -0.334076
v 2.895169 0.109912 -0.325778
v 2.903312 0.109912 -0.316606
v 2.910891 0.109912 -0.306561
v 2.916718 0.109912 -0.297746
v 2.922039 0.109912 -0.288560
v 2.926853 0.109912 -0.279003
v 2.931160 0.109912 -0.269073
v 2.934960 0.109912 -0.258773
v 2.938254 0.109912 -0.248100
v 2.941041 0.109912 -0.237056
v 2.943321 0.109912 -0.225640
v 2.945095 0.109912 -0.213853
v 2.946362 0.109912 -0.201694
v 2.947122 0.109912 -0.189164
v 2.947375 0.109912 -0.176262
v 2.946970 0.109912 -0.160737
v 2.945753 0.109912 -0.145666
v 2.943727 0.109912 -0.131048
v 2.940889 0.109912 -0.116884
v 2.937240 0.109912 -0.103174
v 2.932781 0.109912 -0.089917
v 2.927511 0.109912 -0.077114
v 2.921431 0.109912 -0.064765
v 2.914539 0.109912 -0.052869
v 2.906837 0.109912 -0.041427
v 2.898324 0.109912 -0.030438
v 2.461447 0.109912 -0.301175
v 2.458883 0.109912 -0.296766
v 2.456115 0.109912 -0.292513
v 2.453141 0.109912 -0.288417
v 2.449962 0.109912 -0.284478
v 2.446578 0.109912 -0.280695
v 2.442988 0.109912 -0.277070
v 2.439194 0.109912 -0.273601
v 2.435194 0.109912 -0.270290
v 2.430990 0.109912 -0.267135
v 2.426580 0.109912 -0.264137
v 2.421966 0.109912 -0.261295
v 2.417145 0.109912 -0.258611
v 2.428578 0.109912 -0.251618
v 2.439016 0.109912 -0.243960
v 2.448461 0.109912 -0.235635
v 2.456911 0.109912 -0.226644
v 2.464367 0.109912 -0.216988
v 2.470829 0.109912 -0.206665
v 2.476296 0.109912 -0.195677
v 2.480770 0.109912 -0.184022
v 2.484250 0.109912 -0.171702
v 2.486735 0.109912 -0.158715
v 2.488226 0.109912 -0.145063
v 2.488723 0.109912 -0.130744
v 2.488359 0.109912 -0.119080
v 2.487266 0.109912 -0.107715
v 2.485444 0.109912 -0.096649
v 2.482893 0.109912 -0.085883
v 2.479614 0.109912 -0.075416
v 2.475606 0.109912 -0.065247
v 2.470870 0.109912 -0.055378
v 2.465405 0.109912 -0.045809
v 2.459210 0.109912 -0.036538
v 2.452288 0.109912 -0.027567
v 2.444636 0.109912 -0.018895
v 2.436256 0.109912 -0.010522
v 2.427355 0.109912 -0.002641
v 2.418140 0.109912 0.004554
v 2.408611 0.109912 0.011064
v 2.398768 0.109912 0.016889
v 2.388613 0.109912 0.022029
v 2.378143 0.109912 0.026483
v 2.367359 0.109912 0.030252
v 2.356262 0.109912 0.033336
v 2.344851 0.109912 0.035734
v 2.333127 0.109912 0.037447
v 2.321089 0.109912 0.038475
v 2.308737 0.109912 0.038818
v 2.299490 0.109912 0.038661
v 2.290399 0.109912 0.038191
v 2.281461 0.109912 0.037406
v 2.272678 0.109912 0.036308
v 2.264049 0.109912 0.034897
v 2.255575 0.109912 0.033172
v 2.247255 0.109912 0.031133
v 2.239090 0.109912 0.028780
v 2.231079 0.109912 0.026114
v 2.223222 0.109912 0.023134
v 2.215520 0.109912 0.019840
v 2.207973 0.109912 0.016233
v 2.199578 0.109912 0.011677
v 2.191651 0.109912 0.006813
v 2.184193 0.109912 0.001639
v 2.177203 0.109912 -0.003843
v 2.170681 0.109912 -0.009634
v 2.164626 0.109912 -0.015734
v 2.159040 0.109912 -0.022143
v 2.153923 0.109912 -0.028860
v 2.149273 0.109912 -0.035887
v 2.145091 0.109912 -0.043222
v 2.141378 0.109912 -0.050866
v 2.138132 0.109912 -0.058819
v 2.137688 0.109912 -0.060043
v 2.137283 0.109912 -0.061281
v 2.136916 0.109912 -0.062533
v 2.136588 0.109912 -0.063800
v 2.136298 0.109912 -0.065081
v 2.136048 0.109912 -0.066377
v 2.135835 0.109912 -0.067687
v 2.135662 0.109912 -0.069012
v 2.135526 0.109912 -0.070351
v 2.135430 0.109912 -0.071704
v 2.135372 0.109912 -0.073073
v 2.135353 0.109912 -0.074455
v 2.135461 0.109912 -0.077652
v 2.135787 0.109912 -0.080758
v 2.136330 0.109912 -0.083772
v 2.137090 0.109912 -0.086694
v 2.138067 0.109912 -0.089524
v 2.139262 0.109912 -0.092263
v 2.140673 0.109912 -0.094910
v 2.142302 0.109912 -0.097465
v 2.144148 0.109912 -0.099929
v 2.146211 0.109912 -0.102301
v 2.148491 0.109912 -0.104581
v 2.150989 0.109912 -0.106769
v 2.153450 0.109912 -0.108656
v 2.155969 0.109912 -0.110379
v 2.158546 0.109912 -0.111938
v 2.161181 0.109912 -0.113333
v 2.163874 0.109912 -0.114563
v 2.166624 0.109912 -0.115630
v 2.169433 0.109912 -0.116532
v 2.172300 0.109912 -0.117270
v 2.175224 0.109912 -0.117845
v 2.178206 0.109912 -0.118255
v 2.181247 0.109912 -0.118501
v 2.184345 0.109912 -0.118583
v 2.187933 0.109912 -0.118462
v 2.191400 0.109912 -0.118101
v 2.194747 0.109912 -0.117497
v 2.197973 0.109912 -0.116653
v 2.201079 0.109912 -0.115567
v 2.204063 0.109912 -0.114240
v 2.206928 0.109912 -0.112671
v 2.209671 0.109912 -0.110862
v 2.212294 0.109912 -0.108811
v 2.214796 0.109912 -0.106518
v 2.217178 0.109912 -0.103985
v 2.219439 0.109912 -0.101210
v 2.223015 0.109912 -0.096418
v 2.226330 0.109912 -0.092002
v 2.229385 0.109912 -0.087963
v 2.232179 0.109912 -0.084300
v 2.234713 0.109912 -0.081014
v 2.236986 0.109912 -0.078104
v 2.238998 0.109912 -0.075570
v 2.240750 0.109912 -0.073413
v 2.242241 0.109912 -0.071632
v 2.243472 0.109912 -0.070228
v 2.244442 0.109912 -0.069200
v 2.245151 0.109912 -0.068548
v 2.248884 0.109912 -0.065773
v 2.252902 0.109912 -0.063240
v 2.257204 0.109912 -0.060948
v 2.261791 0.109912 -0.058897
v 2.266662 0.109912 -0.057087
v 2.271819 0.109912 -0.055518
v 2.277260 0.109912 -0.054191
v 2.282986 0.109912 -0.053106
v 2.288997 0.109912 -0.052261
v 2.295292 0.109912 -0.051658
v 2.301872 0.109912 -0.051296
v 2.308737 0.109912 -0.051175
v 2.314182 0.109912 -0.051313
v 2.319513 0.109912 -0.051725
v 2.324731 0.109912 -0.052413
v 2.329836 0.109912 -0.053376
v 2.334827 0.109912 -0.054614
v 2.339705 0.109912 -0.056127
v 2.344469 0.109912 -0.057915
v 2.349120 0.109912 -0.059978
v 2.353657 0.109912 -0.062316
v 2.358082 0.109912 -0.064929
v 2.362392 0.109912 -0.067817
v 2.366590 0.109912 -0.070981
v 2.370558 0.109912 -0.074337
v 2.374181 0.109912 -0.077804
v 2.377459 0.109912 -0.081383
v 2.380392 0.109912 -0.085072
v 2.382979 0.109912 -0.088873
v 2.385222 0.109912 -0.092784
v 2.387120 0.109912 -0.096806
v 2.388673 0.109912 -0.100940
v 2.389881 0.109912 -0.105184
v 2.390743 0.109912 -0.109539
v 2.391261 0.109912 -0.114006
v 2.391433 0.109912 -0.118583
v 2.390625 0.109912 -0.132482
v 2.388200 0.109912 -0.145338
v 2.384158 0.109912 -0.157152
v 2.378500 0.109912 -0.167923
v 2.371225 0.109912 -0.177652
v 2.362333 0.109912 -0.186338
v 2.351825 0.109912 -0.193983
v 2.339700 0.109912 -0.200584
v 2.325958 0.109912 -0.206144
v 2.310600 0.109912 -0.210661
v 2.293625 0.109912 -0.214136
v 2.275033 0.109912 -0.216568
v 2.266875 0.109912 -0.217608
v 2.259426 0.109912 -0.219106
v 2.252687 0.109912 -0.221063
v 2.246657 0.109912 -0.223478
v 2.241336 0.109912 -0.226352
v 2.236725 0.109912 -0.229685
v 2.232823 0.109912 -0.233475
v 2.229631 0.109912 -0.237724
v 2.227148 0.109912 -0.242432
v 2.225375 0.109912 -0.247598
v 2.224310 0.109912 -0.253223
v 2.223956 0.109912 -0.259306
v 2.224231 0.109912 -0.264004
v 2.225056 0.109912 -0.268485
v 2.226431 0.109912 -0.272748
v 2.228357 0.109912 -0.276795
v 2.230833 0.109912 -0.280624
v 2.233859 0.109912 -0.284236
v 2.237434 0.109912 -0.287631
v 2.241561 0.109912 -0.290809
v 2.246237 0.109912 -0.293770
v 2.251463 0.109912 -0.296513
v 2.257240 0.109912 -0.299040
v 2.263566 0.109912 -0.301349
v 2.269819 0.109912 -0.302741
v 2.276066 0.109912 -0.304138
v 2.282308 0.109912 -0.305540
v 2.288545 0.109912 -0.306947
v 2.294778 0.109912 -0.308358
v 2.301006 0.109912 -0.309775
v 2.307229 0.109912 -0.311196
v 2.313447 0.109912 -0.312622
v 2.319660 0.109912 -0.314053
v 2.325869 0.109912 -0.315489
v 2.332072 0.109912 -0.316929
v 2.338271 0.109912 -0.318375
v 2.342127 0.109912 -0.319622
v 2.345819 0.109912 -0.320932
v 2.349347 0.109912 -0.322305
v 2.352710 0.109912 -0.323741
v 2.355910 0.109912 -0.325239
v 2.358945 0.109912 -0.326801
v 2.361817 0.109912 -0.328425
v 2.364524 0.109912 -0.330111
v 2.367067 0.109912 -0.331861
v 2.369446 0.109912 -0.333673
v 2.371661 0.109912 -0.335548
v 2.373713 0.109912 -0.337485
v 2.375602 0.109912 -0.339485
v 2.377332 0.109912 -0.341549
v 2.378903 0.109912 -0.343674
v 2.380314 0.109912 -0.345863
v 2.381567 0.109912 -0.348114
v 2.382660 0.109912 -0.350428
v 2.383594 0.109912 -0.352805
v 2.384368 0.109912 -0.355244
v 2.384983 0.109912 -0.357747
v 2.385439 0.109912 -0.360312
v 2.385736 0.109912 -0.362939
v 2.385874 0.109912 -0.365630
v 2.385524 0.109912 -0.373899
v 2.384011 0.109912 -0.381449
v 2.381335 0.109912 -0.388280
v 2.377496 0.109912 -0.394392
v 2.372494 0.109912 -0.399785
v 2.366329 0.109912 -0.404459
v 2.359001 0.109912 -0.408414
v 2.350510 0.109912 -0.411649
v 2.340856 0.109912 -0.414166
v 2.330038 0.109912 -0.415964
v 2.318058 0.109912 -0.417042
v 2.304915 0.109912 -0.417402
v 2.300362 0.109912 -0.417258
v 2.295736 0.109912 -0.416827
v 2.291038 0.109912 -0.416110
v 2.286268 0.109912 -0.415105
v 2.281425 0.109912 -0.413812
v 2.276510 0.109912 -0.412233
v 2.271522 0.109912 -0.410367
v 2.266462 0.109912 -0.408213
v 2.261330 0.109912 -0.405773
v 2.256125 0.109912 -0.403045
v 2.250848 0.109912 -0.400030
v 2.245499 0.109912 -0.396728
v 2.240255 0.109912 -0.393426
v 2.235297 0.109912 -0.390411
v 2.230623 0.109912 -0.387683
v 2.226234 0.109912 -0.385242
v 2.222129 0.109912 -0.383088
v 2.218309 0.109912 -0.381222
v 2.214775 0.109912 -0.379643
v 2.211524 0.109912 -0.378351
v 2.208559 0.109912 -0.377346
v 2.205878 0.109912 -0.376628
v 2.203482 0.109912 -0.376197
v 2.201371 0.109912 -0.376054
v 2.198111 0.109912 -0.376153
v 2.194933 0.109912 -0.376449
v 2.191837 0.109912 -0.376944
v 2.188823 0.109912 -0.377636
v 2.185892 0.109912 -0.378527
v 2.183042 0.109912 -0.379615
v 2.180274 0.109912 -0.380901
v 2.177589 0.109912 -0.382385
v 2.174985 0.109912 -0.384067
v 2.172464 0.109912 -0.385947
v 2.170024 0.109912 -0.388024
v 2.167667 0.109912 -0.390300
v 2.165447 0.109912 -0.392700
v 2.163420 0.109912 -0.395154
v 2.161586 0.109912 -0.397661
v 2.159945 0.109912 -0.400222
v 2.158498 0.109912 -0.402835
v 2.157243 0.109912 -0.405501
v 2.156181 0.109912 -0.408220
v 2.155313 0.109912 -0.410993
v 2.154637 0.109912 -0.413819
v 2.154154 0.109912 -0.416697
v 2.153865 0.109912 -0.419629
v 2.153768 0.109912 -0.422614
v 2.154174 0.109912 -0.427534
v 2.155390 0.109912 -0.432449
v 2.157417 0.109912 -0.437359
v 2.160254 0.109912 -0.442265
v 2.163903 0.109912 -0.447165
v 2.168362 0.109912 -0.452061
v 2.173631 0.109912 -0.456952
v 2.179712 0.109912 -0.461838
v 2.186604 0.109912 -0.466720
v 2.194306 0.109912 -0.471596
v 2.202818 0.109912 -0.476468
v 2.212142 0.109912 -0.481335
v 2.220694 0.109912 -0.485497
v 2.228975 0.109912 -0.489298
v 2.236986 0.109912 -0.492736
v 2.244726 0.109912 -0.495813
v 2.252197 0.109912 -0.498527
v 2.259397 0.109912 -0.500880
v 2.266327 0.109912 -0.502871
v 2.272987 0.109912 -0.504499
v 2.279377 0.109912 -0.505766
v 2.285496 0.109912 -0.506671
v 2.291345 0.109912 -0.507214
v 2.296923 0.109912 -0.507395
v 2.309854 0.109912 -0.507158
v 2.322356 0.109912 -0.506449
v 2.334427 0.109912 -0.505267
v 2.346070 0.109912 -0.503611
v 2.357283 0.109912 -0.501483
v 2.368066 0.109912 -0.498882
v 2.378420 0.109912 -0.495808
v 2.388345 0.109912 -0.492261
v 2.397840 0.109912 -0.488241
v 2.406905 0.109912 -0.483748
v 2.415541 0.109912 -0.478782
v 2.423747 0.109912 -0.473343
v 2.432127 0.109912 -0.466867
v 2.439779 0.109912 -0.459947
v 2.446702 0.109912 -0.452582
v 2.452896 0.109912 -0.444774
v 2.458361 0.109912 -0.436522
v 2.463098 0.109912 -0.427826
v 2.467105 0.109912 -0.418685
v 2.470385 0.109912 -0.409101
v 2.472935 0.109912 -0.399073
v 2.474757 0.109912 -0.388601
v 2.475850 0.109912 -0.377685
v 2.476214 0.109912 -0.366325
v 2.476112 0.109912 -0.360033
v 2.475804 0.109912 -0.353898
v 2.475291 0.109912 -0.347920
v 2.474574 0.109912 -0.342099
v 2.473650 0.109912 -0.336434
v 2.472522 0.109912 -0.330927
v 2.471189 0.109912 -0.325576
v 2.469651 0.109912 -0.320382
v 2.467908 0.109912 -0.315345
v 2.465959 0.109912 -0.310465
v 2.463806 0.109912 -0.305742
v 2.034936 0.109912 -0.041099
v 2.025766 0.109912 -0.028723
v 2.015864 0.109912 -0.017423
v 2.005228 0.109912 -0.007199
v 1.993858 0.109912 0.001948
v 1.981754 0.109912 0.010019
v 1.968918 0.109912 0.017015
v 1.955347 0.109912 0.022934
v 1.941043 0.109912 0.027776
v 1.926006 0.109912 0.031543
v 1.910235 0.109912 0.034233
v 1.893730 0.109912 0.035848
v 1.876492 0.109912 0.036386
v 1.857763 0.109912 0.035696
v 1.839912 0.109912 0.033625
v 1.822939 0.109912 0.030175
v 1.806845 0.109912 0.025344
v 1.791629 0.109912 0.019133
v 1.777291 0.109912 0.011542
v 1.763832 0.109912 0.002571
v 1.751251 0.109912 -0.007781
v 1.739548 0.109912 -0.019513
v 1.728724 0.109912 -0.032624
v 1.718778 0.109912 -0.047117
v 1.709710 0.109912 -0.062989
v 1.703605 0.109912 -0.075563
v 1.698031 0.109912 -0.088730
v 1.692988 0.109912 -0.102491
v 1.688476 0.109912 -0.116846
v 1.684494 0.109912 -0.131794
v 1.681044 0.109912 -0.147336
v 1.678124 0.109912 -0.163471
v 1.675736 0.109912 -0.180200
v 1.673878 0.109912 -0.197522
v 1.672550 0.109912 -0.215439
v 1.671754 0.109912 -0.233948
v 1.671489 0.109912 -0.253051
v 1.671839 0.109912 -0.269445
v 1.672888 0.109912 -0.285501
v 1.674638 0.109912 -0.301219
v 1.677087 0.109912 -0.316599
v 1.680236 0.109912 -0.331641
v 1.684084 0.109912 -0.346345
v 1.688633 0.109912 -0.360712
v 1.693881 0.109912 -0.374741
v 1.699829 0.109912 -0.388432
v 1.706476 0.109912 -0.401785
v 1.713824 0.109912 -0.414801
v 1.721871 0.109912 -0.427478
v 1.732256 0.109912 -0.441852
v 1.743259 0.109912 -0.454976
v 1.754880 0.109912 -0.466850
v 1.767118 0.109912 -0.477474
v 1.779975 0.109912 -0.486849
v 1.793449 0.109912 -0.494973
v 1.807540 0.109912 -0.501847
v 1.822249 0.109912 -0.507472
v 1.837576 0.109912 -0.511847
v 1.853521 0.109912 -0.514971
v 1.870084 0.109912 -0.516846
v 1.887264 0.109912 -0.517471
v 1.903517 0.109912 -0.516914
v 1.919153 0.109912 -0.515242
v 1.934171 0.109912 -0.512455
v 1.948572 0.109912 -0.508553
v 1.962354 0.109912 -0.503536
v 1.975519 0.109912 -0.497405
v 1.988067 0.109912 -0.490159
v 1.999996 0.109912 -0.481798
v 2.011308 0.109912 -0.472323
v 2.022002 0.109912 -0.461732
v 2.032079 0.109912 -0.450027
v 2.041538 0.109912 -0.437207
v 2.048919 0.109912 -0.425719
v 2.055658 0.109912 -0.413840
v 2.061755 0.109912 -0.401570
v 2.067211 0.109912 -0.388910
v 2.072025 0.109912 -0.375858
v 2.076197 0.109912 -0.362416
v 2.079727 0.109912 -0.348582
v 2.082615 0.109912 -0.334358
v 2.084862 0.109912 -0.319743
v 2.086466 0.109912 -0.304737
v 2.087429 0.109912 -0.289340
v 2.087750 0.109912 -0.273552
v 2.087383 0.109912 -0.248262
v 2.086283 0.109912 -0.224048
v 2.084449 0.109912 -0.200910
v 2.081882 0.109912 -0.178849
v 2.078581 0.109912 -0.157863
v 2.074546 0.109912 -0.137954
v 2.069778 0.109912 -0.119121
v 2.064277 0.109912 -0.101364
v 2.058042 0.109912 -0.084684
v 2.051073 0.109912 -0.069079
v 2.043371 0.109912 -0.054551
v 1.964574 0.109912 -0.385783
v 1.960080 0.109912 -0.392387
v 1.955227 0.109912 -0.398417
v 1.950014 0.109912 -0.403872
v 1.944441 0.109912 -0.408754
v 1.938509 0.109912 -0.413061
v 1.932217 0.109912 -0.416794
v 1.925566 0.109912 -0.419952
v 1.918555 0.109912 -0.422536
v 1.911184 0.109912 -0.424546
v 1.903455 0.109912 -0.425982
v 1.895365 0.109912 -0.426844
v 1.886916 0.109912 -0.427131
v 1.877689 0.109912 -0.426742
v 1.868771 0.109912 -0.425577
v 1.860162 0.109912 -0.423634
v 1.851861 0.109912 -0.420915
v 1.843869 0.109912 -0.417419
v 1.836187 0.109912 -0.413145
v 1.828813 0.109912 -0.408095
v 1.821748 0.109912 -0.402268
v 1.814991 0.109912 -0.395664
v 1.808544 0.109912 -0.388282
v 1.802405 0.109912 -0.380124
v 1.796576 0.109912 -0.371189
v 1.791803 0.109912 -0.362973
v 1.787445 0.109912 -0.354540
v 1.783502 0.109912 -0.345889
v 1.779975 0.109912 -0.337022
v 1.776862 0.109912 -0.327937
v 1.774164 0.109912 -0.318635
v 1.771882 0.109912 -0.309116
v 1.770014 0.109912 -0.299380
v 1.768561 0.109912 -0.289427
v 1.767524 0.109912 -0.279256
v 1.766901 0.109912 -0.268868
v 1.766694 0.109912 -0.258263
v 1.766805 0.109912 -0.244403
v 1.767138 0.109912 -0.231084
v 1.767693 0.109912 -0.218305
v 1.768470 0.109912 -0.206067
v 1.769469 0.109912 -0.194369
v 1.770690 0.109912 -0.183211
v 1.772133 0.109912 -0.172594
v 1.773798 0.109912 -0.162518
v 1.775684 0.109912 -0.152982
v 1.777793 0.109912 -0.143987
v 1.780124 0.109912 -0.135532
v 1.782677 0.109912 -0.127617
v 1.787257 0.109912 -0.115796
v 1.792425 0.109912 -0.105003
v 1.798183 0.109912 -0.095238
v 1.804529 0.109912 -0.086501
v 1.811464 0.109912 -0.078791
v 1.818987 0.109912 -0.072110
v 1.827099 0.109912 -0.066456
v 1.835800 0.109912 -0.061831
v 1.845090 0.109912 -0.058233
v 1.854969 0.109912 -0.055663
v 1.865436 0.109912 -0.054121
v 1.876492 0.109912 -0.053607
v 1.885792 0.109912 -0.053968
v 1.894696 0.109912 -0.055050
v 1.903203 0.109912 -0.056854
v 1.911316 0.109912 -0.059379
v 1.919032 0.109912 -0.062626
v 1.926353 0.109912 -0.066594
v 1.933278 0.109912 -0.071283
v 1.939808 0.109912 -0.076694
v 1.945941 0.109912 -0.082827
v 1.951679 0.109912 -0.089681
v 1.957022 0.109912 -0.097256
v 1.961968 0.109912 -0.105553
v 1.966519 0.109912 -0.114572
v 1.970674 0.109912 -0.124311
v 1.974434 0.109912 -0.134773
v 1.977797 0.109912 -0.145955
v 1.980765 0.109912 -0.157860
v 1.983337 0.109912 -0.170485
v 1.985514 0.109912 -0.183833
v 1.987295 0.109912 -0.197901
v 1.988680 0.109912 -0.212691
v 1.989669 0.109912 -0.228203
v 1.990263 0.109912 -0.244436
v 1.990460 0.109912 -0.261391
v 1.990281 0.109912 -0.274942
v 1.989741 0.109912 -0.287914
v 1.988842 0.109912 -0.300306
v 1.987584 0.109912 -0.312120
v 1.985966 0.109912 -0.323355
v 1.983989 0.109912 -0.334010
v 1.981652 0.109912 -0.344087
v 1.978956 0.109912 -0.353584
v 1.975899 0.109912 -0.362502
v 1.972484 0.109912 -0.370842
v 1.968709 0.109912 -0.378602
v 1.600606 0.109912 -0.041099
v 1.591437 0.109912 -0.028723
v 1.581534 0.109912 -0.017423
v 1.570898 0.109912 -0.007199
v 1.559528 0.109912 0.001948
v 1.547425 0.109912 0.010019
v 1.534588 0.109912 0.017015
v 1.521018 0.109912 0.022934
v 1.506714 0.109912 0.027776
v 1.491676 0.109912 0.031543
v 1.475905 0.109912 0.034233
v 1.459401 0.109912 0.035848
v 1.442163 0.109912 0.036386
v 1.423434 0.109912 0.035696
v 1.405583 0.109912 0.033625
v 1.388610 0.109912 0.030175
v 1.372516 0.109912 0.025344
v 1.357300 0.109912 0.019133
v 1.342962 0.109912 0.011542
v 1.329503 0.109912 0.002571
v 1.316922 0.109912 -0.007781
v 1.305219 0.109912 -0.019513
v 1.294394 0.109912 -0.032624
v 1.284448 0.109912 -0.047117
v 1.275380 0.109912 -0.062989
v 1.269276 0.109912 -0.075563
v 1.263702 0.109912 -0.088730
v 1.258659 0.109912 -0.102491
v 1.254147 0.109912 -0.116846
v 1.250165 0.109912 -0.131794
v 1.246715 0.109912 -0.147336
v 1.243795 0.109912 -0.163471
v 1.241406 0.109912 -0.180200
v 1.239548 0.109912 -0.197522
v 1.238221 0.109912 -0.215439
v 1.237425 0.109912 -0.233948
v 1.237159 0.109912 -0.253051
v 1.237509 0.109912 -0.269445
v 1.238559 0.109912 -0.285501
v 1.240308 0.109912 -0.301219
v 1.242757 0.109912 -0.316599
v 1.245906 0.109912 -0.331641
v 1.249755 0.109912 -0.346345
v 1.254303 0.109912 -0.360712
v 1.259552 0.109912 -0.374741
v 1.265499 0.109912 -0.388432
v 1.272147 0.109912 -0.401785
v 1.279495 0.109912 -0.414801
v 1.287542 0.109912 -0.427478
v 1.297927 0.109912 -0.441852
v 1.308930 0.109912 -0.454976
v 1.320551 0.109912 -0.466850
v 1.332789 0.109912 -0.477474
v 1.345645 0.109912 -0.486849
v 1.359119 0.109912 -0.494973
v 1.373211 0.109912 -0.501847
v 1.387920 0.109912 -0.507472
v 1.403247 0.109912 -0.511847
v 1.419192 0.109912 -0.514971
v 1.435754 0.109912 -0.516846
v 1.452934 0.109912 -0.517471
v 1.469188 0.109912 -0.516914
v 1.484824 0.109912 -0.515242
v 1.499842 0.109912 -0.512455
v 1.514242 0.109912 -0.508553
v 1.528025 0.109912 -0.503536
v 1.541190 0.109912 -0.497405
v 1.553737 0.109912 -0.490159
v 1.565667 0.109912 -0.481798
v 1.576979 0.109912 -0.472323
v 1.587673 0.109912 -0.461732
v 1.597749 0.109912 -0.450027
v 1.607208 0.109912 -0.437207
v 1.614589 0.109912 -0.425719
v 1.621329 0.109912 -0.413840
v 1.627426 0.109912 -0.401570
v 1.632882 0.109912 -0.388910
v 1.637696 0.109912 -0.375858
v 1.641868 0.109912 -0.362416
v 1.645398 0.109912 -0.348582
v 1.648286 0.109912 -0.334358
v 1.650532 0.109912 -0.319743
v 1.652137 0.109912 -0.304737
v 1.653100 0.109912 -0.289340
v 1.653421 0.109912 -0.273552
v 1.653054 0.109912 -0.248262
v 1.651954 0.109912 -0.224048
v 1.650120 0.109912 -0.200910
v 1.647552 0.109912 -0.178849
v 1.644252 0.109912 -0.157863
v 1.640217 0.109912 -0.137954
v 1.635449 0.109912 -0.119121
v 1.629948 0.109912 -0.101364
v 1.623713 0.109912 -0.084684
v 1.616744 0.109912 -0.069079
v 1.609042 0.109912 -0.054551
v 1.530245 0.109912 -0.385783
v 1.525751 0.109912 -0.392387
v 1.520897 0.109912 -0.398417
v 1.515684 0.109912 -0.403872
v 1.510111 0.109912 -0.408754
v 1.504179 0.109912 -0.413061
v 1.497887 0.109912 -0.416794
v 1.491236 0.109912 -0.419952
v 1.484225 0.109912 -0.422536
v 1.476855 0.109912 -0.424546
v 1.469125 0.109912 -0.425982
v 1.461036 0.109912 -0.426844
v 1.452587 0.109912 -0.427131
v 1.443360 0.109912 -0.426742
v 1.434442 0.109912 -0.425577
v 1.425832 0.109912 -0.423634
v 1.417532 0.109912 -0.420915
v 1.409540 0.109912 -0.417419
v 1.401857 0.109912 -0.413145
v 1.394483 0.109912 -0.408095
v 1.387418 0.109912 -0.402268
v 1.380662 0.109912 -0.395664
v 1.374215 0.109912 -0.388282
v 1.368076 0.109912 -0.380124
v 1.362246 0.109912 -0.371189
v 1.357473 0.109912 -0.362973
v 1.353116 0.109912 -0.354540
v 1.349173 0.109912 -0.345889
v 1.345645 0.109912 -0.337022
v 1.342533 0.109912 -0.327937
v 1.339835 0.109912 -0.318635
v 1.337552 0.109912 -0.309116
v 1.335685 0.109912 -0.299380
v 1.334232 0.109912 -0.289427
v 1.333194 0.109912 -0.279256
v 1.332572 0.109912 -0.268868
v 1.332364 0.109912 -0.258263
v 1.332475 0.109912 -0.244403
v 1.332808 0.109912 -0.231084
v 1.333363 0.109912 -0.218305
v 1.334140 0.109912 -0.206067
v 1.335139 0.109912 -0.194369
v 1.336360 0.109912 -0.183211
v 1.337803 0.109912 -0.172594
v 1.339468 0.109912 -0.162518
v 1.341355 0.109912 -0.152982
v 1.343464 0.109912 -0.143987
v 1.345795 0.109912 -0.135532
v 1.348348 0.109912 -0.127617
v 1.352928 0.109912 -0.115796
v 1.358096 0.109912 -0.105003
v 1.363853 0.109912 -0.095238
v 1.370199 0.109912 -0.086501
v 1.377134 0.109912 -0.078791
v 1.384658 0.109912 -0.072110
v 1.392770 0.109912 -0.066456
v 1.401471 0.109912 -0.061831
v 1.410761 0.109912 -0.058233
v 1.420640 0.109912 -0.055663
v 1.431107 0.109912 -0.054121
v 1.442163 0.109912 -0.053607
v 1.451462 0.109912 -0.053968
v 1.460366 0.109912 -0.055050
v 1.468874 0.109912 -0.056854
v 1.476986 0.109912 -0.059379
v 1.484703 0.109912 -0.062626
v 1.492024 0.109912 -0.066594
v 1.498949 0.109912 -0.071283
v 1.505479 0.109912 -0.076694
v 1.511612 0.109912 -0.082827
v 1.517350 0.109912 -0.089681
v 1.522692 0.109912 -0.097256
v 1.527639 0.109912 -0.105553
v 1.532190 0.109912 -0.114572
v 1.536345 0.109912 -0.124311
v 1.540104 0.109912 -0.134773
v 1.543468 0.109912 -0.145955
v 1.546436 0.109912 -0.157860
v 1.549008 0.109912 -0.170485
v 1.551184 0.109912 -0.183833
v 1.552965 0.109912 -0.197901
v 1.554350 0.109912 -0.212691
v 1.555339 0.109912 -0.228203
v 1.555933 0.109912 -0.244436
v 1.556131 0.109912 -0.261391
v 1.555951 0.109912 -0.274942
v 1.555412 0.109912 -0.287914
v 1.554513 0.109912 -0.300306
v 1.553255 0.109912 -0.312120
v 1.551637 0.109912 -0.323355
v 1.549659 0.109912 -0.334010
v 1.547323 0.109912 -0.344087
v 1.544626 0.109912 -0.353584
v 1.541570 0.109912 -0.362502
v 1.538155 0.109912 -0.370842
v 1.534379 0.109912 -0.378602
v 1.183303 0.109912 -0.233941
v 1.179796 0.109912 -0.214473
v 1.175764 0.109912 -0.195566
v 1.171206 0.109912 -0.177218
v 1.166122 0.109912 -0.159429
v 1.160512 0.109912 -0.142201
v 1.154376 0.109912 -0.125532
v 1.147714 0.109912 -0.109424
v 1.140526 0.109912 -0.093875
v 1.132812 0.109912 -0.078885
v 1.124572 0.109912 -0.064456
v 1.115805 0.109912 -0.050586
v 1.106513 0.109912 -0.037277
v 1.102213 0.109912 -0.031623
v 1.097769 0.109912 -0.026129
v 1.093179 0.109912 -0.020794
v 1.088445 0.109912 -0.015618
v 1.083566 0.109912 -0.010602
v 1.078542 0.109912 -0.005744
v 1.073374 0.109912 -0.001046
v 1.068060 0.109912 0.003492
v 1.062602 0.109912 0.007872
v 1.057000 0.109912 0.012092
v 1.051252 0.109912 0.016153
v 1.045359 0.109912 0.020055
v 1.038046 0.109912 0.024495
v 1.030699 0.109912 0.028548
v 1.023317 0.109912 0.032216
v 1.015902 0.109912 0.035498
v 1.008454 0.109912 0.038393
v 1.000971 0.109912 0.040903
v 0.993455 0.109912 0.043026
v 0.985905 0.109912 0.044763
v 0.978321 0.109912 0.046115
v 0.970703 0.109912 0.047080
v 0.963052 0.109912 0.047659
v 0.955366 0.109912 0.047852
v 0.940915 0.109912 0.047615
v 0.927096 0.109912 0.046906
v 0.913910 0.109912 0.045724
v 0.901355 0.109912 0.044068
v 0.889433 0.109912 0.041940
v 0.878143 0.109912 0.039339
v 0.867485 0.109912 0.036265
v 0.857459 0.109912 0.032718
v 0.848065 0.109912 0.028698
v 0.839304 0.109912 0.024205
v 0.831175 0.109912 0.019239
v 0.823678 0.109912 0.013801
v 0.809137 0.109912 0.001077
v 0.795861 0.109912 -0.013118
v 0.783850 0.109912 -0.028785
v 0.773103 0.109912 -0.045925
v 0.763620 0.109912 -0.064536
v 0.755401 0.109912 -0.084619
v 0.748447 0.109912 -0.106173
v 0.742757 0.109912 -0.129200
v 0.738332 0.109912 -0.153699
v 0.735171 0.109912 -0.179669
v 0.733275 0.109912 -0.207111
v 0.732642 0.109912 -0.236026
v 0.732654 0.109912 -0.238979
v 0.732691 0.109912 -0.242164
v 0.732751 0.109912 -0.245581
v 0.732835 0.109912 -0.249229
v 0.732944 0.109912 -0.253109
v 0.733077 0.109912 -0.257221
v 0.733233 0.109912 -0.261564
v 0.733414 0.109912 -0.266139
v 0.733620 0.109912 -0.270946
v 0.733849 0.109912 -0.275984
v 0.734102 0.109912 -0.281254
v 0.734380 0.109912 -0.286755
v 0.734657 0.109912 -0.292257
v 0.734911 0.109912 -0.297527
v 0.735140 0.109912 -0.302565
v 0.735345 0.109912 -0.307372
v 0.735526 0.109912 -0.311947
v 0.735683 0.109912 -0.316290
v 0.735815 0.109912 -0.320401
v 0.735924 0.109912 -0.324282
v 0.736008 0.109912 -0.327930
v 0.736069 0.109912 -0.331347
v 0.736105 0.109912 -0.334532
v 0.736117 0.109912 -0.337485
v 0.736122 0.109912 -0.339837
v 0.736136 0.109912 -0.342374
v 0.736160 0.109912 -0.345097
v 0.736194 0.109912 -0.348006
v 0.736238 0.109912 -0.351100
v 0.736291 0.109912 -0.354381
v 0.736354 0.109912 -0.357847
v 0.736426 0.109912 -0.361499
v 0.736508 0.109912 -0.365336
v 0.736600 0.109912 -0.369360
v 0.736701 0.109912 -0.373569
v 0.736812 0.109912 -0.377965
v 0.736923 0.109912 -0.382360
v 0.737024 0.109912 -0.386569
v 0.737116 0.109912 -0.390593
v 0.737198 0.109912 -0.394431
v 0.737270 0.109912 -0.398082
v 0.737333 0.109912 -0.401549
v 0.737386 0.109912 -0.404829
v 0.737430 0.109912 -0.407924
v 0.737463 0.109912 -0.410832
v 0.737487 0.109912 -0.413556
v 0.737502 0.109912 -0.416093
v 0.737507 0.109912 -0.418444
v 0.737577 0.109912 -0.423055
v 0.737787 0.109912 -0.427623
v 0.738137 0.109912 -0.432147
v 0.738626 0.109912 -0.436628
v 0.739256 0.109912 -0.441065
v 0.740026 0.109912 -0.445459
v 0.740936 0.109912 -0.449810
v 0.741985 0.109912 -0.454117
v 0.743175 0.109912 -0.458381
v 0.744504 0.109912 -0.462601
v 0.745974 0.109912 -0.466778
v 0.747583 0.109912 -0.470911
v 0.749917 0.109912 -0.476128
v 0.752399 0.109912 -0.480891
v 0.755032 0.109912 -0.485201
v 0.757814 0.109912 -0.489056
v 0.760746 0.109912 -0.492459
v 0.763827 0.109912 -0.495407
v 0.767058 0.109912 -0.497902
v 0.770439 0.109912 -0.499944
v 0.773969 0.109912 -0.501531
v 0.777648 0.109912 -0.502665
v 0.781478 0.109912 -0.503346
v 0.785457 0.109912 -0.503573
v 0.788611 0.109912 -0.503486
v 0.791701 0.109912 -0.503225
v 0.794730 0.109912 -0.502791
v 0.797695 0.109912 -0.502183
v 0.800598 0.109912 -0.501401
v 0.803438 0.109912 -0.500446
v 0.806215 0.109912 -0.499316
v 0.808930 0.109912 -0.498013
v 0.811582 0.109912 -0.496537
v 0.814171 0.109912 -0.494886
v 0.816697 0.109912 -0.493062
v 0.819161 0.109912 -0.491064
v 0.821714 0.109912 -0.488810
v 0.824045 0.109912 -0.486450
v 0.826153 0.109912 -0.483984
v 0.828040 0.109912 -0.481412
v 0.829705 0.109912 -0.478734
v 0.831148 0.109912 -0.475949
v 0.832369 0.109912 -0.473059
v 0.833368 0.109912 -0.470062
v 0.834145 0.109912 -0.466959
v 0.834700 0.109912 -0.463749
v 0.835033 0.109912 -0.460434
v 0.835144 0.109912 -0.457013
v 0.835140 0.109912 -0.453571
v 0.835130 0.109912 -0.449846
v 0.835111 0.109912 -0.445839
v 0.835086 0.109912 -0.441550
v 0.835054 0.109912 -0.436979
v 0.835014 0.109912 -0.432126
v 0.834967 0.109912 -0.426990
v 0.834912 0.109912 -0.421571
v 0.834851 0.109912 -0.415871
v 0.834782 0.109912 -0.409888
v 0.834706 0.109912 -0.403623
v 0.834623 0.109912 -0.397075
v 0.834540 0.109912 -0.390525
v 0.834464 0.109912 -0.384253
v 0.834395 0.109912 -0.378258
v 0.834333 0.109912 -0.372540
v 0.834279 0.109912 -0.367100
v 0.834232 0.109912 -0.361938
v 0.834192 0.109912 -0.357053
v 0.834160 0.109912 -0.352445
v 0.834134 0.109912 -0.348115
v 0.834116 0.109912 -0.344063
v 0.834105 0.109912 -0.340288
v 0.834102 0.109912 -0.336790
v 0.834090 0.109912 -0.333892
v 0.834053 0.109912 -0.330758
v 0.833993 0.109912 -0.327387
v 0.833909 0.109912 -0.323780
v 0.833800 0.109912 -0.319936
v 0.833667 0.109912 -0.315856
v 0.833511 0.109912 -0.311539
v 0.833330 0.109912 -0.306986
v 0.833124 0.109912 -0.302196
v 0.832895 0.109912 -0.297170
v 0.832642 0.109912 -0.291907
v 0.832364 0.109912 -0.286408
v 0.832087 0.109912 -0.280909
v 0.831833 0.109912 -0.275646
v 0.831604 0.109912 -0.270620
v 0.831399 0.109912 -0.265830
v 0.831218 0.109912 -0.261277
v 0.831061 0.109912 -0.256960
v 0.830929 0.109912 -0.252880
v 0.830820 0.109912 -0.249036
v 0.830736 0.109912 -0.245429
v 0.830675 0.109912 -0.242058
v 0.830639 0.109912 -0.238924
v 0.830627 0.109912 -0.236026
v 0.830714 0.109912 -0.227103
v 0.830975 0.109912 -0.218286
v 0.831409 0.109912 -0.209575
v 0.832017 0.109912 -0.200971
v 0.832799 0.109912 -0.192472
v 0.833754 0.109912 -0.184080
v 0.834884 0.109912 -0.175794
v 0.836186 0.109912 -0.167614
v 0.837663 0.109912 -0.159540
v 0.839314 0.109912 -0.151573
v 0.841138 0.109912 -0.143711
v 0.843136 0.109912 -0.135956
v 0.845662 0.109912 -0.126980
v 0.848377 0.109912 -0.118467
v 0.851279 0.109912 -0.110418
v 0.854370 0.109912 -0.102831
v 0.857650 0.109912 -0.095708
v 0.861117 0.109912 -0.089049
v 0.864773 0.109912 -0.082852
v 0.868616 0.109912 -0.077119
v 0.872648 0.109912 -0.071849
v 0.876869 0.109912 -0.067043
v 0.881277 0.109912 -0.062699
v 0.885874 0.109912 -0.058819
v 0.888586 0.109912 -0.056983
v 0.891858 0.109912 -0.055296
v 0.895690 0.109912 -0.053759
v 0.900081 0.109912 -0.052372
v 0.905032 0.109912 -0.051134
v 0.910544 0.109912 -0.050046
v 0.916615 0.109912 -0.049107
v 0.923245 0.109912 -0.048318
v 0.930436 0.109912 -0.047679
v 0.938186 0.109912 -0.047189
v 0.946496 0.109912 -0.046849
v 0.955366 0.109912 -0.046658
v 0.970240 0.109912 -0.047532
v 0.984283 0.109912 -0.050615
v 0.997496 0.109912 -0.055909
v 1.009880 0.109912 -0.063414
v 1.021433 0.109912 -0.073128
v 1.032156 0.109912 -0.085053
v 1.042049 0.109912 -0.099188
v 1.051112 0.109912 -0.115533
v 1.059345 0.109912 -0.134089
v 1.066748 0.109912 -0.154854
v 1.073321 0.109912 -0.177830
v 1.079063 0.109912 -0.203017
v 1.081727 0.109912 -0.217084
v 1.084160 0.109912 -0.232069
v 1.086360 0.109912 -0.247970
v 1.088329 0.109912 -0.264788
v 1.090066 0.109912 -0.282523
v 1.091572 0.109912 -0.301175
v 1.092846 0.109912 -0.320744
v 1.093889 0.109912 -0.341230
v 1.094699 0.109912 -0.362633
v 1.095279 0.109912 -0.384952
v 1.095626 0.109912 -0.408189
v 1.095742 0.109912 -0.432343
v 1.095821 0.109912 -0.435576
v 1.096060 0.109912 -0.438790
v 1.096458 0.109912 -0.441985
v 1.097016 0.109912 -0.445160
v 1.097732 0.109912 -0.448316
v 1.098608 0.109912 -0.451453
v 1.099643 0.109912 -0.454571
v 1.100838 0.109912 -0.457669
v 1.102192 0.109912 -0.460748
v 1.103704 0.109912 -0.463807
v 1.105377 0.109912 -0.466848
v 1.107208 0.109912 -0.469869
v 1.109906 0.109912 -0.473698
v 1.112787 0.109912 -0.477194
v 1.115851 0.109912 -0.480358
v 1.119099 0.109912 -0.483188
v 1.122530 0.109912 -0.485686
v 1.126145 0.109912 -0.487850
v 1.129943 0.109912 -0.489681
v 1.133924 0.109912 -0.491180
v 1.138089 0.109912 -0.492345
v 1.142437 0.109912 -0.493178
v 1.146968 0.109912 -0.493677
v 1.151683 0.109912 -0.493844
v 1.155539 0.109912 -0.493723
v 1.159231 0.109912 -0.493361
v 1.162759 0.109912 -0.492758
v 1.166122 0.109912 -0.491913
v 1.169322 0.109912 -0.490828
v 1.172357 0.109912 -0.489500
v 1.175229 0.109912 -0.487932
v 1.177936 0.109912 -0.486122
v 1.180479 0.109912 -0.484071
v 1.182859 0.109912 -0.481779
v 1.185074 0.109912 -0.479245
v 1.187125 0.109912 -0.476471
v 1.188568 0.109912 -0.474309
v 1.189885 0.109912 -0.472108
v 1.191077 0.109912 -0.469869
v 1.192144 0.109912 -0.467591
v 1.193085 0.109912 -0.465274
v 1.193900 0.109912 -0.462919
v 1.194590 0.109912 -0.460526
v 1.195155 0.109912 -0.458094
v 1.195594 0.109912 -0.455623
v 1.195908 0.109912 -0.453113
v 1.196096 0.109912 -0.450565
v 1.196159 0.109912 -0.447979
v 1.196069 0.109912 -0.425524
v 1.195802 0.109912 -0.403909
v 1.195355 0.109912 -0.383133
v 1.194730 0.109912 -0.363197
v 1.193927 0.109912 -0.344101
v 1.192945 0.109912 -0.325845
v 1.191784 0.109912 -0.308428
v 1.190445 0.109912 -0.291852
v 1.188927 0.109912 -0.276114
v 1.187231 0.109912 -0.261217
v 1.185356 0.109912 -0.247159
v 0.705888 0.109912 -0.033802
v 0.705678 0.109912 -0.028935
v 0.705048 0.109912 -0.024295
v 0.703998 0.109912 -0.019882
v 0.702529 0.109912 -0.015695
v 0.700639 0.109912 -0.011736
v 0.698330 0.109912 -0.008003
v 0.695601 0.109912 -0.004497
v 0.692452 0.109912 -0.001218
v 0.688884 0.109912 0.001835
v 0.684895 0.109912 0.004660
v 0.680486 0.109912 0.007259
v 0.675658 0.109912 0.009631
v 0.668514 0.109912 0.012616
v 0.660746 0.109912 0.015547
v 0.652357 0.109912 0.018426
v 0.643344 0.109912 0.021252
v 0.633709 0.109912 0.024024
v 0.623452 0.109912 0.026744
v 0.612572 0.109912 0.029410
v 0.601070 0.109912 0.032023
v 0.588945 0.109912 0.034583
v 0.576197 0.109912 0.037090
v 0.562827 0.109912 0.039544
v 0.548834 0.109912 0.041945
v 0.535942 0.109912 0.044054
v 0.523440 0.109912 0.045979
v 0.511330 0.109912 0.047722
v 0.499610 0.109912 0.049280
v 0.488281 0.109912 0.050656
v 0.477344 0.109912 0.051848
v 0.466797 0.109912 0.052856
v 0.456640 0.109912 0.053682
v 0.446875 0.109912 0.054323
v 0.437501 0.109912 0.054782
v 0.428518 0.109912 0.055057
v 0.419925 0.109912 0.055149
v 0.406328 0.109912 0.054630
v 0.393914 0.109912 0.053074
v 0.382681 0.109912 0.050480
v 0.372632 0.109912 0.046848
v 0.363764 0.109912 0.042179
v 0.356079 0.109912 0.036473
v 0.349576 0.109912 0.029728
v 0.344255 0.109912 0.021947
v 0.340117 0.109912 0.013127
v 0.337161 0.109912 0.003270
v 0.335388 0.109912 -0.007624
v 0.334797 0.109912 -0.019556
v 0.334845 0.109912 -0.019418
v 0.334990 0.109912 -0.020975
v 0.335231 0.109912 -0.024225
v 0.335569 0.109912 -0.029169
v 0.336003 0.109912 -0.035807
v 0.336534 0.109912 -0.044139
v 0.337161 0.109912 -0.054165
v 0.337885 0.109912 -0.065884
v 0.338706 0.109912 -0.079298
v 0.339622 0.109912 -0.094405
v 0.340636 0.109912 -0.111207
v 0.341746 0.109912 -0.129702
v 0.343189 0.109912 -0.155072
v 0.344506 0.109912 -0.180914
v 0.345698 0.109912 -0.207230
v 0.346765 0.109912 -0.234018
v 0.347706 0.109912 -0.261280
v 0.348522 0.109912 -0.289014
v 0.349212 0.109912 -0.317221
v 0.349776 0.109912 -0.345901
v 0.350215 0.109912 -0.375055
v 0.350529 0.109912 -0.404681
v 0.350717 0.109912 -0.434780
v 0.350780 0.109912 -0.465352
v 0.350875 0.109912 -0.468612
v 0.351161 0.109912 -0.471789
v 0.351638 0.109912 -0.474885
v 0.352305 0.109912 -0.477899
v 0.353163 0.109912 -0.480831
v 0.354211 0.109912 -0.483680
v 0.355451 0.109912 -0.486448
v 0.356880 0.109912 -0.489134
v 0.358500 0.109912 -0.491737
v 0.360311 0.109912 -0.494259
v 0.362313 0.109912 -0.496698
v 0.364505 0.109912 -0.499056
v 0.366842 0.109912 -0.501276
v 0.369278 0.109912 -0.503302
v 0.371812 0.109912 -0.505136
v 0.374446 0.109912 -0.506777
v 0.377179 0.109912 -0.508225
v 0.380010 0.109912 -0.509480
v 0.382941 0.109912 -0.510541
v 0.385970 0.109912 -0.511410
v 0.389099 0.109912 -0.512086
v 0.392326 0.109912 -0.512568
v 0.395652 0.109912 -0.512858
v 0.399077 0.109912 -0.512954
v 0.402504 0.109912 -0.512858
v 0.405834 0.109912 -0.512568
v 0.409067 0.109912 -0.512086
v 0.412204 0.109912 -0.511410
v 0.415244 0.109912 -0.510541
v 0.418188 0.109912 -0.509480
v 0.421035 0.109912 -0.508225
v 0.423786 0.109912 -0.506777
v 0.426440 0.109912 -0.505136
v 0.428998 0.109912 -0.503302
v 0.431459 0.109912 -0.501276
v 0.433824 0.109912 -0.499056
v 0.436044 0.109912 -0.496698
v 0.438071 0.109912 -0.494259
v 0.439904 0.109912 -0.491737
v 0.441545 0.109912 -0.489134
v 0.442993 0.109912 -0.486448
v 0.444248 0.109912 -0.483680
v 0.445309 0.109912 -0.480831
v 0.446178 0.109912 -0.477899
v 0.446854 0.109912 -0.474885
v 0.447336 0.109912 -0.471789
v 0.447626 0.109912 -0.468612
v 0.447722 0.109912 -0.465352
v 0.447657 0.109912 -0.434688
v 0.447462 0.109912 -0.404430
v 0.447136 0.109912 -0.374577
v 0.446680 0.109912 -0.345129
v 0.446094 0.109912 -0.316087
v 0.445377 0.109912 -0.287450
v 0.444530 0.109912 -0.259219
v 0.443553 0.109912 -0.231393
v 0.442445 0.109912 -0.203972
v 0.441208 0.109912 -0.176957
v 0.439839 0.109912 -0.150347
v 0.438341 0.109912 -0.124142
v 0.437817 0.109912 -0.119305
v 0.437289 0.109912 -0.114056
v 0.436755 0.109912 -0.108398
v 0.436217 0.109912 -0.102330
v 0.435674 0.109912 -0.095851
v 0.435127 0.109912 -0.088962
v 0.434574 0.109912 -0.081663
v 0.434017 0.109912 -0.073953
v 0.433455 0.109912 -0.065834
v 0.432887 0.109912 -0.057304
v 0.432316 0.109912 -0.048364
v 0.431739 0.109912 -0.039014
v 0.445787 0.109912 -0.039506
v 0.460482 0.109912 -0.040520
v 0.475823 0.109912 -0.042054
v 0.491812 0.109912 -0.044110
v 0.508446 0.109912 -0.046687
v 0.525728 0.109912 -0.049785
v 0.543656 0.109912 -0.053405
v 0.562231 0.109912 -0.057545
v 0.581452 0.109912 -0.062207
v 0.601321 0.109912 -0.067390
v 0.621835 0.109912 -0.073094
v 0.642997 0.109912 -0.079320
v 0.644324 0.109912 -0.079708
v 0.645641 0.109912 -0.080063
v 0.646949 0.109912 -0.080384
v 0.648247 0.109912 -0.080671
v 0.649536 0.109912 -0.080924
v 0.650815 0.109912 -0.081144
v 0.652084 0.109912 -0.081330
v 0.653344 0.109912 -0.081482
v 0.654594 0.109912 -0.081600
v 0.655834 0.109912 -0.081684
v 0.657064 0.109912 -0.081735
v 0.658285 0.109912 -0.081752
v 0.661876 0.109912 -0.081641
v 0.665350 0.109912 -0.081308
v 0.668709 0.109912 -0.080753
v 0.671952 0.109912 -0.079976
v 0.675079 0.109912 -0.078977
v 0.678091 0.109912 -0.077756
v 0.680986 0.109912 -0.076313
v 0.683766 0.109912 -0.074648
v 0.686430 0.109912 -0.072761
v 0.688978 0.109912 -0.070652
v 0.691410 0.109912 -0.068322
v 0.693726 0.109912 -0.065769
v 0.695669 0.109912 -0.063370
v 0.697442 0.109912 -0.060923
v 0.699047 0.109912 -0.058428
v 0.700483 0.109912 -0.055885
v 0.701750 0.109912 -0.053294
v 0.702847 0.109912 -0.050654
v 0.703776 0.109912 -0.047966
v 0.704536 0.109912 -0.045230
v 0.705128 0.109912 -0.042445
v 0.705550 0.109912 -0.039612
v 0.705803 0.109912 -0.036731
v 0.289974 0.109912 -0.469521
v 0.289964 0.109912 -0.468653
v 0.289935 0.109912 -0.467784
v 0.289887 0.109912 -0.466915
v 0.289819 0.109912 -0.466047
v 0.289732 0.109912 -0.465178
v 0.289626 0.109912 -0.464309
v 0.289501 0.109912 -0.463441
v 0.289356 0.109912 -0.462572
v 0.289192 0.109912 -0.461703
v 0.289009 0.109912 -0.460835
v 0.288806 0.109912 -0.459966
v 0.288584 0.109912 -0.459097
v 0.287474 0.109912 -0.454916
v 0.286461 0.109912 -0.450826
v 0.285544 0.109912 -0.446828
v 0.284723 0.109912 -0.442921
v 0.283999 0.109912 -0.439106
v 0.283372 0.109912 -0.435383
v 0.282841 0.109912 -0.431751
v 0.282407 0.109912 -0.428212
v 0.282069 0.109912 -0.424764
v 0.281828 0.109912 -0.421407
v 0.281683 0.109912 -0.418142
v 0.281635 0.109912 -0.414969
v 0.281621 0.109912 -0.413274
v 0.281582 0.109912 -0.411432
v 0.281515 0.109912 -0.409443
v 0.281422 0.109912 -0.407306
v 0.281303 0.109912 -0.405022
v 0.281157 0.109912 -0.402591
v 0.280984 0.109912 -0.400013
v 0.280785 0.109912 -0.397287
v 0.280560 0.109912 -0.394415
v 0.280308 0.109912 -0.391395
v 0.280029 0.109912 -0.388228
v 0.279724 0.109912 -0.384914
v 0.279418 0.109912 -0.381600
v 0.279140 0.109912 -0.378433
v 0.278888 0.109912 -0.375413
v 0.278662 0.109912 -0.372540
v 0.278463 0.109912 -0.369815
v 0.278290 0.109912 -0.367237
v 0.278144 0.109912 -0.364806
v 0.278025 0.109912 -0.362522
v 0.277932 0.109912 -0.360385
v 0.277866 0.109912 -0.358396
v 0.277826 0.109912 -0.356553
v 0.277813 0.109912 -0.354858
v 0.277789 0.109912 -0.349135
v 0.277716 0.109912 -0.342967
v 0.277596 0.109912 -0.336356
v 0.277427 0.109912 -0.329300
v 0.277209 0.109912 -0.321801
v 0.276944 0.109912 -0.313858
v 0.276630 0.109912 -0.305470
v 0.276268 0.109912 -0.296639
v 0.275858 0.109912 -0.287363
v 0.275400 0.109912 -0.277644
v 0.274893 0.109912 -0.267481
v 0.274338 0.109912 -0.256874
v 0.273783 0.109912 -0.246266
v 0.273276 0.109912 -0.236103
v 0.272818 0.109912 -0.226384
v 0.272408 0.109912 -0.217108
v 0.272046 0.109912 -0.208277
v 0.271732 0.109912 -0.199890
v 0.271467 0.109912 -0.191946
v 0.271249 0.109912 -0.184447
v 0.271080 0.109912 -0.177391
v 0.270960 0.109912 -0.170780
v 0.270887 0.109912 -0.164612
v 0.270863 0.109912 -0.158889
v 0.270890 0.109912 -0.154488
v 0.270970 0.109912 -0.149739
v 0.271102 0.109912 -0.144643
v 0.271288 0.109912 -0.139199
v 0.271527 0.109912 -0.133408
v 0.271819 0.109912 -0.127270
v 0.272164 0.109912 -0.120784
v 0.272562 0.109912 -0.113950
v 0.273013 0.109912 -0.106769
v 0.273518 0.109912 -0.099241
v 0.274075 0.109912 -0.091365
v 0.274686 0.109912 -0.083142
v 0.275296 0.109912 -0.074918
v 0.275853 0.109912 -0.067043
v 0.276358 0.109912 -0.059514
v 0.276809 0.109912 -0.052333
v 0.277207 0.109912 -0.045500
v 0.277552 0.109912 -0.039014
v 0.277844 0.109912 -0.032875
v 0.278083 0.109912 -0.027084
v 0.278269 0.109912 -0.021641
v 0.278401 0.109912 -0.016545
v 0.278481 0.109912 -0.011796
v 0.278508 0.109912 -0.007395
v 0.278414 0.109912 -0.004251
v 0.278131 0.109912 -0.001189
v 0.277661 0.109912 0.001791
v 0.277002 0.109912 0.004689
v 0.276155 0.109912 0.007505
v 0.275120 0.109912 0.010239
v 0.273896 0.109912 0.012891
v 0.272485 0.109912 0.015461
v 0.270885 0.109912 0.017948
v 0.269097 0.109912 0.020354
v 0.267121 0.109912 0.022678
v 0.264956 0.109912 0.024919
v 0.262652 0.109912 0.027028
v 0.260256 0.109912 0.028954
v 0.257768 0.109912 0.030696
v 0.255189 0.109912 0.032255
v 0.252518 0.109912 0.033630
v 0.249755 0.109912 0.034822
v 0.246901 0.109912 0.035831
v 0.243954 0.109912 0.036656
v 0.240916 0.109912 0.037298
v 0.237787 0.109912 0.037756
v 0.234566 0.109912 0.038031
v 0.231253 0.109912 0.038123
v 0.227874 0.109912 0.038032
v 0.224573 0.109912 0.037761
v 0.221350 0.109912 0.037309
v 0.218203 0.109912 0.036675
v 0.215134 0.109912 0.035861
v 0.212142 0.109912 0.034865
v 0.209227 0.109912 0.033689
v 0.206390 0.109912 0.032332
v 0.203629 0.109912 0.030794
v 0.200946 0.109912 0.029074
v 0.198340 0.109912 0.027174
v 0.195811 0.109912 0.025093
v 0.193425 0.109912 0.022882
v 0.191246 0.109912 0.020591
v 0.189275 0.109912 0.018220
v 0.187511 0.109912 0.015769
v 0.185954 0.109912 0.013240
v 0.184605 0.109912 0.010630
v 0.183464 0.109912 0.007941
v 0.182530 0.109912 0.005172
v 0.181804 0.109912 0.002323
v 0.181285 0.109912 -0.000605
v 0.180974 0.109912 -0.003612
v 0.180870 0.109912 -0.006700
v 0.180855 0.109912 -0.011103
v 0.180807 0.109912 -0.015859
v 0.180729 0.109912 -0.020968
v 0.180619 0.109912 -0.026428
v 0.180478 0.109912 -0.032241
v 0.180306 0.109912 -0.038406
v 0.180102 0.109912 -0.044923
v 0.179866 0.109912 -0.051793
v 0.179600 0.109912 -0.059015
v 0.179302 0.109912 -0.066589
v 0.178972 0.109912 -0.074516
v 0.178612 0.109912 -0.082794
v 0.178251 0.109912 -0.091073
v 0.177922 0.109912 -0.099000
v 0.177624 0.109912 -0.106574
v 0.177357 0.109912 -0.113796
v 0.177122 0.109912 -0.120665
v 0.176918 0.109912 -0.127183
v 0.176745 0.109912 -0.133348
v 0.176604 0.109912 -0.139161
v 0.176494 0.109912 -0.144621
v 0.176416 0.109912 -0.149729
v 0.176369 0.109912 -0.154485
v 0.176353 0.109912 -0.158889
v 0.176358 0.109912 -0.162158
v 0.176372 0.109912 -0.165365
v 0.176396 0.109912 -0.168509
v 0.176430 0.109912 -0.171591
v 0.176474 0.109912 -0.174609
v 0.176527 0.109912 -0.177565
v 0.176589 0.109912 -0.180458
v 0.176662 0.109912 -0.183289
v 0.176744 0.109912 -0.186056
v 0.176835 0.109912 -0.188761
v 0.176937 0.109912 -0.191403
v 0.177048 0.109912 -0.193983
v 0.167778 0.109912 -0.193493
v 0.158150 0.109912 -0.192834
v 0.148165 0.109912 -0.192006
v 0.137823 0.109912 -0.191010
v 0.127124 0.109912 -0.189844
v 0.116068 0.109912 -0.188510
v 0.104655 0.109912 -0.187007
v 0.092885 0.109912 -0.185335
v 0.080757 0.109912 -0.183494
v 0.068273 0.109912 -0.181484
v 0.055431 0.109912 -0.179305
v 0.042232 0.109912 -0.176957
v 0.031114 0.109912 -0.174928
v 0.019995 0.109912 -0.172894
v 0.008876 0.109912 -0.170855
v -0.002243 0.109912 -0.168811
v -0.013362 0.109912 -0.166762
v -0.024481 0.109912 -0.164709
v -0.035600 0.109912 -0.162651
v -0.046719 0.109912 -0.160588
v -0.057838 0.109912 -0.158520
v -0.068956 0.109912 -0.156447
v -0.080075 0.109912 -0.154369
v -0.091194 0.109912 -0.152287
v -0.091334 0.109912 -0.148130
v -0.091522 0.109912 -0.143533
v -0.091758 0.109912 -0.138497
v -0.092043 0.109912 -0.133022
v -0.092376 0.109912 -0.127108
v -0.092757 0.109912 -0.120755
v -0.093187 0.109912 -0.113962
v -0.093665 0.109912 -0.106731
v -0.094191 0.109912 -0.099060
v -0.094765 0.109912 -0.090950
v -0.095387 0.109912 -0.082401
v -0.096058 0.109912 -0.073413
v -0.096613 0.109912 -0.065428
v -0.097120 0.109912 -0.057690
v -0.097578 0.109912 -0.050198
v -0.097989 0.109912 -0.042952
v -0.098351 0.109912 -0.035952
v -0.098664 0.109912 -0.029198
v -0.098930 0.109912 -0.022690
v -0.099147 0.109912 -0.016429
v -0.099316 0.109912 -0.010413
v -0.099436 0.109912 -0.004644
v -0.099509 0.109912 0.000879
v -0.099533 0.109912 0.006156
v -0.099627 0.109912 0.009300
v -0.099909 0.109912 0.012362
v -0.100380 0.109912 0.015342
v -0.101038 0.109912 0.018240
v -0.101885 0.109912 0.021056
v -0.102921 0.109912 0.023790
v -0.104144 0.109912 0.026442
v -0.105555 0.109912 0.029012
v -0.107155 0.109912 0.031499
v -0.108943 0.109912 0.033905
v -0.110919 0.109912 0.036229
v -0.113084 0.109912 0.038470
v -0.115388 0.109912 0.040579
v -0.117784 0.109912 0.042505
v -0.120272 0.109912 0.044247
v -0.122851 0.109912 0.045806
v -0.125523 0.109912 0.047181
v -0.128285 0.109912 0.048373
v -0.131140 0.109912 0.049382
v -0.134086 0.109912 0.050207
v -0.137124 0.109912 0.050849
v -0.140254 0.109912 0.051307
v -0.143475 0.109912 0.051582
v -0.146788 0.109912 0.051674
v -0.150101 0.109912 0.051582
v -0.153322 0.109912 0.051307
v -0.156452 0.109912 0.050849
v -0.159490 0.109912 0.050207
v -0.162436 0.109912 0.049382
v -0.165290 0.109912 0.048373
v -0.168053 0.109912 0.047181
v -0.170724 0.109912 0.045806
v -0.173304 0.109912 0.044247
v -0.175792 0.109912 0.042505
v -0.178188 0.109912 0.040579
v -0.180492 0.109912 0.038470
v -0.182656 0.109912 0.036229
v -0.184632 0.109912 0.033905
v -0.186420 0.109912 0.031499
v -0.188020 0.109912 0.029012
v -0.189432 0.109912 0.026442
v -0.190655 0.109912 0.023790
v -0.191690 0.109912 0.021056
v -0.192537 0.109912 0.018240
v -0.193196 0.109912 0.015342
v -0.193667 0.109912 0.012362
v -0.193949 0.109912 0.009300
v -0.194043 0.109912 0.006156
v -0.194001 0.109912 0.000066
v -0.193874 0.109912 -0.006507
v -0.193663 0.109912 -0.013562
v -0.193367 0.109912 -0.021100
v -0.192987 0.109912 -0.029121
v -0.192523 0.109912 -0.037624
v -0.191974 0.109912 -0.046610
v -0.191340 0.109912 -0.056078
v -0.190623 0.109912 -0.066029
v -0.189820 0.109912 -0.076463
v -0.188933 0.109912 -0.087379
v -0.187962 0.109912 -0.098778
v -0.186991 0.109912 -0.110176
v -0.186104 0.109912 -0.121093
v -0.185302 0.109912 -0.131526
v -0.184584 0.109912 -0.141477
v -0.183951 0.109912 -0.150945
v -0.183402 0.109912 -0.159931
v -0.182937 0.109912 -0.168434
v -0.182557 0.109912 -0.176455
v -0.182262 0.109912 -0.183993
v -0.182051 0.109912 -0.191049
v -0.181924 0.109912 -0.197621
v -0.181882 0.109912 -0.203712
v -0.181867 0.109912 -0.211437
v -0.181824 0.109912 -0.219787
v -0.181751 0.109912 -0.228762
v -0.181650 0.109912 -0.238361
v -0.181520 0.109912 -0.248586
v -0.181361 0.109912 -0.259436
v -0.181172 0.109912 -0.270911
v -0.180955 0.109912 -0.283011
v -0.180709 0.109912 -0.295735
v -0.180434 0.109912 -0.309085
v -0.180130 0.109912 -0.323059
v -0.179797 0.109912 -0.337659
v -0.179464 0.109912 -0.352258
v -0.179160 0.109912 -0.366233
v -0.178885 0.109912 -0.379582
v -0.178639 0.109912 -0.392307
v -0.178421 0.109912 -0.404407
v -0.178233 0.109912 -0.415882
v -0.178074 0.109912 -0.426731
v -0.177944 0.109912 -0.436956
v -0.177842 0.109912 -0.446556
v -0.177770 0.109912 -0.455531
v -0.177727 0.109912 -0.463881
v -0.177712 0.109912 -0.471606
v -0.177618 0.109912 -0.474750
v -0.177336 0.109912 -0.477812
v -0.176865 0.109912 -0.480792
v -0.176206 0.109912 -0.483690
v -0.175359 0.109912 -0.486506
v -0.174324 0.109912 -0.489240
v -0.173101 0.109912 -0.491892
v -0.171689 0.109912 -0.494461
v -0.170090 0.109912 -0.496949
v -0.168302 0.109912 -0.499355
v -0.166325 0.109912 -0.501679
v -0.164161 0.109912 -0.503920
v -0.161857 0.109912 -0.506029
v -0.159461 0.109912 -0.507955
v -0.156973 0.109912 -0.509697
v -0.154393 0.109912 -0.511256
v -0.151722 0.109912 -0.512631
v -0.148960 0.109912 -0.513823
v -0.146105 0.109912 -0.514831
v -0.143159 0.109912 -0.515657
v -0.140121 0.109912 -0.516299
v -0.136991 0.109912 -0.516757
v -0.133770 0.109912 -0.517032
v -0.130457 0.109912 -0.517124
v -0.127144 0.109912 -0.517032
v -0.123923 0.109912 -0.516757
v -0.120793 0.109912 -0.516299
v -0.117755 0.109912 -0.515657
v -0.114809 0.109912 -0.514831
v -0.111955 0.109912 -0.513823
v -0.109192 0.109912 -0.512631
v -0.106521 0.109912 -0.511255
v -0.103941 0.109912 -0.509697
v -0.101453 0.109912 -0.507955
v -0.099057 0.109912 -0.506029
v -0.096753 0.109912 -0.503920
v -0.094589 0.109912 -0.501679
v -0.092613 0.109912 -0.499355
v -0.090824 0.109912 -0.496949
v -0.089225 0.109912 -0.494461
v -0.087813 0.109912 -0.491892
v -0.086590 0.109912 -0.489240
v -0.085555 0.109912 -0.486506
v -0.084708 0.109912 -0.483690
v -0.084049 0.109912 -0.480792
v -0.083578 0.109912 -0.477812
v -0.083296 0.109912 -0.474750
v -0.083202 0.109912 -0.471606
v -0.083215 0.109912 -0.467020
v -0.083255 0.109912 -0.462065
v -0.083321 0.109912 -0.456741
v -0.083414 0.109912 -0.451048
v -0.083534 0.109912 -0.444985
v -0.083680 0.109912 -0.438554
v -0.083852 0.109912 -0.431753
v -0.084051 0.109912 -0.424583
v -0.084277 0.109912 -0.417043
v -0.084529 0.109912 -0.409135
v -0.084808 0.109912 -0.400857
v -0.085113 0.109912 -0.392211
v -0.085418 0.109912 -0.383564
v -0.085697 0.109912 -0.375286
v -0.085949 0.109912 -0.367378
v -0.086175 0.109912 -0.359839
v -0.086374 0.109912 -0.352669
v -0.086546 0.109912 -0.345868
v -0.086692 0.109912 -0.339436
v -0.086812 0.109912 -0.333373
v -0.086905 0.109912 -0.327680
v -0.086971 0.109912 -0.322356
v -0.087011 0.109912 -0.317401
v -0.087024 0.109912 -0.312815
v -0.087041 0.109912 -0.311256
v -0.087092 0.109912 -0.309476
v -0.087176 0.109912 -0.307473
v -0.087294 0.109912 -0.305248
v -0.087446 0.109912 -0.302801
v -0.087632 0.109912 -0.300133
v -0.087852 0.109912 -0.297242
v -0.088105 0.109912 -0.294129
v -0.088392 0.109912 -0.290795
v -0.088713 0.109912 -0.287238
v -0.089068 0.109912 -0.283459
v -0.089456 0.109912 -0.279459
v -0.089787 0.109912 -0.275711
v -0.090084 0.109912 -0.272114
v -0.090347 0.109912 -0.268666
v -0.090576 0.109912 -0.265367
v -0.090771 0.109912 -0.262218
v -0.090933 0.109912 -0.259219
v -0.091061 0.109912 -0.256369
v -0.091155 0.109912 -0.253669
v -0.091215 0.109912 -0.251119
v -0.091242 0.109912 -0.248718
v -0.091235 0.109912 -0.246467
v -0.091194 0.109912 -0.244365
v 0.042232 0.109912 -0.269382
v 0.055113 0.109912 -0.271617
v 0.067694 0.109912 -0.273687
v 0.079976 0.109912 -0.275593
v 0.091958 0.109912 -0.277335
v 0.103642 0.109912 -0.278913
v 0.115026 0.109912 -0.280327
v 0.126111 0.109912 -0.281577
v 0.136897 0.109912 -0.282663
v 0.147384 0.109912 -0.283585
v 0.157571 0.109912 -0.284342
v 0.167459 0.109912 -0.284936
v 0.177048 0.109912 -0.285366
v 0.177292 0.109912 -0.289791
v 0.177560 0.109912 -0.295307
v 0.177852 0.109912 -0.301914
v 0.178168 0.109912 -0.309611
v 0.178508 0.109912 -0.318399
v 0.178872 0.109912 -0.328277
v 0.179261 0.109912 -0.339247
v 0.179673 0.109912 -0.351306
v 0.180110 0.109912 -0.364457
v 0.180571 0.109912 -0.378698
v 0.181056 0.109912 -0.394030
v 0.181565 0.109912 -0.410452
v 0.181785 0.109912 -0.414967
v 0.182212 0.109912 -0.419593
v 0.182847 0.109912 -0.424329
v 0.183689 0.109912 -0.429177
v 0.184738 0.109912 -0.434135
v 0.185995 0.109912 -0.439205
v 0.187460 0.109912 -0.444386
v 0.189132 0.109912 -0.449677
v 0.191012 0.109912 -0.455080
v 0.193099 0.109912 -0.460593
v 0.195394 0.109912 -0.466218
v 0.197896 0.109912 -0.471954
v 0.201175 0.109912 -0.478780
v 0.204527 0.109912 -0.485012
v 0.207951 0.109912 -0.490651
v 0.211447 0.109912 -0.495697
v 0.215016 0.109912 -0.500149
v 0.218657 0.109912 -0.504007
v 0.222370 0.109912 -0.507272
v 0.226156 0.109912 -0.509943
v 0.230015 0.109912 -0.512020
v 0.233945 0.109912 -0.513504
v 0.237948 0.109912 -0.514395
v 0.242024 0.109912 -0.514691
v 0.245064 0.109912 -0.514607
v 0.248047 0.109912 -0.514354
v 0.250971 0.109912 -0.513931
v 0.253838 0.109912 -0.513340
v 0.256646 0.109912 -0.512580
v 0.259397 0.109912 -0.511651
v 0.262090 0.109912 -0.510553
v 0.264725 0.109912 -0.509287
v 0.267302 0.109912 -0.507851
v 0.269821 0.109912 -0.506246
v 0.272282 0.109912 -0.504473
v 0.274686 0.109912 -0.502530
v 0.277127 0.109912 -0.500284
v 0.279357 0.109912 -0.497946
v 0.281374 0.109912 -0.495516
v 0.283179 0.109912 -0.492994
v 0.284772 0.109912 -0.490381
v 0.286152 0.109912 -0.487676
v 0.287320 0.109912 -0.484880
v 0.288275 0.109912 -0.481991
v 0.289018 0.109912 -0.479011
v 0.289549 0.109912 -0.475940
v 0.289868 0.109912 -0.472776
v 2.889001 -0.110088 -0.019903
v 2.878594 -0.110088 -0.009581
v 2.867642 -0.110088 -0.000156
v 2.856144 -0.110088 0.008371
v 2.844101 -0.110088 0.016001
v 2.831513 -0.110088 0.022733
v 2.818379 -0.110088 0.028568
v 2.804700 -0.110088 0.033505
v 2.790476 -0.110088 0.037544
v 2.775706 -0.110088 0.040686
v 2.760391 -0.110088 0.042930
v 2.744531 -0.110088 0.044276
v 2.728126 -0.110088 0.044725
v 2.710793 -0.110088 0.044199
v 2.694238 -0.110088 0.042621
v 2.678460 -0.110088 0.039991
v 2.663459 -0.110088 0.036308
v 2.649234 -0.110088 0.031574
v 2.635787 -0.110088 0.025788
v 2.623116 -0.110088 0.018950
v 2.611223 -0.110088 0.011059
v 2.600107 -0.110088 0.002117
v 2.589767 -0.110088 -0.007877
v 2.580205 -0.110088 -0.018924
v 2.571419 -0.110088 -0.031022
v 2.570032 -0.110088 -0.033216
v 2.568765 -0.110088 -0.035395
v 2.567619 -0.110088 -0.037559
v 2.566593 -0.110088 -0.039709
v 2.565689 -0.110088 -0.041844
v 2.564904 -0.110088 -0.043965
v 2.564241 -0.110088 -0.046072
v 2.563698 -0.110088 -0.048164
v 2.563276 -0.110088 -0.050241
v 2.562974 -0.110088 -0.052304
v 2.562793 -0.110088 -0.054353
v 2.562733 -0.110088 -0.056387
v 2.562837 -0.110088 -0.059476
v 2.563148 -0.110088 -0.062487
v 2.563667 -0.110088 -0.065421
v 2.564393 -0.110088 -0.068278
v 2.565327 -0.110088 -0.071058
v 2.566468 -0.110088 -0.073760
v 2.567817 -0.110088 -0.076386
v 2.569373 -0.110088 -0.078934
v 2.571137 -0.110088 -0.081404
v 2.573108 -0.110088 -0.083798
v 2.575287 -0.110088 -0.086115
v 2.577674 -0.110088 -0.088354
v 2.580193 -0.110088 -0.090463
v 2.582770 -0.110088 -0.092388
v 2.585405 -0.110088 -0.094130
v 2.588098 -0.110088 -0.095689
v 2.590848 -0.110088 -0.097064
v 2.593657 -0.110088 -0.098256
v 2.596524 -0.110088 -0.099265
v 2.599448 -0.110088 -0.100090
v 2.602431 -0.110088 -0.100732
v 2.605471 -0.110088 -0.101191
v 2.608569 -0.110088 -0.101466
v 2.611725 -0.110088 -0.101557
v 2.614930 -0.110088 -0.101456
v 2.618057 -0.110088 -0.101152
v 2.621107 -0.110088 -0.100645
v 2.624079 -0.110088 -0.099936
v 2.626975 -0.110088 -0.099024
v 2.629793 -0.110088 -0.097909
v 2.632535 -0.110088 -0.096592
v 2.635198 -0.110088 -0.095071
v 2.637785 -0.110088 -0.093349
v 2.640294 -0.110088 -0.091423
v 2.642726 -0.110088 -0.089295
v 2.645082 -0.110088 -0.086964
v 2.648981 -0.110088 -0.082901
v 2.652571 -0.110088 -0.079165
v 2.655853 -0.110088 -0.075758
v 2.658826 -0.110088 -0.072679
v 2.661489 -0.110088 -0.069929
v 2.663845 -0.110088 -0.067506
v 2.665891 -0.110088 -0.065412
v 2.667628 -0.110088 -0.063645
v 2.669057 -0.110088 -0.062207
v 2.670176 -0.110088 -0.061097
v 2.670987 -0.110088 -0.060315
v 2.671489 -0.110088 -0.059862
v 2.675014 -0.110088 -0.057531
v 2.678757 -0.110088 -0.055403
v 2.682716 -0.110088 -0.053477
v 2.686893 -0.110088 -0.051754
v 2.691287 -0.110088 -0.050234
v 2.695898 -0.110088 -0.048917
v 2.700727 -0.110088 -0.047802
v 2.705772 -0.110088 -0.046890
v 2.711035 -0.110088 -0.046180
v 2.716515 -0.110088 -0.045674
v 2.722211 -0.110088 -0.045370
v 2.728126 -0.110088 -0.045268
v 2.736921 -0.110088 -0.045541
v 2.745470 -0.110088 -0.046359
v 2.753773 -0.110088 -0.047722
v 2.761829 -0.110088 -0.049631
v 2.769640 -0.110088 -0.052085
v 2.777205 -0.110088 -0.055084
v 2.784523 -0.110088 -0.058629
v 2.791595 -0.110088 -0.062719
v 2.798422 -0.110088 -0.067354
v 2.805002 -0.110088 -0.072535
v 2.811336 -0.110088 -0.078260
v 2.817424 -0.110088 -0.084532
v 2.822918 -0.110088 -0.090955
v 2.827934 -0.110088 -0.097600
v 2.832473 -0.110088 -0.104467
v 2.836534 -0.110088 -0.111557
v 2.840117 -0.110088 -0.118868
v 2.843223 -0.110088 -0.126401
v 2.845850 -0.110088 -0.134156
v 2.848001 -0.110088 -0.142133
v 2.849673 -0.110088 -0.150333
v 2.850867 -0.110088 -0.158754
v 2.851583 -0.110088 -0.167397
v 2.851822 -0.110088 -0.176262
v 2.851703 -0.110088 -0.184710
v 2.851345 -0.110088 -0.192796
v 2.850748 -0.110088 -0.200519
v 2.849911 -0.110088 -0.207881
v 2.848836 -0.110088 -0.214881
v 2.847523 -0.110088 -0.221519
v 2.845970 -0.110088 -0.227795
v 2.844178 -0.110088 -0.233709
v 2.842148 -0.110088 -0.239262
v 2.839879 -0.110088 -0.244452
v 2.837370 -0.110088 -0.249280
v 2.834623 -0.110088 -0.253746
v 2.831635 -0.110088 -0.257853
v 2.828403 -0.110088 -0.261603
v 2.824927 -0.110088 -0.264996
v 2.821207 -0.110088 -0.268031
v 2.817244 -0.110088 -0.270709
v 2.813037 -0.110088 -0.273031
v 2.808586 -0.110088 -0.274995
v 2.803892 -0.110088 -0.276602
v 2.798954 -0.110088 -0.277852
v 2.793772 -0.110088 -0.278744
v 2.788346 -0.110088 -0.279280
v 2.782677 -0.110088 -0.279459
v 2.772652 -0.110088 -0.279184
v 2.762959 -0.110088 -0.278358
v 2.753599 -0.110088 -0.276983
v 2.744572 -0.110088 -0.275057
v 2.735878 -0.110088 -0.272582
v 2.727518 -0.110088 -0.269556
v 2.719490 -0.110088 -0.265980
v 2.711795 -0.110088 -0.261854
v 2.704433 -0.110088 -0.257178
v 2.697404 -0.110088 -0.251951
v 2.690708 -0.110088 -0.246175
v 2.684345 -0.110088 -0.239848
v 2.681911 -0.110088 -0.237071
v 2.679471 -0.110088 -0.234298
v 2.677027 -0.110088 -0.231530
v 2.674578 -0.110088 -0.228768
v 2.672124 -0.110088 -0.226010
v 2.669665 -0.110088 -0.223256
v 2.667201 -0.110088 -0.220508
v 2.664733 -0.110088 -0.217765
v 2.662260 -0.110088 -0.215026
v 2.659781 -0.110088 -0.212292
v 2.657299 -0.110088 -0.209563
v 2.654811 -0.110088 -0.206839
v 2.651667 -0.110088 -0.204008
v 2.648489 -0.110088 -0.201424
v 2.645277 -0.110088 -0.199086
v 2.642032 -0.110088 -0.196994
v 2.638752 -0.110088 -0.195148
v 2.635440 -0.110088 -0.193548
v 2.632093 -0.110088 -0.192195
v 2.628712 -0.110088 -0.191087
v 2.625298 -0.110088 -0.190226
v 2.621850 -0.110088 -0.189610
v 2.618368 -0.110088 -0.189241
v 2.614852 -0.110088 -0.189118
v 2.611594 -0.110088 -0.189212
v 2.608419 -0.110088 -0.189495
v 2.605330 -0.110088 -0.189965
v 2.602324 -0.110088 -0.190624
v 2.599404 -0.110088 -0.191471
v 2.596567 -0.110088 -0.192506
v 2.593815 -0.110088 -0.193729
v 2.591148 -0.110088 -0.195141
v 2.588565 -0.110088 -0.196741
v 2.586066 -0.110088 -0.198529
v 2.583652 -0.110088 -0.200505
v 2.581322 -0.110088 -0.202669
v 2.579130 -0.110088 -0.204962
v 2.577128 -0.110088 -0.207321
v 2.575318 -0.110088 -0.209749
v 2.573697 -0.110088 -0.212244
v 2.572268 -0.110088 -0.214806
v 2.571029 -0.110088 -0.217436
v 2.569980 -0.110088 -0.220134
v 2.569122 -0.110088 -0.222899
v 2.568455 -0.110088 -0.225732
v 2.567978 -0.110088 -0.228633
v 2.567693 -0.110088 -0.231600
v 2.567597 -0.110088 -0.234636
v 2.567638 -0.110088 -0.236277
v 2.567761 -0.110088 -0.238535
v 2.567966 -0.110088 -0.241411
v 2.568254 -0.110088 -0.244905
v 2.568623 -0.110088 -0.249017
v 2.569074 -0.110088 -0.253746
v 2.569607 -0.110088 -0.259093
v 2.570222 -0.110088 -0.265058
v 2.570920 -0.110088 -0.271641
v 2.571699 -0.110088 -0.278841
v 2.572561 -0.110088 -0.286659
v 2.573504 -0.110088 -0.295095
v 2.575336 -0.110088 -0.311589
v 2.577008 -0.110088 -0.327138
v 2.578521 -0.110088 -0.341742
v 2.579874 -0.110088 -0.355399
v 2.581069 -0.110088 -0.368110
v 2.582104 -0.110088 -0.379876
v 2.582980 -0.110088 -0.390695
v 2.583696 -0.110088 -0.400569
v 2.584254 -0.110088 -0.409497
v 2.584652 -0.110088 -0.417479
v 2.584891 -0.110088 -0.424515
v 2.584970 -0.110088 -0.430605
v 2.584928 -0.110088 -0.432039
v 2.584802 -0.110088 -0.433559
v 2.584590 -0.110088 -0.435166
v 2.584295 -0.110088 -0.436860
v 2.583915 -0.110088 -0.438640
v 2.583450 -0.110088 -0.440508
v 2.582901 -0.110088 -0.442463
v 2.582268 -0.110088 -0.444504
v 2.581550 -0.110088 -0.446632
v 2.580748 -0.110088 -0.448847
v 2.579861 -0.110088 -0.451149
v 2.578890 -0.110088 -0.453538
v 2.577919 -0.110088 -0.455927
v 2.577032 -0.110088 -0.458229
v 2.576230 -0.110088 -0.460444
v 2.575512 -0.110088 -0.462572
v 2.574878 -0.110088 -0.464613
v 2.574329 -0.110088 -0.466568
v 2.573865 -0.110088 -0.468435
v 2.573485 -0.110088 -0.470216
v 2.573189 -0.110088 -0.471910
v 2.572978 -0.110088 -0.473517
v 2.572852 -0.110088 -0.475037
v 2.572809 -0.110088 -0.476471
v 2.572932 -0.110088 -0.479308
v 2.573302 -0.110088 -0.482030
v 2.573917 -0.110088 -0.484636
v 2.574778 -0.110088 -0.487126
v 2.575886 -0.110088 -0.489500
v 2.577240 -0.110088 -0.491759
v 2.578839 -0.110088 -0.493902
v 2.580685 -0.110088 -0.495928
v 2.582777 -0.110088 -0.497840
v 2.585115 -0.110088 -0.499635
v 2.587699 -0.110088 -0.501314
v 2.590530 -0.110088 -0.502878
v 2.592880 -0.110088 -0.503988
v 2.595298 -0.110088 -0.505001
v 2.597783 -0.110088 -0.505918
v 2.600336 -0.110088 -0.506738
v 2.602957 -0.110088 -0.507462
v 2.605645 -0.110088 -0.508090
v 2.608400 -0.110088 -0.508621
v 2.611223 -0.110088 -0.509055
v 2.614114 -0.110088 -0.509393
v 2.617072 -0.110088 -0.509634
v 2.620098 -0.110088 -0.509779
v 2.623191 -0.110088 -0.509827
v 2.624399 -0.110088 -0.509819
v 2.625706 -0.110088 -0.509793
v 2.627111 -0.110088 -0.509751
v 2.628616 -0.110088 -0.509692
v 2.630219 -0.110088 -0.509616
v 2.631922 -0.110088 -0.509523
v 2.633723 -0.110088 -0.509413
v 2.635623 -0.110088 -0.509287
v 2.637622 -0.110088 -0.509143
v 2.639720 -0.110088 -0.508982
v 2.641917 -0.110088 -0.508805
v 2.644213 -0.110088 -0.508611
v 2.646509 -0.110088 -0.508417
v 2.648706 -0.110088 -0.508239
v 2.650804 -0.110088 -0.508079
v 2.652803 -0.110088 -0.507935
v 2.654704 -0.110088 -0.507809
v 2.656505 -0.110088 -0.507699
v 2.658207 -0.110088 -0.507606
v 2.659811 -0.110088 -0.507530
v 2.661315 -0.110088 -0.507471
v 2.662720 -0.110088 -0.507429
v 2.664027 -0.110088 -0.507403
v 2.665235 -0.110088 -0.507395
v 2.832365 -0.110088 -0.507047
v 2.833506 -0.110088 -0.507062
v 2.834845 -0.110088 -0.507105
v 2.836382 -0.110088 -0.507178
v 2.838117 -0.110088 -0.507279
v 2.840050 -0.110088 -0.507409
v 2.842180 -0.110088 -0.507569
v 2.844509 -0.110088 -0.507757
v 2.847035 -0.110088 -0.507974
v 2.849760 -0.110088 -0.508220
v 2.852682 -0.110088 -0.508495
v 2.855802 -0.110088 -0.508799
v 2.859119 -0.110088 -0.509132
v 2.862440 -0.110088 -0.509465
v 2.865567 -0.110088 -0.509769
v 2.868501 -0.110088 -0.510044
v 2.871242 -0.110088 -0.510290
v 2.873790 -0.110088 -0.510507
v 2.876145 -0.110088 -0.510696
v 2.878307 -0.110088 -0.510855
v 2.880276 -0.110088 -0.510985
v 2.882052 -0.110088 -0.511087
v 2.883635 -0.110088 -0.511159
v 2.885025 -0.110088 -0.511202
v 2.886221 -0.110088 -0.511217
v 2.889303 -0.110088 -0.511134
v 2.892292 -0.110088 -0.510884
v 2.895190 -0.110088 -0.510468
v 2.897997 -0.110088 -0.509885
v 2.900711 -0.110088 -0.509136
v 2.903334 -0.110088 -0.508220
v 2.905865 -0.110088 -0.507138
v 2.908305 -0.110088 -0.505889
v 2.910653 -0.110088 -0.504474
v 2.912909 -0.110088 -0.502892
v 2.915073 -0.110088 -0.501144
v 2.917146 -0.110088 -0.499229
v 2.919088 -0.110088 -0.497184
v 2.920861 -0.110088 -0.495045
v 2.922466 -0.110088 -0.492812
v 2.923902 -0.110088 -0.490485
v 2.925169 -0.110088 -0.488064
v 2.926267 -0.110088 -0.485548
v 2.927196 -0.110088 -0.482938
v 2.927956 -0.110088 -0.480235
v 2.928547 -0.110088 -0.477437
v 2.928969 -0.110088 -0.474545
v 2.929222 -0.110088 -0.471559
v 2.929307 -0.110088 -0.468479
v 2.928576 -0.110088 -0.460210
v 2.926383 -0.110088 -0.452660
v 2.922727 -0.110088 -0.445829
v 2.917609 -0.110088 -0.439717
v 2.911029 -0.110088 -0.434324
v 2.902987 -0.110088 -0.429650
v 2.893482 -0.110088 -0.425695
v 2.882515 -0.110088 -0.422459
v 2.870086 -0.110088 -0.419943
v 2.856195 -0.110088 -0.418145
v 2.840841 -0.110088 -0.417066
v 2.824025 -0.110088 -0.416707
v 2.822605 -0.110088 -0.416709
v 2.821125 -0.110088 -0.416716
v 2.819584 -0.110088 -0.416729
v 2.817983 -0.110088 -0.416745
v 2.816322 -0.110088 -0.416767
v 2.814600 -0.110088 -0.416794
v 2.812819 -0.110088 -0.416825
v 2.810976 -0.110088 -0.416861
v 2.809074 -0.110088 -0.416902
v 2.807111 -0.110088 -0.416948
v 2.805088 -0.110088 -0.416999
v 2.803004 -0.110088 -0.417054
v 2.800949 -0.110088 -0.417110
v 2.799013 -0.110088 -0.417160
v 2.797195 -0.110088 -0.417206
v 2.795495 -0.110088 -0.417247
v 2.793913 -0.110088 -0.417283
v 2.792450 -0.110088 -0.417315
v 2.791104 -0.110088 -0.417341
v 2.789877 -0.110088 -0.417363
v 2.788769 -0.110088 -0.417380
v 2.787778 -0.110088 -0.417392
v 2.786906 -0.110088 -0.417399
v 2.786152 -0.110088 -0.417402
v 2.682608 -0.110088 -0.417402
v 2.682388 -0.110088 -0.413676
v 2.682077 -0.110088 -0.409564
v 2.681674 -0.110088 -0.405067
v 2.681180 -0.110088 -0.400183
v 2.680593 -0.110088 -0.394913
v 2.679915 -0.110088 -0.389257
v 2.679145 -0.110088 -0.383215
v 2.678284 -0.110088 -0.376787
v 2.677331 -0.110088 -0.369973
v 2.676286 -0.110088 -0.362773
v 2.675149 -0.110088 -0.355186
v 2.673921 -0.110088 -0.347214
v 2.681631 -0.110088 -0.350766
v 2.689586 -0.110088 -0.354009
v 2.697788 -0.110088 -0.356943
v 2.706235 -0.110088 -0.359568
v 2.714929 -0.110088 -0.361885
v 2.723869 -0.110088 -0.363892
v 2.733055 -0.110088 -0.365591
v 2.742487 -0.110088 -0.366981
v 2.752166 -0.110088 -0.368062
v 2.762090 -0.110088 -0.368834
v 2.772261 -0.110088 -0.369297
v 2.782677 -0.110088 -0.369452
v 2.796467 -0.110088 -0.369015
v 2.809693 -0.110088 -0.367705
v 2.822353 -0.110088 -0.365521
v 2.834449 -0.110088 -0.362464
v 2.845981 -0.110088 -0.358533
v 2.856948 -0.110088 -0.353729
v 2.867350 -0.110088 -0.348051
v 2.877187 -0.110088 -0.341500
v 2.886460 -0.110088 -0.334076
v 2.895169 -0.110088 -0.325778
v 2.903312 -0.110088 -0.316606
v 2.910891 -0.110088 -0.306561
v 2.916718 -0.110088 -0.297746
v 2.922039 -0.110088 -0.288560
v 2.926853 -0.110088 -0.279003
v 2.931160 -0.110088 -0.269073
v 2.934960 -0.110088 -0.258773
v 2.938254 -0.110088 -0.248100
v 2.941041 -0.110088 -0.237056
v 2.943321 -0.110088 -0.225640
v 2.945095 -0.110088 -0.213853
v 2.946362 -0.110088 -0.201694
v 2.947122 -0.110088 -0.189164
v 2.947375 -0.110088 -0.176262
v 2.946970 -0.110088 -0.160737
v 2.945753 -0.110088 -0.145666
v 2.943727 -0.110088 -0.131048
v 2.940889 -0.110088 -0.116884
v 2.937240 -0.110088 -0.103174
v 2.932781 -0.110088 -0.089917
v 2.927511 -0.110088 -0.077114
v 2.921431 -0.110088 -0.064765
v 2.914539 -0.110088 -0.052869
v 2.906837 -0.110088 -0.041427
v 2.898324 -0.110088 -0.030438
v 2.461447 -0.110088 -0.301175
v 2.458883 -0.110088 -0.296766
v 2.456115 -0.110088 -0.292513
v 2.453141 -0.110088 -0.288417
v 2.449962 -0.110088 -0.284478
v 2.446578 -0.110088 -0.280695
v 2.442988 -0.110088 -0.277070
v 2.439194 -0.110088 -0.273601
v 2.435194 -0.110088 -0.270290
v 2.430990 -0.110088 -0.267135
v 2.426580 -0.110088 -0.264137
v 2.421966 -0.110088 -0.261295
v 2.417145 -0.110088 -0.258611
v 2.428578 -0.110088 -0.251618
v 2.439016 -0.110088 -0.243960
v 2.448461 -0.110088 -0.235635
v 2.456911 -0.110088 -0.226644
v 2.464367 -0.110088 -0.216988
v 2.470829 -0.110088 -0.206665
v 2.476296 -0.110088 -0.195677
v 2.480770 -0.110088 -0.184022
v 2.484250 -0.110088 -0.171702
v 2.486735 -0.110088 -0.158715
v 2.488226 -0.110088 -0.145063
v 2.488723 -0.110088 -0.130744
v 2.488359 -0.110088 -0.119080
v 2.487266 -0.110088 -0.107715
v 2.485444 -0.110088 -0.096649
v 2.482893 -0.110088 -0.085883
v 2.479614 -0.110088 -0.075416
v 2.475606 -0.110088 -0.065247
v 2.470870 -0.110088 -0.055378
v 2.465405 -0.110088 -0.045809
v 2.459210 -0.110088 -0.036538
v 2.452288 -0.110088 -0.027567
v 2.444636 -0.110088 -0.018895
v 2.436256 -0.110088 -0.010522
v 2.427355 -0.110088 -0.002641
v 2.418140 -0.110088 0.004554
v 2.408611 -0.110088 0.011064
v 2.398768 -0.110088 0.016889
v 2.388613 -0.110088 0.022029
v 2.378143 -0.110088 0.026483
v 2.367359 -0.110088 0.030252
v 2.356262 -0.110088 0.033336
v 2.344851 -0.110088 0.035734
v 2.333127 -0.110088 0.037447
v 2.321089 -0.110088 0.038475
v 2.308737 -0.110088 0.038818
v 2.299490 -0.110088 0.038661
v 2.290399 -0.110088 0.038191
v 2.281461 -0.110088 0.037406
v 2.272678 -0.110088 0.036308
v 2.264049 -0.110088 0.034897
v 2.255575 -0.110088 0.033172
v 2.247255 -0.110088 0.031133
v 2.239090 -0.110088 0.028780
v 2.231079 -0.110088 0.026114
v 2.223222 -0.110088 0.023134
v 2.215520 -0.110088 0.019840
v 2.207973 -0.110088 0.016233
v 2.199578 -0.110088 0.011677
v 2.191651 -0.110088 0.006813
v 2.184193 -0.110088 0.001639
v 2.177203 -0.110088 -0.003843
v 2.170681 -0.110088 -0.009634
v 2.164626 -0.110088 -0.015734
v 2.159040 -0.110088 -0.022143
v 2.153923 -0.110088 -0.028860
v 2.149273 -0.110088 -0.035887
v 2.145091 -0.110088 -0.043222
v 2.141378 -0.110088 -0.050866
v 2.138132 -0.110088 -0.058819
v 2.137688 -0.110088 -0.060043
v 2.137283 -0.110088 -0.061281
v 2.136916 -0.110088 -0.062533
v 2.136588 -0.110088 -0.063800
v 2.136298 -0.110088 -0.065081
v 2.136048 -0.110088 -0.066377
v 2.135835 -0.110088 -0.067687
v 2.135662 -0.110088 -0.069012
v 2.135526 -0.110088 -0.070351
v 2.135430 -0.110088 -0.071704
v 2.135372 -0.110088 -0.073073
v 2.135353 -0.110088 -0.074455
v 2.135461 -0.110088 -0.077652
v 2.135787 -0.110088 -0.080758
v 2.136330 -0.110088 -0.083772
v 2.137090 -0.110088 -0.086694
v 2.138067 -0.110088 -0.089524
v 2.139262 -0.110088 -0.092263
v 2.140673 -0.110088 -0.094910
v 2.142302 -0.110088 -0.097465
v 2.144148 -0.110088 -0.099929
v 2.146211 -0.110088 -0.102301
v 2.148491 -0.110088 -0.104581
v 2.150989 -0.110088 -0.106769
v 2.153450 -0.110088 -0.108656
v 2.155969 -0.110088 -0.110379
v 2.158546 -0.110088 -0.111938
v 2.161181 -0.110088 -0.113333
v 2.163874 -0.110088 -0.114563
v 2.166624 -0.110088 -0.115630
v 2.169433 -0.110088 -0.116532
v 2.172300 -0.110088 -0.117270
v 2.175224 -0.110088 -0.117845
v 2.178206 -0.110088 -0.118255
v 2.181247 -0.110088 -0.118501
v 2.184345 -0.110088 -0.118583
v 2.187933 -0.110088 -0.118462
v 2.191400 -0.110088 -0.118101
v 2.194747 -0.110088 -0.117497
v 2.197973 -0.110088 -0.116653
v 2.201079 -0.110088 -0.115567
v 2.204063 -0.110088 -0.114240
v 2.206928 -0.110088 -0.112671
v 2.209671 -0.110088 -0.110862
v 2.212294 -0.110088 -0.108811
v 2.214796 -0.110088 -0.106518
v 2.217178 -0.110088 -0.103985
v 2.219439 -0.110088 -0.101210
v 2.223015 -0.110088 -0.096418
v 2.226330 -0.110088 -0.092002
v 2.229385 -0.110088 -0.087963
v 2.232179 -0.110088 -0.084300
v 2.234713 -0.110088 -0.081014
v 2.236986 -0.110088 -0.078104
v 2.238998 -0.110088 -0.075570
v 2.240750 -0.110088 -0.073413
v 2.242241 -0.110088 -0.071632
v 2.243472 -0.110088 -0.070228
v 2.244442 -0.110088 -0.069200
v 2.245151 -0.110088 -0.068548
v 2.248884 -0.110088 -0.065773
v 2.252902 -0.110088 -0.063240
v 2.257204 -0.110088 -0.060948
v 2.261791 -0.110088 -0.058897
v 2.266662 -0.110088 -0.057087
v 2.271819 -0.110088 -0.055518
v 2.277260 -0.110088 -0.054191
v 2.282986 -0.110088 -0.053106
v 2.288997 -0.110088 -0.052261
v 2.295292 -0.110088 -0.051658
v 2.301872 -0.110088 -0.051296
v 2.308737 -0.110088 -0.051175
v 2.314182 -0.110088 -0.051313
v 2.319513 -0.110088 -0.051725
v 2.324731 -0.110088 -0.052413
v 2.329836 -0.110088 -0.053376
v 2.334827 -0.110088 -0.054614
v 2.339705 -0.110088 -0.056127
v 2.344469 -0.110088 -0.057915
v 2.349120 -0.110088 -0.059978
v 2.353657 -0.110088 -0.062316
v 2.358082 -0.110088 -0.064929
v 2.362392 -0.110088 -0.067817
v 2.366590 -0.110088 -0.070981
v 2.370558 -0.110088 -0.074337
v 2.374181 -0.110088 -0.077804
v 2.377459 -0.110088 -0.081383
v 2.380392 -0.110088 -0.085072
v 2.382979 -0.110088 -0.088873
v 2.385222 -0.110088 -0.092784
v 2.387120 -0.110088 -0.096806
v 2.388673 -0.110088 -0.100940
v 2.389881 -0.110088 -0.105184
v 2.390743 -0.110088 -0.109539
v 2.391261 -0.110088 -0.114006
v 2.391433 -0.110088 -0.118583
v 2.390625 -0.110088 -0.132482
v 2.388200 -0.110088 -0.145338
v 2.384158 -0.110088 -0.157152
v 2.378500 -0.110088 -0.167923
v 2.371225 -0.110088 -0.177652
v 2.362333 -0.110088 -0.186338
v 2.351825 -0.110088 -0.193983
v 2.339700 -0.110088 -0.200584
v 2.325958 -0.110088 -0.206144
v 2.310600 -0.110088 -0.210661
v 2.293625 -0.110088 -0.214136
v 2.275033 -0.110088 -0.216568
v 2.266875 -0.110088 -0.217608
v 2.259426 -0.110088 -0.219106
v 2.252687 -0.110088 -0.221063
v 2.246657 -0.110088 -0.223478
v 2.241336 -0.110088 -0.226352
v 2.236725 -0.110088 -0.229685
v 2.232823 -0.110088 -0.233475
v 2.229631 -0.110088 -0.237724
v 2.227148 -0.110088 -0.242432
v 2.225375 -0.110088 -0.247598
v 2.224310 -0.110088 -0.253223
v 2.223956 -0.110088 -0.259306
v 2.224231 -0.110088 -0.264004
v 2.225056 -0.110088 -0.268485
v 2.226431 -0.110088 -0.272748
v 2.228357 -0.110088 -0.276795
v 2.230833 -0.110088 -0.280624
v 2.233859 -0.110088 -0.284236
v 2.237434 -0.110088 -0.287631
v 2.241561 -0.110088 -0.290809
v 2.246237 -0.110088 -0.293770
v 2.251463 -0.110088 -0.296513
v 2.257240 -0.110088 -0.299040
v 2.263566 -0.110088 -0.301349
v 2.269819 -0.110088 -0.302741
v 2.276066 -0.110088 -0.304138
v 2.282308 -0.110088 -0.305540
v 2.288545 -0.110088 -0.306947
v 2.294778 -0.110088 -0.308358
v 2.301006 -0.110088 -0.309775
v 2.307229 -0.110088 -0.311196
v 2.313447 -0.110088 -0.312622
v 2.319660 -0.110088 -0.314053
v 2.325869 -0.110088 -0.315489
v 2.332072 -0.110088 -0.316929
v 2.338271 -0.110088 -0.318375
v 2.342127 -0.110088 -0.319622
v 2.345819 -0.110088 -0.320932
v 2.349347 -0.110088 -0.322305
v 2.352710 -0.110088 -0.323741
v 2.355910 -0.110088 -0.325239
v 2.358945 -0.110088 -0.326801
v 2.361817 -0.110088 -0.328425
v 2.364524 -0.110088 -0.330111
v 2.367067 -0.110088 -0.331861
v 2.369446 -0.110088 -0.333673
v 2.371661 -0.110088 -0.335548
v 2.373713 -0.110088 -0.337485
v 2.375602 -0.110088 -0.339485
v 2.377332 -0.110088 -0.341549
v 2.378903 -0.110088 -0.343674
v 2.380314 -0.110088 -0.345863
v 2.381567 -0.110088 -0.348114
v 2.382660 -0.110088 -0.350428
v 2.383594 -0.110088 -0.352805
v 2.384368 -0.110088 -0.355244
v 2.384983 -0.110088 -0.357747
v 2.385439 -0.110088 -0.360312
v 2.385736 -0.110088 -0.362939
v 2.385874 -0.110088 -0.365630
v 2.385524 -0.110088 -0.373899
v 2.384011 -0.110088 -0.381449
v 2.381335 -0.110088 -0.388280
v 2.377496 -0.110088 -0.394392
v 2.372494 -0.110088 -0.399785
v 2.366329 -0.110088 -0.404459
v 2.359001 -0.110088 -0.408414
v 2.350510 -0.110088 -0.411649
v 2.340856 -0.110088 -0.414166
v 2.330038 -0.110088 -0.415964
v 2.318058 -0.110088 -0.417042
v 2.304915 -0.110088 -0.417402
v 2.300362 -0.110088 -0.417258
v 2.295736 -0.110088 -0.416827
v 2.291038 -0.110088 -0.416110
v 2.286268 -0.110088 -0.415105
v 2.281425 -0.110088 -0.413812
v 2.276510 -0.110088 -0.412233
v 2.271522 -0.110088 -0.410367
v 2.266462 -0.110088 -0.408213
v 2.261330 -0.110088 -0.405773
v 2.256125 -0.110088 -0.403045
v 2.250848 -0.110088 -0.400030
v 2.245499 -0.110088 -0.396728
v 2.240255 -0.110088 -0.393426
v 2.235297 -0.110088 -0.390411
v 2.230623 -0.110088 -0.387683
v 2.226234 -0.110088 -0.385242
v 2.222129 -0.110088 -0.383088
v 2.218309 -0.110088 -0.381222
v 2.214775 -0.110088 -0.379643
v 2.211524 -0.110088 -0.378351
v 2.208559 -0.110088 -0.377346
v 2.205878 -0.110088 -0.376628
v 2.203482 -0.110088 -0.376197
v 2.201371 -0.110088 -0.376054
v 2.198111 -0.110088 -0.376153
v 2.194933 -0.110088 -0.376449
v 2.191837 -0.110088 -0.376944
v 2.188823 -0.110088 -0.377636
v 2.185892 -0.110088 -0.378527
v 2.183042 -0.110088 -0.379615
v 2.180274 -0.110088 -0.380901
v 2.177589 -0.110088 -0.382385
v 2.174985 -0.110088 -0.384067
v 2.172464 -0.110088 -0.385947
v 2.170024 -0.110088 -0.388024
v 2.167667 -0.110088 -0.390300
v 2.165447 -0.110088 -0.392700
v 2.163420 -0.110088 -0.395154
v 2.161586 -0.110088 -0.397661
v 2.159945 -0.110088 -0.400222
v 2.158498 -0.110088 -0.402835
v 2.157243 -0.110088 -0.405501
v 2.156181 -0.110088 -0.408220
v 2.155313 -0.110088 -0.410993
v 2.154637 -0.110088 -0.413819
v 2.154154 -0.110088 -0.416697
v 2.153865 -0.110088 -0.419629
v 2.153768 -0.110088 -0.422614
v 2.154174 -0.110088 -0.427534
v 2.155390 -0.110088 -0.432449
v 2.157417 -0.110088 -0.437359
v 2.160254 -0.110088 -0.442265
v 2.163903 -0.110088 -0.447165
v 2.168362 -0.110088 -0.452061
v 2.173631 -0.110088 -0.456952
v 2.179712 -0.110088 -0.461838
v 2.186604 -0.110088 -0.466720
v 2.194306 -0.110088 -0.471596
v 2.202818 -0.110088 -0.476468
v 2.212142 -0.110088 -0.481335
v 2.220694 -0.110088 -0.485497
v 2.228975 -0.110088 -0.489298
v 2.236986 -0.110088 -0.492736
v 2.244726 -0.110088 -0.495813
v 2.252197 -0.110088 -0.498527
v 2.259397 -0.110088 -0.500880
v 2.266327 -0.110088 -0.502871
v 2.272987 -0.110088 -0.504499
v 2.279377 -0.110088 -0.505766
v 2.285496 -0.110088 -0.506671
v 2.291345 -0.110088 -0.507214
v 2.296923 -0.110088 -0.507395
v 2.309854 -0.110088 -0.507158
v 2.322356 -0.110088 -0.506449
v 2.334427 -0.110088 -0.505267
v 2.346070 -0.110088 -0.503611
v 2.357283 -0.110088 -0.501483
v 2.368066 -0.110088 -0.498882
v 2.378420 -0.110088 -0.495808
v 2.388345 -0.110088 -0.492261
v 2.397840 -0.110088 -0.488241
v 2.406905 -0.110088 -0.483748
v 2.415541 -0.110088 -0.478782
v 2.423747 -0.110088 -0.473343
v 2.432127 -0.110088 -0.466867
v 2.439779 -0.110088 -0.459947
v 2.446702 -0.110088 -0.452582
v 2.452896 -0.110088 -0.444774
v 2.458361 -0.110088 -0.436522
v 2.463098 -0.110088 -0.427826
v 2.467105 -0.110088 -0.418685
v 2.470385 -0.110088 -0.409101
v 2.472935 -0.110088 -0.399073
v 2.474757 -0.110088 -0.388601
v 2.475850 -0.110088 -0.377685
v 2.476214 -0.110088 -0.366325
v 2.476112 -0.110088 -0.360033
v 2.475804 -0.110088 -0.353898
v 2.475291 -0.110088 -0.347920
v 2.474574 -0.110088 -0.342099
v 2.473650 -0.110088 -0.336434
v 2.472522 -0.110088 -0.330927
v 2.471189 -0.110088 -0.325576
v 2.469651 -0.110088 -0.320382
v 2.467908 -0.110088 -0.315345
v 2.465959 -0.110088 -0.310465
v 2.463806 -0.110088 -0.305742
v 2.034936 -0.110088 -0.041099
v 2.025766 -0.110088 -0.028723
v 2.015864 -0.110088 -0.017423
v 2.005228 -0.110088 -0.007199
v 1.993858 -0.110088 0.001948
v 1.981754 -0.110088 0.010019
v 1.968918 -0.110088 0.017015
v 1.955347 -0.110088 0.022934
v 1.941043 -0.110088 0.027776
v 1.926006 -0.110088 0.031543
v 1.910235 -0.110088 0.034233
v 1.893730 -0.110088 0.035848
v 1.876492 -0.110088 0.036386
v 1.857763 -0.110088 0.035696
v 1.839912 -0.110088 0.033625
v 1.822939 -0.110088 0.030175
v 1.806845 -0.110088 0.025344
v 1.791629 -0.110088 0.019133
v 1.777291 -0.110088 0.011542
v 1.763832 -0.110088 0.002571
v 1.751251 -0.110088 -0.007781
v 1.739548 -0.110088 -0.019513
v 1.728724 -0.110088 -0.032624
v 1.718778 -0.110088 -0.047117
v 1.709710 -0.110088 -0.062989
v 1.703605 -0.110088 -0.075563
v 1.698031 -0.110088 -0.088730
v 1.692988 -0.110088 -0.102491
v 1.688476 -0.110088 -0.116846
v 1.684494 -0.110088 -0.131794
v 1.681044 -0.110088 -0.147336
v 1.678124 -0.110088 -0.163471
v 1.675736 -0.110088 -0.180200
v 1.673878 -0.110088 -0.197522
v 1.672550 -0.110088 -0.215439
v 1.671754 -0.110088 -0.233948
v 1.671489 -0.110088 -0.253051
v 1.671839 -0.110088 -0.269445
v 1.672888 -0.110088 -0.285501
v 1.674638 -0.110088 -0.301219
v 1.677087 -0.110088 -0.316599
v 1.680236 -0.110088 -0.331641
v 1.684084 -0.110088 -0.346345
v 1.688633 -0.110088 -0.360712
v 1.693881 -0.110088 -0.374741
v 1.699829 -0.110088 -0.388432
v 1.706476 -0.110088 -0.401785
v 1.713824 -0.110088 -0.414801
v 1.721871 -0.110088 -0.427478
v 1.732256 -0.110088 -0.441852
v 1.743259 -0.110088 -0.454976
v 1.754880 -0.110088 -0.466850
v 1.767118 -0.110088 -0.477474
v 1.779975 -0.110088 -0.486849
v 1.793449 -0.110088 -0.494973
v 1.807540 -0.110088 -0.501847
v 1.822249 -0.110088 -0.507472
v 1.837576 -0.110088 -0.511847
v 1.853521 -0.110088 -0.514971
v 1.870084 -0.110088 -0.516846
v 1.887264 -0.110088 -0.517471
v 1.903517 -0.110088 -0.516914
v 1.919153 -0.110088 -0.515242
v 1.934171 -0.110088 -0.512455
v 1.948572 -0.110088 -0.508553
v 1.962354 -0.110088 -0.503536
v 1.975519 -0.110088 -0.497405
v 1.988067 -0.110088 -0.490159
v 1.999996 -0.110088 -0.481798
v 2.011308 -0.110088 -0.472323
v 2.022002 -0.110088 -0.461732
v 2.032079 -0.110088 -0.450027
v 2.041538 -0.110088 -0.437207
v 2.048919 -0.110088 -0.425719
v 2.055658 -0.110088 -0.413840
v 2.061755 -0.110088 -0.401570
v 2.067211 -0.110088 -0.388910
v 2.072025 -0.110088 -0.375858
v 2.076197 -0.110088 -0.362416
v 2.079727 -0.110088 -0.348582
v 2.082615 -0.110088 -0.334358
v 2.084862 -0.110088 -0.319743
v 2.086466 -0.110088 -0.304737
v 2.087429 -0.110088 -0.289340
v 2.087750 -0.110088 -0.273552
v 2.087383 -0.110088 -0.248262
v 2.086283 -0.110088 -0.224048
v 2.084449 -0.110088 -0.200910
v 2.081882 -0.110088 -0.178849
v 2.078581 -0.110088 -0.157863
v 2.074546 -0.110088 -0.137954
v 2.069778 -0.110088 -0.119121
v 2.064277 -0.110088 -0.101364
v 2.058042 -0.110088 -0.084684
v 2.051073 -0.110088 -0.069079
v 2.043371 -0.110088 -0.054551
v 1.964574 -0.110088 -0.385783
v 1.960080 -0.110088 -0.392387
v 1.955227 -0.110088 -0.398417
v 1.950014 -0.110088 -0.403872
v 1.944441 -0.110088 -0.408754
v 1.938509 -0.110088 -0.413061
v 1.932217 -0.110088 -0.416794
v 1.925566 -0.110088 -0.419952
v 1.918555 -0.110088 -0.422536
v 1.911184 -0.110088 -0.424546
v 1.903455 -0.110088 -0.425982
v 1.895365 -0.110088 -0.426844
v 1.886916 -0.110088 -0.427131
v 1.877689 -0.110088 -0.426742
v 1.868771 -0.110088 -0.425577
v 1.860162 -0.110088 -0.423634
v 1.851861 -0.110088 -0.420915
v 1.843869 -0.110088 -0.417419
v 1.836187 -0.110088 -0.413145
v 1.828813 -0.110088 -0.408095
v 1.821748 -0.110088 -0.402268
v 1.814991 -0.110088 -0.395664
v 1.808544 -0.110088 -0.388282
v 1.802405 -0.110088 -0.380124
v 1.796576 -0.110088 -0.371189
v 1.791803 -0.110088 -0.362973
v 1.787445 -0.110088 -0.354540
v 1.783502 -0.110088 -0.345889
v 1.779975 -0.110088 -0.337022
v 1.776862 -0.110088 -0.327937
v 1.774164 -0.110088 -0.318635
v 1.771882 -0.110088 -0.309116
v 1.770014 -0.110088 -0.299380
v 1.768561 -0.110088 -0.289427
v 1.767524 -0.110088 -0.279256
v 1.766901 -0.110088 -0.268868
v 1.766694 -0.110088 -0.258263
v 1.766805 -0.110088 -0.244403
v 1.767138 -0.110088 -0.231084
v 1.767693 -0.110088 -0.218305
v 1.768470 -0.110088 -0.206067
v 1.769469 -0.110088 -0.194369
v 1.770690 -0.110088 -0.183211
v 1.772133 -0.110088 -0.172594
v 1.773798 -0.110088 -0.162518
v 1.775684 -0.110088 -0.152982
v 1.777793 -0.110088 -0.143987
v 1.780124 -0.110088 -0.135532
v 1.782677 -0.110088 -0.127617
v 1.787257 -0.110088 -0.115796
v 1.792425 -0.110088 -0.105003
v 1.798183 -0.110088 -0.095238
v 1.804529 -0.110088 -0.086501
v 1.811464 -0.110088 -0.078791
v 1.818987 -0.110088 -0.072110
v 1.827099 -0.110088 -0.066456
v 1.835800 -0.110088 -0.061831
v 1.845090 -0.110088 -0.058233
v 1.854969 -0.110088 -0.055663
v 1.865436 -0.110088 -0.054121
v 1.876492 -0.110088 -0.053607
v 1.885792 -0.110088 -0.053968
v 1.894696 -0.110088 -0.055050
v 1.903203 -0.110088 -0.056854
v 1.911316 -0.110088 -0.059379
v 1.919032 -0.110088 -0.062626
v 1.926353 -0.110088 -0.066594
v 1.933278 -0.110088 -0.071283
v 1.939808 -0.110088 -0.076694
v 1.945941 -0.110088 -0.082827
v 1.951679 -0.110088 -0.089681
v 1.957022 -0.110088 -0.097256
v 1.961968 -0.110088 -0.105553
v 1.966519 -0.110088 -0.114572
v 1.970674 -0.110088 -0.124311
v 1.974434 -0.110088 -0.134773
v 1.977797 -0.110088 -0.145955
v 1.980765 -0.110088 -0.157860
v 1.983337 -0.110088 -0.170485
v 1.985514 -0.110088 -0.183833
v 1.987295 -0.110088 -0.197901
v 1.988680 -0.110088 -0.212691
v 1.989669 -0.110088 -0.228203
v 1.990263 -0.110088 -0.244436
v 1.990460 -0.110088 -0.261391
v 1.990281 -0.110088 -0.274942
v 1.989741 -0.110088 -0.287914
v 1.988842 -0.110088 -0.300306
v 1.987584 -0.110088 -0.312120
v 1.985966 -0.110088 -0.323355
v 1.983989 -0.110088 -0.334010
v 1.981652 -0.110088 -0.344087
v 1.978956 -0.110088 -0.353584
v 1.975899 -0.110088 -0.362502
v 1.972484 -0.110088 -0.370842
v 1.968709 -0.110088 -0.378602
v 1.600606 -0.110088 -0.041099
v 1.591437 -0.110088 -0.028723
v 1.581534 -0.110088 -0.017423
v 1.570898 -0.110088 -0.007199
v 1.559528 -0.110088 0.001948
v 1.547425 -0.110088 0.010019
v 1.534588 -0.110088 0.017015
v 1.521018 -0.110088 0.022934
v 1.506714 -0.110088 0.027776
v 1.491676 -0.110088 0.031543
v 1.475905 -0.110088 0.034233
v 1.459401 -0.110088 0.035848
v 1.442163 -0.110088 0.036386
v 1.423434 -0.110088 0.035696
v 1.405583 -0.110088 0.033625
v 1.388610 -0.110088 0.030175
v 1.372516 -0.110088 0.025344
v 1.357300 -0.110088 0.019133
v 1.342962 -0.110088 0.011542
v 1.329503 -0.110088 0.002571
v 1.316922 -0.110088 -0.007781
v 1.305219 -0.110088 -0.019513
v 1.294394 -0.110088 -0.032624
v 1.284448 -0.110088 -0.047117
v 1.275380 -0.110088 -0.062989
v 1.269276 -0.110088 -0.075563
v 1.263702 -0.110088 -0.088730
v 1.258659 -0.110088 -0.102491
v 1.254147 -0.110088 -0.116846
v 1.250165 -0.110088 -0.131794
v 1.246715 -0.110088 -0.147336
v 1.243795 -0.110088 -0.163471
v 1.241406 -0.110088 -0.180200
v 1.239548 -0.110088 -0.197522
v 1.238221 -0.110088 -0.215439
v 1.237425 -0.110088 -0.233948
v 1.237159 -0.110088 -0.253051
v 1.237509 -0.110088 -0.269445
v 1.238559 -0.110088 -0.285501
v 1.240308 -0.110088 -0.301219
v 1.242757 -0.110088 -0.316599
v 1.245906 -0.110088 -0.331641
v 1.249755 -0.110088 -0.346345
v 1.254303 -0.110088 -0.360712
v 1.259552 -0.110088 -0.374741
v 1.265499 -0.110088 -0.388432
v 1.272147 -0.110088 -0.401785
v 1.279495 -0.110088 -0.414801
v 1.287542 -0.110088 -0.427478
v 1.297927 -0.110088 -0.441852
v 1.308930 -0.110088 -0.454976
v 1.320551 -0.110088 -0.466850
v 1.332789 -0.110088 -0.477474
v 1.345645 -0.110088 -0.486849
v 1.359119 -0.110088 -0.494973
v 1.373211 -0.110088 -0.501847
v 1.387920 -0.110088 -0.507472
v 1.403247 -0.110088 -0.511847
v 1.419192 -0.110088 -0.514971
v 1.435754 -0.110088 -0.516846
v 1.452934 -0.110088 -0.517471
v 1.469188 -0.110088 -0.516914
v 1.484824 -0.110088 -0.515242
v 1.499842 -0.110088 -0.512455
v 1.514242 -0.110088 -0.508553
v 1.528025 -0.110088 -0.503536
v 1.541190 -0.110088 -0.497405
v 1.553737 -0.110088 -0.490159
v 1.565667 -0.110088 -0.481798
v 1.576979 -0.110088 -0.472323
v 1.587673 -0.110088 -0.461732
v 1.597749 -0.110088 -0.450027
v 1.607208 -0.110088 -0.437207
v 1.614589 -0.110088 -0.425719
v 1.621329 -0.110088 -0.413840
v 1.627426 -0.110088 -0.401570
v 1.632882 -0.110088 -0.388910
v 1.637696 -0.110088 -0.375858
v 1.641868 -0.110088 -0.362416
v 1.645398 -0.110088 -0.348582
v 1.648286 -0.110088 -0.334358
v 1.650532 -0.110088 -0.319743
v 1.652137 -0.110088 -0.304737
v 1.653100 -0.110088 -0.289340
v 1.653421 -0.110088 -0.273552
v 1.653054 -0.110088 -0.248262
v 1.651954 -0.110088 -0.224048
v 1.650120 -0.110088 -0.200910
v 1.647552 -0.110088 -0.178849
v 1.644252 -0.110088 -0.157863
v 1.640217 -0.110088 -0.137954
v 1.635449 -0.110088 -0.119121
v 1.629948 -0.110088 -0.101364
v 1.623713 -0.110088 -0.084684
v 1.616744 -0.110088 -0.069079
v 1.609042 -0.110088 -0.054551
v 1.530245 -0.110088 -0.385783
v 1.525751 -0.110088 -0.392387
v 1.520897 -0.110088 -0.398417
v 1.515684 -0.110088 -0.403872
v 1.510111 -0.110088 -0.408754
v 1.504179 -0.110088 -0.413061
v 1.497887 -0.110088 -0.416794
v 1.491236 -0.110088 -0.419952
v 1.484225 -0.110088 -0.422536
v 1.476855 -0.110088 -0.424546
v 1.469125 -0.110088 -0.425982
v 1.461036 -0.110088 -0.426844
v 1.452587 -0.110088 -0.427131
v 1.443360 -0.110088 -0.426742
v 1.434442 -0.110088 -0.425577
v 1.425832 -0.110088 -0.423634
v 1.417532 -0.110088 -0.420915
v 1.409540 -0.110088 -0.417419
v 1.401857 -0.110088 -0.413145
v 1.394483 -0.110088 -0.408095
v 1.387418 -0.110088 -0.402268
v 1.380662 -0.110088 -0.395664
v 1.374215 -0.110088 -0.388282
v 1.368076 -0.110088 -0.380124
v 1.362246 -0.110088 -0.371189
v 1.357473 -0.110088 -0.362973
v 1.353116 -0.110088 -0.354540
v 1.349173 -0.110088 -0.345889
v 1.345645 -0.110088 -0.337022
v 1.342533 -0.110088 -0.327937
v 1.339835 -0.110088 -0.318635
v 1.337552 -0.110088 -0.309116
v 1.335685 -0.110088 -0.299380
v 1.334232 -0.110088 -0.289427
v 1.333194 -0.110088 -0.279256
v 1.332572 -0.110088 -0.268868
v 1.332364 -0.110088 -0.258263
v 1.332475 -0.110088 -0.244403
v 1.332808 -0.110088 -0.231084
v 1.333363 -0.110088 -0.218305
v 1.334140 -0.110088 -0.206067
v 1.335139 -0.110088 -0.194369
v 1.336360 -0.110088 -0.183211
v 1.337803 -0.110088 -0.172594
v 1.339468 -0.110088 -0.162518
v 1.341355 -0.110088 -0.152982
v 1.343464 -0.110088 -0.143987
v 1.345795 -0.110088 -0.135532
v 1.348348 -0.110088 -0.127617
v 1.352928 -0.110088 -0.115796
v 1.358096 -0.110088 -0.105003
v 1.363853 -0.110088 -0.095238
v 1.370199 -0.110088 -0.086501
v 1.377134 -0.110088 -0.078791
v 1.384658 -0.110088 -0.072110
v 1.392770 -0.110088 -0.066456
v 1.401471 -0.110088 -0.061831
v 1.410761 -0.110088 -0.058233
v 1.420640 -0.110088 -0.055663
v 1.431107 -0.110088 -0.054121
v 1.442163 -0.110088 -0.053607
v 1.451462 -0.110088 -0.053968
v 1.460366 -0.110088 -0.055050
v 1.468874 -0.110088 -0.056854
v 1.476986 -0.110088 -0.059379
v 1.484703 -0.110088 -0.062626
v 1.492024 -0.110088 -0.066594
v 1.498949 -0.110088 -0.071283
v 1.505479 -0.110088 -0.076694
v 1.511612 -0.110088 -0.082827
v 1.517350 -0.110088 -0.089681
v 1.522692 -0.110088 -0.097256
v 1.527639 -0.110088 -0.105553
v 1.532190 -0.110088 -0.114572
v 1.536345 -0.110088 -0.124311
v 1.540104 -0.110088 -0.134773
v 1.543468 -0.110088 -0.145955
v 1.546436 -0.110088 -0.157860
v 1.549008 -0.110088 -0.170485
v 1.551184 -0.110088 -0.183833
v 1.552965 -0.110088 -0.197901
v 1.554350 -0.110088 -0.212691
v 1.555339 -0.110088 -0.228203
v 1.555933 -0.110088 -0.244436
v 1.556131 -0.110088 -0.261391
v 1.555951 -0.110088 -0.274942
v 1.555412 -0.110088 -0.287914
v 1.554513 -0.110088 -0.300306
v 1.553255 -0.110088 -0.312120
v 1.551637 -0.110088 -0.323355
v 1.549659 -0.110088 -0.334010
v 1.547323 -0.110088 -0.344087
v 1.544626 -0.110088 -0.353584
v 1.541570 -0.110088 -0.362502
v 1.538155 -0.110088 -0.370842
v 1.534379 -0.110088 -0.378602
v 1.183303 -0.110088 -0.233941
v 1.179796 -0.110088 -0.214473
v 1.175764 -0.110088 -0.195566
v 1.171206 -0.110088 -0.177218
v 1.166122 -0.110088 -0.159429
v 1.160512 -0.110088 -0.142201
v 1.154376 -0.110088 -0.125532
v 1.147714 -0.110088 -0.109424
v 1.140526 -0.110088 -0.093875
v 1.132812 -0.110088 -0.078885
v 1.124572 -0.110088 -0.064456
v 1.115805 -0.110088 -0.050586
v 1.106513 -0.110088 -0.037277
v 1.102213 -0.110088 -0.031623
v 1.097769 -0.110088 -0.026129
v 1.093179 -0.110088 -0.020794
v 1.088445 -0.110088 -0.015618
v 1.083566 -0.110088 -0.010602
v 1.078542 -0.110088 -0.005744
v 1.073374 -0.110088 -0.001046
v 1.068060 -0.110088 0.003492
v 1.062602 -0.110088 0.007872
v 1.057000 -0.110088 0.012092
v 1.051252 -0.110088 0.016153
v 1.045359 -0.110088 0.020055
v 1.038046 -0.110088 0.024495
v 1.030699 -0.110088 0.028548
v 1.023317 -0.110088 0.032216
v 1.015902 -0.110088 0.035498
v 1.008454 -0.110088 0.038393
v 1.000971 -0.110088 0.040903
v 0.993455 -0.110088 0.043026
v 0.985905 -0.110088 0.044763
v 0.978321 -0.110088 0.046115
v 0.970703 -0.110088 0.047080
v 0.963052 -0.110088 0.047659
v 0.955366 -0.110088 0.047852
v 0.940915 -0.110088 0.047615
v 0.927096 -0.110088 0.046906
v 0.913910 -0.110088 0.045724
v 0.901355 -0.110088 0.044068
v 0.889433 -0.110088 0.041940
v 0.878143 -0.110088 0.039339
v 0.867485 -0.110088 0.036265
v 0.857459 -0.110088 0.032718
v 0.848065 -0.110088 0.028698
v 0.839304 -0.110088 0.024205
v 0.831175 -0.110088 0.019239
v 0.823678 -0.110088 0.013801
v 0.809137 -0.110088 0.001077
v 0.795861 -0.110088 -0.013118
v 0.783850 -0.110088 -0.028785
v 0.773103 -0.110088 -0.045925
v 0.763620 -0.110088 -0.064536
v 0.755401 -0.110088 -0.084619
v 0.748447 -0.110088 -0.106173
v 0.742757 -0.110088 -0.129200
v 0.738332 -0.110088 -0.153699
v 0.735171 -0.110088 -0.179669
v 0.733275 -0.110088 -0.207111
v 0.732642 -0.110088 -0.236026
v 0.732654 -0.110088 -0.238979
v 0.732691 -0.110088 -0.242164
v 0.732751 -0.110088 -0.245581
v 0.732835 -0.110088 -0.249229
v 0.732944 -0.110088 -0.253109
v 0.733077 -0.110088 -0.257221
v 0.733233 -0.110088 -0.261564
v 0.733414 -0.110088 -0.266139
v 0.733620 -0.110088 -0.270946
v 0.733849 -0.110088 -0.275984
v 0.734102 -0.110088 -0.281254
v 0.734380 -0.110088 -0.286755
v 0.734657 -0.110088 -0.292257
v 0.734911 -0.110088 -0.297527
v 0.735140 -0.110088 -0.302565
v 0.735345 -0.110088 -0.307372
v 0.735526 -0.110088 -0.311947
v 0.735683 -0.110088 -0.316290
v 0.735815 -0.110088 -0.320401
v 0.735924 -0.110088 -0.324282
v 0.736008 -0.110088 -0.327930
v 0.736069 -0.110088 -0.331347
v 0.736105 -0.110088 -0.334532
v 0.736117 -0.110088 -0.337485
v 0.736122 -0.110088 -0.339837
v 0.736136 -0.110088 -0.342374
v 0.736160 -0.110088 -0.345097
v 0.736194 -0.110088 -0.348006
v 0.736238 -0.110088 -0.351100
v 0.736291 -0.110088 -0.354381
v 0.736354 -0.110088 -0.357847
v 0.736426 -0.110088 -0.361499
v 0.736508 -0.110088 -0.365336
v 0.736600 -0.110088 -0.369360
v 0.736701 -0.110088 -0.373569
v 0.736812 -0.110088 -0.377965
v 0.736923 -0.110088 -0.382360
v 0.737024 -0.110088 -0.386569
v 0.737116 -0.110088 -0.390593
v 0.737198 -0.110088 -0.394431
v 0.737270 -0.110088 -0.398082
v 0.737333 -0.110088 -0.401549
v 0.737386 -0.110088 -0.404829
v 0.737430 -0.110088 -0.407924
v 0.737463 -0.110088 -0.410832
v 0.737487 -0.110088 -0.413556
v 0.737502 -0.110088 -0.416093
v 0.737507 -0.110088 -0.418444
v 0.737577 -0.110088 -0.423055
v 0.737787 -0.110088 -0.427623
v 0.738137 -0.110088 -0.432147
v 0.738626 -0.110088 -0.436628
v 0.739256 -0.110088 -0.441065
v 0.740026 -0.110088 -0.445459
v 0.740936 -0.110088 -0.449810
v 0.741985 -0.110088 -0.454117
v 0.743175 -0.110088 -0.458381
v 0.744504 -0.110088 -0.462601
v 0.745974 -0.110088 -0.466778
v 0.747583 -0.110088 -0.470911
v 0.749917 -0.110088 -0.476128
v 0.752399 -0.110088 -0.480891
v 0.755032 -0.110088 -0.485201
v 0.757814 -0.110088 -0.489056
v 0.760746 -0.110088 -0.492459
v 0.763827 -0.110088 -0.495407
v 0.767058 -0.110088 -0.497902
v 0.770439 -0.110088 -0.499944
v 0.773969 -0.110088 -0.501531
v 0.777648 -0.110088 -0.502665
v 0.781478 -0.110088 -0.503346
v 0.785457 -0.110088 -0.503573
v 0.788611 -0.110088 -0.503486
v 0.791701 -0.110088 -0.503225
v 0.794730 -0.110088 -0.502791
v 0.797695 -0.110088 -0.502183
v 0.800598 -0.110088 -0.501401
v 0.803438 -0.110088 -0.500446
v 0.806215 -0.110088 -0.499316
v 0.808930 -0.110088 -0.498013
v 0.811582 -0.110088 -0.496537
v 0.814171 -0.110088 -0.494886
v 0.816697 -0.110088 -0.493062
v 0.819161 -0.110088 -0.491064
v 0.821714 -0.110088 -0.488810
v 0.824045 -0.110088 -0.486450
v 0.826153 -0.110088 -0.483984
v 0.828040 -0.110088 -0.481412
v 0.829705 -0.110088 -0.478734
v 0.831148 -0.110088 -0.475949
v 0.832369 -0.110088 -0.473059
v 0.833368 -0.110088 -0.470062
v 0.834145 -0.110088 -0.466959
v 0.834700 -0.110088 -0.463749
v 0.835033 -0.110088 -0.460434
v 0.835144 -0.110088 -0.457013
v 0.835140 -0.110088 -0.453571
v 0.835130 -0.110088 -0.449846
v 0.835111 -0.110088 -0.445839
v 0.835086 -0.110088 -0.441550
v 0.835054 -0.110088 -0.436979
v 0.835014 -0.110088 -0.432126
v 0.834967 -0.110088 -0.426990
v 0.834912 -0.110088 -0.421571
v 0.834851 -0.110088 -0.415871
v 0.834782 -0.110088 -0.409888
v 0.834706 -0.110088 -0.403623
v 0.834623 -0.110088 -0.397075
v 0.834540 -0.110088 -0.390525
v 0.834464 -0.110088 -0.384253
v 0.834395 -0.110088 -0.378258
v 0.834333 -0.110088 -0.372540
v 0.834279 -0.110088 -0.367100
v 0.834232 -0.110088 -0.361938
v 0.834192 -0.110088 -0.357053
v 0.834160 -0.110088 -0.352445
v 0.834134 -0.110088 -0.348115
v 0.834116 -0.110088 -0.344063
v 0.834105 -0.110088 -0.340288
v 0.834102 -0.110088 -0.336790
v 0.834090 -0.110088 -0.333892
v 0.834053 -0.110088 -0.330758
v 0.833993 -0.110088 -0.327387
v 0.833909 -0.110088 -0.323780
v 0.833800 -0.110088 -0.319936
v 0.833667 -0.110088 -0.315856
v 0.833511 -0.110088 -0.311539
v 0.833330 -0.110088 -0.306986
v 0.833124 -0.110088 -0.302196
v 0.832895 -0.110088 -0.297170
v 0.832642 -0.110088 -0.291907
v 0.832364 -0.110088 -0.286408
v 0.832087 -0.110088 -0.280909
v 0.831833 -0.110088 -0.275646
v 0.831604 -0.110088 -0.270620
v 0.831399 -0.110088 -0.265830
v 0.831218 -0.110088 -0.261277
v 0.831061 -0.110088 -0.256960
v 0.830929 -0.110088 -0.252880
v 0.830820 -0.110088 -0.249036
v 0.830736 -0.110088 -0.245429
v 0.830675 -0.110088 -0.242058
v 0.830639 -0.110088 -0.238924
v 0.830627 -0.110088 -0.236026
v 0.830714 -0.110088 -0.227103
v 0.830975 -0.110088 -0.218286
v 0.831409 -0.110088 -0.209575
v 0.832017 -0.110088 -0.200971
v 0.832799 -0.110088 -0.192472
v 0.833754 -0.110088 -0.184080
v 0.834884 -0.110088 -0.175794
v 0.836186 -0.110088 -0.167614
v 0.837663 -0.110088 -0.159540
v 0.839314 -0.110088 -0.151573
v 0.841138 -0.110088 -0.143711
v 0.843136 -0.110088 -0.135956
v 0.845662 -0.110088 -0.126980
v 0.848377 -0.110088 -0.118467
v 0.851279 -0.110088 -0.110418
v 0.854370 -0.110088 -0.102831
v 0.857650 -0.110088 -0.095708
v 0.861117 -0.110088 -0.089049
v 0.864773 -0.110088 -0.082852
v 0.868616 -0.110088 -0.077119
v 0.872648 -0.110088 -0.071849
v 0.876869 -0.110088 -0.067043
v 0.881277 -0.110088 -0.062699
v 0.885874 -0.110088 -0.058819
v 0.888586 -0.110088 -0.056983
v 0.891858 -0.110088 -0.055296
v 0.895690 -0.110088 -0.053759
v 0.900081 -0.110088 -0.052372
v 0.905032 -0.110088 -0.051134
v 0.910544 -0.110088 -0.050046
v 0.916615 -0.110088 -0.049107
v 0.923245 -0.110088 -0.048318
v 0.930436 -0.110088 -0.047679
v 0.938186 -0.110088 -0.047189
v 0.946496 -0.110088 -0.046849
v 0.955366 -0.110088 -0.046658
v 0.970240 -0.110088 -0.047532
v 0.984283 -0.110088 -0.050615
v 0.997496 -0.110088 -0.055909
v 1.009880 -0.110088 -0.063414
v 1.021433 -0.110088 -0.073128
v 1.032156 -0.110088 -0.085053
v 1.042049 -0.110088 -0.099188
v 1.051112 -0.110088 -0.115533
v 1.059345 -0.110088 -0.134089
v 1.066748 -0.110088 -0.154854
v 1.073321 -0.110088 -0.177830
v 1.079063 -0.110088 -0.203017
v 1.081727 -0.110088 -0.217084
v 1.084160 -0.110088 -0.232069
v 1.086360 -0.110088 -0.247970
v 1.088329 -0.110088 -0.264788
v 1.090066 -0.110088 -0.282523
v 1.091572 -0.110088 -0.301175
v 1.092846 -0.110088 -0.320744
v 1.093889 -0.110088 -0.341230
v 1.094699 -0.110088 -0.362633
v 1.095279 -0.110088 -0.384952
v 1.095626 -0.110088 -0.408189
v 1.095742 -0.110088 -0.432343
v 1.095821 -0.110088 -0.435576
v 1.096060 -0.110088 -0.438790
v 1.096458 -0.110088 -0.441985
v 1.097016 -0.110088 -0.445160
v 1.097732 -0.110088 -0.448316
v 1.098608 -0.110088 -0.451453
v 1.099643 -0.110088 -0.454571
v 1.100838 -0.110088 -0.457669
v 1.102192 -0.110088 -0.460748
v 1.103704 -0.110088 -0.463807
v 1.105377 -0.110088 -0.466848
v 1.107208 -0.110088 -0.469869
v 1.109906 -0.110088 -0.473698
v 1.112787 -0.110088 -0.477194
v 1.115851 -0.110088 -0.480358
v 1.119099 -0.110088 -0.483188
v 1.122530 -0.110088 -0.485686
v 1.126145 -0.110088 -0.487850
v 1.129943 -0.110088 -0.489681
v 1.133924 -0.110088 -0.491180
v 1.138089 -0.110088 -0.492345
v 1.142437 -0.110088 -0.493178
v 1.146968 -0.110088 -0.493677
v 1.151683 -0.110088 -0.493844
v 1.155539 -0.110088 -0.493723
v 1.159231 -0.110088 -0.493361
v 1.162759 -0.110088 -0.492758
v 1.166122 -0.110088 -0.491913
v 1.169322 -0.110088 -0.490828
v 1.172357 -0.110088 -0.489500
v 1.175229 -0.110088 -0.487932
v 1.177936 -0.110088 -0.486122
v 1.180479 -0.110088 -0.484071
v 1.182859 -0.110088 -0.481779
v 1.185074 -0.110088 -0.479245
v 1.187125 -0.110088 -0.476471
v 1.188568 -0.110088 -0.474309
v 1.189885 -0.110088 -0.472108
v 1.191077 -0.110088 -0.469869
v 1.192144 -0.110088 -0.467591
v 1.193085 -0.110088 -0.465274
v 1.193900 -0.110088 -0.462919
v 1.194590 -0.110088 -0.460526
v 1.195155 -0.110088 -0.458094
v 1.195594 -0.110088 -0.455623
v 1.195908 -0.110088 -0.453113
v 1.196096 -0.110088 -0.450565
v 1.196159 -0.110088 -0.447979
v 1.196069 -0.110088 -0.425524
v 1.195802 -0.110088 -0.403909
v 1.195355 -0.110088 -0.383133
v 1.194730 -0.110088 -0.363197
v 1.193927 -0.110088 -0.344101
v 1.192945 -0.110088 -0.325845
v 1.191784 -0.110088 -0.308428
v 1.190445 -0.110088 -0.291852
v 1.188927 -0.110088 -0.276114
v 1.187231 -0.110088 -0.261217
v 1.185356 -0.110088 -0.247159
v 0.705888 -0.110088 -0.033802
v 0.705678 -0.110088 -0.028935
v 0.705048 -0.110088 -0.024295
v 0.703998 -0.110088 -0.019882
v 0.702529 -0.110088 -0.015695
v 0.700639 -0.110088 -0.011736
v 0.698330 -0.110088 -0.008003
v 0.695601 -0.110088 -0.004497
v 0.692452 -0.110088 -0.001218
v 0.688884 -0.110088 0.001835
v 0.684895 -0.110088 0.004660
v 0.680486 -0.110088 0.007259
v 0.675658 -0.110088 0.009631
v 0.668514 -0.110088 0.012616
v 0.660746 -0.110088 0.015547
v 0.652357 -0.110088 0.018426
v 0.643344 -0.110088 0.021252
v 0.633709 -0.110088 0.024024
v 0.623452 -0.110088 0.026744
v 0.612572 -0.110088 0.029410
v 0.601070 -0.110088 0.032023
v 0.588945 -0.110088 0.034583
v 0.576197 -0.110088 0.037090
v 0.562827 -0.110088 0.039544
v 0.548834 -0.110088 0.041945
v 0.535942 -0.110088 0.044054
v 0.523440 -0.110088 0.045979
v 0.511330 -0.110088 0.047722
v 0.499610 -0.110088 0.049280
v 0.488281 -0.110088 0.050656
v 0.477344 -0.110088 0.051848
v 0.466797 -0.110088 0.052856
v 0.456640 -0.110088 0.053682
v 0.446875 -0.110088 0.054323
v 0.437501 -0.110088 0.054782
v 0.428518 -0.110088 0.055057
v 0.419925 -0.110088 0.055149
v 0.406328 -0.110088 0.054630
v 0.393914 -0.110088 0.053074
v 0.382681 -0.110088 0.050480
v 0.372632 -0.110088 0.046848
v 0.363764 -0.110088 0.042179
v 0.356079 -0.110088 0.036473
v 0.349576 -0.110088 0.029728
v 0.344255 -0.110088 0.021947
v 0.340117 -0.110088 0.013127
v 0.337161 -0.110088 0.003270
v 0.335388 -0.110088 -0.007624
v 0.334797 -0.110088 -0.019556
v 0.334845 -0.110088 -0.019418
v 0.334990 -0.110088 -0.020975
v 0.335231 -0.110088 -0.024225
v 0.335569 -0.110088 -0.029169
v 0.336003 -0.110088 -0.035807
v 0.336534 -0.110088 -0.044139
v 0.337161 -0.110088 -0.054165
v 0.337885 -0.110088 -0.065884
v 0.338706 -0.110088 -0.079298
v 0.339622 -0.110088 -0.094405
v 0.340636 -0.110088 -0.111207
v 0.341746 -0.110088 -0.129702
v 0.343189 -0.110088 -0.155072
v 0.344506 -0.110088 -0.180914
v 0.345698 -0.110088 -0.207230
v 0.346765 -0.110088 -0.234018
v 0.347706 -0.110088 -0.261280
v 0.348522 -0.110088 -0.289014
v 0.349212 -0.110088 -0.317221
v 0.349776 -0.110088 -0.345901
v 0.350215 -0.110088 -0.375055
v 0.350529 -0.110088 -0.404681
v 0.350717 -0.110088 -0.434780
v 0.350780 -0.110088 -0.465352
v 0.350875 -0.110088 -0.468612
v 0.351161 -0.110088 -0.471789
v 0.351638 -0.110088 -0.474885
v 0.352305 -0.110088 -0.477899
v 0.353163 -0.110088 -0.480831
v 0.354211 -0.110088 -0.483680
v 0.355451 -0.110088 -0.486448
v 0.356880 -0.110088 -0.489134
v 0.358500 -0.110088 -0.491737
v 0.360311 -0.110088 -0.494259
v 0.362313 -0.110088 -0.496698
v 0.364505 -0.110088 -0.499056
v 0.366842 -0.110088 -0.501276
v 0.369278 -0.110088 -0.503302
v 0.371812 -0.110088 -0.505136
v 0.374446 -0.110088 -0.506777
v 0.377179 -0.110088 -0.508225
v 0.380010 -0.110088 -0.509480
v 0.382941 -0.110088 -0.510541
v 0.385970 -0.110088 -0.511410
v 0.389099 -0.110088 -0.512086
v 0.392326 -0.110088 -0.512568
v 0.395652 -0.110088 -0.512858
v 0.399077 -0.110088 -0.512954
v 0.402504 -0.110088 -0.512858
v 0.405834 -0.110088 -0.512568
v 0.409067 -0.110088 -0.512086
v 0.412204 -0.110088 -0.511410
v 0.415244 -0.110088 -0.510541
v 0.418188 -0.110088 -0.509480
v 0.421035 -0.110088 -0.508225
v 0.423786 -0.110088 -0.506777
v 0.426440 -0.110088 -0.505136
v 0.428998 -0.110088 -0.503302
v 0.431459 -0.110088 -0.501276
v 0.433824 -0.110088 -0.499056
v 0.436044 -0.110088 -0.496698
v 0.438071 -0.110088 -0.494259
v 0.439904 -0.110088 -0.491737
v 0.441545 -0.110088 -0.489134
v 0.442993 -0.110088 -0.486448
v 0.444248 -0.110088 -0.483680
v 0.445309 -0.110088 -0.480831
v 0.446178 -0.110088 -0.477899
v 0.446854 -0.110088 -0.474885
v 0.447336 -0.110088 -0.471789
v 0.447626 -0.110088 -0.468612
v 0.447722 -0.110088 -0.465352
v 0.447657 -0.110088 -0.434688
v 0.447462 -0.110088 -0.404430
v 0.447136 -0.110088 -0.374577
v 0.446680 -0.110088 -0.345129
v 0.446094 -0.110088 -0.316087
v 0.445377 -0.110088 -0.287450
v 0.444530 -0.110088 -0.259219
v 0.443553 -0.110088 -0.231393
v 0.442445 -0.110088 -0.203972
v 0.441208 -0.110088 -0.176957
v 0.439839 -0.110088 -0.150347
v 0.438341 -0.110088 -0.124142
v 0.437817 -0.110088 -0.119305
v 0.437289 -0.110088 -0.114056
v 0.436755 -0.110088 -0.108398
v 0.436217 -0.110088 -0.102330
v 0.435674 -0.110088 -0.095851
v 0.435127 -0.110088 -0.088962
v 0.434574 -0.110088 -0.081663
v 0.434017 -0.110088 -0.073953
v 0.433455 -0.110088 -0.065834
v 0.432887 -0.110088 -0.057304
v 0.432316 -0.110088 -0.048364
v 0.431739 -0.110088 -0.039014
v 0.445787 -0.110088 -0.039506
v 0.460482 -0.110088 -0.040520
v 0.475823 -0.110088 -0.042054
v 0.491812 -0.110088 -0.044110
v 0.508446 -0.110088 -0.046687
v 0.525728 -0.110088 -0.049785
v 0.543656 -0.110088 -0.053405
v 0.562231 -0.110088 -0.057545
v 0.581452 -0.110088 -0.062207
v 0.601321 -0.110088 -0.067390
v 0.621835 -0.110088 -0.073094
v 0.642997 -0.110088 -0.079320
v 0.644324 -0.110088 -0.079708
v 0.645641 -0.110088 -0.080063
v 0.646949 -0.110088 -0.080384
v 0.648247 -0.110088 -0.080671
v 0.649536 -0.110088 -0.080924
v 0.650815 -0.110088 -0.081144
v 0.652084 -0.110088 -0.081330
v 0.653344 -0.110088 -0.081482
v 0.654594 -0.110088 -0.081600
v 0.655834 -0.110088 -0.081684
v 0.657064 -0.110088 -0.081735
v 0.658285 -0.110088 -0.081752
v 0.661876 -0.110088 -0.081641
v 0.665350 -0.110088 -0.081308
v 0.668709 -0.110088 -0.080753
v 0.671952 -0.110088 -0.079976
v 0.675079 -0.110088 -0.078977
v 0.678091 -0.110088 -0.077756
v 0.680986 -0.110088 -0.076313
v 0.683766 -0.110088 -0.074648
v 0.686430 -0.110088 -0.072761
v 0.688978 -0.110088 -0.070652
v 0.691410 -0.110088 -0.068322
v 0.693726 -0.110088 -0.065769
v 0.695669 -0.110088 -0.063370
v 0.697442 -0.110088 -0.060923
v 0.699047 -0.110088 -0.058428
v 0.700483 -0.110088 -0.055885
v 0.701750 -0.110088 -0.053294
v 0.702847 -0.110088 -0.050654
v 0.703776 -0.110088 -0.047966
v 0.704536 -0.110088 -0.045230
v 0.705128 -0.110088 -0.042445
v 0.705550 -0.110088 -0.039612
v 0.705803 -0.110088 -0.036731
v 0.289974 -0.110088 -0.469521
v 0.289964 -0.110088 -0.468653
v 0.289935 -0.110088 -0.467784
v 0.289887 -0.110088 -0.466915
v 0.289819 -0.110088 -0.466047
v 0.289732 -0.110088 -0.465178
v 0.289626 -0.110088 -0.464309
v 0.289501 -0.110088 -0.463441
v 0.289356 -0.110088 -0.462572
v 0.289192 -0.110088 -0.461703
v 0.289009 -0.110088 -0.460835
v 0.288806 -0.110088 -0.459966
v 0.288584 -0.110088 -0.459097
v 0.287474 -0.110088 -0.454916
v 0.286461 -0.110088 -0.450826
v 0.285544 -0.110088 -0.446828
v 0.284723 -0.110088 -0.442921
v 0.283999 -0.110088 -0.439106
v 0.283372 -0.110088 -0.435383
v 0.282841 -0.110088 -0.431751
v 0.282407 -0.110088 -0.428212
v 0.282069 -0.110088 -0.424764
v 0.281828 -0.110088 -0.421407
v 0.281683 -0.110088 -0.418142
v 0.281635 -0.110088 -0.414969
v 0.281621 -0.110088 -0.413274
v 0.281582 -0.110088 -0.411432
v 0.281515 -0.110088 -0.409443
v 0.281422 -0.110088 -0.407306
v 0.281303 -0.110088 -0.405022
v 0.281157 -0.110088 -0.402591
v 0.280984 -0.110088 -0.400013
v 0.280785 -0.110088 -0.397287
v 0.280560 -0.110088 -0.394415
v 0.280308 -0.110088 -0.391395
v 0.280029 -0.110088 -0.388228
v 0.279724 -0.110088 -0.384914
v 0.279418 -0.110088 -0.381600
v 0.279140 -0.110088 -0.378433
v 0.278888 -0.110088 -0.375413
v 0.278662 -0.110088 -0.372540
v 0.278463 -0.110088 -0.369815
v 0.278290 -0.110088 -0.367237
v 0.278144 -0.110088 -0.364806
v 0.278025 -0.110088 -0.362522
v 0.277932 -0.110088 -0.360385
v 0.277866 -0.110088 -0.358396
v 0.277826 -0.110088 -0.356553
v 0.277813 -0.110088 -0.354858
v 0.277789 -0.110088 -0.349135
v 0.277716 -0.110088 -0.342967
v 0.277596 -0.110088 -0.336356
v 0.277427 -0.110088 -0.329300
v 0.277209 -0.110088 -0.321801
v 0.276944 -0.110088 -0.313858
v 0.276630 -0.110088 -0.305470
v 0.276268 -0.110088 -0.296639
v 0.275858 -0.110088 -0.287363
v 0.275400 -0.110088 -0.277644
v 0.274893 -0.110088 -0.267481
v 0.274338 -0.110088 -0.256874
v 0.273783 -0.110088 -0.246266
v 0.273276 -0.110088 -0.236103
v 0.272818 -0.110088 -0.226384
v 0.272408 -0.110088 -0.217108
v 0.272046 -0.110088 -0.208277
v 0.271732 -0.110088 -0.199890
v 0.271467 -0.110088 -0.191946
v 0.271249 -0.110088 -0.184447
v 0.271080 -0.110088 -0.177391
v 0.270960 -0.110088 -0.170780
v 0.270887 -0.110088 -0.164612
v 0.270863 -0.110088 -0.158889
v 0.270890 -0.110088 -0.154488
v 0.270970 -0.110088 -0.149739
v 0.271102 -0.110088 -0.144643
v 0.271288 -0.110088 -0.139199
v 0.271527 -0.110088 -0.133408
v 0.271819 -0.110088 -0.127270
v 0.272164 -0.110088 -0.120784
v 0.272562 -0.110088 -0.113950
v 0.273013 -0.110088 -0.106769
v 0.273518 -0.110088 -0.099241
v 0.274075 -0.110088 -0.091365
v 0.274686 -0.110088 -0.083142
v 0.275296 -0.110088 -0.074918
v 0.275853 -0.110088 -0.067043
v 0.276358 -0.110088 -0.059514
v 0.276809 -0.110088 -0.052333
v 0.277207 -0.110088 -0.045500
v 0.277552 -0.110088 -0.039014
v 0.277844 -0.110088 -0.032875
v 0.278083 -0.110088 -0.027084
v 0.278269 -0.110088 -0.021641
v 0.278401 -0.110088 -0.016545
v 0.278481 -0.110088 -0.011796
v 0.278508 -0.110088 -0.007395
v 0.278414 -0.110088 -0.004251
v 0.278131 -0.110088 -0.001189
v 0.277661 -0.110088 0.001791
v 0.277002 -0.110088 0.004689
v 0.276155 -0.110088 0.007505
v 0.275120 -0.110088 0.010239
v 0.273896 -0.110088 0.012891
v 0.272485 -0.110088 0.015461
v 0.270885 -0.110088 0.017948
v 0.269097 -0.110088 0.020354
v 0.267121 -0.110088 0.022678
v 0.264956 -0.110088 0.024919
v 0.262652 -0.110088 0.027028
v 0.260256 -0.110088 0.028954
v 0.257768 -0.110088 0.030696
v 0.255189 -0.110088 0.032255
v 0.252518 -0.110088 0.033630
v 0.249755 -0.110088 0.034822
v 0.246901 -0.110088 0.035831
v 0.243954 -0.110088 0.036656
v 0.240916 -0.110088 0.037298
v 0.237787 -0.110088 0.037756
v 0.234566 -0.110088 0.038031
v 0.231253 -0.110088 0.038123
v 0.227874 -0.110088 0.038032
v 0.224573 -0.110088 0.037761
v 0.221350 -0.110088 0.037309
v 0.218203 -0.110088 0.036675
v 0.215134 -0.110088 0.035861
v 0.212142 -0.110088 0.034865
v 0.209227 -0.110088 0.033689
v 0.206390 -0.110088 0.032332
v 0.203629 -0.110088 0.030794
v 0.200946 -0.110088 0.029074
v 0.198340 -0.110088 0.027174
v 0.195811 -0.110088 0.025093
v 0.193425 -0.110088 0.022882
v 0.191246 -0.110088 0.020591
v 0.189275 -0.110088 0.018220
v 0.187511 -0.110088 0.015769
v 0.185954 -0.110088 0.013240
v 0.184605 -0.110088 0.010630
v 0.183464 -0.110088 0.007941
v 0.182530 -0.110088 0.005172
v 0.181804 -0.110088 0.002323
v 0.181285 -0.110088 -0.000605
v 0.180974 -0.110088 -0.003612
v 0.180870 -0.110088 -0.006700
v 0.180855 -0.110088 -0.011103
v 0.180807 -0.110088 -0.015859
v 0.180729 -0.110088 -0.020968
v 0.180619 -0.110088 -0.026428
v 0.180478 -0.110088 -0.032241
v 0.180306 -0.110088 -0.038406
v 0.180102 -0.110088 -0.044923
v 0.179866 -0.110088 -0.051793
v 0.179600 -0.110088 -0.059015
v 0.179302 -0.110088 -0.066589
v 0.178972 -0.110088 -0.074516
v 0.178612 -0.110088 -0.082794
v 0.178251 -0.110088 -0.091073
v 0.177922 -0.110088 -0.099000
v 0.177624 -0.110088 -0.106574
v 0.177357 -0.110088 -0.113796
v 0.177122 -0.110088 -0.120665
v 0.176918 -0.110088 -0.127183
v 0.176745 -0.110088 -0.133348
v 0.176604 -0.110088 -0.139161
v 0.176494 -0.110088 -0.144621
v 0.176416 -0.110088 -0.149729
v 0.176369 -0.110088 -0.154485
v 0.176353 -0.110088 -0.158889
v 0.176358 -0.110088 -0.162158
v 0.176372 -0.110088 -0.165365
v 0.176396 -0.110088 -0.168509
v 0.176430 -0.110088 -0.171591
v 0.176474 -0.110088 -0.174609
v 0.176527 -0.110088 -0.177565
v 0.176589 -0.110088 -0.180458
v 0.176662 -0.110088 -0.183289
v 0.176744 -0.110088 -0.186056
v 0.176835 -0.110088 -0.188761
v 0.176937 -0.110088 -0.191403
v 0.177048 -0.110088 -0.193983
v 0.167778 -0.110088 -0.193493
v 0.158150 -0.110088 -0.192834
v 0.148165 -0.110088 -0.192006
v 0.137823 -0.110088 -0.191010
v 0.127124 -0.110088 -0.189844
v 0.116068 -0.110088 -0.188510
v 0.104655 -0.110088 -0.187007
v 0.092885 -0.110088 -0.185335
v 0.080757 -0.110088 -0.183494
v 0.068273 -0.110088 -0.181484
v 0.055431 -0.110088 -0.179305
v 0.042232 -0.110088 -0.176957
v 0.031114 -0.110088 -0.174928
v 0.019995 -0.110088 -0.172894
v 0.008876 -0.110088 -0.170855
v -0.002243 -0.110088 -0.168811
v -0.013362 -0.110088 -0.166762
v -0.024481 -0.110088 -0.164709
v -0.035600 -0.110088 -0.162651
v -0.046719 -0.110088 -0.160588
v -0.057838 -0.110088 -0.158520
v -0.068956 -0.110088 -0.156447
v -0.080075 -0.110088 -0.154369
v -0.091194 -0.110088 -0.152287
v -0.091334 -0.110088 -0.148130
v -0.091522 -0.110088 -0.143533
v -0.091758 -0.110088 -0.138497
v -0.092043 -0.110088 -0.133022
v -0.092376 -0.110088 -0.127108
v -0.092757 -0.110088 -0.120755
v -0.093187 -0.110088 -0.113962
v -0.093665 -0.110088 -0.106731
v -0.094191 -0.110088 -0.099060
v -0.094765 -0.110088 -0.090950
v -0.095387 -0.110088 -0.082401
v -0.096058 -0.110088 -0.073413
v -0.096613 -0.110088 -0.065428
v -0.097120 -0.110088 -0.057690
v -0.097578 -0.110088 -0.050198
v -0.097989 -0.110088 -0.042952
v -0.098351 -0.110088 -0.035952
v -0.098664 -0.110088 -0.029198
v -0.098930 -0.110088 -0.022690
v -0.099147 -0.110088 -0.016429
v -0.099316 -0.110088 -0.010413
v -0.099436 -0.110088 -0.004644
v -0.099509 -0.110088 0.000879
v -0.099533 -0.110088 0.006156
v -0.099627 -0.110088 0.009300
v -0.099909 -0.110088 0.012362
v -0.100380 -0.110088 0.015342
v -0.101038 -0.110088 0.018240
v -0.101885 -0.110088 0.021056
v -0.102921 -0.110088 0.023790
v -0.104144 -0.110088 0.026442
v -0.105555 -0.110088 0.029012
v -0.107155 -0.110088 0.031499
v -0.108943 -0.110088 0.033905
v -0.110919 -0.110088 0.036229
v -0.113084 -0.110088 0.038470
v -0.115388 -0.110088 0.040579
v -0.117784 -0.110088 0.042505
v -0.120272 -0.110088 0.044247
v -0.122851 -0.110088 0.045806
v -0.125523 -0.110088 0.047181
v -0.128285 -0.110088 0.048373
v -0.131140 -0.110088 0.049382
v -0.134086 -0.110088 0.050207
v -0.137124 -0.110088 0.050849
v -0.140254 -0.110088 0.051307
v -0.143475 -0.110088 0.051582
v -0.146788 -0.110088 0.051674
v -0.150101 -0.110088 0.051582
v -0.153322 -0.110088 0.051307
v -0.156452 -0.110088 0.050849
v -0.159490 -0.110088 0.050207
v -0.162436 -0.110088 0.049382
v -0.165290 -0.110088 0.048373
v -0.168053 -0.110088 0.047181
v -0.170724 -0.110088 0.045806
v -0.173304 -0.110088 0.044247
v -0.175792 -0.110088 0.042505
v -0.178188 -0.110088 0.040579
v -0.180492 -0.110088 0.038470
v -0.182656 -0.110088 0.036229
v -0.184632 -0.110088 0.033905
v -0.186420 -0.110088 0.031499
v -0.188020 -0.110088 0.029012
v -0.189432 -0.110088 0.026442
v -0.190655 -0.110088 0.023790
v -0.191690 -0.110088 0.021056
v -0.192537 -0.110088 0.018240
v -0.193196 -0.110088 0.015342
v -0.193667 -0.110088 0.012362
v -0.193949 -0.110088 0.009300
v -0.194043 -0.110088 0.006156
v -0.194001 -0.110088 0.000066
v -0.193874 -0.110088 -0.006507
v -0.193663 -0.110088 -0.013562
v -0.193367 -0.110088 -0.021100
v -0.192987 -0.110088 -0.029121
v -0.192523 -0.110088 -0.037624
v -0.191974 -0.110088 -0.046610
v -0.191340 -0.110088 -0.056078
v -0.190623 -0.110088 -0.066029
v -0.189820 -0.110088 -0.076463
v -0.188933 -0.110088 -0.087379
v -0.187962 -0.110088 -0.098778
v -0.186991 -0.110088 -0.110176
v -0.186104 -0.110088 -0.121093
v -0.185302 -0.110088 -0.131526
v -0.184584 -0.110088 -0.141477
v -0.183951 -0.110088 -0.150945
v -0.183402 -0.110088 -0.159931
v -0.182937 -0.110088 -0.168434
v -0.182557 -0.110088 -0.176455
v -0.182262 -0.110088 -0.183993
v -0.182051 -0.110088 -0.191049
v -0.181924 -0.110088 -0.197621
v -0.181882 -0.110088 -0.203712
v -0.181867 -0.110088 -0.211437
v -0.181824 -0.110088 -0.219787
v -0.181751 -0.110088 -0.228762
v -0.181650 -0.110088 -0.238361
v -0.181520 -0.110088 -0.248586
v -0.181361 -0.110088 -0.259436
v -0.181172 -0.110088 -0.270911
v -0.180955 -0.110088 -0.283011
v -0.180709 -0.110088 -0.295735
v -0.180434 -0.110088 -0.309085
v -0.180130 -0.110088 -0.323059
v -0.179797 -0.110088 -0.337659
v -0.179464 -0.110088 -0.352258
v -0.179160 -0.110088 -0.366233
v -0.178885 -0.110088 -0.379582
v -0.178639 -0.110088 -0.392307
v -0.178421 -0.110088 -0.404407
v -0.178233 -0.110088 -0.415882
v -0.178074 -0.110088 -0.426731
v -0.177944 -0.110088 -0.436956
v -0.177842 -0.110088 -0.446556
v -0.177770 -0.110088 -0.455531
v -0.177727 -0.110088 -0.463881
v -0.177712 -0.110088 -0.471606
v -0.177618 -0.110088 -0.474750
v -0.177336 -0.110088 -0.477812
v -0.176865 -0.110088 -0.480792
v -0.176206 -0.110088 -0.483690
v -0.175359 -0.110088 -0.486506
v -0.174324 -0.110088 -0.489240
v -0.173101 -0.110088 -0.491892
v -0.171689 -0.110088 -0.494461
v -0.170090 -0.110088 -0.496949
v -0.168302 -0.110088 -0.499355
v -0.166325 -0.110088 -0.501679
v -0.164161 -0.110088 -0.503920
v -0.161857 -0.110088 -0.506029
v -0.159461 -0.110088 -0.507955
v -0.156973 -0.110088 -0.509697
v -0.154393 -0.110088 -0.511256
v -0.151722 -0.110088 -0.512631
v -0.148960 -0.110088 -0.513823
v -0.146105 -0.110088 -0.514831
v -0.143159 -0.110088 -0.515657
v -0.140121 -0.110088 -0.516299
v -0.136991 -0.110088 -0.516757
v -0.133770 -0.110088 -0.517032
v -0.130457 -0.110088 -0.517124
v -0.127144 -0.110088 -0.517032
v -0.123923 -0.110088 -0.516757
v -0.120793 -0.110088 -0.516299
v -0.117755 -0.110088 -0.515657
v -0.114809 -0.110088 -0.514831
v -0.111955 -0.110088 -0.513823
v -0.109192 -0.110088 -0.512631
v -0.106521 -0.110088 -0.511255
v -0.103941 -0.110088 -0.509697
v -0.101453 -0.110088 -0.507955
v -0.099057 -0.110088 -0.506029
v -0.096753 -0.110088 -0.503920
v -0.094589 -0.110088 -0.501679
v -0.092613 -0.110088 -0.499355
v -0.090824 -0.110088 -0.496949
v -0.089225 -0.110088 -0.494461
v -0.087813 -0.110088 -0.491892
v -0.086590 -0.110088 -0.489240
v -0.085555 -0.110088 -0.486506
v -0.084708 -0.110088 -0.483690
v -0.084049 -0.110088 -0.480792
v -0.083578 -0.110088 -0.477812
v -0.083296 -0.110088 -0.474750
v -0.083202 -0.110088 -0.471606
v -0.083215 -0.110088 -0.467020
v -0.083255 -0.110088 -0.462065
v -0.083321 -0.110088 -0.456741
v -0.083414 -0.110088 -0.451048
v -0.083534 -0.110088 -0.444985
v -0.083680 -0.110088 -0.438554
v -0.083852 -0.110088 -0.431753
v -0.084051 -0.110088 -0.424583
v -0.084277 -0.110088 -0.417043
v -0.084529 -0.110088 -0.409135
v -0.084808 -0.110088 -0.400857
v -0.085113 -0.110088 -0.392211
v -0.085418 -0.110088 -0.383564
v -0.085697 -0.110088 -0.375286
v -0.085949 -0.110088 -0.367378
v -0.086175 -0.110088 -0.359839
v -0.086374 -0.110088 -0.352669
v -0.086546 -0.110088 -0.345868
v -0.086692 -0.110088 -0.339436
v -0.086812 -0.110088 -0.333373
v -0.086905 -0.110088 -0.327680
v -0.086971 -0.110088 -0.322356
v -0.087011 -0.110088 -0.317401
v -0.087024 -0.110088 -0.312815
v -0.087041 -0.110088 -0.311256
v -0.087092 -0.110088 -0.309476
v -0.087176 -0.110088 -0.307473
v -0.087294 -0.110088 -0.305248
v -0.087446 -0.110088 -0.302801
v -0.087632 -0.110088 -0.300133
v -0.087852 -0.110088 -0.297242
v -0.088105 -0.110088 -0.294129
v -0.088392 -0.110088 -0.290795
v -0.088713 -0.110088 -0.287238
v -0.089068 -0.110088 -0.283459
v -0.089456 -0.110088 -0.279459
v -0.089787 -0.110088 -0.275711
v -0.090084 -0.110088 -0.272114
v -0.090347 -0.110088 -0.268666
v -0.090576 -0.110088 -0.265367
v -0.090771 -0.110088 -0.262218
v -0.090933 -0.110088 -0.259219
v -0.091061 -0.110088 -0.256369
v -0.091155 -0.110088 -0.253669
v -0.091215 -0.110088 -0.251119
v -0.091242 -0.110088 -0.248718
v -0.091235 -0.110088 -0.246467
v -0.091194 -0.110088 -0.244365
v 0.042232 -0.110088 -0.269382
v 0.055113 -0.110088 -0.271617
v 0.067694 -0.110088 -0.273687
v 0.079976 -0.110088 -0.275593
v 0.091958 -0.110088 -0.277335
v 0.103642 -0.110088 -0.278913
v 0.115026 -0.110088 -0.280327
v 0.126111 -0.110088 -0.281577
v 0.136897 -0.110088 -0.282663
v 0.147384 -0.110088 -0.283585
v 0.157571 -0.110088 -0.284342
v 0.167459 -0.110088 -0.284936
v 0.177048 -0.110088 -0.285366
v 0.177292 -0.110088 -0.289791
v 0.177560 -0.110088 -0.295307
v 0.177852 -0.110088 -0.301914
v 0.178168 -0.110088 -0.309611
v 0.178508 -0.110088 -0.318399
v 0.178872 -0.110088 -0.328277
v 0.179261 -0.110088 -0.339247
v 0.179673 -0.110088 -0.351306
v 0.180110 -0.110088 -0.364457
v 0.180571 -0.110088 -0.378698
v 0.181056 -0.110088 -0.394030
v 0.181565 -0.110088 -0.410452
v 0.181785 -0.110088 -0.414967
v 0.182212 -0.110088 -0.419593
v 0.182847 -0.110088 -0.424329
v 0.183689 -0.110088 -0.429177
v 0.184738 -0.110088 -0.434135
v 0.185995 -0.110088 -0.439205
v 0.187460 -0.110088 -0.444386
v 0.189132 -0.110088 -0.449677
v 0.191012 -0.110088 -0.455080
v 0.193099 -0.110088 -0.460593
v 0.195394 -0.110088 -0.466218
v 0.197896 -0.110088 -0.471954
v 0.201175 -0.110088 -0.478780
v 0.204527 -0.110088 -0.485012
v 0.207951 -0.110088 -0.490651
v 0.211447 -0.110088 -0.495697
v 0.215016 -0.110088 -0.500149
v 0.218657 -0.110088 -0.504007
v 0.222370 -0.110088 -0.507272
v 0.226156 -0.110088 -0.509943
v 0.230015 -0.110088 -0.512020
v 0.233945 -0.110088 -0.513504
v 0.237948 -0.110088 -0.514395
v 0.242024 -0.110088 -0.514691
v 0.245064 -0.110088 -0.514607
v 0.248047 -0.110088 -0.514354
v 0.250971 -0.110088 -0.513931
v 0.253838 -0.110088 -0.513340
v 0.256646 -0.110088 -0.512580
v 0.259397 -0.110088 -0.511651
v 0.262090 -0.110088 -0.510553
v 0.264725 -0.110088 -0.509287
v 0.267302 -0.110088 -0.507851
v 0.269821 -0.110088 -0.506246
v 0.272282 -0.110088 -0.504473
v 0.274686 -0.110088 -0.502530
v 0.277127 -0.110088 -0.500284
v 0.279357 -0.110088 -0.497946
v 0.281374 -0.110088 -0.495516
v 0.283179 -0.110088 -0.492994
v 0.284772 -0.110088 -0.490381
v 0.286152 -0.110088 -0.487676
v 0.287320 -0.110088 -0.484880
v 0.288275 -0.110088 -0.481991
v 0.289018 -0.110088 -0.479011
v 0.289549 -0.110088 -0.475940
v 0.289868 -0.110088 -0.472776
v 0.289974 -0.110088 -0.469521
v 0.289974 0.109912 -0.469521
v 0.289964 -0.110088 -0.468653
v 0.289964 0.109912 -0.468653
v 0.289935 -0.110088 -0.467784
v 0.289935 0.109912 -0.467784
v 0.289887 -0.110088 -0.466915
v 0.289887 0.109912 -0.466915
v 0.289819 -0.110088 -0.466047
v 0.289819 0.109912 -0.466047
v 0.289732 -0.110088 -0.465178
v 0.289732 0.109912 -0.465178
v 0.289626 -0.110088 -0.464309
v 0.289626 0.109912 -0.464309
v 0.289501 -0.110088 -0.463441
v 0.289501 0.109912 -0.463441
v 0.289356 -0.110088 -0.462572
v 0.289356 0.109912 -0.462572
v 0.289192 -0.110088 -0.461703
v 0.289192 0.109912 -0.461703
v 0.289009 -0.110088 -0.460835
v 0.289009 0.109912 -0.460835
v 0.288806 -0.110088 -0.459966
v 0.288806 0.109912 -0.459966
v 0.288584 -0.110088 -0.459097
v 0.288584 0.109912 -0.459097
v 0.287474 -0.110088 -0.454916
v 0.287474 0.109912 -0.454916
v 0.286461 -0.110088 -0.450826
v 0.286461 0.109912 -0.450826
v 0.285544 -0.110088 -0.446828
v 0.285544 0.109912 -0.446828
v 0.284723 -0.110088 -0.442921
v 0.284723 0.109912 -0.442921
v 0.283999 -0.110088 -0.439106
v 0.283999 0.109912 -0.439106
v 0.283372 -0.110088 -0.435383
v 0.283372 0.109912 -0.435383
v 0.282841 -0.110088 -0.431751
v 0.282841 0.109912 -0.431751
v 0.282407 -0.110088 -0.428212
v 0.282407 0.109912 -0.428212
v 0.282069 -0.110088 -0.424764
v 0.282069 0.109912 -0.424764
v 0.281828 -0.110088 -0.421407
v 0.281828 0.109912 -0.421407
v 0.281683 -0.110088 -0.418142
v 0.281683 0.109912 -0.418142
v 0.281635 -0.110088 -0.414969
v 0.281635 0.109912 -0.414969
v 0.281621 -0.110088 -0.413274
v 0.281621 0.109912 -0.413274
v 0.281582 -0.110088 -0.411432
v 0.281582 0.109912 -0.411432
v 0.281515 -0.110088 -0.409443
v 0.281515 0.109912 -0.409443
v 0.281422 -0.110088 -0.407306
v 0.281422 0.109912 -0.407306
v 0.281303 -0.110088 -0.405022
v 0.281303 0.109912 -0.405022
v 0.281157 -0.110088 -0.402591
v 0.281157 0.109912 -0.402591
v 0.280984 -0.110088 -0.400013
v 0.280984 0.109912 -0.400013
v 0.280785 -0.110088 -0.397287
v 0.280785 0.109912 -0.397287
v 0.280560 -0.110088 -0.394415
v 0.280560 0.109912 -0.394415
v 0.280308 -0.110088 -0.391395
v 0.280308 0.109912 -0.391395
v 0.280029 -0.110088 -0.388228
v 0.280029 0.109912 -0.388228
v 0.279724 -0.110088 -0.384914
v 0.279724 0.109912 -0.384914
v 0.279418 -0.110088 -0.381600
v 0.279418 0.109912 -0.381600
v 0.279140 -0.110088 -0.378433
v 0.279140 0.109912 -0.378433
v 0.278888 -0.110088 -0.375413
v 0.278888 0.109912 -0.375413
v 0.278662 -0.110088 -0.372540
v 0.278662 0.109912 -0.372540
v 0.278463 -0.110088 -0.369815
v 0.278463 0.109912 -0.369815
v 0.278290 -0.110088 -0.367237
v 0.278290 0.109912 -0.367237
v 0.278144 -0.110088 -0.364806
v 0.278144 0.109912 -0.364806
v 0.278025 -0.110088 -0.362522
v 0.278025 0.109912 -0.362522
v 0.277932 -0.110088 -0.360385
v 0.277932 0.109912 -0.360385
v 0.277866 -0.110088 -0.358396
v 0.277866 0.109912 -0.358396
v 0.277826 -0.110088 -0.356553
v 0.277826 0.109912 -0.356553
v 0.277813 -0.110088 -0.354858
v 0.277813 0.109912 -0.354858
v 0.277789 -0.110088 -0.349135
v 0.277789 0.109912 -0.349135
v 0.277716 -0.110088 -0.342967
v 0.277716 0.109912 -0.342967
v 0.277596 -0.110088 -0.336356
v 0.277596 0.109912 -0.336356
v 0.277427 -0.110088 -0.329300
v 0.277427 0.109912 -0.329300
v 0.277209 -0.110088 -0.321801
v 0.277209 0.109912 -0.321801
v 0.276944 -0.110088 -0.313858
v 0.276944 0.109912 -0.313858
v 0.276630 -0.110088 -0.305470
v 0.276630 0.109912 -0.305470
v 0.276268 -0.110088 -0.296639
v 0.276268 0.109912 -0.296639
v 0.275858 -0.110088 -0.287363
v 0.275858 0.109912 -0.287363
v 0.275400 -0.110088 -0.277644
v 0.275400 0.109912 -0.277644
v 0.274893 -0.110088 -0.267481
v 0.274893 0.109912 -0.267481
v 0.274338 -0.110088 -0.256874
v 0.274338 0.109912 -0.256874
v 0.273783 -0.110088 -0.246266
v 0.273783 0.109912 -0.246266
v 0.273276 -0.110088 -0.236103
v 0.273276 0.109912 -0.236103
v 0.272818 -0.110088 -0.226384
v 0.272818 0.109912 -0.226384
v 0.272408 -0.110088 -0.217108
v 0.272408 0.109912 -0.217108
v 0.272046 -0.110088 -0.208277
v 0.272046 0.109912 -0.208277
v 0.271732 -0.110088 -0.199890
v 0.271732 0.109912 -0.199890
v 0.271467 -0.110088 -0.191946
v 0.271467 0.109912 -0.191946
v 0.271249 -0.110088 -0.184447
v 0.271249 0.109912 -0.184447
v 0.271080 -0.110088 -0.177391
v 0.271080 0.109912 -0.177391
v 0.270960 -0.110088 -0.170780
v 0.270960 0.109912 -0.170780
v 0.270887 -0.110088 -0.164612
v 0.270887 0.109912 -0.164612
v 0.270863 -0.110088 -0.158889
v 0.270863 0.109912 -0.158889
v 0.270890 -0.110088 -0.154488
v 0.270890 0.109912 -0.154488
v 0.270970 -0.110088 -0.149739
v 0.270970 0.109912 -0.149739
v 0.271102 -0.110088 -0.144643
v 0.271102 0.109912 -0.144643
v 0.271288 -0.110088 -0.139199
v 0.271288 0.109912 -0.139199
v 0.271527 -0.110088 -0.133408
v 0.271527 0.109912 -0.133408
v 0.271819 -0.110088 -0.127270
v 0.271819 0.109912 -0.127270
v 0.272164 -0.110088 -0.120784
v 0.272164 0.109912 -0.120784
v 0.272562 -0.110088 -0.113950
v 0.272562 0.109912 -0.113950
v 0.273013 -0.110088 -0.106769
v 0.273013 0.109912 -0.106769
v 0.273518 -0.110088 -0.099241
v 0.273518 0.109912 -0.099241
v 0.274075 -0.110088 -0.091365
v 0.274075 0.109912 -0.091365
v 0.274686 -0.110088 -0.083142
v 0.274686 0.109912 -0.083142
v 0.275296 -0.110088 -0.074918
v 0.275296 0.109912 -0.074918
v 0.275853 -0.110088 -0.067043
v 0.275853 0.109912 -0.067043
v 0.276358 -0.110088 -0.059514
v 0.276358 0.109912 -0.059514
v 0.276809 -0.110088 -0.052333
v 0.276809 0.109912 -0.052333
v 0.277207 -0.110088 -0.045500
v 0.277207 0.109912 -0.045500
v 0.277552 -0.110088 -0.039014
v 0.277552 0.109912 -0.039014
v 0.277844 -0.110088 -0.032875
v 0.277844 0.109912 -0.032875
v 0.278083 -0.110088 -0.027084
v 0.278083 0.109912 -0.027084
v 0.278269 -0.110088 -0.021641
v 0.278269 0.109912 -0.021641
v 0.278401 -0.110088 -0.016545
v 0.278401 0.109912 -0.016545
v 0.278481 -0.110088 -0.011796
v 0.278481 0.109912 -0.011796
v 0.278508 -0.110088 -0.007395
v 0.278508 0.109912 -0.007395
v 0.278414 -0.110088 -0.004251
v 0.278414 0.109912 -0.004251
v 0.278131 -0.110088 -0.001189
v 0.278131 0.109912 -0.001189
v 0.277661 -0.110088 0.001791
v 0.277661 0.109912 0.001791
v 0.277002 -0.110088 0.004689
v 0.277002 0.109912 0.004689
v 0.276155 -0.110088 0.007505
v 0.276155 0.109912 0.007505
v 0.275120 -0.110088 0.010239
v 0.275120 0.109912 0.010239
v 0.273896 -0.110088 0.012891
v 0.273896 0.109912 0.012891
v 0.272485 -0.110088 0.015461
v 0.272485 0.109912 0.015461
v 0.270885 -0.110088 0.017948
v 0.270885 0.109912 0.017948
v 0.269097 -0.110088 0.020354
v 0.269097 0.109912 0.020354
v 0.267121 -0.110088 0.022678
v 0.267121 0.109912 0.022678
v 0.264956 -0.110088 0.024919
v 0.264956 0.109912 0.024919
v 0.262652 -0.110088 0.027028
v 0.262652 0.109912 0.027028
v 0.260256 -0.110088 0.028954
v 0.260256 0.109912 0.028954
v 0.257768 -0.110088 0.030696
v 0.257768 0.109912 0.030696
v 0.255189 -0.110088 0.032255
v 0.255189 0.109912 0.032255
v 0.252518 -0.110088 0.033630
v 0.252518 0.109912 0.033630
v 0.249755 -0.110088 0.034822
v 0.249755 0.109912 0.034822
v 0.246901 -0.110088 0.035831
v 0.246901 0.109912 0.035831
v 0.243954 -0.110088 0.036656
v 0.243954 0.109912 0.036656
v 0.240916 -0.110088 0.037298
v 0.240916 0.109912 0.037298
v 0.237787 -0.110088 0.037756
v 0.237787 0.109912 0.037756
v 0.234566 -0.110088 0.038031
v 0.234566 0.109912 0.038031
v 0.231253 -0.110088 0.038123
v 0.231253 0.109912 0.038123
v 0.227874 -0.110088 0.038032
v 0.227874 0.109912 0.038032
v 0.224573 -0.110088 0.037761
v 0.224573 0.109912 0.037761
v 0.221350 -0.110088 0.037309
v 0.221350 0.109912 0.037309
v 0.218203 -0.110088 0.036675
v 0.218203 0.109912 0.036675
v 0.215134 -0.110088 0.035861
v 0.215134 0.109912 0.035861
v 0.212142 -0.110088 0.034865
v 0.212142 0.109912 0.034865
v 0.209227 -0.110088 0.033689
v 0.209227 0.109912 0.033689
v 0.206390 -0.110088 0.032332
v 0.206390 0.109912 0.032332
v 0.203629 -0.110088 0.030794
v 0.203629 0.109912 0.030794
v 0.200946 -0.110088 0.029074
v 0.200946 0.109912 0.029074
v 0.198340 -0.110088 0.027174
v 0.198340 0.109912 0.027174
v 0.195811 -0.110088 0.025093
v 0.195811 0.109912 0.025093
v 0.193425 -0.110088 0.022882
v 0.193425 0.109912 0.022882
v 0.191246 -0.110088 0.020591
v 0.191246 0.109912 0.020591
v 0.189275 -0.110088 0.018220
v 0.189275 0.109912 0.018220
v 0.187511 -0.110088 0.015769
v 0.187511 0.109912 0.015769
v 0.185954 -0.110088 0.013240
v 0.185954 0.109912 0.013240
v 0.184605 -0.110088 0.010630
v 0.184605 0.109912 0.010630
v 0.183464 -0.110088 0.007941
v 0.183464 0.109912 0.007941
v 0.182530 -0.110088 0.005172
v 0.182530 0.109912 0.005172
v 0.181804 -0.110088 0.002323
v 0.181804 0.109912 0.002323
v 0.181285 -0.110088 -0.000605
v 0.181285 0.109912 -0.000605
v 0.180974 -0.110088 -0.003612
v 0.180974 0.109912 -0.003612
v 0.180870 -0.110088 -0.006700
v 0.180870 0.109912 -0.006700
v 0.180855 -0.110088 -0.011103
v 0.180855 0.109912 -0.011103
v 0.180807 -0.110088 -0.015859
v 0.180807 0.109912 -0.015859
v 0.180729 -0.110088 -0.020968
v 0.180729 0.109912 -0.020968
v 0.180619 -0.110088 -0.026428
v 0.180619 0.109912 -0.026428
v 0.180478 -0.110088 -0.032241
v 0.180478 0.109912 -0.032241
v 0.180306 -0.110088 -0.038406
v 0.180306 0.109912 -0.038406
v 0.180102 -0.110088 -0.044923
v 0.180102 0.109912 -0.044923
v 0.179866 -0.110088 -0.051793
v 0.179866 0.109912 -0.051793
v 0.179600 -0.110088 -0.059015
v 0.179600 0.109912 -0.059015
v 0.179302 -0.110088 -0.066589
v 0.179302 0.109912 -0.066589
v 0.178972 -0.110088 -0.074516
v 0.178972 0.109912 -0.074516
v 0.178612 -0.110088 -0.082794
v 0.178612 0.109912 -0.082794
v 0.178251 -0.110088 -0.091073
v 0.178251 0.109912 -0.091073
v 0.177922 -0.110088 -0.099000
v 0.177922 0.109912 -0.099000
v 0.177624 -0.110088 -0.106574
v 0.177624 0.109912 -0.106574
v 0.177357 -0.110088 -0.113796
v 0.177357 0.109912 -0.113796
v 0.177122 -0.110088 -0.120665
v 0.177122 0.109912 -0.120665
v 0.176918 -0.110088 -0.127183
v 0.176918 0.109912 -0.127183
v 0.176745 -0.110088 -0.133348
v 0.176745 0.109912 -0.133348
v 0.176604 -0.110088 -0.139161
v 0.176604 0.109912 -0.139161
v 0.176494 -0.110088 -0.144621
v 0.176494 0.109912 -0.144621
v 0.176416 -0.110088 -0.149729
v 0.176416 0.109912 -0.149729
v 0.176369 -0.110088 -0.154485
v 0.176369 0.109912 -0.154485
v 0.176353 -0.110088 -0.158889
v 0.176353 0.109912 -0.158889
v 0.176358 -0.110088 -0.162158
v 0.176358 0.109912 -0.162158
v 0.176372 -0.110088 -0.165365
v 0.176372 0.109912 -0.165365
v 0.176396 -0.110088 -0.168509
v 0.176396 0.109912 -0.168509
v 0.176430 -0.110088 -0.171591
v 0.176430 0.109912 -0.171591
v 0.176474 -0.110088 -0.174609
v 0.176474 0.109912 -0.174609
v 0.176527 -0.110088 -0.177565
v 0.176527 0.109912 -0.177565
v 0.176589 -0.110088 -0.180458
v 0.176589 0.109912 -0.180458
v 0.176662 -0.110088 -0.183289
v 0.176662 0.109912 -0.183289
v 0.176744 -0.110088 -0.186056
v 0.176744 0.109912 -0.186056
v 0.176835 -0.110088 -0.188761
v 0.176835 0.109912 -0.188761
v 0.176937 -0.110088 -0.191403
v 0.176937 0.109912 -0.191403
v 0.177048 -0.110088 -0.193983
v 0.177048 0.109912 -0.193983
v 0.167778 -0.110088 -0.193493
v 0.167778 0.109912 -0.193493
v 0.158150 -0.110088 -0.192834
v 0.158150 0.109912 -0.192834
v 0.148165 -0.110088 -0.192006
v 0.148165 0.109912 -0.192006
v 0.137823 -0.110088 -0.191010
v 0.137823 0.109912 -0.191010
v 0.127124 -0.110088 -0.189844
v 0.127124 0.109912 -0.189844
v 0.116068 -0.110088 -0.188510
v 0.116068 0.109912 -0.188510
v 0.104655 -0.110088 -0.187007
v 0.104655 0.109912 -0.187007
v 0.092885 -0.110088 -0.185335
v 0.092885 0.109912 -0.185335
v 0.080757 -0.110088 -0.183494
v 0.080757 0.109912 -0.183494
v 0.068273 -0.110088 -0.181484
v 0.068273 0.109912 -0.181484
v 0.055431 -0.110088 -0.179305
v 0.055431 0.109912 -0.179305
v 0.042232 -0.110088 -0.176957
v 0.042232 0.109912 -0.176957
v 0.031114 -0.110088 -0.174928
v 0.031114 0.109912 -0.174928
v 0.019995 -0.110088 -0.172894
v 0.019995 0.109912 -0.172894
v 0.008876 -0.110088 -0.170855
v 0.008876 0.109912 -0.170855
v -0.002243 -0.110088 -0.168811
v -0.002243 0.109912 -0.168811
v -0.013362 -0.110088 -0.166762
v -0.013362 0.109912 -0.166762
v -0.024481 -0.110088 -0.164709
v -0.024481 0.109912 -0.164709
v -0.035600 -0.110088 -0.162651
v -0.035600 0.109912 -0.162651
v -0.046719 -0.110088 -0.160588
v -0.046719 0.109912 -0.160588
v -0.057838 -0.110088 -0.158520
v -0.057838 0.109912 -0.158520
v -0.068956 -0.110088 -0.156447
v -0.068956 0.109912 -0.156447
v -0.080075 -0.110088 -0.154369
v -0.080075 0.109912 -0.154369
v -0.091194 -0.110088 -0.152287
v -0.091194 0.109912 -0.152287
v -0.091334 -0.110088 -0.148130
v -0.091334 0.109912 -0.148130
v -0.091522 -0.110088 -0.143533
v -0.091522 0.109912 -0.143533
v -0.091758 -0.110088 -0.138497
v -0.091758 0.109912 -0.138497
v -0.092043 -0.110088 -0.133022
v -0.092043 0.109912 -0.133022
v -0.092376 -0.110088 -0.127108
v -0.092376 0.109912 -0.127108
v -0.092757 -0.110088 -0.120755
v -0.092757 0.109912 -0.120755
v -0.093187 -0.110088 -0.113962
v -0.093187 0.109912 -0.113962
v -0.093665 -0.110088 -0.106731
v -0.093665 0.109912 -0.106731
v -0.094191 -0.110088 -0.099060
v -0.094191 0.109912 -0.099060
v -0.094765 -0.110088 -0.090950
v -0.094765 0.109912 -0.090950
v -0.095387 -0.110088 -0.082401
v -0.095387 0.109912 -0.082401
v -0.096058 -0.110088 -0.073413
v -0.096058 0.109912 -0.073413
v -0.096613 -0.110088 -0.065428
v -0.096613 0.109912 -0.065428
v -0.097120 -0.110088 -0.057690
v -0.097120 0.109912 -0.057690
v -0.097578 -0.110088 -0.050198
v -0.097578 0.109912 -0.050198
v -0.097989 -0.110088 -0.042952
v -0.097989 0.109912 -0.042952
v -0.098351 -0.110088 -0.035952
v -0.098351 0.109912 -0.035952
v -0.098664 -0.110088 -0.029198
v -0.098664 0.109912 -0.029198
v -0.098930 -0.110088 -0.022690
v -0.098930 0.109912 -0.022690
v -0.099147 -0.110088 -0.016429
v -0.099147 0.109912 -0.016429
v -0.099316 -0.110088 -0.010413
v -0.099316 0.109912 -0.010413
v -0.099436 -0.110088 -0.004644
v -0.099436 0.109912 -0.004644
v -0.099509 -0.110088 0.000879
v -0.099509 0.109912 0.000879
v -0.099533 -0.110088 0.006156
v -0.099533 0.109912 0.006156
v -0.099627 -0.110088 0.009300
v -0.099627 0.109912 0.009300
v -0.099909 -0.110088 0.012362
v -0.099909 0.109912 0.012362
v -0.100380 -0.110088 0.015342
v -0.100380 0.109912 0.015342
v -0.101038 -0.110088 0.018240
v -0.101038 0.109912 0.018240
v -0.101885 -0.110088 0.021056
v -0.101885 0.109912 0.021056
v -0.102921 -0.110088 0.023790
v -0.102921 0.109912 0.023790
v -0.104144 -0.110088 0.026442
v -0.104144 0.109912 0.026442
v -0.105555 -0.110088 0.029012
v -0.105555 0.109912 0.029012
v -0.107155 -0.110088 0.031499
v -0.107155 0.109912 0.031499
v -0.108943 -0.110088 0.033905
v -0.108943 0.109912 0.033905
v -0.110919 -0.110088 0.036229
v -0.110919 0.109912 0.036229
v -0.113084 -0.110088 0.038470
v -0.113084 0.109912 0.038470
v -0.115388 -0.110088 0.040579
v -0.115388 0.109912 0.040579
v -0.117784 -0.110088 0.042505
v -0.117784 0.109912 0.042505
v -0.120272 -0.110088 0.044247
v -0.120272 0.109912 0.044247
v -0.122851 -0.110088 0.045806
v -0.122851 0.109912 0.045806
v -0.125523 -0.110088 0.047181
v -0.125523 0.109912 0.047181
v -0.128285 -0.110088 0.048373
v -0.128285 0.109912 0.048373
v -0.131140 -0.110088 0.049382
v -0.131140 0.109912 0.049382
v -0.134086 -0.110088 0.050207
v -0.134086 0.109912 0.050207
v -0.137124 -0.110088 0.050849
v -0.137124 0.109912 0.050849
v -0.140254 -0.110088 0.051307
v -0.140254 0.109912 0.051307
v -0.143475 -0.110088 0.051582
v -0.143475 0.109912 0.051582
v -0.146788 -0.110088 0.051674
v -0.146788 0.109912 0.051674
v -0.150101 -0.110088 0.051582
v -0.150101 0.109912 0.051582
v -0.153322 -0.110088 0.051307
v -0.153322 0.109912 0.051307
v -0.156452 -0.110088 0.050849
v -0.156452 0.109912 0.050849
v -0.159490 -0.110088 0.050207
v -0.159490 0.109912 0.050207
v -0.162436 -0.110088 0.049382
v -0.162436 0.109912 0.049382
v -0.165290 -0.110088 0.048373
v -0.165290 0.109912 0.048373
v -0.168053 -0.110088 0.047181
v -0.168053 0.109912 0.047181
v -0.170724 -0.110088 0.045806
v -0.170724 0.109912 0.045806
v -0.173304 -0.110088 0.044247
v -0.173304 0.109912 0.044247
v -0.175792 -0.110088 0.042505
v -0.175792 0.109912 0.042505
v -0.178188 -0.110088 0.040579
v -0.178188 0.109912 0.040579
v -0.180492 -0.110088 0.038470
v -0.180492 0.109912 0.038470
v -0.182656 -0.110088 0.036229
v -0.182656 0.109912 0.036229
v -0.184632 -0.110088 0.033905
v -0.184632 0.109912 0.033905
v -0.186420 -0.110088 0.031499
v -0.186420 0.109912 0.031499
v -0.188020 -0.110088 0.029012
v -0.188020 0.109912 0.029012
v -0.189432 -0.110088 0.026442
v -0.189432 0.109912 0.026442
v -0.190655 -0.110088 0.023790
v -0.190655 0.109912 0.023790
v -0.191690 -0.110088 0.021056
v -0.191690 0.109912 0.021056
v -0.192537 -0.110088 0.018240
v -0.192537 0.109912 0.018240
v -0.193196 -0.110088 0.015342
v -0.193196 0.109912 0.015342
v -0.193667 -0.110088 0.012362
v -0.193667 0.109912 0.012362
v -0.193949 -0.110088 0.009300
v -0.193949 0.109912 0.009300
v -0.194043 -0.110088 0.006156
v -0.194043 0.109912 0.006156
v -0.194001 -0.110088 0.000066
v -0.194001 0.109912 0.000066
v -0.193874 -0.110088 -0.006507
v -0.193874 0.109912 -0.006507
v -0.193663 -0.110088 -0.013562
v -0.193663 0.109912 -0.013562
v -0.193367 -0.110088 -0.021100
v -0.193367 0.109912 -0.021100
v -0.192987 -0.110088 -0.029121
v -0.192987 0.109912 -0.029121
v -0.192523 -0.110088 -0.037624
v -0.192523 0.109912 -0.037624
v -0.191974 -0.110088 -0.046610
v -0.191974 0.109912 -0.046610
v -0.191340 -0.110088 -0.056078
v -0.191340 0.109912 -0.056078
v -0.190623 -0.110088 -0.066029
v -0.190623 0.109912 -0.066029
v -0.189820 -0.110088 -0.076463
v -0.189820 0.109912 -0.076463
v -0.188933 -0.110088 -0.087379
v -0.188933 0.109912 -0.087379
v -0.187962 -0.110088 -0.098778
v -0.187962 0.109912 -0.098778
v -0.186991 -0.110088 -0.110176
v -0.186991 0.109912 -0.110176
v -0.186104 -0.110088 -0.121093
v -0.186104 0.109912 -0.121093
v -0.185302 -0.110088 -0.131526
v -0.185302 0.109912 -0.131526
v -0.184584 -0.110088 -0.141477
v -0.184584 0.109912 -0.141477
v -0.183951 -0.110088 -0.150945
v -0.183951 0.109912 -0.150945
v -0.183402 -0.110088 -0.159931
v -0.183402 0.109912 -0.159931
v -0.182937 -0.110088 -0.168434
v -0.182937 0.109912 -0.168434
v -0.182557 -0.110088 -0.176455
v -0.182557 0.109912 -0.176455
v -0.182262 -0.110088 -0.183993
v -0.182262 0.109912 -0.183993
v -0.182051 -0.110088 -0.191049
v -0.182051 0.109912 -0.191049
v -0.181924 -0.110088 -0.197621
v -0.181924 0.109912 -0.197621
v -0.181882 -0.110088 -0.203712
v -0.181882 0.109912 -0.203712
v -0.181867 -0.110088 -0.211437
v -0.181867 0.109912 -0.211437
v -0.181824 -0.110088 -0.219787
v -0.181824 0.109912 -0.219787
v -0.181751 -0.110088 -0.228762
v -0.181751 0.109912 -0.228762
v -0.181650 -0.110088 -0.238361
v -0.181650 0.109912 -0.238361
v -0.181520 -0.110088 -0.248586
v -0.181520 0.109912 -0.248586
v -0.181361 -0.110088 -0.259436
v -0.181361 0.109912 -0.259436
v -0.181172 -0.110088 -0.270911
v -0.181172 0.109912 -0.270911
v -0.180955 -0.110088 -0.283011
v -0.180955 0.109912 -0.283011
v -0.180709 -0.110088 -0.295735
v -0.180709 0.109912 -0.295735
v -0.180434 -0.110088 -0.309085
v -0.180434 0.109912 -0.309085
v -0.180130 -0.110088 -0.323059
v -0.180130 0.109912 -0.323059
v -0.179797 -0.110088 -0.337659
v -0.179797 0.109912 -0.337659
v -0.179464 -0.110088 -0.352258
v -0.179464 0.109912 -0.352258
v -0.179160 -0.110088 -0.366233
v -0.179160 0.109912 -0.366233
v -0.178885 -0.110088 -0.379582
v -0.178885 0.109912 -0.379582
v -0.178639 -0.110088 -0.392307
v -0.178639 0.109912 -0.392307
v -0.178421 -0.110088 -0.404407
v -0.178421 0.109912 -0.404407
v -0.178233 -0.110088 -0.415882
v -0.178233 0.109912 -0.415882
v -0.178074 -0.110088 -0.426731
v -0.178074 0.109912 -0.426731
v -0.177944 -0.110088 -0.436956
v -0.177944 0.109912 -0.436956
v -0.177842 -0.110088 -0.446556
v -0.177842 0.109912 -0.446556
v -0.177770 -0.110088 -0.455531
v -0.177770 0.109912 -0.455531
v -0.177727 -0.110088 -0.463881
v -0.177727 0.109912 -0.463881
v -0.177712 -0.110088 -0.471606
v -0.177712 0.109912 -0.471606
v -0.177618 -0.110088 -0.474750
v -0.177618 0.109912 -0.474750
v -0.177336 -0.110088 -0.477812
v -0.177336 0.109912 -0.477812
v -0.176865 -0.110088 -0.480792
v -0.176865 0.109912 -0.480792
v -0.176206 -0.110088 -0.483690
v -0.176206 0.109912 -0.483690
v -0.175359 -0.110088 -0.486506
v -0.175359 0.109912 -0.486506
v -0.174324 -0.110088 -0.489240
v -0.174324 0.109912 -0.489240
v -0.173101 -0.110088 -0.491892
v -0.173101 0.109912 -0.491892
v -0.171689 -0.110088 -0.494461
v -0.171689 0.109912 -0.494461
v -0.170090 -0.110088 -0.496949
v -0.170090 0.109912 -0.496949
v -0.168302 -0.110088 -0.499355
v -0.168302 0.109912 -0.499355
v -0.166325 -0.110088 -0.501679
v -0.166325 0.109912 -0.501679
v -0.164161 -0.110088 -0.503920
v -0.164161 0.109912 -0.503920
v -0.161857 -0.110088 -0.506029
v -0.161857 0.109912 -0.506029
v -0.159461 -0.110088 -0.507955
v -0.159461 0.109912 -0.507955
v -0.156973 -0.110088 -0.509697
v -0.156973 0.109912 -0.509697
v -0.154393 -0.110088 -0.511256
v -0.154393 0.109912 -0.511256
v -0.151722 -0.110088 -0.512631
v -0.151722 0.109912 -0.512631
v -0.148960 -0.110088 -0.513823
v -0.148960 0.109912 -0.513823
v -0.146105 -0.110088 -0.514831
v -0.146105 0.109912 -0.514831
v -0.143159 -0.110088 -0.515657
v -0.143159 0.109912 -0.515657
v -0.140121 -0.110088 -0.516299
v -0.140121 0.109912 -0.516299
v -0.136991 -0.110088 -0.516757
v -0.136991 0.109912 -0.516757
v -0.133770 -0.110088 -0.517032
v -0.133770 0.109912 -0.517032
v -0.130457 -0.110088 -0.517124
v -0.130457 0.109912 -0.517124
v -0.127144 -0.110088 -0.517032
v -0.127144 0.109912 -0.517032
v -0.123923 -0.110088 -0.516757
v -0.123923 0.109912 -0.516757
v -0.120793 -0.110088 -0.516299
v -0.120793 0.109912 -0.516299
v -0.117755 -0.110088 -0.515657
v -0.117755 0.109912 -0.515657
v -0.114809 -0.110088 -0.514831
v -0.114809 0.109912 -0.514831
v -0.111955 -0.110088 -0.513823
v -0.111955 0.109912 -0.513823
v -0.109192 -0.110088 -0.512631
v -0.109192 0.109912 -0.512631
v -0.106521 -0.110088 -0.511255
v -0.106521 0.109912 -0.511255
v -0.103941 -0.110088 -0.509697
v -0.103941 0.109912 -0.509697
v -0.101453 -0.110088 -0.507955
v -0.101453 0.109912 -0.507955
v -0.099057 -0.110088 -0.506029
v -0.099057 0.109912 -0.506029
v -0.096753 -0.110088 -0.503920
v -0.096753 0.109912 -0.503920
v -0.094589 -0.110088 -0.501679
v -0.094589 0.109912 -0.501679
v -0.092613 -0.110088 -0.499355
v -0.092613 0.109912 -0.499355
v -0.090824 -0.110088 -0.496949
v -0.090824 0.109912 -0.496949
v -0.089225 -0.110088 -0.494461
v -0.089225 0.109912 -0.494461
v -0.087813 -0.110088 -0.491892
v -0.087813 0.109912 -0.491892
v -0.086590 -0.110088 -0.489240
v -0.086590 0.109912 -0.489240
v -0.085555 -0.110088 -0.486506
v -0.085555 0.109912 -0.486506
v -0.084708 -0.110088 -0.483690
v -0.084708 0.109912 -0.483690
v -0.084049 -0.110088 -0.480792
v -0.084049 0.109912 -0.480792
v -0.083578 -0.110088 -0.477812
v -0.083578 0.109912 -0.477812
v -0.083296 -0.110088 -0.474750
v -0.083296 0.109912 -0.474750
v -0.083202 -0.110088 -0.471606
v -0.083202 0.109912 -0.471606
v -0.083215 -0.110088 -0.467020
v -0.083215 0.109912 -0.467020
v -0.083255 -0.110088 -0.462065
v -0.083255 0.109912 -0.462065
v -0.083321 -0.110088 -0.456741
v -0.083321 0.109912 -0.456741
v -0.083414 -0.110088 -0.451048
v -0.083414 0.109912 -0.451048
v -0.083534 -0.110088 -0.444985
v -0.083534 0.109912 -0.444985
v -0.083680 -0.110088 -0.438554
v -0.083680 0.109912 -0.438554
v -0.083852 -0.110088 -0.431753
v -0.083852 0.109912 -0.431753
v -0.084051 -0.110088 -0.424583
v -0.084051 0.109912 -0.424583
v -0.084277 -0.110088 -0.417043
v -0.084277 0.109912 -0.417043
v -0.084529 -0.110088 -0.409135
v -0.084529 0.109912 -0.409135
v -0.084808 -0.110088 -0.400857
v -0.084808 0.109912 -0.400857
v -0.085113 -0.110088 -0.392211
v -0.085113 0.109912 -0.392211
v -0.085418 -0.110088 -0.383564
v -0.085418 0.109912 -0.383564
v -0.085697 -0.110088 -0.375286
v -0.085697 0.109912 -0.375286
v -0.085949 -0.110088 -0.367378
v -0.085949 0.109912 -0.367378
v -0.086175 -0.110088 -0.359839
v -0.086175 0.109912 -0.359839
v -0.086374 -0.110088 -0.352669
v -0.086374 0.109912 -0.352669
v -0.086546 -0.110088 -0.345868
v -0.086546 0.109912 -0.345868
v -0.086692 -0.110088 -0.339436
v -0.086692 0.109912 -0.339436
v -0.086812 -0.110088 -0.333373
v -0.086812 0.109912 -0.333373
v -0.086905 -0.110088 -0.327680
v -0.086905 0.109912 -0.327680
v -0.086971 -0.110088 -0.322356
v -0.086971 0.109912 -0.322356
v -0.087011 -0.110088 -0.317401
v -0.087011 0.109912 -0.317401
v -0.087024 -0.110088 -0.312815
v -0.087024 0.109912 -0.312815
v -0.087041 -0.110088 -0.311256
v -0.087041 0.109912 -0.311256
v -0.087092 -0.110088 -0.309476
v -0.087092 0.109912 -0.309476
v -0.087176 -0.110088 -0.307473
v -0.087176 0.109912 -0.307473
v -0.087294 -0.110088 -0.305248
v -0.087294 0.109912 -0.305248
v -0.087446 -0.110088 -0.302801
v -0.087446 0.109912 -0.302801
v -0.087632 -0.110088 -0.300133
v -0.087632 0.109912 -0.300133
v -0.087852 -0.110088 -0.297242
v -0.087852 0.109912 -0.297242
v -0.088105 -0.110088 -0.294129
v -0.088105 0.109912 -0.294129
v -0.088392 -0.110088 -0.290795
v -0.088392 0.109912 -0.290795
v -0.088713 -0.110088 -0.287238
v -0.088713 0.109912 -0.287238
v -0.089068 -0.110088 -0.283459
v -0.089068 0.109912 -0.283459
v -0.089456 -0.110088 -0.279459
v -0.089456 0.109912 -0.279459
v -0.089787 -0.110088 -0.275711
v -0.089787 0.109912 -0.275711
v -0.090084 -0.110088 -0.272114
v -0.090084 0.109912 -0.272114
v -0.090347 -0.110088 -0.268666
v -0.090347 0.109912 -0.268666
v -0.090576 -0.110088 -0.265367
v -0.090576 0.109912 -0.265367
v -0.090771 -0.110088 -0.262218
v -0.090771 0.109912 -0.262218
v -0.090933 -0.110088 -0.259219
v -0.090933 0.109912 -0.259219
v -0.091061 -0.110088 -0.256369
v -0.091061 0.109912 -0.256369
v -0.091155 -0.110088 -0.253669
v -0.091155 0.109912 -0.253669
v -0.091215 -0.110088 -0.251119
v -0.091215 0.109912 -0.251119
v -0.091242 -0.110088 -0.248718
v -0.091242 0.109912 -0.248718
v -0.091235 -0.110088 -0.246467
v -0.091235 0.109912 -0.246467
v -0.091194 -0.110088 -0.244365
v -0.091194 0.109912 -0.244365
v 0.042232 -0.110088 -0.269382
v 0.042232 0.109912 -0.269382
v 0.055113 -0.110088 -0.271617
v 0.055113 0.109912 -0.271617
v 0.067694 -0.110088 -0.273687
v 0.067694 0.109912 -0.273687
v 0.079976 -0.110088 -0.275593
v 0.079976 0.109912 -0.275593
v 0.091958 -0.110088 -0.277335
v 0.091958 0.109912 -0.277335
v 0.103642 -0.110088 -0.278913
v 0.103642 0.109912 -0.278913
v 0.115026 -0.110088 -0.280327
v 0.115026 0.109912 -0.280327
v 0.126111 -0.110088 -0.281577
v 0.126111 0.109912 -0.281577
v 0.136897 -0.110088 -0.282663
v 0.136897 0.109912 -0.282663
v 0.147384 -0.110088 -0.283585
v 0.147384 0.109912 -0.283585
v 0.157571 -0.110088 -0.284342
v 0.157571 0.109912 -0.284342
v 0.167459 -0.110088 -0.284936
v 0.167459 0.109912 -0.284936
v 0.177048 -0.110088 -0.285366
v 0.177048 0.109912 -0.285366
v 0.177292 -0.110088 -0.289791
v 0.177292 0.109912 -0.289791
v 0.177560 -0.110088 -0.295307
v 0.177560 0.109912 -0.295307
v 0.177852 -0.110088 -0.301914
v 0.177852 0.109912 -0.301914
v 0.178168 -0.110088 -0.309611
v 0.178168 0.109912 -0.309611
v 0.178508 -0.110088 -0.318399
v 0.178508 0.109912 -0.318399
v 0.178872 -0.110088 -0.328277
v 0.178872 0.109912 -0.328277
v 0.179261 -0.110088 -0.339247
v 0.179261 0.109912 -0.339247
v 0.179673 -0.110088 -0.351306
v 0.179673 0.109912 -0.351306
v 0.180110 -0.110088 -0.364457
v 0.180110 0.109912 -0.364457
v 0.180571 -0.110088 -0.378698
v 0.180571 0.109912 -0.378698
v 0.181056 -0.110088 -0.394030
v 0.181056 0.109912 -0.394030
v 0.181565 -0.110088 -0.410452
v 0.181565 0.109912 -0.410452
v 0.181785 -0.110088 -0.414967
v 0.181785 0.109912 -0.414967
v 0.182212 -0.110088 -0.419593
v 0.182212 0.109912 -0.419593
v 0.182847 -0.110088 -0.424329
v 0.182847 0.109912 -0.424329
v 0.183689 -0.110088 -0.429177
v 0.183689 0.109912 -0.429177
v 0.184738 -0.110088 -0.434135
v 0.184738 0.109912 -0.434135
v 0.185995 -0.110088 -0.439205
v 0.185995 0.109912 -0.439205
v 0.187460 -0.110088 -0.444386
v 0.187460 0.109912 -0.444386
v 0.189132 -0.110088 -0.449677
v 0.189132 0.109912 -0.449677
v 0.191012 -0.110088 -0.455080
v 0.191012 0.109912 -0.455080
v 0.193099 -0.110088 -0.460593
v 0.193099 0.109912 -0.460593
v 0.195394 -0.110088 -0.466218
v 0.195394 0.109912 -0.466218
v 0.197896 -0.110088 -0.471954
v 0.197896 0.109912 -0.471954
v 0.201175 -0.110088 -0.478780
v 0.201175 0.109912 -0.478780
v 0.204527 -0.110088 -0.485012
v 0.204527 0.109912 -0.485012
v 0.207951 -0.110088 -0.490651
v 0.207951 0.109912 -0.490651
v 0.211447 -0.110088 -0.495697
v 0.211447 0.109912 -0.495697
v 0.215016 -0.110088 -0.500149
v 0.215016 0.109912 -0.500149
v 0.218657 -0.110088 -0.504007
v 0.218657 0.109912 -0.504007
v 0.222370 -0.110088 -0.507272
v 0.222370 0.109912 -0.507272
v 0.226156 -0.110088 -0.509943
v 0.226156 0.109912 -0.509943
v 0.230015 -0.110088 -0.512020
v 0.230015 0.109912 -0.512020
v 0.233945 -0.110088 -0.513504
v 0.233945 0.109912 -0.513504
v 0.237948 -0.110088 -0.514395
v 0.237948 0.109912 -0.514395
v 0.242024 -0.110088 -0.514691
v 0.242024 0.109912 -0.514691
v 0.245064 -0.110088 -0.514607
v 0.245064 0.109912 -0.514607
v 0.248047 -0.110088 -0.514354
v 0.248047 0.109912 -0.514354
v 0.250971 -0.110088 -0.513931
v 0.250971 0.109912 -0.513931
v 0.253838 -0.110088 -0.513340
v 0.253838 0.109912 -0.513340
v 0.256646 -0.110088 -0.512580
v 0.256646 0.109912 -0.512580
v 0.259397 -0.110088 -0.511651
v 0.259397 0.109912 -0.511651
v 0.262090 -0.110088 -0.510553
v 0.262090 0.109912 -0.510553
v 0.264725 -0.110088 -0.509287
v 0.264725 0.109912 -0.509287
v 0.267302 -0.110088 -0.507851
v 0.267302 0.109912 -0.507851
v 0.269821 -0.110088 -0.506246
v 0.269821 0.109912 -0.506246
v 0.272282 -0.110088 -0.504473
v 0.272282 0.109912 -0.504473
v 0.274686 -0.110088 -0.502530
v 0.274686 0.109912 -0.502530
v 0.277127 -0.110088 -0.500284
v 0.277127 0.109912 -0.500284
v 0.279357 -0.110088 -0.497946
v 0.279357 0.109912 -0.497946
v 0.281374 -0.110088 -0.495516
v 0.281374 0.109912 -0.495516
v 0.283179 -0.110088 -0.492994
v 0.283179 0.109912 -0.492994
v 0.284772 -0.110088 -0.490381
v 0.284772 0.109912 -0.490381
v 0.286152 -0.110088 -0.487676
v 0.286152 0.109912 -0.487676
v 0.287320 -0.110088 -0.484880
v 0.287320 0.109912 -0.484880
v 0.288275 -0.110088 -0.481991
v 0.288275 0.109912 -0.481991
v 0.289018 -0.110088 -0.479011
v 0.289018 0.109912 -0.479011
v 0.289549 -0.110088 -0.475940
v 0.289549 0.109912 -0.475940
v 0.289868 -0.110088 -0.472776
v 0.289868 0.109912 -0.472776
v 0.705888 -0.110088 -0.033802
v 0.705888 0.109912 -0.033802
v 0.705678 -0.110088 -0.028935
v 0.705678 0.109912 -0.028935
v 0.705048 -0.110088 -0.024295
v 0.705048 0.109912 -0.024295
v 0.703998 -0.110088 -0.019882
v 0.703998 0.109912 -0.019882
v 0.702529 -0.110088 -0.015695
v 0.702529 0.109912 -0.015695
v 0.700639 -0.110088 -0.011736
v 0.700639 0.109912 -0.011736
v 0.698330 -0.110088 -0.008003
v 0.698330 0.109912 -0.008003
v 0.695601 -0.110088 -0.004497
v 0.695601 0.109912 -0.004497
v 0.692452 -0.110088 -0.001218
v 0.692452 0.109912 -0.001218
v 0.688884 -0.110088 0.001835
v 0.688884 0.109912 0.001835
v 0.684895 -0.110088 0.004660
v 0.684895 0.109912 0.004660
v 0.680486 -0.110088 0.007259
v 0.680486 0.109912 0.007259
v 0.675658 -0.110088 0.009631
v 0.675658 0.109912 0.009631
v 0.668514 -0.110088 0.012616
v 0.668514 0.109912 0.012616
v 0.660746 -0.110088 0.015547
v 0.660746 0.109912 0.015547
v 0.652357 -0.110088 0.018426
v 0.652357 0.109912 0.018426
v 0.643344 -0.110088 0.021252
v 0.643344 0.109912 0.021252
v 0.633709 -0.110088 0.024024
v 0.633709 0.109912 0.024024
v 0.623452 -0.110088 0.026744
v 0.623452 0.109912 0.026744
v 0.612572 -0.110088 0.029410
v 0.612572 0.109912 0.029410
v 0.601070 -0.110088 0.032023
v 0.601070 0.109912 0.032023
v 0.588945 -0.110088 0.034583
v 0.588945 0.109912 0.034583
v 0.576197 -0.110088 0.037090
v 0.576197 0.109912 0.037090
v 0.562827 -0.110088 0.039544
v 0.562827 0.109912 0.039544
v 0.548834 -0.110088 0.041945
v 0.548834 0.109912 0.041945
v 0.535942 -0.110088 0.044054
v 0.535942 0.109912 0.044054
v 0.523440 -0.110088 0.045979
v 0.523440 0.109912 0.045979
v 0.511330 -0.110088 0.047722
v 0.511330 0.109912 0.047722
v 0.499610 -0.110088 0.049280
v 0.499610 0.109912 0.049280
v 0.488281 -0.110088 0.050656
v 0.488281 0.109912 0.050656
v 0.477344 -0.110088 0.051848
v 0.477344 0.109912 0.051848
v 0.466797 -0.110088 0.052856
v 0.466797 0.109912 0.052856
v 0.456640 -0.110088 0.053682
v 0.456640 0.109912 0.053682
v 0.446875 -0.110088 0.054323
v 0.446875 0.109912 0.054323
v 0.437501 -0.110088 0.054782
v 0.437501 0.109912 0.054782
v 0.428518 -0.110088 0.055057
v 0.428518 0.109912 0.055057
v 0.419925 -0.110088 0.055149
v 0.419925 0.109912 0.055149
v 0.406328 -0.110088 0.054630
v 0.406328 0.109912 0.054630
v 0.393914 -0.110088 0.053074
v 0.393914 0.109912 0.053074
v 0.382681 -0.110088 0.050480
v 0.382681 0.109912 0.050480
v 0.372632 -0.110088 0.046848
v 0.372632 0.109912 0.046848
v 0.363764 -0.110088 0.042179
v 0.363764 0.109912 0.042179
v 0.356079 -0.110088 0.036473
v 0.356079 0.109912 0.036473
v 0.349576 -0.110088 0.029728
v 0.349576 0.109912 0.029728
v 0.344255 -0.110088 0.021947
v 0.344255 0.109912 0.021947
v 0.340117 -0.110088 0.013127
v 0.340117 0.109912 0.013127
v 0.337161 -0.110088 0.003270
v 0.337161 0.109912 0.003270
v 0.335388 -0.110088 -0.007624
v 0.335388 0.109912 -0.007624
v 0.334797 -0.110088 -0.019556
v 0.334797 0.109912 -0.019556
v 0.334845 -0.110088 -0.019418
v 0.334845 0.109912 -0.019418
v 0.334990 -0.110088 -0.020975
v 0.334990 0.109912 -0.020975
v 0.335231 -0.110088 -0.024225
v 0.335231 0.109912 -0.024225
v 0.335569 -0.110088 -0.029169
v 0.335569 0.109912 -0.029169
v 0.336003 -0.110088 -0.035807
v 0.336003 0.109912 -0.035807
v 0.336534 -0.110088 -0.044139
v 0.336534 0.109912 -0.044139
v 0.337161 -0.110088 -0.054165
v 0.337161 0.109912 -0.054165
v 0.337885 -0.110088 -0.065884
v 0.337885 0.109912 -0.065884
v 0.338706 -0.110088 -0.079298
v 0.338706 0.109912 -0.079298
v 0.339622 -0.110088 -0.094405
v 0.339622 0.109912 -0.094405
v 0.340636 -0.110088 -0.111207
v 0.340636 0.109912 -0.111207
v 0.341746 -0.110088 -0.129702
v 0.341746 0.109912 -0.129702
v 0.343189 -0.110088 -0.155072
v 0.343189 0.109912 -0.155072
v 0.344506 -0.110088 -0.180914
v 0.344506 0.109912 -0.180914
v 0.345698 -0.110088 -0.207230
v 0.345698 0.109912 -0.207230
v 0.346765 -0.110088 -0.234018
v 0.346765 0.109912 -0.234018
v 0.347706 -0.110088 -0.261280
v 0.347706 0.109912 -0.261280
v 0.348522 -0.110088 -0.289014
v 0.348522 0.109912 -0.289014
v 0.349212 -0.110088 -0.317221
v 0.349212 0.109912 -0.317221
v 0.349776 -0.110088 -0.345901
v 0.349776 0.109912 -0.345901
v 0.350215 -0.110088 -0.375055
v 0.350215 0.109912 -0.375055
v 0.350529 -0.110088 -0.404681
v 0.350529 0.109912 -0.404681
v 0.350717 -0.110088 -0.434780
v 0.350717 0.109912 -0.434780
v 0.350780 -0.110088 -0.465352
v 0.350780 0.109912 -0.465352
v 0.350875 -0.110088 -0.468612
v 0.350875 0.109912 -0.468612
v 0.351161 -0.110088 -0.471789
v 0.351161 0.109912 -0.471789
v 0.351638 -0.110088 -0.474885
v 0.351638 0.109912 -0.474885
v 0.352305 -0.110088 -0.477899
v 0.352305 0.109912 -0.477899
v 0.353163 -0.110088 -0.480831
v 0.353163 0.109912 -0.480831
v 0.354211 -0.110088 -0.483680
v 0.354211 0.109912 -0.483680
v 0.355451 -0.110088 -0.486448
v 0.355451 0.109912 -0.486448
v 0.356880 -0.110088 -0.489134
v 0.356880 0.109912 -0.489134
v 0.358500 -0.110088 -0.491737
v 0.358500 0.109912 -0.491737
v 0.360311 -0.110088 -0.494259
v 0.360311 0.109912 -0.494259
v 0.362313 -0.110088 -0.496698
v 0.362313 0.109912 -0.496698
v 0.364505 -0.110088 -0.499056
v 0.364505 0.109912 -0.499056
v 0.366842 -0.110088 -0.501276
v 0.366842 0.109912 -0.501276
v 0.369278 -0.110088 -0.503302
v 0.369278 0.109912 -0.503302
v 0.371812 -0.110088 -0.505136
v 0.371812 0.109912 -0.505136
v 0.374446 -0.110088 -0.506777
v 0.374446 0.109912 -0.506777
v 0.377179 -0.110088 -0.508225
v 0.377179 0.109912 -0.508225
v 0.380010 -0.110088 -0.509480
v 0.380010 0.109912 -0.509480
v 0.382941 -0.110088 -0.510541
v 0.382941 0.109912 -0.510541
v 0.385970 -0.110088 -0.511410
v 0.385970 0.109912 -0.511410
v 0.389099 -0.110088 -0.512086
v 0.389099 0.109912 -0.512086
v 0.392326 -0.110088 -0.512568
v 0.392326 0.109912 -0.512568
v 0.395652 -0.110088 -0.512858
v 0.395652 0.109912 -0.512858
v 0.399077 -0.110088 -0.512954
v 0.399077 0.109912 -0.512954
v 0.402504 -0.110088 -0.512858
v 0.402504 0.109912 -0.512858
v 0.405834 -0.110088 -0.512568
v 0.405834 0.109912 -0.512568
v 0.409067 -0.110088 -0.512086
v 0.409067 0.109912 -0.512086
v 0.412204 -0.110088 -0.511410
v 0.412204 0.109912 -0.511410
v 0.415244 -0.110088 -0.510541
v 0.415244 0.109912 -0.510541
v 0.418188 -0.110088 -0.509480
v 0.418188 0.109912 -0.509480
v 0.421035 -0.110088 -0.508225
v 0.421035 0.109912 -0.508225
v 0.423786 -0.110088 -0.506777
v 0.423786 0.109912 -0.506777
v 0.426440 -0.110088 -0.505136
v 0.426440 0.109912 -0.505136
v 0.428998 -0.110088 -0.503302
v 0.428998 0.109912 -0.503302
v 0.431459 -0.110088 -0.501276
v 0.431459 0.109912 -0.501276
v 0.433824 -0.110088 -0.499056
v 0.433824 0.109912 -0.499056
v 0.436044 -0.110088 -0.496698
v 0.436044 0.109912 -0.496698
v 0.438071 -0.110088 -0.494259
v 0.438071 0.109912 -0.494259
v 0.439904 -0.110088 -0.491737
v 0.439904 0.109912 -0.491737
v 0.441545 -0.110088 -0.489134
v 0.441545 0.109912 -0.489134
v 0.442993 -0.110088 -0.486448
v 0.442993 0.109912 -0.486448
v 0.444248 -0.110088 -0.483680
v 0.444248 0.109912 -0.483680
v 0.445309 -0.110088 -0.480831
v 0.445309 0.109912 -0.480831
v 0.446178 -0.110088 -0.477899
v 0.446178 0.109912 -0.477899
v 0.446854 -0.110088 -0.474885
v 0.446854 0.109912 -0.474885
v 0.447336 -0.110088 -0.471789
v 0.447336 0.109912 -0.471789
v 0.447626 -0.110088 -0.468612
v 0.447626 0.109912 -0.468612
v 0.447722 -0.110088 -0.465352
v 0.447722 0.109912 -0.465352
v 0.447657 -0.110088 -0.434688
v 0.447657 0.109912 -0.434688
v 0.447462 -0.110088 -0.404430
v 0.447462 0.109912 -0.404430
v 0.447136 -0.110088 -0.374577
v 0.447136 0.109912 -0.374577
v 0.446680 -0.110088 -0.345129
v 0.446680 0.109912 -0.345129
v 0.446094 -0.110088 -0.316087
v 0.446094 0.109912 -0.316087
v 0.445377 -0.110088 -0.287450
v 0.445377 0.109912 -0.287450
v 0.444530 -0.110088 -0.259219
v 0.444530 0.109912 -0.259219
v 0.443553 -0.110088 -0.231393
v 0.443553 0.109912 -0.231393
v 0.442445 -0.110088 -0.203972
v 0.442445 0.109912 -0.203972
v 0.441208 -0.110088 -0.176957
v 0.441208 0.109912 -0.176957
v 0.439839 -0.110088 -0.150347
v 0.439839 0.109912 -0.150347
v 0.438341 -0.110088 -0.124142
v 0.438341 0.109912 -0.124142
v 0.437817 -0.110088 -0.119305
v 0.437817 0.109912 -0.119305
v 0.437289 -0.110088 -0.114056
v 0.437289 0.109912 -0.114056
v 0.436755 -0.110088 -0.108398
v 0.436755 0.109912 -0.108398
v 0.436217 -0.110088 -0.102330
v 0.436217 0.109912 -0.102330
v 0.435674 -0.110088 -0.095851
v 0.435674 0.109912 -0.095851
v 0.435127 -0.110088 -0.088962
v 0.435127 0.109912 -0.088962
v 0.434574 -0.110088 -0.081663
v 0.434574 0.109912 -0.081663
v 0.434017 -0.110088 -0.073953
v 0.434017 0.109912 -0.073953
v 0.433455 -0.110088 -0.065834
v 0.433455 0.109912 -0.065834
v 0.432887 -0.110088 -0.057304
v 0.432887 0.109912 -0.057304
v 0.432316 -0.110088 -0.048364
v 0.432316 0.109912 -0.048364
v 0.431739 -0.110088 -0.039014
v 0.431739 0.109912 -0.039014
v 0.445787 -0.110088 -0.039506
v 0.445787 0.109912 -0.039506
v 0.460482 -0.110088 -0.040520
v 0.460482 0.109912 -0.040520
v 0.475823 -0.110088 -0.042054
v 0.475823 0.109912 -0.042054
v 0.491812 -0.110088 -0.044110
v 0.491812 0.109912 -0.044110
v 0.508446 -0.110088 -0.046687
v 0.508446 0.109912 -0.046687
v 0.525728 -0.110088 -0.049785
v 0.525728 0.109912 -0.049785
v 0.543656 -0.110088 -0.053405
v 0.543656 0.109912 -0.053405
v 0.562231 -0.110088 -0.057545
v 0.562231 0.109912 -0.057545
v 0.581452 -0.110088 -0.062207
v 0.581452 0.109912 -0.062207
v 0.601321 -0.110088 -0.067390
v 0.601321 0.109912 -0.067390
v 0.621835 -0.110088 -0.073094
v 0.621835 0.109912 -0.073094
v 0.642997 -0.110088 -0.079320
v 0.642997 0.109912 -0.079320
v 0.644324 -0.110088 -0.079708
v 0.644324 0.109912 -0.079708
v 0.645641 -0.110088 -0.080063
v 0.645641 0.109912 -0.080063
v 0.646949 -0.110088 -0.080384
v 0.646949 0.109912 -0.080384
v 0.648247 -0.110088 -0.080671
v 0.648247 0.109912 -0.080671
v 0.649536 -0.110088 -0.080924
v 0.649536 0.109912 -0.080924
v 0.650815 -0.110088 -0.081144
v 0.650815 0.109912 -0.081144
v 0.652084 -0.110088 -0.081330
v 0.652084 0.109912 -0.081330
v 0.653344 -0.110088 -0.081482
v 0.653344 0.109912 -0.081482
v 0.654594 -0.110088 -0.081600
v 0.654594 0.109912 -0.081600
v 0.655834 -0.110088 -0.081684
v 0.655834 0.109912 -0.081684
v 0.657064 -0.110088 -0.081735
v 0.657064 0.109912 -0.081735
v 0.658285 -0.110088 -0.081752
v 0.658285 0.109912 -0.081752
v 0.661876 -0.110088 -0.081641
v 0.661876 0.109912 -0.081641
v 0.665350 -0.110088 -0.081308
v 0.665350 0.109912 -0.081308
v 0.668709 -0.110088 -0.080753
v 0.668709 0.109912 -0.080753
v 0.671952 -0.110088 -0.079976
v 0.671952 0.109912 -0.079976
v 0.675079 -0.110088 -0.078977
v 0.675079 0.109912 -0.078977
v 0.678091 -0.110088 -0.077756
v 0.678091 0.109912 -0.077756
v 0.680986 -0.110088 -0.076313
v 0.680986 0.109912 -0.076313
v 0.683766 -0.110088 -0.074648
v 0.683766 0.109912 -0.074648
v 0.686430 -0.110088 -0.072761
v 0.686430 0.109912 -0.072761
v 0.688978 -0.110088 -0.070652
v 0.688978 0.109912 -0.070652
v 0.691410 -0.110088 -0.068322
v 0.691410 0.109912 -0.068322
v 0.693726 -0.110088 -0.065769
v 0.693726 0.109912 -0.065769
v 0.695669 -0.110088 -0.063370
v 0.695669 0.109912 -0.063370
v 0.697442 -0.110088 -0.060923
v 0.697442 0.109912 -0.060923
v 0.699047 -0.110088 -0.058428
v 0.699047 0.109912 -0.058428
v 0.700483 -0.110088 -0.055885
v 0.700483 0.109912 -0.055885
v 0.701750 -0.110088 -0.053294
v 0.701750 0.109912 -0.053294
v 0.702847 -0.110088 -0.050654
v 0.702847 0.109912 -0.050654
v 0.703776 -0.110088 -0.047966
v 0.703776 0.109912 -0.047966
v 0.704536 -0.110088 -0.045230
v 0.704536 0.109912 -0.045230
v 0.705128 -0.110088 -0.042445
v 0.705128 0.109912 -0.042445
v 0.705550 -0.110088 -0.039612
v 0.705550 0.109912 -0.039612
v 0.705803 -0.110088 -0.036731
v 0.705803 0.109912 -0.036731
v 1.183303 -0.110088 -0.233941
v 1.183303 0.109912 -0.233941
v 1.179796 -0.110088 -0.214473
v 1.179796 0.109912 -0.214473
v 1.175764 -0.110088 -0.195566
v 1.175764 0.109912 -0.195566
v 1.171206 -0.110088 -0.177218
v 1.171206 0.109912 -0.177218
v 1.166122 -0.110088 -0.159429
v 1.166122 0.109912 -0.159429
v 1.160512 -0.110088 -0.142201
v 1.160512 0.109912 -0.142201
v 1.154376 -0.110088 -0.125532
v 1.154376 0.109912 -0.125532
v 1.147714 -0.110088 -0.109424
v 1.147714 0.109912 -0.109424
v 1.140526 -0.110088 -0.093875
v 1.140526 0.109912 -0.093875
v 1.132812 -0.110088 -0.078885
v 1.132812 0.109912 -0.078885
v 1.124572 -0.110088 -0.064456
v 1.124572 0.109912 -0.064456
v 1.115805 -0.110088 -0.050586
v 1.115805 0.109912 -0.050586
v 1.106513 -0.110088 -0.037277
v 1.106513 0.109912 -0.037277
v 1.102213 -0.110088 -0.031623
v 1.102213 0.109912 -0.031623
v 1.097769 -0.110088 -0.026129
v 1.097769 0.109912 -0.026129
v 1.093179 -0.110088 -0.020794
v 1.093179 0.109912 -0.020794
v 1.088445 -0.110088 -0.015618
v 1.088445 0.109912 -0.015618
v 1.083566 -0.110088 -0.010602
v 1.083566 0.109912 -0.010602
v 1.078542 -0.110088 -0.005744
v 1.078542 0.109912 -0.005744
v 1.073374 -0.110088 -0.001046
v 1.073374 0.109912 -0.001046
v 1.068060 -0.110088 0.003492
v 1.068060 0.109912 0.003492
v 1.062602 -0.110088 0.007872
v 1.062602 0.109912 0.007872
v 1.057000 -0.110088 0.012092
v 1.057000 0.109912 0.012092
v 1.051252 -0.110088 0.016153
v 1.051252 0.109912 0.016153
v 1.045359 -0.110088 0.020055
v 1.045359 0.109912 0.020055
v 1.038046 -0.110088 0.024495
v 1.038046 0.109912 0.024495
v 1.030699 -0.110088 0.028548
v 1.030699 0.109912 0.028548
v 1.023317 -0.110088 0.032216
v 1.023317 0.109912 0.032216
v 1.015902 -0.110088 0.035498
v 1.015902 0.109912 0.035498
v 1.008454 -0.110088 0.038393
v 1.008454 0.109912 0.038393
v 1.000971 -0.110088 0.040903
v 1.000971 0.109912 0.040903
v 0.993455 -0.110088 0.043026
v 0.993455 0.109912 0.043026
v 0.985905 -0.110088 0.044763
v 0.985905 0.109912 0.044763
v 0.978321 -0.110088 0.046115
v 0.978321 0.109912 0.046115
v 0.970703 -0.110088 0.047080
v 0.970703 0.109912 0.047080
v 0.963052 -0.110088 0.047659
v 0.963052 0.109912 0.047659
v 0.955366 -0.110088 0.047852
v 0.955366 0.109912 0.047852
v 0.940915 -0.110088 0.047615
v 0.940915 0.109912 0.047615
v 0.927096 -0.110088 0.046906
v 0.927096 0.109912 0.046906
v 0.913910 -0.110088 0.045724
v 0.913910 0.109912 0.045724
v 0.901355 -0.110088 0.044068
v 0.901355 0.109912 0.044068
v 0.889433 -0.110088 0.041940
v 0.889433 0.109912 0.041940
v 0.878143 -0.110088 0.039339
v 0.878143 0.109912 0.039339
v 0.867485 -0.110088 0.036265
v 0.867485 0.109912 0.036265
v 0.857459 -0.110088 0.032718
v 0.857459 0.109912 0.032718
v 0.848065 -0.110088 0.028698
v 0.848065 0.109912 0.028698
v 0.839304 -0.110088 0.024205
v 0.839304 0.109912 0.024205
v 0.831175 -0.110088 0.019239
v 0.831175 0.109912 0.019239
v 0.823678 -0.110088 0.013801
v 0.823678 0.109912 0.013801
v 0.809137 -0.110088 0.001077
v 0.809137 0.109912 0.001077
v 0.795861 -0.110088 -0.013118
v 0.795861 0.109912 -0.013118
v 0.783850 -0.110088 -0.028785
v 0.783850 0.109912 -0.028785
v 0.773103 -0.110088 -0.045925
v 0.773103 0.109912 -0.045925
v 0.763620 -0.110088 -0.064536
v 0.763620 0.109912 -0.064536
v 0.755401 -0.110088 -0.084619
v 0.755401 0.109912 -0.084619
v 0.748447 -0.110088 -0.106173
v 0.748447 0.109912 -0.106173
v 0.742757 -0.110088 -0.129200
v 0.742757 0.109912 -0.129200
v 0.738332 -0.110088 -0.153699
v 0.738332 0.109912 -0.153699
v 0.735171 -0.110088 -0.179669
v 0.735171 0.109912 -0.179669
v 0.733275 -0.110088 -0.207111
v 0.733275 0.109912 -0.207111
v 0.732642 -0.110088 -0.236026
v 0.732642 0.109912 -0.236026
v 0.732654 -0.110088 -0.238979
v 0.732654 0.109912 -0.238979
v 0.732691 -0.110088 -0.242164
v 0.732691 0.109912 -0.242164
v 0.732751 -0.110088 -0.245581
v 0.732751 0.109912 -0.245581
v 0.732835 -0.110088 -0.249229
v 0.732835 0.109912 -0.249229
v 0.732944 -0.110088 -0.253109
v 0.732944 0.109912 -0.253109
v 0.733077 -0.110088 -0.257221
v 0.733077 0.109912 -0.257221
v 0.733233 -0.110088 -0.261564
v 0.733233 0.109912 -0.261564
v 0.733414 -0.110088 -0.266139
v 0.733414 0.109912 -0.266139
v 0.733620 -0.110088 -0.270946
v 0.733620 0.109912 -0.270946
v 0.733849 -0.110088 -0.275984
v 0.733849 0.109912 -0.275984
v 0.734102 -0.110088 -0.281254
v 0.734102 0.109912 -0.281254
v 0.734380 -0.110088 -0.286755
v 0.734380 0.109912 -0.286755
v 0.734657 -0.110088 -0.292257
v 0.734657 0.109912 -0.292257
v 0.734911 -0.110088 -0.297527
v 0.734911 0.109912 -0.297527
v 0.735140 -0.110088 -0.302565
v 0.735140 0.109912 -0.302565
v 0.735345 -0.110088 -0.307372
v 0.735345 0.109912 -0.307372
v 0.735526 -0.110088 -0.311947
v 0.735526 0.109912 -0.311947
v 0.735683 -0.110088 -0.316290
v 0.735683 0.109912 -0.316290
v 0.735815 -0.110088 -0.320401
v 0.735815 0.109912 -0.320401
v 0.735924 -0.110088 -0.324282
v 0.735924 0.109912 -0.324282
v 0.736008 -0.110088 -0.327930
v 0.736008 0.109912 -0.327930
v 0.736069 -0.110088 -0.331347
v 0.736069 0.109912 -0.331347
v 0.736105 -0.110088 -0.334532
v 0.736105 0.109912 -0.334532
v 0.736117 -0.110088 -0.337485
v 0.736117 0.109912 -0.337485
v 0.736122 -0.110088 -0.339837
v 0.736122 0.109912 -0.339837
v 0.736136 -0.110088 -0.342374
v 0.736136 0.109912 -0.342374
v 0.736160 -0.110088 -0.345097
v 0.736160 0.109912 -0.345097
v 0.736194 -0.110088 -0.348006
v 0.736194 0.109912 -0.348006
v 0.736238 -0.110088 -0.351100
v 0.736238 0.109912 -0.351100
v 0.736291 -0.110088 -0.354381
v 0.736291 0.109912 -0.354381
v 0.736354 -0.110088 -0.357847
v 0.736354 0.109912 -0.357847
v 0.736426 -0.110088 -0.361499
v 0.736426 0.109912 -0.361499
v 0.736508 -0.110088 -0.365336
v 0.736508 0.109912 -0.365336
v 0.736600 -0.110088 -0.369360
v 0.736600 0.109912 -0.369360
v 0.736701 -0.110088 -0.373569
v 0.736701 0.109912 -0.373569
v 0.736812 -0.110088 -0.377965
v 0.736812 0.109912 -0.377965
v 0.736923 -0.110088 -0.382360
v 0.736923 0.109912 -0.382360
v 0.737024 -0.110088 -0.386569
v 0.737024 0.109912 -0.386569
v 0.737116 -0.110088 -0.390593
v 0.737116 0.109912 -0.390593
v 0.737198 -0.110088 -0.394431
v 0.737198 0.109912 -0.394431
v 0.737270 -0.110088 -0.398082
v 0.737270 0.109912 -0.398082
v 0.737333 -0.110088 -0.401549
v 0.737333 0.109912 -0.401549
v 0.737386 -0.110088 -0.404829
v 0.737386 0.109912 -0.404829
v 0.737430 -0.110088 -0.407924
v 0.737430 0.109912 -0.407924
v 0.737463 -0.110088 -0.410832
v 0.737463 0.109912 -0.410832
v 0.737487 -0.110088 -0.413556
v 0.737487 0.109912 -0.413556
v 0.737502 -0.110088 -0.416093
v 0.737502 0.109912 -0.416093
v 0.737507 -0.110088 -0.418444
v 0.737507 0.109912 -0.418444
v 0.737577 -0.110088 -0.423055
v 0.737577 0.109912 -0.423055
v 0.737787 -0.110088 -0.427623
v 0.737787 0.109912 -0.427623
v 0.738137 -0.110088 -0.432147
v 0.738137 0.109912 -0.432147
v 0.738626 -0.110088 -0.436628
v 0.738626 0.109912 -0.436628
v 0.739256 -0.110088 -0.441065
v 0.739256 0.109912 -0.441065
v 0.740026 -0.110088 -0.445459
v 0.740026 0.109912 -0.445459
v 0.740936 -0.110088 -0.449810
v 0.740936 0.109912 -0.449810
v 0.741985 -0.110088 -0.454117
v 0.741985 0.109912 -0.454117
v 0.743175 -0.110088 -0.458381
v 0.743175 0.109912 -0.458381
v 0.744504 -0.110088 -0.462601
v 0.744504 0.109912 -0.462601
v 0.745974 -0.110088 -0.466778
v 0.745974 0.109912 -0.466778
v 0.747583 -0.110088 -0.470911
v 0.747583 0.109912 -0.470911
v 0.749917 -0.110088 -0.476128
v 0.749917 0.109912 -0.476128
v 0.752399 -0.110088 -0.480891
v 0.752399 0.109912 -0.480891
v 0.755032 -0.110088 -0.485201
v 0.755032 0.109912 -0.485201
v 0.757814 -0.110088 -0.489056
v 0.757814 0.109912 -0.489056
v 0.760746 -0.110088 -0.492459
v 0.760746 0.109912 -0.492459
v 0.763827 -0.110088 -0.495407
v 0.763827 0.109912 -0.495407
v 0.767058 -0.110088 -0.497902
v 0.767058 0.109912 -0.497902
v 0.770439 -0.110088 -0.499944
v 0.770439 0.109912 -0.499944
v 0.773969 -0.110088 -0.501531
v 0.773969 0.109912 -0.501531
v 0.777648 -0.110088 -0.502665
v 0.777648 0.109912 -0.502665
v 0.781478 -0.110088 -0.503346
v 0.781478 0.109912 -0.503346
v 0.785457 -0.110088 -0.503573
v 0.785457 0.109912 -0.503573
v 0.788611 -0.110088 -0.503486
v 0.788611 0.109912 -0.503486
v 0.791701 -0.110088 -0.503225
v 0.791701 0.109912 -0.503225
v 0.794730 -0.110088 -0.502791
v 0.794730 0.109912 -0.502791
v 0.797695 -0.110088 -0.502183
v 0.797695 0.109912 -0.502183
v 0.800598 -0.110088 -0.501401
v 0.800598 0.109912 -0.501401
v 0.803438 -0.110088 -0.500446
v 0.803438 0.109912 -0.500446
v 0.806215 -0.110088 -0.499316
v 0.806215 0.109912 -0.499316
v 0.808930 -0.110088 -0.498013
v 0.808930 0.109912 -0.498013
v 0.811582 -0.110088 -0.496537
v 0.811582 0.109912 -0.496537
v 0.814171 -0.110088 -0.494886
v 0.814171 0.109912 -0.494886
v 0.816697 -0.110088 -0.493062
v 0.816697 0.109912 -0.493062
v 0.819161 -0.110088 -0.491064
v 0.819161 0.109912 -0.491064
v 0.821714 -0.110088 -0.488810
v 0.821714 0.109912 -0.488810
v 0.824045 -0.110088 -0.486450
v 0.824045 0.109912 -0.486450
v 0.826153 -0.110088 -0.483984
v 0.826153 0.109912 -0.483984
v 0.828040 -0.110088 -0.481412
v 0.828040 0.109912 -0.481412
v 0.829705 -0.110088 -0.478734
v 0.829705 0.109912 -0.478734
v 0.831148 -0.110088 -0.475949
v 0.831148 0.109912 -0.475949
v 0.832369 -0.110088 -0.473059
v 0.832369 0.109912 -0.473059
v 0.833368 -0.110088 -0.470062
v 0.833368 0.109912 -0.470062
v 0.834145 -0.110088 -0.466959
v 0.834145 0.109912 -0.466959
v 0.834700 -0.110088 -0.463749
v 0.834700 0.109912 -0.463749
v 0.835033 -0.110088 -0.460434
v 0.835033 0.109912 -0.460434
v 0.835144 -0.110088 -0.457013
v 0.835144 0.109912 -0.457013
v 0.835140 -0.110088 -0.453571
v 0.835140 0.109912 -0.453571
v 0.835130 -0.110088 -0.449846
v 0.835130 0.109912 -0.449846
v 0.835111 -0.110088 -0.445839
v 0.835111 0.109912 -0.445839
v 0.835086 -0.110088 -0.441550
v 0.835086 0.109912 -0.441550
v 0.835054 -0.110088 -0.436979
v 0.835054 0.109912 -0.436979
v 0.835014 -0.110088 -0.432126
v 0.835014 0.109912 -0.432126
v 0.834967 -0.110088 -0.426990
v 0.834967 0.109912 -0.426990
v 0.834912 -0.110088 -0.421571
v 0.834912 0.109912 -0.421571
v 0.834851 -0.110088 -0.415871
v 0.834851 0.109912 -0.415871
v 0.834782 -0.110088 -0.409888
v 0.834782 0.109912 -0.409888
v 0.834706 -0.110088 -0.403623
v 0.834706 0.109912 -0.403623
v 0.834623 -0.110088 -0.397075
v 0.834623 0.109912 -0.397075
v 0.834540 -0.110088 -0.390525
v 0.834540 0.109912 -0.390525
v 0.834464 -0.110088 -0.384253
v 0.834464 0.109912 -0.384253
v 0.834395 -0.110088 -0.378258
v 0.834395 0.109912 -0.378258
v 0.834333 -0.110088 -0.372540
v 0.834333 0.109912 -0.372540
v 0.834279 -0.110088 -0.367100
v 0.834279 0.109912 -0.367100
v 0.834232 -0.110088 -0.361938
v 0.834232 0.109912 -0.361938
v 0.834192 -0.110088 -0.357053
v 0.834192 0.109912 -0.357053
v 0.834160 -0.110088 -0.352445
v 0.834160 0.109912 -0.352445
v 0.834134 -0.110088 -0.348115
v 0.834134 0.109912 -0.348115
v 0.834116 -0.110088 -0.344063
v 0.834116 0.109912 -0.344063
v 0.834105 -0.110088 -0.340288
v 0.834105 0.109912 -0.340288
v 0.834102 -0.110088 -0.336790
v 0.834102 0.109912 -0.336790
v 0.834090 -0.110088 -0.333892
v 0.834090 0.109912 -0.333892
v 0.834053 -0.110088 -0.330758
v 0.834053 0.109912 -0.330758
v 0.833993 -0.110088 -0.327387
v 0.833993 0.109912 -0.327387
v 0.833909 -0.110088 -0.323780
v 0.833909 0.109912 -0.323780
v 0.833800 -0.110088 -0.319936
v 0.833800 0.109912 -0.319936
v 0.833667 -0.110088 -0.315856
v 0.833667 0.109912 -0.315856
v 0.833511 -0.110088 -0.311539
v 0.833511 0.109912 -0.311539
v 0.833330 -0.110088 -0.306986
v 0.833330 0.109912 -0.306986
v 0.833124 -0.110088 -0.302196
v 0.833124 0.109912 -0.302196
v 0.832895 -0.110088 -0.297170
v 0.832895 0.109912 -0.297170
v 0.832642 -0.110088 -0.291907
v 0.832642 0.109912 -0.291907
v 0.832364 -0.110088 -0.286408
v 0.832364 0.109912 -0.286408
v 0.832087 -0.110088 -0.280909
v 0.832087 0.109912 -0.280909
v 0.831833 -0.110088 -0.275646
v 0.831833 0.109912 -0.275646
v 0.831604 -0.110088 -0.270620
v 0.831604 0.109912 -0.270620
v 0.831399 -0.110088 -0.265830
v 0.831399 0.109912 -0.265830
v 0.831218 -0.110088 -0.261277
v 0.831218 0.109912 -0.261277
v 0.831061 -0.110088 -0.256960
v 0.831061 0.109912 -0.256960
v 0.830929 -0.110088 -0.252880
v 0.830929 0.109912 -0.252880
v 0.830820 -0.110088 -0.249036
v 0.830820 0.109912 -0.249036
v 0.830736 -0.110088 -0.245429
v 0.830736 0.109912 -0.245429
v 0.830675 -0.110088 -0.242058
v 0.830675 0.109912 -0.242058
v 0.830639 -0.110088 -0.238924
v 0.830639 0.109912 -0.238924
v 0.830627 -0.110088 -0.236026
v 0.830627 0.109912 -0.236026
v 0.830714 -0.110088 -0.227103
v 0.830714 0.109912 -0.227103
v 0.830975 -0.110088 -0.218286
v 0.830975 0.109912 -0.218286
v 0.831409 -0.110088 -0.209575
v 0.831409 0.109912 -0.209575
v 0.832017 -0.110088 -0.200971
v 0.832017 0.109912 -0.200971
v 0.832799 -0.110088 -0.192472
v 0.832799 0.109912 -0.192472
v 0.833754 -0.110088 -0.184080
v 0.833754 0.109912 -0.184080
v 0.834884 -0.110088 -0.175794
v 0.834884 0.109912 -0.175794
v 0.836186 -0.110088 -0.167614
v 0.836186 0.109912 -0.167614
v 0.837663 -0.110088 -0.159540
v 0.837663 0.109912 -0.159540
v 0.839314 -0.110088 -0.151573
v 0.839314 0.109912 -0.151573
v 0.841138 -0.110088 -0.143711
v 0.841138 0.109912 -0.143711
v 0.843136 -0.110088 -0.135956
v 0.843136 0.109912 -0.135956
v 0.845662 -0.110088 -0.126980
v 0.845662 0.109912 -0.126980
v 0.848377 -0.110088 -0.118467
v 0.848377 0.109912 -0.118467
v 0.851279 -0.110088 -0.110418
v 0.851279 0.109912 -0.110418
v 0.854370 -0.110088 -0.102831
v 0.854370 0.109912 -0.102831
v 0.857650 -0.110088 -0.095708
v 0.857650 0.109912 -0.095708
v 0.861117 -0.110088 -0.089049
v 0.861117 0.109912 -0.089049
v 0.864773 -0.110088 -0.082852
v 0.864773 0.109912 -0.082852
v 0.868616 -0.110088 -0.077119
v 0.868616 0.109912 -0.077119
v 0.872648 -0.110088 -0.071849
v 0.872648 0.109912 -0.071849
v 0.876869 -0.110088 -0.067043
v 0.876869 0.109912 -0.067043
v 0.881277 -0.110088 -0.062699
v 0.881277 0.109912 -0.062699
v 0.885874 -0.110088 -0.058819
v 0.885874 0.109912 -0.058819
v 0.888586 -0.110088 -0.056983
v 0.888586 0.109912 -0.056983
v 0.891858 -0.110088 -0.055296
v 0.891858 0.109912 -0.055296
v 0.895690 -0.110088 -0.053759
v 0.895690 0.109912 -0.053759
v 0.900081 -0.110088 -0.052372
v 0.900081 0.109912 -0.052372
v 0.905032 -0.110088 -0.051134
v 0.905032 0.109912 -0.051134
v 0.910544 -0.110088 -0.050046
v 0.910544 0.109912 -0.050046
v 0.916615 -0.110088 -0.049107
v 0.916615 0.109912 -0.049107
v 0.923245 -0.110088 -0.048318
v 0.923245 0.109912 -0.048318
v 0.930436 -0.110088 -0.047679
v 0.930436 0.109912 -0.047679
v 0.938186 -0.110088 -0.047189
v 0.938186 0.109912 -0.047189
v 0.946496 -0.110088 -0.046849
v 0.946496 0.109912 -0.046849
v 0.955366 -0.110088 -0.046658
v 0.955366 0.109912 -0.046658
v 0.970240 -0.110088 -0.047532
v 0.970240 0.109912 -0.047532
v 0.984283 -0.110088 -0.050615
v 0.984283 0.109912 -0.050615
v 0.997496 -0.110088 -0.055909
v 0.997496 0.109912 -0.055909
v 1.009880 -0.110088 -0.063414
v 1.009880 0.109912 -0.063414
v 1.021433 -0.110088 -0.073128
v 1.021433 0.109912 -0.073128
v 1.032156 -0.110088 -0.085053
v 1.032156 0.109912 -0.085053
v 1.042049 -0.110088 -0.099188
v 1.042049 0.109912 -0.099188
v 1.051112 -0.110088 -0.115533
v 1.051112 0.109912 -0.115533
v 1.059345 -0.110088 -0.134089
v 1.059345 0.109912 -0.134089
v 1.066748 -0.110088 -0.154854
v 1.066748 0.109912 -0.154854
v 1.073321 -0.110088 -0.177830
v 1.073321 0.109912 -0.177830
v 1.079063 -0.110088 -0.203017
v 1.079063 0.109912 -0.203017
v 1.081727 -0.110088 -0.217084
v 1.081727 0.109912 -0.217084
v 1.084160 -0.110088 -0.232069
v 1.084160 0.109912 -0.232069
v 1.086360 -0.110088 -0.247970
v 1.086360 0.109912 -0.247970
v 1.088329 -0.110088 -0.264788
v 1.088329 0.109912 -0.264788
v 1.090066 -0.110088 -0.282523
v 1.090066 0.109912 -0.282523
v 1.091572 -0.110088 -0.301175
v 1.091572 0.109912 -0.301175
v 1.092846 -0.110088 -0.320744
v 1.092846 0.109912 -0.320744
v 1.093889 -0.110088 -0.341230
v 1.093889 0.109912 -0.341230
v 1.094699 -0.110088 -0.362633
v 1.094699 0.109912 -0.362633
v 1.095279 -0.110088 -0.384952
v 1.095279 0.109912 -0.384952
v 1.095626 -0.110088 -0.408189
v 1.095626 0.109912 -0.408189
v 1.095742 -0.110088 -0.432343
v 1.095742 0.109912 -0.432343
v 1.095821 -0.110088 -0.435576
v 1.095821 0.109912 -0.435576
v 1.096060 -0.110088 -0.438790
v 1.096060 0.109912 -0.438790
v 1.096458 -0.110088 -0.441985
v 1.096458 0.109912 -0.441985
v 1.097016 -0.110088 -0.445160
v 1.097016 0.109912 -0.445160
v 1.097732 -0.110088 -0.448316
v 1.097732 0.109912 -0.448316
v 1.098608 -0.110088 -0.451453
v 1.098608 0.109912 -0.451453
v 1.099643 -0.110088 -0.454571
v 1.099643 0.109912 -0.454571
v 1.100838 -0.110088 -0.457669
v 1.100838 0.109912 -0.457669
v 1.102192 -0.110088 -0.460748
v 1.102192 0.109912 -0.460748
v 1.103704 -0.110088 -0.463807
v 1.103704 0.109912 -0.463807
v 1.105377 -0.110088 -0.466848
v 1.105377 0.109912 -0.466848
v 1.107208 -0.110088 -0.469869
v 1.107208 0.109912 -0.469869
v 1.109906 -0.110088 -0.473698
v 1.109906 0.109912 -0.473698
v 1.112787 -0.110088 -0.477194
v 1.112787 0.109912 -0.477194
v 1.115851 -0.110088 -0.480358
v 1.115851 0.109912 -0.480358
v 1.119099 -0.110088 -0.483188
v 1.119099 0.109912 -0.483188
v 1.122530 -0.110088 -0.485686
v 1.122530 0.109912 -0.485686
v 1.126145 -0.110088 -0.487850
v 1.126145 0.109912 -0.487850
v 1.129943 -0.110088 -0.489681
v 1.129943 0.109912 -0.489681
v 1.133924 -0.110088 -0.491180
v 1.133924 0.109912 -0.491180
v 1.138089 -0.110088 -0.492345
v 1.138089 0.109912 -0.492345
v 1.142437 -0.110088 -0.493178
v 1.142437 0.109912 -0.493178
v 1.146968 -0.110088 -0.493677
v 1.146968 0.109912 -0.493677
v 1.151683 -0.110088 -0.493844
v 1.151683 0.109912 -0.493844
v 1.155539 -0.110088 -0.493723
v 1.155539 0.109912 -0.493723
v 1.159231 -0.110088 -0.493361
v 1.159231 0.109912 -0.493361
v 1.162759 -0.110088 -0.492758
v 1.162759 0.109912 -0.492758
v 1.166122 -0.110088 -0.491913
v 1.166122 0.109912 -0.491913
v 1.169322 -0.110088 -0.490828
v 1.169322 0.109912 -0.490828
v 1.172357 -0.110088 -0.489500
v 1.172357 0.109912 -0.489500
v 1.175229 -0.110088 -0.487932
v 1.175229 0.109912 -0.487932
v 1.177936 -0.110088 -0.486122
v 1.177936 0.109912 -0.486122
v 1.180479 -0.110088 -0.484071
v 1.180479 0.109912 -0.484071
v 1.182859 -0.110088 -0.481779
v 1.182859 0.109912 -0.481779
v 1.185074 -0.110088 -0.479245
v 1.185074 0.109912 -0.479245
v 1.187125 -0.110088 -0.476471
v 1.187125 0.109912 -0.476471
v 1.188568 -0.110088 -0.474309
v 1.188568 0.109912 -0.474309
v 1.189885 -0.110088 -0.472108
v 1.189885 0.109912 -0.472108
v 1.191077 -0.110088 -0.469869
v 1.191077 0.109912 -0.469869
v 1.192144 -0.110088 -0.467591
v 1.192144 0.109912 -0.467591
v 1.193085 -0.110088 -0.465274
v 1.193085 0.109912 -0.465274
v 1.193900 -0.110088 -0.462919
v 1.193900 0.109912 -0.462919
v 1.194590 -0.110088 -0.460526
v 1.194590 0.109912 -0.460526
v 1.195155 -0.110088 -0.458094
v 1.195155 0.109912 -0.458094
v 1.195594 -0.110088 -0.455623
v 1.195594 0.109912 -0.455623
v 1.195908 -0.110088 -0.453113
v 1.195908 0.109912 -0.453113
v 1.196096 -0.110088 -0.450565
v 1.196096 0.109912 -0.450565
v 1.196159 -0.110088 -0.447979
v 1.196159 0.109912 -0.447979
v 1.196069 -0.110088 -0.425524
v 1.196069 0.109912 -0.425524
v 1.195802 -0.110088 -0.403909
v 1.195802 0.109912 -0.403909
v 1.195355 -0.110088 -0.383133
v 1.195355 0.109912 -0.383133
v 1.194730 -0.110088 -0.363197
v 1.194730 0.109912 -0.363197
v 1.193927 -0.110088 -0.344101
v 1.193927 0.109912 -0.344101
v 1.192945 -0.110088 -0.325845
v 1.192945 0.109912 -0.325845
v 1.191784 -0.110088 -0.308428
v 1.191784 0.109912 -0.308428
v 1.190445 -0.110088 -0.291852
v 1.190445 0.109912 -0.291852
v 1.188927 -0.110088 -0.276114
v 1.188927 0.109912 -0.276114
v 1.187231 -0.110088 -0.261217
v 1.187231 0.109912 -0.261217
v 1.185356 -0.110088 -0.247159
v 1.185356 0.109912 -0.247159
v 1.600606 -0.110088 -0.041099
v 1.600606 0.109912 -0.041099
v 1.591437 -0.110088 -0.028723
v 1.591437 0.109912 -0.028723
v 1.581534 -0.110088 -0.017423
v 1.581534 0.109912 -0.017423
v 1.570898 -0.110088 -0.007199
v 1.570898 0.109912 -0.007199
v 1.559528 -0.110088 0.001948
v 1.559528 0.109912 0.001948
v 1.547425 -0.110088 0.010019
v 1.547425 0.109912 0.010019
v 1.534588 -0.110088 0.017015
v 1.534588 0.109912 0.017015
v 1.521018 -0.110088 0.022934
v 1.521018 0.109912 0.022934
v 1.506714 -0.110088 0.027776
v 1.506714 0.109912 0.027776
v 1.491676 -0.110088 0.031543
v 1.491676 0.109912 0.031543
v 1.475905 -0.110088 0.034233
v 1.475905 0.109912 0.034233
v 1.459401 -0.110088 0.035848
v 1.459401 0.109912 0.035848
v 1.442163 -0.110088 0.036386
v 1.442163 0.109912 0.036386
v 1.423434 -0.110088 0.035696
v 1.423434 0.109912 0.035696
v 1.405583 -0.110088 0.033625
v 1.405583 0.109912 0.033625
v 1.388610 -0.110088 0.030175
v 1.388610 0.109912 0.030175
v 1.372516 -0.110088 0.025344
v 1.372516 0.109912 0.025344
v 1.357300 -0.110088 0.019133
v 1.357300 0.109912 0.019133
v 1.342962 -0.110088 0.011542
v 1.342962 0.109912 0.011542
v 1.329503 -0.110088 0.002571
v 1.329503 0.109912 0.002571
v 1.316922 -0.110088 -0.007781
v 1.316922 0.109912 -0.007781
v 1.305219 -0.110088 -0.019513
v 1.305219 0.109912 -0.019513
v 1.294394 -0.110088 -0.032624
v 1.294394 0.109912 -0.032624
v 1.284448 -0.110088 -0.047117
v 1.284448 0.109912 -0.047117
v 1.275380 -0.110088 -0.062989
v 1.275380 0.109912 -0.062989
v 1.269276 -0.110088 -0.075563
v 1.269276 0.109912 -0.075563
v 1.263702 -0.110088 -0.088730
v 1.263702 0.109912 -0.088730
v 1.258659 -0.110088 -0.102491
v 1.258659 0.109912 -0.102491
v 1.254147 -0.110088 -0.116846
v 1.254147 0.109912 -0.116846
v 1.250165 -0.110088 -0.131794
v 1.250165 0.109912 -0.131794
v 1.246715 -0.110088 -0.147336
v 1.246715 0.109912 -0.147336
v 1.243795 -0.110088 -0.163471
v 1.243795 0.109912 -0.163471
v 1.241406 -0.110088 -0.180200
v 1.241406 0.109912 -0.180200
v 1.239548 -0.110088 -0.197522
v 1.239548 0.109912 -0.197522
v 1.238221 -0.110088 -0.215439
v 1.238221 0.109912 -0.215439
v 1.237425 -0.110088 -0.233948
v 1.237425 0.109912 -0.233948
v 1.237159 -0.110088 -0.253051
v 1.237159 0.109912 -0.253051
v 1.237509 -0.110088 -0.269445
v 1.237509 0.109912 -0.269445
v 1.238559 -0.110088 -0.285501
v 1.238559 0.109912 -0.285501
v 1.240308 -0.110088 -0.301219
v 1.240308 0.109912 -0.301219
v 1.242757 -0.110088 -0.316599
v 1.242757 0.109912 -0.316599
v 1.245906 -0.110088 -0.331641
v 1.245906 0.109912 -0.331641
v 1.249755 -0.110088 -0.346345
v 1.249755 0.109912 -0.346345
v 1.254303 -0.110088 -0.360712
v 1.254303 0.109912 -0.360712
v 1.259552 -0.110088 -0.374741
v 1.259552 0.109912 -0.374741
v 1.265499 -0.110088 -0.388432
v 1.265499 0.109912 -0.388432
v 1.272147 -0.110088 -0.401785
v 1.272147 0.109912 -0.401785
v 1.279495 -0.110088 -0.414801
v 1.279495 0.109912 -0.414801
v 1.287542 -0.110088 -0.427478
v 1.287542 0.109912 -0.427478
v 1.297927 -0.110088 -0.441852
v 1.297927 0.109912 -0.441852
v 1.308930 -0.110088 -0.454976
v 1.308930 0.109912 -0.454976
v 1.320551 -0.110088 -0.466850
v 1.320551 0.109912 -0.466850
v 1.332789 -0.110088 -0.477474
v 1.332789 0.109912 -0.477474
v 1.345645 -0.110088 -0.486849
v 1.345645 0.109912 -0.486849
v 1.359119 -0.110088 -0.494973
v 1.359119 0.109912 -0.494973
v 1.373211 -0.110088 -0.501847
v 1.373211 0.109912 -0.501847
v 1.387920 -0.110088 -0.507472
v 1.387920 0.109912 -0.507472
v 1.403247 -0.110088 -0.511847
v 1.403247 0.109912 -0.511847
v 1.419192 -0.110088 -0.514971
v 1.419192 0.109912 -0.514971
v 1.435754 -0.110088 -0.516846
v 1.435754 0.109912 -0.516846
v 1.452934 -0.110088 -0.517471
v 1.452934 0.109912 -0.517471
v 1.469188 -0.110088 -0.516914
v 1.469188 0.109912 -0.516914
v 1.484824 -0.110088 -0.515242
v 1.484824 0.109912 -0.515242
v 1.499842 -0.110088 -0.512455
v 1.499842 0.109912 -0.512455
v 1.514242 -0.110088 -0.508553
v 1.514242 0.109912 -0.508553
v 1.528025 -0.110088 -0.503536
v 1.528025 0.109912 -0.503536
v 1.541190 -0.110088 -0.497405
v 1.541190 0.109912 -0.497405
v 1.553737 -0.110088 -0.490159
v 1.553737 0.109912 -0.490159
v 1.565667 -0.110088 -0.481798
v 1.565667 0.109912 -0.481798
v 1.576979 -0.110088 -0.472323
v 1.576979 0.109912 -0.472323
v 1.587673 -0.110088 -0.461732
v 1.587673 0.109912 -0.461732
v 1.597749 -0.110088 -0.450027
v 1.597749 0.109912 -0.450027
v 1.607208 -0.110088 -0.437207
v 1.607208 0.109912 -0.437207
v 1.614589 -0.110088 -0.425719
v 1.614589 0.109912 -0.425719
v 1.621329 -0.110088 -0.413840
v 1.621329 0.109912 -0.413840
v 1.627426 -0.110088 -0.401570
v 1.627426 0.109912 -0.401570
v 1.632882 -0.110088 -0.388910
v 1.632882 0.109912 -0.388910
v 1.637696 -0.110088 -0.375858
v 1.637696 0.109912 -0.375858
v 1.641868 -0.110088 -0.362416
v 1.641868 0.109912 -0.362416
v 1.645398 -0.110088 -0.348582
v 1.645398 0.109912 -0.348582
v 1.648286 -0.110088 -0.334358
v 1.648286 0.109912 -0.334358
v 1.650532 -0.110088 -0.319743
v 1.650532 0.109912 -0.319743
v 1.652137 -0.110088 -0.304737
v 1.652137 0.109912 -0.304737
v 1.653100 -0.110088 -0.289340
v 1.653100 0.109912 -0.289340
v 1.653421 -0.110088 -0.273552
v 1.653421 0.109912 -0.273552
v 1.653054 -0.110088 -0.248262
v 1.653054 0.109912 -0.248262
v 1.651954 -0.110088 -0.224048
v 1.651954 0.109912 -0.224048
v 1.650120 -0.110088 -0.200910
v 1.650120 0.109912 -0.200910
v 1.647552 -0.110088 -0.178849
v 1.647552 0.109912 -0.178849
v 1.644252 -0.110088 -0.157863
v 1.644252 0.109912 -0.157863
v 1.640217 -0.110088 -0.137954
v 1.640217 0.109912 -0.137954
v 1.635449 -0.110088 -0.119121
v 1.635449 0.109912 -0.119121
v 1.629948 -0.110088 -0.101364
v 1.629948 0.109912 -0.101364
v 1.623713 -0.110088 -0.084684
v 1.623713 0.109912 -0.084684
v 1.616744 -0.110088 -0.069079
v 1.616744 0.109912 -0.069079
v 1.609042 -0.110088 -0.054551
v 1.609042 0.109912 -0.054551
v 1.530245 -0.110088 -0.385783
v 1.530245 0.109912 -0.385783
v 1.525751 -0.110088 -0.392387
v 1.525751 0.109912 -0.392387
v 1.520897 -0.110088 -0.398417
v 1.520897 0.109912 -0.398417
v 1.515684 -0.110088 -0.403872
v 1.515684 0.109912 -0.403872
v 1.510111 -0.110088 -0.408754
v 1.510111 0.109912 -0.408754
v 1.504179 -0.110088 -0.413061
v 1.504179 0.109912 -0.413061
v 1.497887 -0.110088 -0.416794
v 1.497887 0.109912 -0.416794
v 1.491236 -0.110088 -0.419952
v 1.491236 0.109912 -0.419952
v 1.484225 -0.110088 -0.422536
v 1.484225 0.109912 -0.422536
v 1.476855 -0.110088 -0.424546
v 1.476855 0.109912 -0.424546
v 1.469125 -0.110088 -0.425982
v 1.469125 0.109912 -0.425982
v 1.461036 -0.110088 -0.426844
v 1.461036 0.109912 -0.426844
v 1.452587 -0.110088 -0.427131
v 1.452587 0.109912 -0.427131
v 1.443360 -0.110088 -0.426742
v 1.443360 0.109912 -0.426742
v 1.434442 -0.110088 -0.425577
v 1.434442 0.109912 -0.425577
v 1.425832 -0.110088 -0.423634
v 1.425832 0.109912 -0.423634
v 1.417532 -0.110088 -0.420915
v 1.417532 0.109912 -0.420915
v 1.409540 -0.110088 -0.417419
v 1.409540 0.109912 -0.417419
v 1.401857 -0.110088 -0.413145
v 1.401857 0.109912 -0.413145
v 1.394483 -0.110088 -0.408095
v 1.394483 0.109912 -0.408095
v 1.387418 -0.110088 -0.402268
v 1.387418 0.109912 -0.402268
v 1.380662 -0.110088 -0.395664
v 1.380662 0.109912 -0.395664
v 1.374215 -0.110088 -0.388282
v 1.374215 0.109912 -0.388282
v 1.368076 -0.110088 -0.380124
v 1.368076 0.109912 -0.380124
v 1.362246 -0.110088 -0.371189
v 1.362246 0.109912 -0.371189
v 1.357473 -0.110088 -0.362973
v 1.357473 0.109912 -0.362973
v 1.353116 -0.110088 -0.354540
v 1.353116 0.109912 -0.354540
v 1.349173 -0.110088 -0.345889
v 1.349173 0.109912 -0.345889
v 1.345645 -0.110088 -0.337022
v 1.345645 0.109912 -0.337022
v 1.342533 -0.110088 -0.327937
v 1.342533 0.109912 -0.327937
v 1.339835 -0.110088 -0.318635
v 1.339835 0.109912 -0.318635
v 1.337552 -0.110088 -0.309116
v 1.337552 0.109912 -0.309116
v 1.335685 -0.110088 -0.299380
v 1.335685 0.109912 -0.299380
v 1.334232 -0.110088 -0.289427
v 1.334232 0.109912 -0.289427
v 1.333194 -0.110088 -0.279256
v 1.333194 0.109912 -0.279256
v 1.332572 -0.110088 -0.268868
v 1.332572 0.109912 -0.268868
v 1.332364 -0.110088 -0.258263
v 1.332364 0.109912 -0.258263
v 1.332475 -0.110088 -0.244403
v 1.332475 0.109912 -0.244403
v 1.332808 -0.110088 -0.231084
v 1.332808 0.109912 -0.231084
v 1.333363 -0.110088 -0.218305
v 1.333363 0.109912 -0.218305
v 1.334140 -0.110088 -0.206067
v 1.334140 0.109912 -0.206067
v 1.335139 -0.110088 -0.194369
v 1.335139 0.109912 -0.194369
v 1.336360 -0.110088 -0.183211
v 1.336360 0.109912 -0.183211
v 1.337803 -0.110088 -0.172594
v 1.337803 0.109912 -0.172594
v 1.339468 -0.110088 -0.162518
v 1.339468 0.109912 -0.162518
v 1.341355 -0.110088 -0.152982
v 1.341355 0.109912 -0.152982
v 1.343464 -0.110088 -0.143987
v 1.343464 0.109912 -0.143987
v 1.345795 -0.110088 -0.135532
v 1.345795 0.109912 -0.135532
v 1.348348 -0.110088 -0.127617
v 1.348348 0.109912 -0.127617
v 1.352928 -0.110088 -0.115796
v 1.352928 0.109912 -0.115796
v 1.358096 -0.110088 -0.105003
v 1.358096 0.109912 -0.105003
v 1.363853 -0.110088 -0.095238
v 1.363853 0.109912 -0.095238
v 1.370199 -0.110088 -0.086501
v 1.370199 0.109912 -0.086501
v 1.377134 -0.110088 -0.078791
v 1.377134 0.109912 -0.078791
v 1.384658 -0.110088 -0.072110
v 1.384658 0.109912 -0.072110
v 1.392770 -0.110088 -0.066456
v 1.392770 0.109912 -0.066456
v 1.401471 -0.110088 -0.061831
v 1.401471 0.109912 -0.061831
v 1.410761 -0.110088 -0.058233
v 1.410761 0.109912 -0.058233
v 1.420640 -0.110088 -0.055663
v 1.420640 0.109912 -0.055663
v 1.431107 -0.110088 -0.054121
v 1.431107 0.109912 -0.054121
v 1.442163 -0.110088 -0.053607
v 1.442163 0.109912 -0.053607
v 1.451462 -0.110088 -0.053968
v 1.451462 0.109912 -0.053968
v 1.460366 -0.110088 -0.055050
v 1.460366 0.109912 -0.055050
v 1.468874 -0.110088 -0.056854
v 1.468874 0.109912 -0.056854
v 1.476986 -0.110088 -0.059379
v 1.476986 0.109912 -0.059379
v 1.484703 -0.110088 -0.062626
v 1.484703 0.109912 -0.062626
v 1.492024 -0.110088 -0.066594
v 1.492024 0.109912 -0.066594
v 1.498949 -0.110088 -0.071283
v 1.498949 0.109912 -0.071283
v 1.505479 -0.110088 -0.076694
v 1.505479 0.109912 -0.076694
v 1.511612 -0.110088 -0.082827
v 1.511612 0.109912 -0.082827
v 1.517350 -0.110088 -0.089681
v 1.517350 0.109912 -0.089681
v 1.522692 -0.110088 -0.097256
v 1.522692 0.109912 -0.097256
v 1.527639 -0.110088 -0.105553
v 1.527639 0.109912 -0.105553
v 1.532190 -0.110088 -0.114572
v 1.532190 0.109912 -0.114572
v 1.536345 -0.110088 -0.124311
v 1.536345 0.109912 -0.124311
v 1.540104 -0.110088 -0.134773
v 1.540104 0.109912 -0.134773
v 1.543468 -0.110088 -0.145955
v 1.543468 0.109912 -0.145955
v 1.546436 -0.110088 -0.157860
v 1.546436 0.109912 -0.157860
v 1.549008 -0.110088 -0.170485
v 1.549008 0.109912 -0.170485
v 1.551184 -0.110088 -0.183833
v 1.551184 0.109912 -0.183833
v 1.552965 -0.110088 -0.197901
v 1.552965 0.109912 -0.197901
v 1.554350 -0.110088 -0.212691
v 1.554350 0.109912 -0.212691
v 1.555339 -0.110088 -0.228203
v 1.555339 0.109912 -0.228203
v 1.555933 -0.110088 -0.244436
v 1.555933 0.109912 -0.244436
v 1.556131 -0.110088 -0.261391
v 1.556131 0.109912 -0.261391
v 1.555951 -0.110088 -0.274942
v 1.555951 0.109912 -0.274942
v 1.555412 -0.110088 -0.287914
v 1.555412 0.109912 -0.287914
v 1.554513 -0.110088 -0.300306
v 1.554513 0.109912 -0.300306
v 1.553255 -0.110088 -0.312120
v 1.553255 0.109912 -0.312120
v 1.551637 -0.110088 -0.323355
v 1.551637 0.109912 -0.323355
v 1.549659 -0.110088 -0.334010
v 1.549659 0.109912 -0.334010
v 1.547323 -0.110088 -0.344087
v 1.547323 0.109912 -0.344087
v 1.544626 -0.110088 -0.353584
v 1.544626 0.109912 -0.353584
v 1.541570 -0.110088 -0.362502
v 1.541570 0.109912 -0.362502
v 1.538155 -0.110088 -0.370842
v 1.538155 0.109912 -0.370842
v 1.534379 -0.110088 -0.378602
v 1.534379 0.109912 -0.378602
v 2.034936 -0.110088 -0.041099
v 2.034936 0.109912 -0.041099
v 2.025766 -0.110088 -0.028723
v 2.025766 0.109912 -0.028723
v 2.015864 -0.110088 -0.017423
v 2.015864 0.109912 -0.017423
v 2.005228 -0.110088 -0.007199
v 2.005228 0.109912 -0.007199
v 1.993858 -0.110088 0.001948
v 1.993858 0.109912 0.001948
v 1.981754 -0.110088 0.010019
v 1.981754 0.109912 0.010019
v 1.968918 -0.110088 0.017015
v 1.968918 0.109912 0.017015
v 1.955347 -0.110088 0.022934
v 1.955347 0.109912 0.022934
v 1.941043 -0.110088 0.027776
v 1.941043 0.109912 0.027776
v 1.926006 -0.110088 0.031543
v 1.926006 0.109912 0.031543
v 1.910235 -0.110088 0.034233
v 1.910235 0.109912 0.034233
v 1.893730 -0.110088 0.035848
v 1.893730 0.109912 0.035848
v 1.876492 -0.110088 0.036386
v 1.876492 0.109912 0.036386
v 1.857763 -0.110088 0.035696
v 1.857763 0.109912 0.035696
v 1.839912 -0.110088 0.033625
v 1.839912 0.109912 0.033625
v 1.822939 -0.110088 0.030175
v 1.822939 0.109912 0.030175
v 1.806845 -0.110088 0.025344
v 1.806845 0.109912 0.025344
v 1.791629 -0.110088 0.019133
v 1.791629 0.109912 0.019133
v 1.777291 -0.110088 0.011542
v 1.777291 0.109912 0.011542
v 1.763832 -0.110088 0.002571
v 1.763832 0.109912 0.002571
v 1.751251 -0.110088 -0.007781
v 1.751251 0.109912 -0.007781
v 1.739548 -0.110088 -0.019513
v 1.739548 0.109912 -0.019513
v 1.728724 -0.110088 -0.032624
v 1.728724 0.109912 -0.032624
v 1.718778 -0.110088 -0.047117
v 1.718778 0.109912 -0.047117
v 1.709710 -0.110088 -0.062989
v 1.709710 0.109912 -0.062989
v 1.703605 -0.110088 -0.075563
v 1.703605 0.109912 -0.075563
v 1.698031 -0.110088 -0.088730
v 1.698031 0.109912 -0.088730
v 1.692988 -0.110088 -0.102491
v 1.692988 0.109912 -0.102491
v 1.688476 -0.110088 -0.116846
v 1.688476 0.109912 -0.116846
v 1.684494 -0.110088 -0.131794
v 1.684494 0.109912 -0.131794
v 1.681044 -0.110088 -0.147336
v 1.681044 0.109912 -0.147336
v 1.678124 -0.110088 -0.163471
v 1.678124 0.109912 -0.163471
v 1.675736 -0.110088 -0.180200
v 1.675736 0.109912 -0.180200
v 1.673878 -0.110088 -0.197522
v 1.673878 0.109912 -0.197522
v 1.672550 -0.110088 -0.215439
v 1.672550 0.109912 -0.215439
v 1.671754 -0.110088 -0.233948
v 1.671754 0.109912 -0.233948
v 1.671489 -0.110088 -0.253051
v 1.671489 0.109912 -0.253051
v 1.671839 -0.110088 -0.269445
v 1.671839 0.109912 -0.269445
v 1.672888 -0.110088 -0.285501
v 1.672888 0.109912 -0.285501
v 1.674638 -0.110088 -0.301219
v 1.674638 0.109912 -0.301219
v 1.677087 -0.110088 -0.316599
v 1.677087 0.109912 -0.316599
v 1.680236 -0.110088 -0.331641
v 1.680236 0.109912 -0.331641
v 1.684084 -0.110088 -0.346345
v 1.684084 0.109912 -0.346345
v 1.688633 -0.110088 -0.360712
v 1.688633 0.109912 -0.360712
v 1.693881 -0.110088 -0.374741
v 1.693881 0.109912 -0.374741
v 1.699829 -0.110088 -0.388432
v 1.699829 0.109912 -0.388432
v 1.706476 -0.110088 -0.401785
v 1.706476 0.109912 -0.401785
v 1.713824 -0.110088 -0.414801
v 1.713824 0.109912 -0.414801
v 1.721871 -0.110088 -0.427478
v 1.721871 0.109912 -0.427478
v 1.732256 -0.110088 -0.441852
v 1.732256 0.109912 -0.441852
v 1.743259 -0.110088 -0.454976
v 1.743259 0.109912 -0.454976
v 1.754880 -0.110088 -0.466850
v 1.754880 0.109912 -0.466850
v 1.767118 -0.110088 -0.477474
v 1.767118 0.109912 -0.477474
v 1.779975 -0.110088 -0.486849
v 1.779975 0.109912 -0.486849
v 1.793449 -0.110088 -0.494973
v 1.793449 0.109912 -0.494973
v 1.807540 -0.110088 -0.501847
v 1.807540 0.109912 -0.501847
v 1.822249 -0.110088 -0.507472
v 1.822249 0.109912 -0.507472
v 1.837576 -0.110088 -0.511847
v 1.837576 0.109912 -0.511847
v 1.853521 -0.110088 -0.514971
v 1.853521 0.109912 -0.514971
v 1.870084 -0.110088 -0.516846
v 1.870084 0.109912 -0.516846
v 1.887264 -0.110088 -0.517471
v 1.887264 0.109912 -0.517471
v 1.903517 -0.110088 -0.516914
v 1.903517 0.109912 -0.516914
v 1.919153 -0.110088 -0.515242
v 1.919153 0.109912 -0.515242
v 1.934171 -0.110088 -0.512455
v 1.934171 0.109912 -0.512455
v 1.948572 -0.110088 -0.508553
v 1.948572 0.109912 -0.508553
v 1.962354 -0.110088 -0.503536
v 1.962354 0.109912 -0.503536
v 1.975519 -0.110088 -0.497405
v 1.975519 0.109912 -0.497405
v 1.988067 -0.110088 -0.490159
v 1.988067 0.109912 -0.490159
v 1.999996 -0.110088 -0.481798
v 1.999996 0.109912 -0.481798
v 2.011308 -0.110088 -0.472323
v 2.011308 0.109912 -0.472323
v 2.022002 -0.110088 -0.461732
v 2.022002 0.109912 -0.461732
v 2.032079 -0.110088 -0.450027
v 2.032079 0.109912 -0.450027
v 2.041538 -0.110088 -0.437207
v 2.041538 0.109912 -0.437207
v 2.048919 -0.110088 -0.425719
v 2.048919 0.109912 -0.425719
v 2.055658 -0.110088 -0.413840
v 2.055658 0.109912 -0.413840
v 2.061755 -0.110088 -0.401570
v 2.061755 0.109912 -0.401570
v 2.067211 -0.110088 -0.388910
v 2.067211 0.109912 -0.388910
v 2.072025 -0.110088 -0.375858
v 2.072025 0.109912 -0.375858
v 2.076197 -0.110088 -0.362416
v 2.076197 0.109912 -0.362416
v 2.079727 -0.110088 -0.348582
v 2.079727 0.109912 -0.348582
v 2.082615 -0.110088 -0.334358
v 2.082615 0.109912 -0.334358
v 2.084862 -0.110088 -0.319743
v 2.084862 0.109912 -0.319743
v 2.086466 -0.110088 -0.304737
v 2.086466 0.109912 -0.304737
v 2.087429 -0.110088 -0.289340
v 2.087429 0.109912 -0.289340
v 2.087750 -0.110088 -0.273552
v 2.087750 0.109912 -0.273552
v 2.087383 -0.110088 -0.248262
v 2.087383 0.109912 -0.248262
v 2.086283 -0.110088 -0.224048
v 2.086283 0.109912 -0.224048
v 2.084449 -0.110088 -0.200910
v 2.084449 0.109912 -0.200910
v 2.081882 -0.110088 -0.178849
v 2.081882 0.109912 -0.178849
v 2.078581 -0.110088 -0.157863
v 2.078581 0.109912 -0.157863
v 2.074546 -0.110088 -0.137954
v 2.074546 0.109912 -0.137954
v 2.069778 -0.110088 -0.119121
v 2.069778 0.109912 -0.119121
v 2.064277 -0.110088 -0.101364
v 2.064277 0.109912 -0.101364
v 2.058042 -0.110088 -0.084684
v 2.058042 0.109912 -0.084684
v 2.051073 -0.110088 -0.069079
v 2.051073 0.109912 -0.069079
v 2.043371 -0.110088 -0.054551
v 2.043371 0.109912 -0.054551
v 1.964574 -0.110088 -0.385783
v 1.964574 0.109912 -0.385783
v 1.960080 -0.110088 -0.392387
v 1.960080 0.109912 -0.392387
v 1.955227 -0.110088 -0.398417
v 1.955227 0.109912 -0.398417
v 1.950014 -0.110088 -0.403872
v 1.950014 0.109912 -0.403872
v 1.944441 -0.110088 -0.408754
v 1.944441 0.109912 -0.408754
v 1.938509 -0.110088 -0.413061
v 1.938509 0.109912 -0.413061
v 1.932217 -0.110088 -0.416794
v 1.932217 0.109912 -0.416794
v 1.925566 -0.110088 -0.419952
v 1.925566 0.109912 -0.419952
v 1.918555 -0.110088 -0.422536
v 1.918555 0.109912 -0.422536
v 1.911184 -0.110088 -0.424546
v 1.911184 0.109912 -0.424546
v 1.903455 -0.110088 -0.425982
v 1.903455 0.109912 -0.425982
v 1.895365 -0.110088 -0.426844
v 1.895365 0.109912 -0.426844
v 1.886916 -0.110088 -0.427131
v 1.886916 0.109912 -0.427131
v 1.877689 -0.110088 -0.426742
v 1.877689 0.109912 -0.426742
v 1.868771 -0.110088 -0.425577
v 1.868771 0.109912 -0.425577
v 1.860162 -0.110088 -0.423634
v 1.860162 0.109912 -0.423634
v 1.851861 -0.110088 -0.420915
v 1.851861 0.109912 -0.420915
v 1.843869 -0.110088 -0.417419
v 1.843869 0.109912 -0.417419
v 1.836187 -0.110088 -0.413145
v 1.836187 0.109912 -0.413145
v 1.828813 -0.110088 -0.408095
v 1.828813 0.109912 -0.408095
v 1.821748 -0.110088 -0.402268
v 1.821748 0.109912 -0.402268
v 1.814991 -0.110088 -0.395664
v 1.814991 0.109912 -0.395664
v 1.808544 -0.110088 -0.388282
v 1.808544 0.109912 -0.388282
v 1.802405 -0.110088 -0.380124
v 1.802405 0.109912 -0.380124
v 1.796576 -0.110088 -0.371189
v 1.796576 0.109912 -0.371189
v 1.791803 -0.110088 -0.362973
v 1.791803 0.109912 -0.362973
v 1.787445 -0.110088 -0.354540
v 1.787445 0.109912 -0.354540
v 1.783502 -0.110088 -0.345889
v 1.783502 0.109912 -0.345889
v 1.779975 -0.110088 -0.337022
v 1.779975 0.109912 -0.337022
v 1.776862 -0.110088 -0.327937
v 1.776862 0.109912 -0.327937
v 1.774164 -0.110088 -0.318635
v 1.774164 0.109912 -0.318635
v 1.771882 -0.110088 -0.309116
v 1.771882 0.109912 -0.309116
v 1.770014 -0.110088 -0.299380
v 1.770014 0.109912 -0.299380
v 1.768561 -0.110088 -0.289427
v 1.768561 0.109912 -0.289427
v 1.767524 -0.110088 -0.279256
v 1.767524 0.109912 -0.279256
v 1.766901 -0.110088 -0.268868
v 1.766901 0.109912 -0.268868
v 1.766694 -0.110088 -0.258263
v 1.766694 0.109912 -0.258263
v 1.766805 -0.110088 -0.244403
v 1.766805 0.109912 -0.244403
v 1.767138 -0.110088 -0.231084
v 1.767138 0.109912 -0.231084
v 1.767693 -0.110088 -0.218305
v 1.767693 0.109912 -0.218305
v 1.768470 -0.110088 -0.206067
v 1.768470 0.109912 -0.206067
v 1.769469 -0.110088 -0.194369
v 1.769469 0.109912 -0.194369
v 1.770690 -0.110088 -0.183211
v 1.770690 0.109912 -0.183211
v 1.772133 -0.110088 -0.172594
v 1.772133 0.109912 -0.172594
v 1.773798 -0.110088 -0.162518
v 1.773798 0.109912 -0.162518
v 1.775684 -0.110088 -0.152982
v 1.775684 0.109912 -0.152982
v 1.777793 -0.110088 -0.143987
v 1.777793 0.109912 -0.143987
v 1.780124 -0.110088 -0.135532
v 1.780124 0.109912 -0.135532
v 1.782677 -0.110088 -0.127617
v 1.782677 0.109912 -0.127617
v 1.787257 -0.110088 -0.115796
v 1.787257 0.109912 -0.115796
v 1.792425 -0.110088 -0.105003
v 1.792425 0.109912 -0.105003
v 1.798183 -0.110088 -0.095238
v 1.798183 0.109912 -0.095238
v 1.804529 -0.110088 -0.086501
v 1.804529 0.109912 -0.086501
v 1.811464 -0.110088 -0.078791
v 1.811464 0.109912 -0.078791
v 1.818987 -0.110088 -0.072110
v 1.818987 0.109912 -0.072110
v 1.827099 -0.110088 -0.066456
v 1.827099 0.109912 -0.066456
v 1.835800 -0.110088 -0.061831
v 1.835800 0.109912 -0.061831
v 1.845090 -0.110088 -0.058233
v 1.845090 0.109912 -0.058233
v 1.854969 -0.110088 -0.055663
v 1.854969 0.109912 -0.055663
v 1.865436 -0.110088 -0.054121
v 1.865436 0.109912 -0.054121
v 1.876492 -0.110088 -0.053607
v 1.876492 0.109912 -0.053607
v 1.885792 -0.110088 -0.053968
v 1.885792 0.109912 -0.053968
v 1.894696 -0.110088 -0.055050
v 1.894696 0.109912 -0.055050
v 1.903203 -0.110088 -0.056854
v 1.903203 0.109912 -0.056854
v 1.911316 -0.110088 -0.059379
v 1.911316 0.109912 -0.059379
v 1.919032 -0.110088 -0.062626
v 1.919032 0.109912 -0.062626
v 1.926353 -0.110088 -0.066594
v 1.926353 0.109912 -0.066594
v 1.933278 -0.110088 -0.071283
v 1.933278 0.109912 -0.071283
v 1.939808 -0.110088 -0.076694
v 1.939808 0.109912 -0.076694
v 1.945941 -0.110088 -0.082827
v 1.945941 0.109912 -0.082827
v 1.951679 -0.110088 -0.089681
v 1.951679 0.109912 -0.089681
v 1.957022 -0.110088 -0.097256
v 1.957022 0.109912 -0.097256
v 1.961968 -0.110088 -0.105553
v 1.961968 0.109912 -0.105553
v 1.966519 -0.110088 -0.114572
v 1.966519 0.109912 -0.114572
v 1.970674 -0.110088 -0.124311
v 1.970674 0.109912 -0.124311
v 1.974434 -0.110088 -0.134773
v 1.974434 0.109912 -0.134773
v 1.977797 -0.110088 -0.145955
v 1.977797 0.109912 -0.145955
v 1.980765 -0.110088 -0.157860
v 1.980765 0.109912 -0.157860
v 1.983337 -0.110088 -0.170485
v 1.983337 0.109912 -0.170485
v 1.985514 -0.110088 -0.183833
v 1.985514 0.109912 -0.183833
v 1.987295 -0.110088 -0.197901
v 1.987295 0.109912 -0.197901
v 1.988680 -0.110088 -0.212691
v 1.988680 0.109912 -0.212691
v 1.989669 -0.110088 -0.228203
v 1.989669 0.109912 -0.228203
v 1.990263 -0.110088 -0.244436
v 1.990263 0.109912 -0.244436
v 1.990460 -0.110088 -0.261391
v 1.990460 0.109912 -0.261391
v 1.990281 -0.110088 -0.274942
v 1.990281 0.109912 -0.274942
v 1.989741 -0.110088 -0.287914
v 1.989741 0.109912 -0.287914
v 1.988842 -0.110088 -0.300306
v 1.988842 0.109912 -0.300306
v 1.987584 -0.110088 -0.312120
v 1.987584 0.109912 -0.312120
v 1.985966 -0.110088 -0.323355
v 1.985966 0.109912 -0.323355
v 1.983989 -0.110088 -0.334010
v 1.983989 0.109912 -0.334010
v 1.981652 -0.110088 -0.344087
v 1.981652 0.109912 -0.344087
v 1.978956 -0.110088 -0.353584
v 1.978956 0.109912 -0.353584
v 1.975899 -0.110088 -0.362502
v 1.975899 0.109912 -0.362502
v 1.972484 -0.110088 -0.370842
v 1.972484 0.109912 -0.370842
v 1.968709 -0.110088 -0.378602
v 1.968709 0.109912 -0.378602
v 2.461447 -0.110088 -0.301175
v 2.461447 0.109912 -0.301175
v 2.458883 -0.110088 -0.296766
v 2.458883 0.109912 -0.296766
v 2.456115 -0.110088 -0.292513
v 2.456115 0.109912 -0.292513
v 2.453141 -0.110088 -0.288417
v 2.453141 0.109912 -0.288417
v 2.449962 -0.110088 -0.284478
v 2.449962 0.109912 -0.284478
v 2.446578 -0.110088 -0.280695
v 2.446578 0.109912 -0.280695
v 2.442988 -0.110088 -0.277070
v 2.442988 0.109912 -0.277070
v 2.439194 -0.110088 -0.273601
v 2.439194 0.109912 -0.273601
v 2.435194 -0.110088 -0.270290
v 2.435194 0.109912 -0.270290
v 2.430990 -0.110088 -0.267135
v 2.430990 0.109912 -0.267135
v 2.426580 -0.110088 -0.264137
v 2.426580 0.109912 -0.264137
v 2.421966 -0.110088 -0.261295
v 2.421966 0.109912 -0.261295
v 2.417145 -0.110088 -0.258611
v 2.417145 0.109912 -0.258611
v 2.428578 -0.110088 -0.251618
v 2.428578 0.109912 -0.251618
v 2.439016 -0.110088 -0.243960
v 2.439016 0.109912 -0.243960
v 2.448461 -0.110088 -0.235635
v 2.448461 0.109912 -0.235635
v 2.456911 -0.110088 -0.226644
v 2.456911 0.109912 -0.226644
v 2.464367 -0.110088 -0.216988
v 2.464367 0.109912 -0.216988
v 2.470829 -0.110088 -0.206665
v 2.470829 0.109912 -0.206665
v 2.476296 -0.110088 -0.195677
v 2.476296 0.109912 -0.195677
v 2.480770 -0.110088 -0.184022
v 2.480770 0.109912 -0.184022
v 2.484250 -0.110088 -0.171702
v 2.484250 0.109912 -0.171702
v 2.486735 -0.110088 -0.158715
v 2.486735 0.109912 -0.158715
v 2.488226 -0.110088 -0.145063
v 2.488226 0.109912 -0.145063
v 2.488723 -0.110088 -0.130744
v 2.488723 0.109912 -0.130744
v 2.488359 -0.110088 -0.119080
v 2.488359 0.109912 -0.119080
v 2.487266 -0.110088 -0.107715
v 2.487266 0.109912 -0.107715
v 2.485444 -0.110088 -0.096649
v 2.485444 0.109912 -0.096649
v 2.482893 -0.110088 -0.085883
v 2.482893 0.109912 -0.085883
v 2.479614 -0.110088 -0.075416
v 2.479614 0.109912 -0.075416
v 2.475606 -0.110088 -0.065247
v 2.475606 0.109912 -0.065247
v 2.470870 -0.110088 -0.055378
v 2.470870 0.109912 -0.055378
v 2.465405 -0.110088 -0.045809
v 2.465405 0.109912 -0.045809
v 2.459210 -0.110088 -0.036538
v 2.459210 0.109912 -0.036538
v 2.452288 -0.110088 -0.027567
v 2.452288 0.109912 -0.027567
v 2.444636 -0.110088 -0.018895
v 2.444636 0.109912 -0.018895
v 2.436256 -0.110088 -0.010522
v 2.436256 0.109912 -0.010522
v 2.427355 -0.110088 -0.002641
v 2.427355 0.109912 -0.002641
v 2.418140 -0.110088 0.004554
v 2.418140 0.109912 0.004554
v 2.408611 -0.110088 0.011064
v 2.408611 0.109912 0.011064
v 2.398768 -0.110088 0.016889
v 2.398768 0.109912 0.016889
v 2.388613 -0.110088 0.022029
v 2.388613 0.109912 0.022029
v 2.378143 -0.110088 0.026483
v 2.378143 0.109912 0.026483
v 2.367359 -0.110088 0.030252
v 2.367359 0.109912 0.030252
v 2.356262 -0.110088 0.033336
v 2.356262 0.109912 0.033336
v 2.344851 -0.110088 0.035734
v 2.344851 0.109912 0.035734
v 2.333127 -0.110088 0.037447
v 2.333127 0.109912 0.037447
v 2.321089 -0.110088 0.038475
v 2.321089 0.109912 0.038475
v 2.308737 -0.110088 0.038818
v 2.308737 0.109912 0.038818
v 2.299490 -0.110088 0.038661
v 2.299490 0.109912 0.038661
v 2.290399 -0.110088 0.038191
v 2.290399 0.109912 0.038191
v 2.281461 -0.110088 0.037406
v 2.281461 0.109912 0.037406
v 2.272678 -0.110088 0.036308
v 2.272678 0.109912 0.036308
v 2.264049 -0.110088 0.034897
v 2.264049 0.109912 0.034897
v 2.255575 -0.110088 0.033172
v 2.255575 0.109912 0.033172
v 2.247255 -0.110088 0.031133
v 2.247255 0.109912 0.031133
v 2.239090 -0.110088 0.028780
v 2.239090 0.109912 0.028780
v 2.231079 -0.110088 0.026114
v 2.231079 0.109912 0.026114
v 2.223222 -0.110088 0.023134
v 2.223222 0.109912 0.023134
v 2.215520 -0.110088 0.019840
v 2.215520 0.109912 0.019840
v 2.207973 -0.110088 0.016233
v 2.207973 0.109912 0.016233
v 2.199578 -0.110088 0.011677
v 2.199578 0.109912 0.011677
v 2.191651 -0.110088 0.006813
v 2.191651 0.109912 0.006813
v 2.184193 -0.110088 0.001639
v 2.184193 0.109912 0.001639
v 2.177203 -0.110088 -0.003843
v 2.177203 0.109912 -0.003843
v 2.170681 -0.110088 -0.009634
v 2.170681 0.109912 -0.009634
v 2.164626 -0.110088 -0.015734
v 2.164626 0.109912 -0.015734
v 2.159040 -0.110088 -0.022143
v 2.159040 0.109912 -0.022143
v 2.153923 -0.110088 -0.028860
v 2.153923 0.109912 -0.028860
v 2.149273 -0.110088 -0.035887
v 2.149273 0.109912 -0.035887
v 2.145091 -0.110088 -0.043222
v 2.145091 0.109912 -0.043222
v 2.141378 -0.110088 -0.050866
v 2.141378 0.109912 -0.050866
v 2.138132 -0.110088 -0.058819
v 2.138132 0.109912 -0.058819
v 2.137688 -0.110088 -0.060043
v 2.137688 0.109912 -0.060043
v 2.137283 -0.110088 -0.061281
v 2.137283 0.109912 -0.061281
v 2.136916 -0.110088 -0.062533
v 2.136916 0.109912 -0.062533
v 2.136588 -0.110088 -0.063800
v 2.136588 0.109912 -0.063800
v 2.136298 -0.110088 -0.065081
v 2.136298 0.109912 -0.065081
v 2.136048 -0.110088 -0.066377
v 2.136048 0.109912 -0.066377
v 2.135835 -0.110088 -0.067687
v 2.135835 0.109912 -0.067687
v 2.135662 -0.110088 -0.069012
v 2.135662 0.109912 -0.069012
v 2.135526 -0.110088 -0.070351
v 2.135526 0.109912 -0.070351
v 2.135430 -0.110088 -0.071704
v 2.135430 0.109912 -0.071704
v 2.135372 -0.110088 -0.073073
v 2.135372 0.109912 -0.073073
v 2.135353 -0.110088 -0.074455
v 2.135353 0.109912 -0.074455
v 2.135461 -0.110088 -0.077652
v 2.135461 0.109912 -0.077652
v 2.135787 -0.110088 -0.080758
v 2.135787 0.109912 -0.080758
v 2.136330 -0.110088 -0.083772
v 2.136330 0.109912 -0.083772
v 2.137090 -0.110088 -0.086694
v 2.137090 0.109912 -0.086694
v 2.138067 -0.110088 -0.089524
v 2.138067 0.109912 -0.089524
v 2.139262 -0.110088 -0.092263
v 2.139262 0.109912 -0.092263
v 2.140673 -0.110088 -0.094910
v 2.140673 0.109912 -0.094910
v 2.142302 -0.110088 -0.097465
v 2.142302 0.109912 -0.097465
v 2.144148 -0.110088 -0.099929
v 2.144148 0.109912 -0.099929
v 2.146211 -0.110088 -0.102301
v 2.146211 0.109912 -0.102301
v 2.148491 -0.110088 -0.104581
v 2.148491 0.109912 -0.104581
v 2.150989 -0.110088 -0.106769
v 2.150989 0.109912 -0.106769
v 2.153450 -0.110088 -0.108656
v 2.153450 0.109912 -0.108656
v 2.155969 -0.110088 -0.110379
v 2.155969 0.109912 -0.110379
v 2.158546 -0.110088 -0.111938
v 2.158546 0.109912 -0.111938
v 2.161181 -0.110088 -0.113333
v 2.161181 0.109912 -0.113333
v 2.163874 -0.110088 -0.114563
v 2.163874 0.109912 -0.114563
v 2.166624 -0.110088 -0.115630
v 2.166624 0.109912 -0.115630
v 2.169433 -0.110088 -0.116532
v 2.169433 0.109912 -0.116532
v 2.172300 -0.110088 -0.117270
v 2.172300 0.109912 -0.117270
v 2.175224 -0.110088 -0.117845
v 2.175224 0.109912 -0.117845
v 2.178206 -0.110088 -0.118255
v 2.178206 0.109912 -0.118255
v 2.181247 -0.110088 -0.118501
v 2.181247 0.109912 -0.118501
v 2.184345 -0.110088 -0.118583
v 2.184345 0.109912 -0.118583
v 2.187933 -0.110088 -0.118462
v 2.187933 0.109912 -0.118462
v 2.191400 -0.110088 -0.118101
v 2.191400 0.109912 -0.118101
v 2.194747 -0.110088 -0.117497
v 2.194747 0.109912 -0.117497
v 2.197973 -0.110088 -0.116653
v 2.197973 0.109912 -0.116653
v 2.201079 -0.110088 -0.115567
v 2.201079 0.109912 -0.115567
v 2.204063 -0.110088 -0.114240
v 2.204063 0.109912 -0.114240
v 2.206928 -0.110088 -0.112671
v 2.206928 0.109912 -0.112671
v 2.209671 -0.110088 -0.110862
v 2.209671 0.109912 -0.110862
v 2.212294 -0.110088 -0.108811
v 2.212294 0.109912 -0.108811
v 2.214796 -0.110088 -0.106518
v 2.214796 0.109912 -0.106518
v 2.217178 -0.110088 -0.103985
v 2.217178 0.109912 -0.103985
v 2.219439 -0.110088 -0.101210
v 2.219439 0.109912 -0.101210
v 2.223015 -0.110088 -0.096418
v 2.223015 0.109912 -0.096418
v 2.226330 -0.110088 -0.092002
v 2.226330 0.109912 -0.092002
v 2.229385 -0.110088 -0.087963
v 2.229385 0.109912 -0.087963
v 2.232179 -0.110088 -0.084300
v 2.232179 0.109912 -0.084300
v 2.234713 -0.110088 -0.081014
v 2.234713 0.109912 -0.081014
v 2.236986 -0.110088 -0.078104
v 2.236986 0.109912 -0.078104
v 2.238998 -0.110088 -0.075570
v 2.238998 0.109912 -0.075570
v 2.240750 -0.110088 -0.073413
v 2.240750 0.109912 -0.073413
v 2.242241 -0.110088 -0.071632
v 2.242241 0.109912 -0.071632
v 2.243472 -0.110088 -0.070228
v 2.243472 0.109912 -0.070228
v 2.244442 -0.110088 -0.069200
v 2.244442 0.109912 -0.069200
v 2.245151 -0.110088 -0.068548
v 2.245151 0.109912 -0.068548
v 2.248884 -0.110088 -0.065773
v 2.248884 0.109912 -0.065773
v 2.252902 -0.110088 -0.063240
v 2.252902 0.109912 -0.063240
v 2.257204 -0.110088 -0.060948
v 2.257204 0.109912 -0.060948
v 2.261791 -0.110088 -0.058897
v 2.261791 0.109912 -0.058897
v 2.266662 -0.110088 -0.057087
v 2.266662 0.109912 -0.057087
v 2.271819 -0.110088 -0.055518
v 2.271819 0.109912 -0.055518
v 2.277260 -0.110088 -0.054191
v 2.277260 0.109912 -0.054191
v 2.282986 -0.110088 -0.053106
v 2.282986 0.109912 -0.053106
v 2.288997 -0.110088 -0.052261
v 2.288997 0.109912 -0.052261
v 2.295292 -0.110088 -0.051658
v 2.295292 0.109912 -0.051658
v 2.301872 -0.110088 -0.051296
v 2.301872 0.109912 -0.051296
v 2.308737 -0.110088 -0.051175
v 2.308737 0.109912 -0.051175
v 2.314182 -0.110088 -0.051313
v 2.314182 0.109912 -0.051313
v 2.319513 -0.110088 -0.051725
v 2.319513 0.109912 -0.051725
v 2.324731 -0.110088 -0.052413
v 2.324731 0.109912 -0.052413
v 2.329836 -0.110088 -0.053376
v 2.329836 0.109912 -0.053376
v 2.334827 -0.110088 -0.054614
v 2.334827 0.109912 -0.054614
v 2.339705 -0.110088 -0.056127
v 2.339705 0.109912 -0.056127
v 2.344469 -0.110088 -0.057915
v 2.344469 0.109912 -0.057915
v 2.349120 -0.110088 -0.059978
v 2.349120 0.109912 -0.059978
v 2.353657 -0.110088 -0.062316
v 2.353657 0.109912 -0.062316
v 2.358082 -0.110088 -0.064929
v 2.358082 0.109912 -0.064929
v 2.362392 -0.110088 -0.067817
v 2.362392 0.109912 -0.067817
v 2.366590 -0.110088 -0.070981
v 2.366590 0.109912 -0.070981
v 2.370558 -0.110088 -0.074337
v 2.370558 0.109912 -0.074337
v 2.374181 -0.110088 -0.077804
v 2.374181 0.109912 -0.077804
v 2.377459 -0.110088 -0.081383
v 2.377459 0.109912 -0.081383
v 2.380392 -0.110088 -0.085072
v 2.380392 0.109912 -0.085072
v 2.382979 -0.110088 -0.088873
v 2.382979 0.109912 -0.088873
v 2.385222 -0.110088 -0.092784
v 2.385222 0.109912 -0.092784
v 2.387120 -0.110088 -0.096806
v 2.387120 0.109912 -0.096806
v 2.388673 -0.110088 -0.100940
v 2.388673 0.109912 -0.100940
v 2.389881 -0.110088 -0.105184
v 2.389881 0.109912 -0.105184
v 2.390743 -0.110088 -0.109539
v 2.390743 0.109912 -0.109539
v 2.391261 -0.110088 -0.114006
v 2.391261 0.109912 -0.114006
v 2.391433 -0.110088 -0.118583
v 2.391433 0.109912 -0.118583
v 2.390625 -0.110088 -0.132482
v 2.390625 0.109912 -0.132482
v 2.388200 -0.110088 -0.145338
v 2.388200 0.109912 -0.145338
v 2.384158 -0.110088 -0.157152
v 2.384158 0.109912 -0.157152
v 2.378500 -0.110088 -0.167923
v 2.378500 0.109912 -0.167923
v 2.371225 -0.110088 -0.177652
v 2.371225 0.109912 -0.177652
v 2.362333 -0.110088 -0.186338
v 2.362333 0.109912 -0.186338
v 2.351825 -0.110088 -0.193983
v 2.351825 0.109912 -0.193983
v 2.339700 -0.110088 -0.200584
v 2.339700 0.109912 -0.200584
v 2.325958 -0.110088 -0.206144
v 2.325958 0.109912 -0.206144
v 2.310600 -0.110088 -0.210661
v 2.310600 0.109912 -0.210661
v 2.293625 -0.110088 -0.214136
v 2.293625 0.109912 -0.214136
v 2.275033 -0.110088 -0.216568
v 2.275033 0.109912 -0.216568
v 2.266875 -0.110088 -0.217608
v 2.266875 0.109912 -0.217608
v 2.259426 -0.110088 -0.219106
v 2.259426 0.109912 -0.219106
v 2.252687 -0.110088 -0.221063
v 2.252687 0.109912 -0.221063
v 2.246657 -0.110088 -0.223478
v 2.246657 0.109912 -0.223478
v 2.241336 -0.110088 -0.226352
v 2.241336 0.109912 -0.226352
v 2.236725 -0.110088 -0.229685
v 2.236725 0.109912 -0.229685
v 2.232823 -0.110088 -0.233475
v 2.232823 0.109912 -0.233475
v 2.229631 -0.110088 -0.237724
v 2.229631 0.109912 -0.237724
v 2.227148 -0.110088 -0.242432
v 2.227148 0.109912 -0.242432
v 2.225375 -0.110088 -0.247598
v 2.225375 0.109912 -0.247598
v 2.224310 -0.110088 -0.253223
v 2.224310 0.109912 -0.253223
v 2.223956 -0.110088 -0.259306
v 2.223956 0.109912 -0.259306
v 2.224231 -0.110088 -0.264004
v 2.224231 0.109912 -0.264004
v 2.225056 -0.110088 -0.268485
v 2.225056 0.109912 -0.268485
v 2.226431 -0.110088 -0.272748
v 2.226431 0.109912 -0.272748
v 2.228357 -0.110088 -0.276795
v 2.228357 0.109912 -0.276795
v 2.230833 -0.110088 -0.280624
v 2.230833 0.109912 -0.280624
v 2.233859 -0.110088 -0.284236
v 2.233859 0.109912 -0.284236
v 2.237434 -0.110088 -0.287631
v 2.237434 0.109912 -0.287631
v 2.241561 -0.110088 -0.290809
v 2.241561 0.109912 -0.290809
v 2.246237 -0.110088 -0.293770
v 2.246237 0.109912 -0.293770
v 2.251463 -0.110088 -0.296513
v 2.251463 0.109912 -0.296513
v 2.257240 -0.110088 -0.299040
v 2.257240 0.109912 -0.299040
v 2.263566 -0.110088 -0.301349
v 2.263566 0.109912 -0.301349
v 2.269819 -0.110088 -0.302741
v 2.269819 0.109912 -0.302741
v 2.276066 -0.110088 -0.304138
v 2.276066 0.109912 -0.304138
v 2.282308 -0.110088 -0.305540
v 2.282308 0.109912 -0.305540
v 2.288545 -0.110088 -0.306947
v 2.288545 0.109912 -0.306947
v 2.294778 -0.110088 -0.308358
v 2.294778 0.109912 -0.308358
v 2.301006 -0.110088 -0.309775
v 2.301006 0.109912 -0.309775
v 2.307229 -0.110088 -0.311196
v 2.307229 0.109912 -0.311196
v 2.313447 -0.110088 -0.312622
v 2.313447 0.109912 -0.312622
v 2.319660 -0.110088 -0.314053
v 2.319660 0.109912 -0.314053
v 2.325869 -0.110088 -0.315489
v 2.325869 0.109912 -0.315489
v 2.332072 -0.110088 -0.316929
v 2.332072 0.109912 -0.316929
v 2.338271 -0.110088 -0.318375
v 2.338271 0.109912 -0.318375
v 2.342127 -0.110088 -0.319622
v 2.342127 0.109912 -0.319622
v 2.345819 -0.110088 -0.320932
v 2.345819 0.109912 -0.320932
v 2.349347 -0.110088 -0.322305
v 2.349347 0.109912 -0.322305
v 2.352710 -0.110088 -0.323741
v 2.352710 0.109912 -0.323741
v 2.355910 -0.110088 -0.325239
v 2.355910 0.109912 -0.325239
v 2.358945 -0.110088 -0.326801
v 2.358945 0.109912 -0.326801
v 2.361817 -0.110088 -0.328425
v 2.361817 0.109912 -0.328425
v 2.364524 -0.110088 -0.330111
v 2.364524 0.109912 -0.330111
v 2.367067 -0.110088 -0.331861
v 2.367067 0.109912 -0.331861
v 2.369446 -0.110088 -0.333673
v 2.369446 0.109912 -0.333673
v 2.371661 -0.110088 -0.335548
v 2.371661 0.109912 -0.335548
v 2.373713 -0.110088 -0.337485
v 2.373713 0.109912 -0.337485
v 2.375602 -0.110088 -0.339485
v 2.375602 0.109912 -0.339485
v 2.377332 -0.110088 -0.341549
v 2.377332 0.109912 -0.341549
v 2.378903 -0.110088 -0.343674
v 2.378903 0.109912 -0.343674
v 2.380314 -0.110088 -0.345863
v 2.380314 0.109912 -0.345863
v 2.381567 -0.110088 -0.348114
v 2.381567 0.109912 -0.348114
v 2.382660 -0.110088 -0.350428
v 2.382660 0.109912 -0.350428
v 2.383594 -0.110088 -0.352805
v 2.383594 0.109912 -0.352805
v 2.384368 -0.110088 -0.355244
v 2.384368 0.109912 -0.355244
v 2.384983 -0.110088 -0.357747
v 2.384983 0.109912 -0.357747
v 2.385439 -0.110088 -0.360312
v 2.385439 0.109912 -0.360312
v 2.385736 -0.110088 -0.362939
v 2.385736 0.109912 -0.362939
v 2.385874 -0.110088 -0.365630
v 2.385874 0.109912 -0.365630
v 2.385524 -0.110088 -0.373899
v 2.385524 0.109912 -0.373899
v 2.384011 -0.110088 -0.381449
v 2.384011 0.109912 -0.381449
v 2.381335 -0.110088 -0.388280
v 2.381335 0.109912 -0.388280
v 2.377496 -0.110088 -0.394392
v 2.377496 0.109912 -0.394392
v 2.372494 -0.110088 -0.399785
v 2.372494 0.109912 -0.399785
v 2.366329 -0.110088 -0.404459
v 2.366329 0.109912 -0.404459
v 2.359001 -0.110088 -0.408414
v 2.359001 0.109912 -0.408414
v 2.350510 -0.110088 -0.411649
v 2.350510 0.109912 -0.411649
v 2.340856 -0.110088 -0.414166
v 2.340856 0.109912 -0.414166
v 2.330038 -0.110088 -0.415964
v 2.330038 0.109912 -0.415964
v 2.318058 -0.110088 -0.417042
v 2.318058 0.109912 -0.417042
v 2.304915 -0.110088 -0.417402
v 2.304915 0.109912 -0.417402
v 2.300362 -0.110088 -0.417258
v 2.300362 0.109912 -0.417258
v 2.295736 -0.110088 -0.416827
v 2.295736 0.109912 -0.416827
v 2.291038 -0.110088 -0.416110
v 2.291038 0.109912 -0.416110
v 2.286268 -0.110088 -0.415105
v 2.286268 0.109912 -0.415105
v 2.281425 -0.110088 -0.413812
v 2.281425 0.109912 -0.413812
v 2.276510 -0.110088 -0.412233
v 2.276510 0.109912 -0.412233
v 2.271522 -0.110088 -0.410367
v 2.271522 0.109912 -0.410367
v 2.266462 -0.110088 -0.408213
v 2.266462 0.109912 -0.408213
v 2.261330 -0.110088 -0.405773
v 2.261330 0.109912 -0.405773
v 2.256125 -0.110088 -0.403045
v 2.256125 0.109912 -0.403045
v 2.250848 -0.110088 -0.400030
v 2.250848 0.109912 -0.400030
v 2.245499 -0.110088 -0.396728
v 2.245499 0.109912 -0.396728
v 2.240255 -0.110088 -0.393426
v 2.240255 0.109912 -0.393426
v 2.235297 -0.110088 -0.390411
v 2.235297 0.109912 -0.390411
v 2.230623 -0.110088 -0.387683
v 2.230623 0.109912 -0.387683
v 2.226234 -0.110088 -0.385242
v 2.226234 0.109912 -0.385242
v 2.222129 -0.110088 -0.383088
v 2.222129 0.109912 -0.383088
v 2.218309 -0.110088 -0.381222
v 2.218309 0.109912 -0.381222
v 2.214775 -0.110088 -0.379643
v 2.214775 0.109912 -0.379643
v 2.211524 -0.110088 -0.378351
v 2.211524 0.109912 -0.378351
v 2.208559 -0.110088 -0.377346
v 2.208559 0.109912 -0.377346
v 2.205878 -0.110088 -0.376628
v 2.205878 0.109912 -0.376628
v 2.203482 -0.110088 -0.376197
v 2.203482 0.109912 -0.376197
v 2.201371 -0.110088 -0.376054
v 2.201371 0.109912 -0.376054
v 2.198111 -0.110088 -0.376153
v 2.198111 0.109912 -0.376153
v 2.194933 -0.110088 -0.376449
v 2.194933 0.109912 -0.376449
v 2.191837 -0.110088 -0.376944
v 2.191837 0.109912 -0.376944
v 2.188823 -0.110088 -0.377636
v 2.188823 0.109912 -0.377636
v 2.185892 -0.110088 -0.378527
v 2.185892 0.109912 -0.378527
v 2.183042 -0.110088 -0.379615
v 2.183042 0.109912 -0.379615
v 2.180274 -0.110088 -0.380901
v 2.180274 0.109912 -0.380901
v 2.177589 -0.110088 -0.382385
v 2.177589 0.109912 -0.382385
v 2.174985 -0.110088 -0.384067
v 2.174985 0.109912 -0.384067
v 2.172464 -0.110088 -0.385947
v 2.172464 0.109912 -0.385947
v 2.170024 -0.110088 -0.388024
v 2.170024 0.109912 -0.388024
v 2.167667 -0.110088 -0.390300
v 2.167667 0.109912 -0.390300
v 2.165447 -0.110088 -0.392700
v 2.165447 0.109912 -0.392700
v 2.163420 -0.110088 -0.395154
v 2.163420 0.109912 -0.395154
v 2.161586 -0.110088 -0.397661
v 2.161586 0.109912 -0.397661
v 2.159945 -0.110088 -0.400222
v 2.159945 0.109912 -0.400222
v 2.158498 -0.110088 -0.402835
v 2.158498 0.109912 -0.402835
v 2.157243 -0.110088 -0.405501
v 2.157243 0.109912 -0.405501
v 2.156181 -0.110088 -0.408220
v 2.156181 0.109912 -0.408220
v 2.155313 -0.110088 -0.410993
v 2.155313 0.109912 -0.410993
v 2.154637 -0.110088 -0.413819
v 2.154637 0.109912 -0.413819
v 2.154154 -0.110088 -0.416697
v 2.154154 0.109912 -0.416697
v 2.153865 -0.110088 -0.419629
v 2.153865 0.109912 -0.419629
v 2.153768 -0.110088 -0.422614
v 2.153768 0.109912 -0.422614
v 2.154174 -0.110088 -0.427534
v 2.154174 0.109912 -0.427534
v 2.155390 -0.110088 -0.432449
v 2.155390 0.109912 -0.432449
v 2.157417 -0.110088 -0.437359
v 2.157417 0.109912 -0.437359
v 2.160254 -0.110088 -0.442265
v 2.160254 0.109912 -0.442265
v 2.163903 -0.110088 -0.447165
v 2.163903 0.109912 -0.447165
v 2.168362 -0.110088 -0.452061
v 2.168362 0.109912 -0.452061
v 2.173631 -0.110088 -0.456952
v 2.173631 0.109912 -0.456952
v 2.179712 -0.110088 -0.461838
v 2.179712 0.109912 -0.461838
v 2.186604 -0.110088 -0.466720
v 2.186604 0.109912 -0.466720
v 2.194306 -0.110088 -0.471596
v 2.194306 0.109912 -0.471596
v 2.202818 -0.110088 -0.476468
v 2.202818 0.109912 -0.476468
v 2.212142 -0.110088 -0.481335
v 2.212142 0.109912 -0.481335
v 2.220694 -0.110088 -0.485497
v 2.220694 0.109912 -0.485497
v 2.228975 -0.110088 -0.489298
v 2.228975 0.109912 -0.489298
v 2.236986 -0.110088 -0.492736
v 2.236986 0.109912 -0.492736
v 2.244726 -0.110088 -0.495813
v 2.244726 0.109912 -0.495813
v 2.252197 -0.110088 -0.498527
v 2.252197 0.109912 -0.498527
v 2.259397 -0.110088 -0.500880
v 2.259397 0.109912 -0.500880
v 2.266327 -0.110088 -0.502871
v 2.266327 0.109912 -0.502871
v 2.272987 -0.110088 -0.504499
v 2.272987 0.109912 -0.504499
v 2.279377 -0.110088 -0.505766
v 2.279377 0.109912 -0.505766
v 2.285496 -0.110088 -0.506671
v 2.285496 0.109912 -0.506671
v 2.291345 -0.110088 -0.507214
v 2.291345 0.109912 -0.507214
v 2.296923 -0.110088 -0.507395
v 2.296923 0.109912 -0.507395
v 2.309854 -0.110088 -0.507158
v 2.309854 0.109912 -0.507158
v 2.322356 -0.110088 -0.506449
v 2.322356 0.109912 -0.506449
v 2.334427 -0.110088 -0.505267
v 2.334427 0.109912 -0.505267
v 2.346070 -0.110088 -0.503611
v 2.346070 0.109912 -0.503611
v 2.357283 -0.110088 -0.501483
v 2.357283 0.109912 -0.501483
v 2.368066 -0.110088 -0.498882
v 2.368066 0.109912 -0.498882
v 2.378420 -0.110088 -0.495808
v 2.378420 0.109912 -0.495808
v 2.388345 -0.110088 -0.492261
v 2.388345 0.109912 -0.492261
v 2.397840 -0.110088 -0.488241
v 2.397840 0.109912 -0.488241
v 2.406905 -0.110088 -0.483748
v 2.406905 0.109912 -0.483748
v 2.415541 -0.110088 -0.478782
v 2.415541 0.109912 -0.478782
v 2.423747 -0.110088 -0.473343
v 2.423747 0.109912 -0.473343
v 2.432127 -0.110088 -0.466867
v 2.432127 0.109912 -0.466867
v 2.439779 -0.110088 -0.459947
v 2.439779 0.109912 -0.459947
v 2.446702 -0.110088 -0.452582
v 2.446702 0.109912 -0.452582
v 2.452896 -0.110088 -0.444774
v 2.452896 0.109912 -0.444774
v 2.458361 -0.110088 -0.436522
v 2.458361 0.109912 -0.436522
v 2.463098 -0.110088 -0.427826
v 2.463098 0.109912 -0.427826
v 2.467105 -0.110088 -0.418685
v 2.467105 0.109912 -0.418685
v 2.470385 -0.110088 -0.409101
v 2.470385 0.109912 -0.409101
v 2.472935 -0.110088 -0.399073
v 2.472935 0.109912 -0.399073
v 2.474757 -0.110088 -0.388601
v 2.474757 0.109912 -0.388601
v 2.475850 -0.110088 -0.377685
v 2.475850 0.109912 -0.377685
v 2.476214 -0.110088 -0.366325
v 2.476214 0.109912 -0.366325
v 2.476112 -0.110088 -0.360033
v 2.476112 0.109912 -0.360033
v 2.475804 -0.110088 -0.353898
v 2.475804 0.109912 -0.353898
v 2.475291 -0.110088 -0.347920
v 2.475291 0.109912 -0.347920
v 2.474574 -0.110088 -0.342099
v 2.474574 0.109912 -0.342099
v 2.473650 -0.110088 -0.336434
v 2.473650 0.109912 -0.336434
v 2.472522 -0.110088 -0.330927
v 2.472522 0.109912 -0.330927
v 2.471189 -0.110088 -0.325576
v 2.471189 0.109912 -0.325576
v 2.469651 -0.110088 -0.320382
v 2.469651 0.109912 -0.320382
v 2.467908 -0.110088 -0.315345
v 2.467908 0.109912 -0.315345
v 2.465959 -0.110088 -0.310465
v 2.465959 0.109912 -0.310465
v 2.463806 -0.110088 -0.305742
v 2.463806 0.109912 -0.305742
v 2.889001 -0.110088 -0.019903
v 2.889001 0.109912 -0.019903
v 2.878594 -0.110088 -0.009581
v 2.878594 0.109912 -0.009581
v 2.867642 -0.110088 -0.000156
v 2.867642 0.109912 -0.000156
v 2.856144 -0.110088 0.008371
v 2.856144 0.109912 0.008371
v 2.844101 -0.110088 0.016001
v 2.844101 0.109912 0.016001
v 2.831513 -0.110088 0.022733
v 2.831513 0.109912 0.022733
v 2.818379 -0.110088 0.028568
v 2.818379 0.109912 0.028568
v 2.804700 -0.110088 0.033505
v 2.804700 0.109912 0.033505
v 2.790476 -0.110088 0.037544
v 2.790476 0.109912 0.037544
v 2.775706 -0.110088 0.040686
v 2.775706 0.109912 0.040686
v 2.760391 -0.110088 0.042930
v 2.760391 0.109912 0.042930
v 2.744531 -0.110088 0.044276
v 2.744531 0.109912 0.044276
v 2.728126 -0.110088 0.044725
v 2.728126 0.109912 0.044725
v 2.710793 -0.110088 0.044199
v 2.710793 0.109912 0.044199
v 2.694238 -0.110088 0.042621
v 2.694238 0.109912 0.042621
v 2.678460 -0.110088 0.039991
v 2.678460 0.109912 0.039991
v 2.663459 -0.110088 0.036308
v 2.663459 0.109912 0.036308
v 2.649234 -0.110088 0.031574
v 2.649234 0.109912 0.031574
v 2.635787 -0.110088 0.025788
v 2.635787 0.109912 0.025788
v 2.623116 -0.110088 0.018950
v 2.623116 0.109912 0.018950
v 2.611223 -0.110088 0.011059
v 2.611223 0.109912 0.011059
v 2.600107 -0.110088 0.002117
v 2.600107 0.109912 0.002117
v 2.589767 -0.110088 -0.007877
v 2.589767 0.109912 -0.007877
v 2.580205 -0.110088 -0.018924
v 2.580205 0.109912 -0.018924
v 2.571419 -0.110088 -0.031022
v 2.571419 0.109912 -0.031022
v 2.570032 -0.110088 -0.033216
v 2.570032 0.109912 -0.033216
v 2.568765 -0.110088 -0.035395
v 2.568765 0.109912 -0.035395
v 2.567619 -0.110088 -0.037559
v 2.567619 0.109912 -0.037559
v 2.566593 -0.110088 -0.039709
v 2.566593 0.109912 -0.039709
v 2.565689 -0.110088 -0.041844
v 2.565689 0.109912 -0.041844
v 2.564904 -0.110088 -0.043965
v 2.564904 0.109912 -0.043965
v 2.564241 -0.110088 -0.046072
v 2.564241 0.109912 -0.046072
v 2.563698 -0.110088 -0.048164
v 2.563698 0.109912 -0.048164
v 2.563276 -0.110088 -0.050241
v 2.563276 0.109912 -0.050241
v 2.562974 -0.110088 -0.052304
v 2.562974 0.109912 -0.052304
v 2.562793 -0.110088 -0.054353
v 2.562793 0.109912 -0.054353
v 2.562733 -0.110088 -0.056387
v 2.562733 0.109912 -0.056387
v 2.562837 -0.110088 -0.059476
v 2.562837 0.109912 -0.059476
v 2.563148 -0.110088 -0.062487
v 2.563148 0.109912 -0.062487
v 2.563667 -0.110088 -0.065421
v 2.563667 0.109912 -0.065421
v 2.564393 -0.110088 -0.068278
v 2.564393 0.109912 -0.068278
v 2.565327 -0.110088 -0.071058
v 2.565327 0.109912 -0.071058
v 2.566468 -0.110088 -0.073760
v 2.566468 0.109912 -0.073760
v 2.567817 -0.110088 -0.076386
v 2.567817 0.109912 -0.076386
v 2.569373 -0.110088 -0.078934
v 2.569373 0.109912 -0.078934
v 2.571137 -0.110088 -0.081404
v 2.571137 0.109912 -0.081404
v 2.573108 -0.110088 -0.083798
v 2.573108 0.109912 -0.083798
v 2.575287 -0.110088 -0.086115
v 2.575287 0.109912 -0.086115
v 2.577674 -0.110088 -0.088354
v 2.577674 0.109912 -0.088354
v 2.580193 -0.110088 -0.090463
v 2.580193 0.109912 -0.090463
v 2.582770 -0.110088 -0.092388
v 2.582770 0.109912 -0.092388
v 2.585405 -0.110088 -0.094130
v 2.585405 0.109912 -0.094130
v 2.588098 -0.110088 -0.095689
v 2.588098 0.109912 -0.095689
v 2.590848 -0.110088 -0.097064
v 2.590848 0.109912 -0.097064
v 2.593657 -0.110088 -0.098256
v 2.593657 0.109912 -0.098256
v 2.596524 -0.110088 -0.099265
v 2.596524 0.109912 -0.099265
v 2.599448 -0.110088 -0.100090
v 2.599448 0.109912 -0.100090
v 2.602431 -0.110088 -0.100732
v 2.602431 0.109912 -0.100732
v 2.605471 -0.110088 -0.101191
v 2.605471 0.109912 -0.101191
v 2.608569 -0.110088 -0.101466
v 2.608569 0.109912 -0.101466
v 2.611725 -0.110088 -0.101557
v 2.611725 0.109912 -0.101557
v 2.614930 -0.110088 -0.101456
v 2.614930 0.109912 -0.101456
v 2.618057 -0.110088 -0.101152
v 2.618057 0.109912 -0.101152
v 2.621107 -0.110088 -0.100645
v 2.621107 0.109912 -0.100645
v 2.624079 -0.110088 -0.099936
v 2.624079 0.109912 -0.099936
v 2.626975 -0.110088 -0.099024
v 2.626975 0.109912 -0.099024
v 2.629793 -0.110088 -0.097909
v 2.629793 0.109912 -0.097909
v 2.632535 -0.110088 -0.096592
v 2.632535 0.109912 -0.096592
v 2.635198 -0.110088 -0.095071
v 2.635198 0.109912 -0.095071
v 2.637785 -0.110088 -0.093349
v 2.637785 0.109912 -0.093349
v 2.640294 -0.110088 -0.091423
v 2.640294 0.109912 -0.091423
v 2.642726 -0.110088 -0.089295
v 2.642726 0.109912 -0.089295
v 2.645082 -0.110088 -0.086964
v 2.645082 0.109912 -0.086964
v 2.648981 -0.110088 -0.082901
v 2.648981 0.109912 -0.082901
v 2.652571 -0.110088 -0.079165
v 2.652571 0.109912 -0.079165
v 2.655853 -0.110088 -0.075758
v 2.655853 0.109912 -0.075758
v 2.658826 -0.110088 -0.072679
v 2.658826 0.109912 -0.072679
v 2.661489 -0.110088 -0.069929
v 2.661489 0.109912 -0.069929
v 2.663845 -0.110088 -0.067506
v 2.663845 0.109912 -0.067506
v 2.665891 -0.110088 -0.065412
v 2.665891 0.109912 -0.065412
v 2.667628 -0.110088 -0.063645
v 2.667628 0.109912 -0.063645
v 2.669057 -0.110088 -0.062207
v 2.669057 0.109912 -0.062207
v 2.670176 -0.110088 -0.061097
v 2.670176 0.109912 -0.061097
v 2.670987 -0.110088 -0.060315
v 2.670987 0.109912 -0.060315
v 2.671489 -0.110088 -0.059862
v 2.671489 0.109912 -0.059862
v 2.675014 -0.110088 -0.057531
v 2.675014 0.109912 -0.057531
v 2.678757 -0.110088 -0.055403
v 2.678757 0.109912 -0.055403
v 2.682716 -0.110088 -0.053477
v 2.682716 0.109912 -0.053477
v 2.686893 -0.110088 -0.051754
v 2.686893 0.109912 -0.051754
v 2.691287 -0.110088 -0.050234
v 2.691287 0.109912 -0.050234
v 2.695898 -0.110088 -0.048917
v 2.695898 0.109912 -0.048917
v 2.700727 -0.110088 -0.047802
v 2.700727 0.109912 -0.047802
v 2.705772 -0.110088 -0.046890
v 2.705772 0.109912 -0.046890
v 2.711035 -0.110088 -0.046180
v 2.711035 0.109912 -0.046180
v 2.716515 -0.110088 -0.045674
v 2.716515 0.109912 -0.045674
v 2.722211 -0.110088 -0.045370
v 2.722211 0.109912 -0.045370
v 2.728126 -0.110088 -0.045268
v 2.728126 0.109912 -0.045268
v 2.736921 -0.110088 -0.045541
v 2.736921 0.109912 -0.045541
v 2.745470 -0.110088 -0.046359
v 2.745470 0.109912 -0.046359
v 2.753773 -0.110088 -0.047722
v 2.753773 0.109912 -0.047722
v 2.761829 -0.110088 -0.049631
v 2.761829 0.109912 -0.049631
v 2.769640 -0.110088 -0.052085
v 2.769640 0.109912 -0.052085
v 2.777205 -0.110088 -0.055084
v 2.777205 0.109912 -0.055084
v 2.784523 -0.110088 -0.058629
v 2.784523 0.109912 -0.058629
v 2.791595 -0.110088 -0.062719
v 2.791595 0.109912 -0.062719
v 2.798422 -0.110088 -0.067354
v 2.798422 0.109912 -0.067354
v 2.805002 -0.110088 -0.072535
v 2.805002 0.109912 -0.072535
v 2.811336 -0.110088 -0.078260
v 2.811336 0.109912 -0.078260
v 2.817424 -0.110088 -0.084532
v 2.817424 0.109912 -0.084532
v 2.822918 -0.110088 -0.090955
v 2.822918 0.109912 -0.090955
v 2.827934 -0.110088 -0.097600
v 2.827934 0.109912 -0.097600
v 2.832473 -0.110088 -0.104467
v 2.832473 0.109912 -0.104467
v 2.836534 -0.110088 -0.111557
v 2.836534 0.109912 -0.111557
v 2.840117 -0.110088 -0.118868
v 2.840117 0.109912 -0.118868
v 2.843223 -0.110088 -0.126401
v 2.843223 0.109912 -0.126401
v 2.845850 -0.110088 -0.134156
v 2.845850 0.109912 -0.134156
v 2.848001 -0.110088 -0.142133
v 2.848001 0.109912 -0.142133
v 2.849673 -0.110088 -0.150333
v 2.849673 0.109912 -0.150333
v 2.850867 -0.110088 -0.158754
v 2.850867 0.109912 -0.158754
v 2.851583 -0.110088 -0.167397
v 2.851583 0.109912 -0.167397
v 2.851822 -0.110088 -0.176262
v 2.851822 0.109912 -0.176262
v 2.851703 -0.110088 -0.184710
v 2.851703 0.109912 -0.184710
v 2.851345 -0.110088 -0.192796
v 2.851345 0.109912 -0.192796
v 2.850748 -0.110088 -0.200519
v 2.850748 0.109912 -0.200519
v 2.849911 -0.110088 -0.207881
v 2.849911 0.109912 -0.207881
v 2.848836 -0.110088 -0.214881
v 2.848836 0.109912 -0.214881
v 2.847523 -0.110088 -0.221519
v 2.847523 0.109912 -0.221519
v 2.845970 -0.110088 -0.227795
v 2.845970 0.109912 -0.227795
v 2.844178 -0.110088 -0.233709
v 2.844178 0.109912 -0.233709
v 2.842148 -0.110088 -0.239262
v 2.842148 0.109912 -0.239262
v 2.839879 -0.110088 -0.244452
v 2.839879 0.109912 -0.244452
v 2.837370 -0.110088 -0.249280
v 2.837370 0.109912 -0.249280
v 2.834623 -0.110088 -0.253746
v 2.834623 0.109912 -0.253746
v 2.831635 -0.110088 -0.257853
v 2.831635 0.109912 -0.257853
v 2.828403 -0.110088 -0.261603
v 2.828403 0.109912 -0.261603
v 2.824927 -0.110088 -0.264996
v 2.824927 0.109912 -0.264996
v 2.821207 -0.110088 -0.268031
v 2.821207 0.109912 -0.268031
v 2.817244 -0.110088 -0.270709
v 2.817244 0.109912 -0.270709
v 2.813037 -0.110088 -0.273031
v 2.813037 0.109912 -0.273031
v 2.808586 -0.110088 -0.274995
v 2.808586 0.109912 -0.274995
v 2.803892 -0.110088 -0.276602
v 2.803892 0.109912 -0.276602
v 2.798954 -0.110088 -0.277852
v 2.798954 0.109912 -0.277852
v 2.793772 -0.110088 -0.278744
v 2.793772 0.109912 -0.278744
v 2.788346 -0.110088 -0.279280
v 2.788346 0.109912 -0.279280
v 2.782677 -0.110088 -0.279459
v 2.782677 0.109912 -0.279459
v 2.772652 -0.110088 -0.279184
v 2.772652 0.109912 -0.279184
v 2.762959 -0.110088 -0.278358
v 2.762959 0.109912 -0.278358
v 2.753599 -0.110088 -0.276983
v 2.753599 0.109912 -0.276983
v 2.744572 -0.110088 -0.275057
v 2.744572 0.109912 -0.275057
v 2.735878 -0.110088 -0.272582
v 2.735878 0.109912 -0.272582
v 2.727518 -0.110088 -0.269556
v 2.727518 0.109912 -0.269556
v 2.719490 -0.110088 -0.265980
v 2.719490 0.109912 -0.265980
v 2.711795 -0.110088 -0.261854
v 2.711795 0.109912 -0.261854
v 2.704433 -0.110088 -0.257178
v 2.704433 0.109912 -0.257178
v 2.697404 -0.110088 -0.251951
v 2.697404 0.109912 -0.251951
v 2.690708 -0.110088 -0.246175
v 2.690708 0.109912 -0.246175
v 2.684345 -0.110088 -0.239848
v 2.684345 0.109912 -0.239848
v 2.681911 -0.110088 -0.237071
v 2.681911 0.109912 -0.237071
v 2.679471 -0.110088 -0.234298
v 2.679471 0.109912 -0.234298
v 2.677027 -0.110088 -0.231530
v 2.677027 0.109912 -0.231530
v 2.674578 -0.110088 -0.228768
v 2.674578 0.109912 -0.228768
v 2.672124 -0.110088 -0.226010
v 2.672124 0.109912 -0.226010
v 2.669665 -0.110088 -0.223256
v 2.669665 0.109912 -0.223256
v 2.667201 -0.110088 -0.220508
v 2.667201 0.109912 -0.220508
v 2.664733 -0.110088 -0.217765
v 2.664733 0.109912 -0.217765
v 2.662260 -0.110088 -0.215026
v 2.662260 0.109912 -0.215026
v 2.659781 -0.110088 -0.212292
v 2.659781 0.109912 -0.212292
v 2.657299 -0.110088 -0.209563
v 2.657299 0.109912 -0.209563
v 2.654811 -0.110088 -0.206839
v 2.654811 0.109912 -0.206839
v 2.651667 -0.110088 -0.204008
v 2.651667 0.109912 -0.204008
v 2.648489 -0.110088 -0.201424
v 2.648489 0.109912 -0.201424
v 2.645277 -0.110088 -0.199086
v 2.645277 0.109912 -0.199086
v 2.642032 -0.110088 -0.196994
v 2.642032 0.109912 -0.196994
v 2.638752 -0.110088 -0.195148
v 2.638752 0.109912 -0.195148
v 2.635440 -0.110088 -0.193548
v 2.635440 0.109912 -0.193548
v 2.632093 -0.110088 -0.192195
v 2.632093 0.109912 -0.192195
v 2.628712 -0.110088 -0.191087
v 2.628712 0.109912 -0.191087
v 2.625298 -0.110088 -0.190226
v 2.625298 0.109912 -0.190226
v 2.621850 -0.110088 -0.189610
v 2.621850 0.109912 -0.189610
v 2.618368 -0.110088 -0.189241
v 2.618368 0.109912 -0.189241
v 2.614852 -0.110088 -0.189118
v 2.614852 0.109912 -0.189118
v 2.611594 -0.110088 -0.189212
v 2.611594 0.109912 -0.189212
v 2.608419 -0.110088 -0.189495
v 2.608419 0.109912 -0.189495
v 2.605330 -0.110088 -0.189965
v 2.605330 0.109912 -0.189965
v 2.602324 -0.110088 -0.190624
v 2.602324 0.109912 -0.190624
v 2.599404 -0.110088 -0.191471
v 2.599404 0.109912 -0.191471
v 2.596567 -0.110088 -0.192506
v 2.596567 0.109912 -0.192506
v 2.593815 -0.110088 -0.193729
v 2.593815 0.109912 -0.193729
v 2.591148 -0.110088 -0.195141
v 2.591148 0.109912 -0.195141
v 2.588565 -0.110088 -0.196741
v 2.588565 0.109912 -0.196741
v 2.586066 -0.110088 -0.198529
v 2.586066 0.109912 -0.198529
v 2.583652 -0.110088 -0.200505
v 2.583652 0.109912 -0.200505
v 2.581322 -0.110088 -0.202669
v 2.581322 0.109912 -0.202669
v 2.579130 -0.110088 -0.204962
v 2.579130 0.109912 -0.204962
v 2.577128 -0.110088 -0.207321
v 2.577128 0.109912 -0.207321
v 2.575318 -0.110088 -0.209749
v 2.575318 0.109912 -0.209749
v 2.573697 -0.110088 -0.212244
v 2.573697 0.109912 -0.212244
v 2.572268 -0.110088 -0.214806
v 2.572268 0.109912 -0.214806
v 2.571029 -0.110088 -0.217436
v 2.571029 0.109912 -0.217436
v 2.569980 -0.110088 -0.220134
v 2.569980 0.109912 -0.220134
v 2.569122 -0.110088 -0.222899
v 2.569122 0.109912 -0.222899
v 2.568455 -0.110088 -0.225732
v 2.568455 0.109912 -0.225732
v 2.567978 -0.110088 -0.228633
v 2.567978 0.109912 -0.228633
v 2.567693 -0.110088 -0.231600
v 2.567693 0.109912 -0.231600
v 2.567597 -0.110088 -0.234636
v 2.567597 0.109912 -0.234636
v 2.567638 -0.110088 -0.236277
v 2.567638 0.109912 -0.236277
v 2.567761 -0.110088 -0.238535
v 2.567761 0.109912 -0.238535
v 2.567966 -0.110088 -0.241411
v 2.567966 0.109912 -0.241411
v 2.568254 -0.110088 -0.244905
v 2.568254 0.109912 -0.244905
v 2.568623 -0.110088 -0.249017
v 2.568623 0.109912 -0.249017
v 2.569074 -0.110088 -0.253746
v 2.569074 0.109912 -0.253746
v 2.569607 -0.110088 -0.259093
v 2.569607 0.109912 -0.259093
v 2.570222 -0.110088 -0.265058
v 2.570222 0.109912 -0.265058
v 2.570920 -0.110088 -0.271641
v 2.570920 0.109912 -0.271641
v 2.571699 -0.110088 -0.278841
v 2.571699 0.109912 -0.278841
v 2.572561 -0.110088 -0.286659
v 2.572561 0.109912 -0.286659
v 2.573504 -0.110088 -0.295095
v 2.573504 0.109912 -0.295095
v 2.575336 -0.110088 -0.311589
v 2.575336 0.109912 -0.311589
v 2.577008 -0.110088 -0.327138
v 2.577008 0.109912 -0.327138
v 2.578521 -0.110088 -0.341742
v 2.578521 0.109912 -0.341742
v 2.579874 -0.110088 -0.355399
v 2.579874 0.109912 -0.355399
v 2.581069 -0.110088 -0.368110
v 2.581069 0.109912 -0.368110
v 2.582104 -0.110088 -0.379876
v 2.582104 0.109912 -0.379876
v 2.582980 -0.110088 -0.390695
v 2.582980 0.109912 -0.390695
v 2.583696 -0.110088 -0.400569
v 2.583696 0.109912 -0.400569
v 2.584254 -0.110088 -0.409497
v 2.584254 0.109912 -0.409497
v 2.584652 -0.110088 -0.417479
v 2.584652 0.109912 -0.417479
v 2.584891 -0.110088 -0.424515
v 2.584891 0.109912 -0.424515
v 2.584970 -0.110088 -0.430605
v 2.584970 0.109912 -0.430605
v 2.584928 -0.110088 -0.432039
v 2.584928 0.109912 -0.432039
v 2.584802 -0.110088 -0.433559
v 2.584802 0.109912 -0.433559
v 2.584590 -0.110088 -0.435166
v 2.584590 0.109912 -0.435166
v 2.584295 -0.110088 -0.436860
v 2.584295 0.109912 -0.436860
v 2.583915 -0.110088 -0.438640
v 2.583915 0.109912 -0.438640
v 2.583450 -0.110088 -0.440508
v 2.583450 0.109912 -0.440508
v 2.582901 -0.110088 -0.442463
v 2.582901 0.109912 -0.442463
v 2.582268 -0.110088 -0.444504
v 2.582268 0.109912 -0.444504
v 2.581550 -0.110088 -0.446632
v 2.581550 0.109912 -0.446632
v 2.580748 -0.110088 -0.448847
v 2.580748 0.109912 -0.448847
v 2.579861 -0.110088 -0.451149
v 2.579861 0.109912 -0.451149
v 2.578890 -0.110088 -0.453538
v 2.578890 0.109912 -0.453538
v 2.577919 -0.110088 -0.455927
v 2.577919 0.109912 -0.455927
v 2.577032 -0.110088 -0.458229
v 2.577032 0.109912 -0.458229
v 2.576230 -0.110088 -0.460444
v 2.576230 0.109912 -0.460444
v 2.575512 -0.110088 -0.462572
v 2.575512 0.109912 -0.462572
v 2.574878 -0.110088 -0.464613
v 2.574878 0.109912 -0.464613
v 2.574329 -0.110088 -0.466568
v 2.574329 0.109912 -0.466568
v 2.573865 -0.110088 -0.468435
v 2.573865 0.109912 -0.468435
v 2.573485 -0.110088 -0.470216
v 2.573485 0.109912 -0.470216
v 2.573189 -0.110088 -0.471910
v 2.573189 0.109912 -0.471910
v 2.572978 -0.110088 -0.473517
v 2.572978 0.109912 -0.473517
v 2.572852 -0.110088 -0.475037
v 2.572852 0.109912 -0.475037
v 2.572809 -0.110088 -0.476471
v 2.572809 0.109912 -0.476471
v 2.572932 -0.110088 -0.479308
v 2.572932 0.109912 -0.479308
v 2.573302 -0.110088 -0.482030
v 2.573302 0.109912 -0.482030
v 2.573917 -0.110088 -0.484636
v 2.573917 0.109912 -0.484636
v 2.574778 -0.110088 -0.487126
v 2.574778 0.109912 -0.487126
v 2.575886 -0.110088 -0.489500
v 2.575886 0.109912 -0.489500
v 2.577240 -0.110088 -0.491759
v 2.577240 0.109912 -0.491759
v 2.578839 -0.110088 -0.493902
v 2.578839 0.109912 -0.493902
v 2.580685 -0.110088 -0.495928
v 2.580685 0.109912 -0.495928
v 2.582777 -0.110088 -0.497840
v 2.582777 0.109912 -0.497840
v 2.585115 -0.110088 -0.499635
v 2.585115 0.109912 -0.499635
v 2.587699 -0.110088 -0.501314
v 2.587699 0.109912 -0.501314
v 2.590530 -0.110088 -0.502878
v 2.590530 0.109912 -0.502878
v 2.592880 -0.110088 -0.503988
v 2.592880 0.109912 -0.503988
v 2.595298 -0.110088 -0.505001
v 2.595298 0.109912 -0.505001
v 2.597783 -0.110088 -0.505918
v 2.597783 0.109912 -0.505918
v 2.600336 -0.110088 -0.506738
v 2.600336 0.109912 -0.506738
v 2.602957 -0.110088 -0.507462
v 2.602957 0.109912 -0.507462
v 2.605645 -0.110088 -0.508090
v 2.605645 0.109912 -0.508090
v 2.608400 -0.110088 -0.508621
v 2.608400 0.109912 -0.508621
v 2.611223 -0.110088 -0.509055
v 2.611223 0.109912 -0.509055
v 2.614114 -0.110088 -0.509393
v 2.614114 0.109912 -0.509393
v 2.617072 -0.110088 -0.509634
v 2.617072 0.109912 -0.509634
v 2.620098 -0.110088 -0.509779
v 2.620098 0.109912 -0.509779
v 2.623191 -0.110088 -0.509827
v 2.623191 0.109912 -0.509827
v 2.624399 -0.110088 -0.509819
v 2.624399 0.109912 -0.509819
v 2.625706 -0.110088 -0.509793
v 2.625706 0.109912 -0.509793
v 2.627111 -0.110088 -0.509751
v 2.627111 0.109912 -0.509751
v 2.628616 -0.110088 -0.509692
v 2.628616 0.109912 -0.509692
v 2.630219 -0.110088 -0.509616
v 2.630219 0.109912 -0.509616
v 2.631922 -0.110088 -0.509523
v 2.631922 0.109912 -0.509523
v 2.633723 -0.110088 -0.509413
v 2.633723 0.109912 -0.509413
v 2.635623 -0.110088 -0.509287
v 2.635623 0.109912 -0.509287
v 2.637622 -0.110088 -0.509143
v 2.637622 0.109912 -0.509143
v 2.639720 -0.110088 -0.508982
v 2.639720 0.109912 -0.508982
v 2.641917 -0.110088 -0.508805
v 2.641917 0.109912 -0.508805
v 2.644213 -0.110088 -0.508611
v 2.644213 0.109912 -0.508611
v 2.646509 -0.110088 -0.508417
v 2.646509 0.109912 -0.508417
v 2.648706 -0.110088 -0.508239
v 2.648706 0.109912 -0.508239
v 2.650804 -0.110088 -0.508079
v 2.650804 0.109912 -0.508079
v 2.652803 -0.110088 -0.507935
v 2.652803 0.109912 -0.507935
v 2.654704 -0.110088 -0.507809
v 2.654704 0.109912 -0.507809
v 2.656505 -0.110088 -0.507699
v 2.656505 0.109912 -0.507699
v 2.658207 -0.110088 -0.507606
v 2.658207 0.109912 -0.507606
v 2.659811 -0.110088 -0.507530
v 2.659811 0.109912 -0.507530
v 2.661315 -0.110088 -0.507471
v 2.661315 0.109912 -0.507471
v 2.662720 -0.110088 -0.507429
v 2.662720 0.109912 -0.507429
v 2.664027 -0.110088 -0.507403
v 2.664027 0.109912 -0.507403
v 2.665235 -0.110088 -0.507395
v 2.665235 0.109912 -0.507395
v 2.832365 -0.110088 -0.507047
v 2.832365 0.109912 -0.507047
v 2.833506 -0.110088 -0.507062
v 2.833506 0.109912 -0.507062
v 2.834845 -0.110088 -0.507105
v 2.834845 0.109912 -0.507105
v 2.836382 -0.110088 -0.507178
v 2.836382 0.109912 -0.507178
v 2.838117 -0.110088 -0.507279
v 2.838117 0.109912 -0.507279
v 2.840050 -0.110088 -0.507409
v 2.840050 0.109912 -0.507409
v 2.842180 -0.110088 -0.507569
v 2.842180 0.109912 -0.507569
v 2.844509 -0.110088 -0.507757
v 2.844509 0.109912 -0.507757
v 2.847035 -0.110088 -0.507974
v 2.847035 0.109912 -0.507974
v 2.849760 -0.110088 -0.508220
v 2.849760 0.109912 -0.508220
v 2.852682 -0.110088 -0.508495
v 2.852682 0.109912 -0.508495
v 2.855802 -0.110088 -0.508799
v 2.855802 0.109912 -0.508799
v 2.859119 -0.110088 -0.509132
v 2.859119 0.109912 -0.509132
v 2.862440 -0.110088 -0.509465
v 2.862440 0.109912 -0.509465
v 2.865567 -0.110088 -0.509769
v 2.865567 0.109912 -0.509769
v 2.868501 -0.110088 -0.510044
v 2.868501 0.109912 -0.510044
v 2.871242 -0.110088 -0.510290
v 2.871242 0.109912 -0.510290
v 2.873790 -0.110088 -0.510507
v 2.873790 0.109912 -0.510507
v 2.876145 -0.110088 -0.510696
v 2.876145 0.109912 -0.510696
v 2.878307 -0.110088 -0.510855
v 2.878307 0.109912 -0.510855
v 2.880276 -0.110088 -0.510985
v 2.880276 0.109912 -0.510985
v 2.882052 -0.110088 -0.511087
v 2.882052 0.109912 -0.511087
v 2.883635 -0.110088 -0.511159
v 2.883635 0.109912 -0.511159
v 2.885025 -0.110088 -0.511202
v 2.885025 0.109912 -0.511202
v 2.886221 -0.110088 -0.511217
v 2.886221 0.109912 -0.511217
v 2.889303 -0.110088 -0.511134
v 2.889303 0.109912 -0.511134
v 2.892292 -0.110088 -0.510884
v 2.892292 0.109912 -0.510884
v 2.895190 -0.110088 -0.510468
v 2.895190 0.109912 -0.510468
v 2.897997 -0.110088 -0.509885
v 2.897997 0.109912 -0.509885
v 2.900711 -0.110088 -0.509136
v 2.900711 0.109912 -0.509136
v 2.903334 -0.110088 -0.508220
v 2.903334 0.109912 -0.508220
v 2.905865 -0.110088 -0.507138
v 2.905865 0.109912 -0.507138
v 2.908305 -0.110088 -0.505889
v 2.908305 0.109912 -0.505889
v 2.910653 -0.110088 -0.504474
v 2.910653 0.109912 -0.504474
v 2.912909 -0.110088 -0.502892
v 2.912909 0.109912 -0.502892
v 2.915073 -0.110088 -0.501144
v 2.915073 0.109912 -0.501144
v 2.917146 -0.110088 -0.499229
v 2.917146 0.109912 -0.499229
v 2.919088 -0.110088 -0.497184
v 2.919088 0.109912 -0.497184
v 2.920861 -0.110088 -0.495045
v 2.920861 0.109912 -0.495045
v 2.922466 -0.110088 -0.492812
v 2.922466 0.109912 -0.492812
v 2.923902 -0.110088 -0.490485
v 2.923902 0.109912 -0.490485
v 2.925169 -0.110088 -0.488064
v 2.925169 0.109912 -0.488064
v 2.926267 -0.110088 -0.485548
v 2.926267 0.109912 -0.485548
v 2.927196 -0.110088 -0.482938
v 2.927196 0.109912 -0.482938
v 2.927956 -0.110088 -0.480235
v 2.927956 0.109912 -0.480235
v 2.928547 -0.110088 -0.477437
v 2.928547 0.109912 -0.477437
v 2.928969 -0.110088 -0.474545
v 2.928969 0.109912 -0.474545
v 2.929222 -0.110088 -0.471559
v 2.929222 0.109912 -0.471559
v 2.929307 -0.110088 -0.468479
v 2.929307 0.109912 -0.468479
v 2.928576 -0.110088 -0.460210
v 2.928576 0.109912 -0.460210
v 2.926383 -0.110088 -0.452660
v 2.926383 0.109912 -0.452660
v 2.922727 -0.110088 -0.445829
v 2.922727 0.109912 -0.445829
v 2.917609 -0.110088 -0.439717
v 2.917609 0.109912 -0.439717
v 2.911029 -0.110088 -0.434324
v 2.911029 0.109912 -0.434324
v 2.902987 -0.110088 -0.429650
v 2.902987 0.109912 -0.429650
v 2.893482 -0.110088 -0.425695
v 2.893482 0.109912 -0.425695
v 2.882515 -0.110088 -0.422459
v 2.882515 0.109912 -0.422459
v 2.870086 -0.110088 -0.419943
v 2.870086 0.109912 -0.419943
v 2.856195 -0.110088 -0.418145
v 2.856195 0.109912 -0.418145
v 2.840841 -0.110088 -0.417066
v 2.840841 0.109912 -0.417066
v 2.824025 -0.110088 -0.416707
v 2.824025 0.109912 -0.416707
v 2.822605 -0.110088 -0.416709
v 2.822605 0.109912 -0.416709
v 2.821125 -0.110088 -0.416716
v 2.821125 0.109912 -0.416716
v 2.819584 -0.110088 -0.416729
v 2.819584 0.109912 -0.416729
v 2.817983 -0.110088 -0.416745
v 2.817983 0.109912 -0.416745
v 2.816322 -0.110088 -0.416767
v 2.816322 0.109912 -0.416767
v 2.814600 -0.110088 -0.416794
v 2.814600 0.109912 -0.416794
v 2.812819 -0.110088 -0.416825
v 2.812819 0.109912 -0.416825
v 2.810976 -0.110088 -0.416861
v 2.810976 0.109912 -0.416861
v 2.809074 -0.110088 -0.416902
v 2.809074 0.109912 -0.416902
v 2.807111 -0.110088 -0.416948
v 2.807111 0.109912 -0.416948
v 2.805088 -0.110088 -0.416999
v 2.805088 0.109912 -0.416999
v 2.803004 -0.110088 -0.417054
v 2.803004 0.109912 -0.417054
v 2.800949 -0.110088 -0.417110
v 2.800949 0.109912 -0.417110
v 2.799013 -0.110088 -0.417160
v 2.799013 0.109912 -0.417160
v 2.797195 -0.110088 -0.417206
v 2.797195 0.109912 -0.417206
v 2.795495 -0.110088 -0.417247
v 2.795495 0.109912 -0.417247
v 2.793913 -0.110088 -0.417283
v 2.793913 0.109912 -0.417283
v 2.792450 -0.110088 -0.417315
v 2.792450 0.109912 -0.417315
v 2.791104 -0.110088 -0.417341
v 2.791104 0.109912 -0.417341
v 2.789877 -0.110088 -0.417363
v 2.789877 0.109912 -0.417363
v 2.788769 -0.110088 -0.417380
v 2.788769 0.109912 -0.417380
v 2.787778 -0.110088 -0.417392
v 2.787778 0.109912 -0.417392
v 2.786906 -0.110088 -0.417399
v 2.786906 0.109912 -0.417399
v 2.786152 -0.110088 -0.417402
v 2.786152 0.109912 -0.417402
v 2.682608 -0.110088 -0.417402
v 2.682608 0.109912 -0.417402
v 2.682388 -0.110088 -0.413676
v 2.682388 0.109912 -0.413676
v 2.682077 -0.110088 -0.409564
v 2.682077 0.109912 -0.409564
v 2.681674 -0.110088 -0.405067
v 2.681674 0.109912 -0.405067
v 2.681180 -0.110088 -0.400183
v 2.681180 0.109912 -0.400183
v 2.680593 -0.110088 -0.394913
v 2.680593 0.109912 -0.394913
v 2.679915 -0.110088 -0.389257
v 2.679915 0.109912 -0.389257
v 2.679145 -0.110088 -0.383215
v 2.679145 0.109912 -0.383215
v 2.678284 -0.110088 -0.376787
v 2.678284 0.109912 -0.376787
v 2.677331 -0.110088 -0.369973
v 2.677331 0.109912 -0.369973
v 2.676286 -0.110088 -0.362773
v 2.676286 0.109912 -0.362773
v 2.675149 -0.110088 -0.355186
v 2.675149 0.109912 -0.355186
v 2.673921 -0.110088 -0.347214
v 2.673921 0.109912 -0.347214
v 2.681631 -0.110088 -0.350766
v 2.681631 0.109912 -0.350766
v 2.689586 -0.110088 -0.354009
v 2.689586 0.109912 -0.354009
v 2.697788 -0.110088 -0.356943
v 2.697788 0.109912 -0.356943
v 2.706235 -0.110088 -0.359568
v 2.706235 0.109912 -0.359568
v 2.714929 -0.110088 -0.361885
v 2.714929 0.109912 -0.361885
v 2.723869 -0.110088 -0.363892
v 2.723869 0.109912 -0.363892
v 2.733055 -0.110088 -0.365591
v 2.733055 0.109912 -0.365591
v 2.742487 -0.110088 -0.366981
v 2.742487 0.109912 -0.366981
v 2.752166 -0.110088 -0.368062
v 2.752166 0.109912 -0.368062
v 2.762090 -0.110088 -0.368834
v 2.762090 0.109912 -0.368834
v 2.772261 -0.110088 -0.369297
v 2.772261 0.109912 -0.369297
v 2.782677 -0.110088 -0.369452
v 2.782677 0.109912 -0.369452
v 2.796467 -0.110088 -0.369015
v 2.796467 0.109912 -0.369015
v 2.809693 -0.110088 -0.367705
v 2.809693 0.109912 -0.367705
v 2.822353 -0.110088 -0.365521
v 2.822353 0.109912 -0.365521
v 2.834449 -0.110088 -0.362464
v 2.834449 0.109912 -0.362464
v 2.845981 -0.110088 -0.358533
v 2.845981 0.109912 -0.358533
v 2.856948 -0.110088 -0.353729
v 2.856948 0.109912 -0.353729
v 2.867350 -0.110088 -0.348051
v 2.867350 0.109912 -0.348051
v 2.877187 -0.110088 -0.341500
v 2.877187 0.109912 -0.341500
v 2.886460 -0.110088 -0.334076
v 2.886460 0.109912 -0.334076
v 2.895169 -0.110088 -0.325778
v 2.895169 0.109912 -0.325778
v 2.903312 -0.110088 -0.316606
v 2.903312 0.109912 -0.316606
v 2.910891 -0.110088 -0.306561
v 2.910891 0.109912 -0.306561
v 2.916718 -0.110088 -0.297746
v 2.916718 0.109912 -0.297746
v 2.922039 -0.110088 -0.288560
v 2.922039 0.109912 -0.288560
v 2.926853 -0.110088 -0.279003
v 2.926853 0.109912 -0.279003
v 2.931160 -0.110088 -0.269073
v 2.931160 0.109912 -0.269073
v 2.934960 -0.110088 -0.258773
v 2.934960 0.109912 -0.258773
v 2.938254 -0.110088 -0.248100
v 2.938254 0.109912 -0.248100
v 2.941041 -0.110088 -0.237056
v 2.941041 0.109912 -0.237056
v 2.943321 -0.110088 -0.225640
v 2.943321 0.109912 -0.225640
v 2.945095 -0.110088 -0.213853
v 2.945095 0.109912 -0.213853
v 2.946362 -0.110088 -0.201694
v 2.946362 0.109912 -0.201694
v 2.947122 -0.110088 -0.189164
v 2.947122 0.109912 -0.189164
v 2.947375 -0.110088 -0.176262
v 2.947375 0.109912 -0.176262
v 2.946970 -0.110088 -0.160737
v 2.946970 0.109912 -0.160737
v 2.945753 -0.110088 -0.145666
v 2.945753 0.109912 -0.145666
v 2.943727 -0.110088 -0.131048
v 2.943727 0.109912 -0.131048
v 2.940889 -0.110088 -0.116884
v 2.940889 0.109912 -0.116884
v 2.937240 -0.110088 -0.103174
v 2.937240 0.109912 -0.103174
v 2.932781 -0.110088 -0.089917
v 2.932781 0.109912 -0.089917
v 2.927511 -0.110088 -0.077114
v 2.927511 0.109912 -0.077114
v 2.921431 -0.110088 -0.064765
v 2.921431 0.109912 -0.064765
v 2.914539 -0.110088 -0.052869
v 2.914539 0.109912 -0.052869
v 2.906837 -0.110088 -0.041427
v 2.906837 0.109912 -0.041427
v 2.898324 -0.110088 -0.030438
v 2.898324 0.109912 -0.030438
vn -0.0000 1.0000 -0.0000
vn -0.0002 1.0000 -0.0000
vn -0.0000 -1.0000 -0.0000
vn -0.0002 -1.0000 -0.0000
vn 0.9999 -0.0000 -0.0108
vn 0.9998 -0.0000 0.0222
vn 0.9990 -0.0000 0.0444
vn 0.9978 -0.0000 0.0666
vn 0.9961 -0.0000 0.0886
vn 0.9939 -0.0000 0.1105
vn 0.9912 -0.0000 0.1322
vn 0.9881 -0.0000 0.1537
vn 0.9846 -0.0000 0.1750
vn 0.9806 -0.0000 0.1960
vn 0.9762 -0.0000 0.2168
vn 0.9714 -0.0000 0.2374
vn 0.9677 -0.0000 0.2521
vn 0.9686 -0.0000 0.2485
vn 0.9727 -0.0000 0.2320
vn 0.9767 -0.0000 0.2145
vn 0.9843 -0.0000 0.1763
vn 0.9878 -0.0000 0.1554
vn 0.9911 -0.0000 0.1332
vn 0.9940 -0.0000 0.1096
vn 0.9964 -0.0000 0.0846
vn 0.9983 -0.0000 0.0580
vn 0.9996 -0.0000 0.0298
vn 0.9999 -0.0000 0.0115
vn 0.9999 -0.0000 0.0147
vn 0.9996 -0.0000 0.0275
vn 0.9993 -0.0000 0.0384
vn 0.9989 -0.0000 0.0478
vn 0.9984 -0.0000 0.0561
vn 0.9980 -0.0000 0.0634
vn 0.9976 -0.0000 0.0698
vn 0.9971 -0.0000 0.0756
vn 0.9967 -0.0000 0.0808
vn 0.9963 -0.0000 0.0854
vn 0.9960 -0.0000 0.0897
vn 0.9958 -0.0000 0.0917
vn 1.0000 -0.0000 0.0060
vn 1.0000 -0.0000 0.0080
vn 0.9999 -0.0000 0.0150
vn 0.9998 -0.0000 0.0211
vn 0.9997 -0.0000 0.0264
vn 0.9995 -0.0000 0.0312
vn 0.9994 -0.0000 0.0354
vn 0.9992 -0.0000 0.0392
vn 0.9991 -0.0000 0.0426
vn 0.9990 -0.0000 0.0457
vn 0.9988 -0.0000 0.0485
vn 0.9987 -0.0000 0.0510
vn 0.9986 -0.0000 0.0522
vn 1.0000 -0.0000 -0.0009
vn 0.9999 -0.0000 -0.0114
vn 0.9998 -0.0000 -0.0214
vn 0.9995 -0.0000 -0.0301
vn 0.9993 -0.0000 -0.0377
vn 0.9990 -0.0000 -0.0444
vn 0.9987 -0.0000 -0.0503
vn 0.9985 -0.0000 -0.0556
vn 0.9982 -0.0000 -0.0604
vn 0.9979 -0.0000 -0.0648
vn 0.9976 -0.0000 -0.0687
vn 0.9974 -0.0000 -0.0723
vn 0.9973 -0.0000 -0.0740
vn 0.9985 -0.0000 -0.0557
vn 0.9999 -0.0000 0.0119
vn 0.9981 -0.0000 0.0609
vn 0.9923 -0.0000 0.1239
vn 0.9820 -0.0000 0.1889
vn 0.9669 -0.0000 0.2550
vn 0.9470 -0.0000 0.3213
vn 0.9222 -0.0000 0.3867
vn 0.8928 -0.0000 0.4504
vn 0.8593 -0.0000 0.5115
vn 0.8223 -0.0000 0.5690
vn 0.7826 -0.0000 0.6225
vn 0.7409 -0.0000 0.6716
vn 0.6976 -0.0000 0.7165
vn 0.6511 -0.0000 0.7590
vn 0.6003 -0.0000 0.7997
vn 0.5457 -0.0000 0.8380
vn 0.4878 -0.0000 0.8730
vn 0.4272 -0.0000 0.9042
vn 0.3649 -0.0000 0.9311
vn 0.3016 -0.0000 0.9534
vn 0.2383 -0.0000 0.9712
vn 0.1759 -0.0000 0.9844
vn 0.1151 -0.0000 0.9934
vn 0.0564 -0.0000 0.9984
vn 0.0004 -0.0000 1.0000
vn -0.0544 -0.0000 0.9985
vn -0.1105 -0.0000 0.9939
vn -0.1682 -0.0000 0.9857
vn -0.2270 -0.0000 0.9739
vn -0.2862 -0.0000 0.9582
vn -0.3451 -0.0000 0.9386
vn -0.4031 -0.0000 0.9152
vn -0.4594 -0.0000 0.8883
vn -0.5134 -0.0000 0.8582
vn -0.5646 -0.0000 0.8254
vn -0.6126 -0.0000 0.7904
vn -0.6579 -0.0000 0.7531
vn -0.7025 -0.0000 0.7117
vn -0.7472 -0.0000 0.6646
vn -0.7907 -0.0000 0.6122
vn -0.8322 -0.0000 0.5545
vn -0.8707 -0.0000 0.4919
vn -0.9051 -0.0000 0.4252
vn -0.9347 -0.0000 0.3554
vn -0.9590 -0.0000 0.2835
vn -0.9775 -0.0000 0.2109
vn -0.9903 -0.0000 0.1388
vn -0.9977 -0.0000 0.0683
vn -0.9998 -0.0000 0.0186
vn -1.0000 -0.0000 0.0067
vn -0.9999 -0.0000 0.0126
vn -0.9998 -0.0000 0.0177
vn -0.9998 -0.0000 0.0222
vn -0.9997 -0.0000 0.0261
vn -0.9996 -0.0000 0.0296
vn -0.9995 -0.0000 0.0327
vn -0.9994 -0.0000 0.0356
vn -0.9993 -0.0000 0.0381
vn -0.9992 -0.0000 0.0404
vn -0.9991 -0.0000 0.0425
vn -0.9991 -0.0000 0.0435
vn -1.0000 -0.0000 0.0010
vn -1.0000 -0.0000 -0.0030
vn -1.0000 -0.0000 -0.0061
vn -1.0000 -0.0000 -0.0093
vn -0.9999 -0.0000 -0.0127
vn -0.9999 -0.0000 -0.0162
vn -0.9998 -0.0000 -0.0198
vn -0.9997 -0.0000 -0.0236
vn -0.9996 -0.0000 -0.0276
vn -0.9995 -0.0000 -0.0318
vn -0.9993 -0.0000 -0.0361
vn -0.9992 -0.0000 -0.0407
vn -0.7037 -0.0000 0.7105
vn 0.0605 -0.0000 0.9982
vn 0.0754 -0.0000 0.9972
vn 0.0893 -0.0000 0.9960
vn 0.1021 -0.0000 0.9948
vn 0.1141 -0.0000 0.9935
vn 0.1252 -0.0000 0.9921
vn 0.1356 -0.0000 0.9908
vn 0.1454 -0.0000 0.9894
vn 0.1545 -0.0000 0.9880
vn 0.1631 -0.0000 0.9866
vn 0.1712 -0.0000 0.9852
vn 0.1773 -0.0000 0.9841
vn 0.1797 -0.0000 0.9837
vn 0.1802 -0.0000 0.9836
vn 0.1806 -0.0000 0.9836
vn 0.1810 -0.0000 0.9835
vn 0.1814 -0.0000 0.9834
vn 0.1818 -0.0000 0.9833
vn 0.1822 -0.0000 0.9833
vn 0.1826 -0.0000 0.9832
vn 0.1831 -0.0000 0.9831
vn 0.1835 -0.0000 0.9830
vn 0.1839 -0.0000 0.9829
vn 0.7586 -0.0000 0.6516
vn 0.9993 -0.0000 0.0373
vn 0.9990 -0.0000 0.0439
vn 0.9988 -0.0000 0.0494
vn 0.9985 -0.0000 0.0541
vn 0.9983 -0.0000 0.0581
vn 0.9981 -0.0000 0.0615
vn 0.9979 -0.0000 0.0645
vn 0.9977 -0.0000 0.0672
vn 0.9976 -0.0000 0.0695
vn 0.9974 -0.0000 0.0716
vn 0.9973 -0.0000 0.0735
vn 0.9974 -0.0000 0.0719
vn 0.9977 -0.0000 0.0673
vn 0.9980 -0.0000 0.0632
vn 0.9983 -0.0000 0.0588
vn 0.9988 -0.0000 0.0490
vn 0.9991 -0.0000 0.0436
vn 0.9993 -0.0000 0.0377
vn 0.9995 -0.0000 0.0314
vn 0.9997 -0.0000 0.0245
vn 0.9999 -0.0000 0.0170
vn 1.0000 -0.0000 0.0088
vn 0.9999 -0.0000 0.0172
vn 0.9923 -0.0000 0.1240
vn 0.4272 -0.0000 0.9041
vn -0.0000 -0.0000 1.0000
vn -0.0564 -0.0000 0.9984
vn -0.1151 -0.0000 0.9934
vn -0.1759 -0.0000 0.9844
vn -0.2383 -0.0000 0.9712
vn -0.3016 -0.0000 0.9534
vn -0.3649 -0.0000 0.9311
vn -0.4272 -0.0000 0.9041
vn -0.4878 -0.0000 0.8730
vn -0.5457 -0.0000 0.8380
vn -0.6003 -0.0000 0.7997
vn -0.6511 -0.0000 0.7590
vn -0.6976 -0.0000 0.7165
vn -0.7409 -0.0000 0.6716
vn -0.7826 -0.0000 0.6225
vn -0.8223 -0.0000 0.5690
vn -0.8593 -0.0000 0.5115
vn -0.8928 -0.0000 0.4504
vn -0.9222 -0.0000 0.3867
vn -0.9470 -0.0000 0.3213
vn -0.9669 -0.0000 0.2550
vn -0.9820 -0.0000 0.1889
vn -0.9923 -0.0000 0.1239
vn -0.9981 -0.0000 0.0609
vn -0.9999 -0.0000 0.0115
vn -0.9999 -0.0000 -0.0131
vn -0.9997 -0.0000 -0.0246
vn -0.9994 -0.0000 -0.0346
vn -0.9991 -0.0000 -0.0433
vn -0.9987 -0.0000 -0.0509
vn -0.9983 -0.0000 -0.0578
vn -0.9980 -0.0000 -0.0639
vn -0.9976 -0.0000 -0.0694
vn -0.9972 -0.0000 -0.0743
vn -0.9969 -0.0000 -0.0788
vn -0.9966 -0.0000 -0.0829
vn -0.9964 -0.0000 -0.0849
vn -1.0000 -0.0000 -0.0044
vn -1.0000 -0.0000 -0.0035
vn -1.0000 -0.0000 -0.0066
vn -0.9999 -0.0000 -0.0116
vn -0.9999 -0.0000 -0.0137
vn -0.9999 -0.0000 -0.0155
vn -0.9999 -0.0000 -0.0172
vn -0.9998 -0.0000 -0.0186
vn -0.9998 -0.0000 -0.0200
vn -0.9998 -0.0000 -0.0212
vn -0.9998 -0.0000 -0.0223
vn -0.9997 -0.0000 -0.0228
vn -0.9999 -0.0000 -0.0159
vn -0.9981 -0.0000 -0.0609
vn -0.9923 -0.0000 -0.1239
vn -0.9820 -0.0000 -0.1889
vn -0.9669 -0.0000 -0.2550
vn -0.9470 -0.0000 -0.3213
vn -0.9222 -0.0000 -0.3867
vn -0.8928 -0.0000 -0.4504
vn -0.8593 -0.0000 -0.5115
vn -0.8223 -0.0000 -0.5690
vn -0.7826 -0.0000 -0.6225
vn -0.7409 -0.0000 -0.6716
vn -0.6976 -0.0000 -0.7165
vn -0.6511 -0.0000 -0.7590
vn -0.6003 -0.0000 -0.7997
vn -0.5457 -0.0000 -0.8380
vn -0.4878 -0.0000 -0.8730
vn -0.4272 -0.0000 -0.9042
vn -0.3649 -0.0000 -0.9311
vn -0.3016 -0.0000 -0.9534
vn -0.2383 -0.0000 -0.9712
vn -0.1759 -0.0000 -0.9844
vn -0.1151 -0.0000 -0.9934
vn -0.0564 -0.0000 -0.9984
vn -0.0000 -0.0000 -1.0000
vn 0.0564 -0.0000 -0.9984
vn 0.1151 -0.0000 -0.9934
vn 0.1759 -0.0000 -0.9844
vn 0.2383 -0.0000 -0.9712
vn 0.3016 -0.0000 -0.9534
vn 0.3649 -0.0000 -0.9311
vn 0.4272 -0.0000 -0.9042
vn 0.4878 -0.0000 -0.8730
vn 0.5457 -0.0000 -0.8380
vn 0.6003 -0.0000 -0.7997
vn 0.6511 -0.0000 -0.7590
vn 0.6976 -0.0000 -0.7165
vn 0.7409 -0.0000 -0.6716
vn 0.7826 -0.0000 -0.6225
vn 0.8223 -0.0000 -0.5690
vn 0.8593 -0.0000 -0.5115
vn 0.8928 -0.0000 -0.4504
vn 0.9222 -0.0000 -0.3868
vn 0.9470 -0.0000 -0.3213
vn 0.9669 -0.0000 -0.2550
vn 0.9820 -0.0000 -0.1889
vn 0.9923 -0.0000 -0.1239
vn 0.9981 -0.0000 -0.0609
vn 0.9999 -0.0000 -0.0135
vn 1.0000 -0.0000 0.0055
vn 0.9999 -0.0000 0.0103
vn 0.9999 -0.0000 0.0144
vn 0.9998 -0.0000 0.0180
vn 0.9998 -0.0000 0.0212
vn 0.9997 -0.0000 0.0240
vn 0.9996 -0.0000 0.0266
vn 0.9996 -0.0000 0.0288
vn 0.9995 -0.0000 0.0309
vn 0.9995 -0.0000 0.0328
vn 0.9994 -0.0000 0.0345
vn 0.9994 -0.0000 0.0353
vn 1.0000 -0.0000 0.0069
vn 0.9998 -0.0000 0.0197
vn 0.9989 -0.0000 0.0476
vn 0.9983 -0.0000 0.0575
vn 0.9978 -0.0000 0.0657
vn 0.9974 -0.0000 0.0726
vn 0.9969 -0.0000 0.0784
vn 0.9965 -0.0000 0.0835
vn 0.9961 -0.0000 0.0878
vn 0.9955 -0.0000 0.0950
vn 0.9957 -0.0000 0.0923
vn 0.9964 -0.0000 0.0851
vn 0.9969 -0.0000 0.0791
vn 0.9974 -0.0000 0.0727
vn 0.9983 -0.0000 0.0579
vn 0.9988 -0.0000 0.0493
vn 0.9992 -0.0000 0.0398
vn 0.9996 -0.0000 0.0292
vn 0.9998 -0.0000 0.0174
vn 1.0000 -0.0000 0.0039
vn 0.6311 -0.0000 -0.7757
vn -0.1776 -0.0000 -0.9841
vn -0.1666 -0.0000 -0.9860
vn -0.1579 -0.0000 -0.9875
vn -0.1486 -0.0000 -0.9889
vn -0.1389 -0.0000 -0.9903
vn -0.1286 -0.0000 -0.9917
vn -0.1177 -0.0000 -0.9931
vn -0.1061 -0.0000 -0.9944
vn -0.0939 -0.0000 -0.9956
vn -0.0809 -0.0000 -0.9967
vn -0.0670 -0.0000 -0.9977
vn -0.0523 -0.0000 -0.9986
vn -0.7035 -0.0000 -0.7107
vn -0.9987 -0.0000 -0.0517
vn -0.9989 -0.0000 -0.0463
vn -0.9991 -0.0000 -0.0426
vn -0.9992 -0.0000 -0.0399
vn -0.9993 -0.0000 -0.0378
vn -0.9994 -0.0000 -0.0348
vn -0.9994 -0.0000 -0.0337
vn -0.9995 -0.0000 -0.0328
vn -0.9995 -0.0000 -0.0320
vn -0.9995 -0.0000 -0.0313
vn -0.9992 -0.0000 -0.0398
vn -0.9975 -0.0000 -0.0703
vn -0.9937 -0.0000 -0.1124
vn -0.9884 -0.0000 -0.1520
vn -0.9819 -0.0000 -0.1891
vn -0.9746 -0.0000 -0.2239
vn -0.9666 -0.0000 -0.2564
vn -0.9580 -0.0000 -0.2867
vn -0.9491 -0.0000 -0.3150
vn -0.9399 -0.0000 -0.3414
vn -0.9306 -0.0000 -0.3659
vn -0.9213 -0.0000 -0.3888
vn -0.9091 -0.0000 -0.4165
vn -0.8913 -0.0000 -0.4534
vn -0.8680 -0.0000 -0.4965
vn -0.8387 -0.0000 -0.5445
vn -0.8016 -0.0000 -0.5979
vn -0.7544 -0.0000 -0.6564
vn -0.6945 -0.0000 -0.7195
vn -0.6193 -0.0000 -0.7852
vn -0.5263 -0.0000 -0.8503
vn -0.4146 -0.0000 -0.9100
vn -0.2859 -0.0000 -0.9583
vn -0.1453 -0.0000 -0.9894
vn -0.0225 -0.0000 -0.9997
vn 0.0562 -0.0000 -0.9984
vn 0.1138 -0.0000 -0.9935
vn 0.1725 -0.0000 -0.9850
vn 0.2317 -0.0000 -0.9728
vn 0.2907 -0.0000 -0.9568
vn 0.3489 -0.0000 -0.9372
vn 0.4056 -0.0000 -0.9140
vn 0.4602 -0.0000 -0.8878
vn 0.5122 -0.0000 -0.8589
vn 0.5612 -0.0000 -0.8277
vn 0.6068 -0.0000 -0.7948
vn 0.6531 -0.0000 -0.7572
vn 0.7008 -0.0000 -0.7134
vn 0.7470 -0.0000 -0.6648
vn 0.7918 -0.0000 -0.6108
vn 0.8341 -0.0000 -0.5516
vn 0.8730 -0.0000 -0.4878
vn 0.9074 -0.0000 -0.4202
vn 0.9368 -0.0000 -0.3500
vn 0.9605 -0.0000 -0.2782
vn 0.9785 -0.0000 -0.2063
vn 0.9908 -0.0000 -0.1353
vn 0.9978 -0.0000 -0.0664
vn 1.0000 -0.0000 0.0071
vn 0.9960 -0.0000 0.0889
vn 0.9831 -0.0000 0.1832
vn 0.9595 -0.0000 0.2817
vn 0.9244 -0.0000 0.3815
vn 0.8778 -0.0000 0.4791
vn 0.8210 -0.0000 0.5710
vn 0.7562 -0.0000 0.6543
vn 0.6865 -0.0000 0.7272
vn 0.6147 -0.0000 0.7888
vn 0.5434 -0.0000 0.8395
vn 0.4747 -0.0000 0.8801
vn 0.4134 -0.0000 0.9106
vn 0.3694 -0.0000 0.9293
vn 0.3389 -0.0000 0.9408
vn 0.3119 -0.0000 0.9501
vn 0.2879 -0.0000 0.9577
vn 0.2664 -0.0000 0.9639
vn 0.2472 -0.0000 0.9690
vn 0.2298 -0.0000 0.9732
vn 0.2141 -0.0000 0.9768
vn 0.1998 -0.0000 0.9798
vn 0.1868 -0.0000 0.9824
vn 0.1748 -0.0000 0.9846
vn 0.1653 -0.0000 0.9862
vn 0.1568 -0.0000 0.9876
vn 0.1473 -0.0000 0.9891
vn 0.1371 -0.0000 0.9906
vn 0.1262 -0.0000 0.9920
vn 0.1144 -0.0000 0.9934
vn 0.1018 -0.0000 0.9948
vn 0.0881 -0.0000 0.9961
vn 0.0733 -0.0000 0.9973
vn 0.0572 -0.0000 0.9984
vn 0.0397 -0.0000 0.9992
vn 0.0206 -0.0000 0.9998
vn -0.0137 -0.0000 0.9999
vn -0.0813 -0.0000 0.9967
vn -0.1749 -0.0000 0.9846
vn -0.2829 -0.0000 0.9591
vn -0.4038 -0.0000 0.9148
vn -0.5326 -0.0000 0.8464
vn -0.6603 -0.0000 0.7510
vn -0.7754 -0.0000 0.6315
vn -0.8682 -0.0000 0.4962
vn -0.9341 -0.0000 0.3570
vn -0.9745 -0.0000 0.2244
vn -0.9944 -0.0000 0.1052
vn -0.1924 -0.0000 -0.9813
vn -0.1222 -0.0000 -0.9925
vn -0.9965 -0.0000 -0.0833
vn -0.9975 -0.0000 -0.0711
vn -0.9978 -0.0000 -0.0667
vn -0.9979 -0.0000 -0.0644
vn -0.9980 -0.0000 -0.0630
vn -0.9981 -0.0000 -0.0620
vn -0.9981 -0.0000 -0.0613
vn -0.9981 -0.0000 -0.0608
vn -0.9982 -0.0000 -0.0604
vn -0.9982 -0.0000 -0.0601
vn -0.9983 -0.0000 -0.0583
vn -0.9985 -0.0000 -0.0539
vn -0.9988 -0.0000 -0.0481
vn -0.9991 -0.0000 -0.0425
vn -0.9993 -0.0000 -0.0371
vn -0.9995 -0.0000 -0.0319
vn -0.9996 -0.0000 -0.0269
vn -0.9998 -0.0000 -0.0221
vn -0.9998 -0.0000 -0.0174
vn -0.9999 -0.0000 -0.0128
vn -1.0000 -0.0000 -0.0084
vn -1.0000 -0.0000 -0.0042
vn -0.9999 -0.0000 -0.0156
vn -0.9982 -0.0000 -0.0595
vn -0.9927 -0.0000 -0.1210
vn -0.9829 -0.0000 -0.1843
vn -0.9686 -0.0000 -0.2486
vn -0.9497 -0.0000 -0.3132
vn -0.9261 -0.0000 -0.3772
vn -0.8982 -0.0000 -0.4395
vn -0.8664 -0.0000 -0.4994
vn -0.8311 -0.0000 -0.5562
vn -0.7931 -0.0000 -0.6091
vn -0.7531 -0.0000 -0.6579
vn -0.7109 -0.0000 -0.7033
vn -0.6645 -0.0000 -0.7473
vn -0.6132 -0.0000 -0.7899
vn -0.5578 -0.0000 -0.8300
vn -0.4988 -0.0000 -0.8667
vn -0.4369 -0.0000 -0.8995
vn -0.3731 -0.0000 -0.9278
vn -0.3083 -0.0000 -0.9513
vn -0.2435 -0.0000 -0.9699
vn -0.1796 -0.0000 -0.9837
vn -0.1174 -0.0000 -0.9931
vn -0.0575 -0.0000 -0.9983
vn 0.0574 -0.0000 -0.9984
vn 0.1172 -0.0000 -0.9931
vn 0.1792 -0.0000 -0.9838
vn 0.2428 -0.0000 -0.9701
vn 0.3072 -0.0000 -0.9517
vn 0.3715 -0.0000 -0.9284
vn 0.4348 -0.0000 -0.9005
vn 0.4961 -0.0000 -0.8683
vn 0.5546 -0.0000 -0.8321
vn 0.6095 -0.0000 -0.7928
vn 0.6604 -0.0000 -0.7509
vn 0.7066 -0.0000 -0.7077
vn 0.7490 -0.0000 -0.6626
vn 0.7894 -0.0000 -0.6139
vn 0.8278 -0.0000 -0.5610
vn 0.8636 -0.0000 -0.5041
vn 0.8960 -0.0000 -0.4440
vn 0.9245 -0.0000 -0.3812
vn 0.9485 -0.0000 -0.3168
vn 0.9678 -0.0000 -0.2516
vn 0.9825 -0.0000 -0.1865
vn 0.9925 -0.0000 -0.1224
vn 0.9982 -0.0000 -0.0602
vn 0.9999 -0.0000 -0.0137
vn 1.0000 -0.0000 0.0043
vn 1.0000 -0.0000 0.0087
vn 0.9999 -0.0000 0.0132
vn 0.9998 -0.0000 0.0178
vn 0.9997 -0.0000 0.0226
vn 0.9995 -0.0000 0.0325
vn 0.9991 -0.0000 0.0431
vn 0.9988 -0.0000 0.0486
vn 0.9985 -0.0000 0.0542
vn 0.9966 -0.0000 0.0824
vn 0.9946 -0.0000 0.1039
vn 0.9953 -0.0000 0.0970
vn 0.9958 -0.0000 0.0911
vn 0.9963 -0.0000 0.0859
vn 0.9967 -0.0000 0.0814
vn 0.9970 -0.0000 0.0774
vn 0.9973 -0.0000 0.0738
vn 0.9975 -0.0000 0.0706
vn 0.9977 -0.0000 0.0677
vn 0.9979 -0.0000 0.0651
vn 0.9980 -0.0000 0.0627
vn 0.7164 -0.0000 -0.6977
vn -0.0519 -0.0000 -0.9987
vn -0.0842 -0.0000 -0.9965
vn -0.1135 -0.0000 -0.9935
vn -0.1403 -0.0000 -0.9901
vn -0.1648 -0.0000 -0.9863
vn -0.1872 -0.0000 -0.9823
vn -0.2077 -0.0000 -0.9782
vn -0.2266 -0.0000 -0.9740
vn -0.2441 -0.0000 -0.9698
vn -0.2602 -0.0000 -0.9656
vn -0.2751 -0.0000 -0.9614
vn -0.2816 -0.0000 -0.9595
vn -0.2705 -0.0000 -0.9627
vn -0.2492 -0.0000 -0.9685
vn -0.2272 -0.0000 -0.9739
vn -0.2045 -0.0000 -0.9789
vn -0.1811 -0.0000 -0.9835
vn -0.1570 -0.0000 -0.9876
vn -0.1323 -0.0000 -0.9912
vn -0.1070 -0.0000 -0.9943
vn -0.0811 -0.0000 -0.9967
vn -0.0545 -0.0000 -0.9985
vn -0.0275 -0.0000 -0.9996
vn 0.0085 -0.0000 -1.0000
vn 0.0632 -0.0000 -0.9980
vn 0.1293 -0.0000 -0.9916
vn 0.1981 -0.0000 -0.9802
vn 0.2688 -0.0000 -0.9632
vn 0.3403 -0.0000 -0.9403
vn 0.4112 -0.0000 -0.9116
vn 0.4803 -0.0000 -0.8771
vn 0.5463 -0.0000 -0.8376
vn 0.6082 -0.0000 -0.7938
vn 0.6652 -0.0000 -0.7467
vn 0.7167 -0.0000 -0.6974
vn 0.7591 -0.0000 -0.6509
vn 0.7937 -0.0000 -0.6083
vn 0.8257 -0.0000 -0.5641
vn 0.8563 -0.0000 -0.5165
vn 0.8850 -0.0000 -0.4656
vn 0.9113 -0.0000 -0.4118
vn 0.9347 -0.0000 -0.3555
vn 0.9548 -0.0000 -0.2973
vn 0.9713 -0.0000 -0.2378
vn 0.9841 -0.0000 -0.1776
vn 0.9931 -0.0000 -0.1176
vn 0.9983 -0.0000 -0.0582
vn 0.9862 -0.0000 0.1654
vn 0.9812 -0.0000 0.1929
vn 0.9744 -0.0000 0.2249
vn 0.9661 -0.0000 0.2580
vn 0.9563 -0.0000 0.2923
vn 0.9448 -0.0000 0.3276
vn 0.9314 -0.0000 0.3639
vn 0.9161 -0.0000 0.4010
vn 0.8986 -0.0000 0.4387
vn 0.8790 -0.0000 0.4769
vn 0.8571 -0.0000 0.5152
vn 0.8328 -0.0000 0.5535
vn 0.8081 -0.0000 0.5890
vn 0.7868 -0.0000 0.6172
vn 0.7679 -0.0000 0.6406
vn 0.7481 -0.0000 0.6636
vn 0.7275 -0.0000 0.6862
vn 0.7061 -0.0000 0.7081
vn 0.6839 -0.0000 0.7295
vn 0.6611 -0.0000 0.7503
vn 0.6377 -0.0000 0.7702
vn 0.6138 -0.0000 0.7895
vn 0.5894 -0.0000 0.8078
vn 0.5646 -0.0000 0.8253
vn 0.5356 -0.0000 0.8445
vn 0.5011 -0.0000 0.8654
vn 0.4641 -0.0000 0.8858
vn 0.4249 -0.0000 0.9052
vn 0.3836 -0.0000 0.9235
vn 0.3402 -0.0000 0.9403
vn 0.2950 -0.0000 0.9555
vn 0.2481 -0.0000 0.9687
vn 0.1999 -0.0000 0.9798
vn 0.1506 -0.0000 0.9886
vn 0.1006 -0.0000 0.9949
vn 0.0503 -0.0000 0.9987
vn 0.0044 -0.0000 1.0000
vn -0.0338 -0.0000 0.9994
vn -0.0703 -0.0000 0.9975
vn -0.1100 -0.0000 0.9939
vn -0.1533 -0.0000 0.9882
vn -0.2002 -0.0000 0.9798
vn -0.2509 -0.0000 0.9680
vn -0.3055 -0.0000 0.9522
vn -0.3637 -0.0000 0.9315
vn -0.4251 -0.0000 0.9051
vn -0.4891 -0.0000 0.8722
vn -0.5547 -0.0000 0.8321
vn -0.6235 -0.0000 0.7818
vn -0.6953 -0.0000 0.7187
vn -0.7629 -0.0000 0.6465
vn -0.8213 -0.0000 0.5705
vn -0.8700 -0.0000 0.4931
vn -0.9090 -0.0000 0.4167
vn -0.9393 -0.0000 0.3431
vn -0.9618 -0.0000 0.2736
vn -0.9779 -0.0000 0.2089
vn -0.9888 -0.0000 0.1494
vn -0.9955 -0.0000 0.0949
vn -0.9990 -0.0000 0.0454
vn -1.0000 -0.0000 0.0089
vn -1.0000 -0.0000 -0.0077
vn -0.9999 -0.0000 -0.0145
vn -0.9998 -0.0000 -0.0204
vn -0.9997 -0.0000 -0.0256
vn -0.9995 -0.0000 -0.0301
vn -0.9994 -0.0000 -0.0342
vn -0.9992 -0.0000 -0.0411
vn -0.9990 -0.0000 -0.0440
vn -0.9989 -0.0000 -0.0467
vn -0.9988 -0.0000 -0.0492
vn -0.9987 -0.0000 -0.0504
vn -1.0000 -0.0000 -0.0031
vn -1.0000 -0.0000 -0.0039
vn -1.0000 -0.0000 -0.0073
vn -0.9999 -0.0000 -0.0102
vn -0.9999 -0.0000 -0.0151
vn -0.9999 -0.0000 -0.0171
vn -0.9998 -0.0000 -0.0190
vn -0.9998 -0.0000 -0.0206
vn -0.9997 -0.0000 -0.0234
vn -0.9997 -0.0000 -0.0252
vn -0.9997 -0.0000 -0.0247
vn -1.0000 -0.0000 -0.0086
vn -0.9995 -0.0000 -0.0305
vn -0.9981 -0.0000 -0.0615
vn -0.9957 -0.0000 -0.0929
vn -0.9922 -0.0000 -0.1246
vn -0.9877 -0.0000 -0.1566
vn -0.9820 -0.0000 -0.1886
vn -0.9753 -0.0000 -0.2207
vn -0.9675 -0.0000 -0.2528
vn -0.9586 -0.0000 -0.2846
vn -0.9487 -0.0000 -0.3162
vn -0.9377 -0.0000 -0.3474
vn -0.9226 -0.0000 -0.3857
vn -0.9002 -0.0000 -0.4355
vn -0.8706 -0.0000 -0.4921
vn -0.8328 -0.0000 -0.5536
vn -0.7850 -0.0000 -0.6195
vn -0.7253 -0.0000 -0.6884
vn -0.6522 -0.0000 -0.7580
vn -0.5650 -0.0000 -0.8251
vn -0.4644 -0.0000 -0.8856
vn -0.3530 -0.0000 -0.9356
vn -0.2352 -0.0000 -0.9720
vn -0.1161 -0.0000 -0.9932
vn -0.0147 -0.0000 -0.9999
vn 0.0558 -0.0000 -0.9984
vn 0.1130 -0.0000 -0.9936
vn 0.1715 -0.0000 -0.9852
vn 0.2306 -0.0000 -0.9731
vn 0.2896 -0.0000 -0.9571
vn 0.3479 -0.0000 -0.9375
vn 0.4049 -0.0000 -0.9144
vn 0.4598 -0.0000 -0.8880
vn 0.5123 -0.0000 -0.8588
vn 0.5617 -0.0000 -0.8273
vn 0.6079 -0.0000 -0.7940
vn 0.6460 -0.0000 -0.7633
vn 0.6870 -0.0000 -0.7266
vn 0.7362 -0.0000 -0.6768
vn 0.7837 -0.0000 -0.6211
vn 0.8284 -0.0000 -0.5601
vn 0.8692 -0.0000 -0.4944
vn 0.9052 -0.0000 -0.4249
vn 0.9357 -0.0000 -0.3529
vn 0.9601 -0.0000 -0.2798
vn 0.9784 -0.0000 -0.2068
vn 0.9978 -0.0000 -0.0662
vn 0.9999 -0.0000 -0.0157
vn 1.0000 -0.0000 0.0020
vn 1.0000 -0.0000 0.0037
vn 1.0000 -0.0000 0.0052
vn 1.0000 -0.0000 0.0065
vn 1.0000 -0.0000 0.0077
vn 1.0000 -0.0000 0.0096
vn 0.9999 -0.0000 0.0104
vn 0.9999 -0.0000 0.0111
vn 0.9999 -0.0000 0.0118
vn 0.9999 -0.0000 0.0124
vn 0.9999 -0.0000 0.0127
vn 1.0000 -0.0000 0.0095
vn 1.0000 -0.0000 0.0086
vn 1.0000 -0.0000 0.0076
vn 1.0000 -0.0000 0.0019
vn 1.0000 -0.0000 0.0026
vn 1.0000 -0.0000 0.0078
vn 0.9998 -0.0000 0.0206
vn 0.9997 -0.0000 0.0258
vn 0.9995 -0.0000 0.0304
vn 0.9994 -0.0000 0.0344
vn 0.9993 -0.0000 0.0380
vn 0.9991 -0.0000 0.0412
vn 0.9990 -0.0000 0.0442
vn 0.9989 -0.0000 0.0468
vn 0.9988 -0.0000 0.0492
vn 0.9987 -0.0000 0.0504
vn 1.0000 -0.0000 -0.0028
vn 0.9998 -0.0000 -0.0196
vn 0.9992 -0.0000 -0.0397
vn 0.9967 -0.0000 -0.0811
vn 0.9947 -0.0000 -0.1024
vn 0.9923 -0.0000 -0.1241
vn 0.9893 -0.0000 -0.1462
vn 0.9857 -0.0000 -0.1686
vn 0.9815 -0.0000 -0.1914
vn 0.9767 -0.0000 -0.2145
vn 0.9656 -0.0000 -0.2602
vn 0.9578 -0.0000 -0.2874
vn 0.9469 -0.0000 -0.3216
vn 0.9336 -0.0000 -0.3584
vn 0.9174 -0.0000 -0.3979
vn 0.8979 -0.0000 -0.4401
vn 0.8744 -0.0000 -0.4851
vn 0.8463 -0.0000 -0.5327
vn 0.8128 -0.0000 -0.5825
vn 0.7733 -0.0000 -0.6341
vn 0.7271 -0.0000 -0.6865
vn 0.6739 -0.0000 -0.7388
vn 0.6037 -0.0000 -0.7972
vn 0.5103 -0.0000 -0.8600
vn 0.4157 -0.0000 -0.9095
vn 0.3370 -0.0000 -0.9415
vn 0.2720 -0.0000 -0.9623
vn 0.2182 -0.0000 -0.9759
vn 0.1733 -0.0000 -0.9849
vn 0.1355 -0.0000 -0.9908
vn 0.1034 -0.0000 -0.9946
vn 0.0758 -0.0000 -0.9971
vn 0.0520 -0.0000 -0.9986
vn 0.0312 -0.0000 -0.9995
vn -0.0186 -0.0000 -0.9998
vn -0.1370 -0.0000 -0.9906
vn -0.2942 -0.0000 -0.9557
vn -0.4466 -0.0000 -0.8947
vn -0.5827 -0.0000 -0.8127
vn -0.6953 -0.0000 -0.7188
vn -0.7829 -0.0000 -0.6222
vn -0.8481 -0.0000 -0.5299
vn -0.8952 -0.0000 -0.4457
vn -0.9287 -0.0000 -0.3709
vn -0.9522 -0.0000 -0.3056
vn -0.9686 -0.0000 -0.2488
vn -0.9789 -0.0000 -0.2042
vn -0.9849 -0.0000 -0.1732
vn -0.9889 -0.0000 -0.1487
vn -0.9919 -0.0000 -0.1267
vn -0.9943 -0.0000 -0.1069
vn -0.9960 -0.0000 -0.0890
vn -0.9974 -0.0000 -0.0727
vn -0.9983 -0.0000 -0.0579
vn -0.9990 -0.0000 -0.0443
vn -1.0000 -0.0000 -0.0099
vn -0.9999 -0.0000 -0.0147
vn -0.9988 -0.0000 -0.0494
vn -0.9951 -0.0000 -0.0989
vn -0.9889 -0.0000 -0.1483
vn -0.9804 -0.0000 -0.1972
vn -0.9695 -0.0000 -0.2453
vn -0.9564 -0.0000 -0.2921
vn -0.9413 -0.0000 -0.3375
vn -0.9245 -0.0000 -0.3812
vn -0.9061 -0.0000 -0.4230
vn -0.8865 -0.0000 -0.4627
vn -0.8659 -0.0000 -0.5003
vn -0.8368 -0.0000 -0.5475
vn -0.7952 -0.0000 -0.6064
vn -0.7456 -0.0000 -0.6664
vn -0.6882 -0.0000 -0.7255
vn -0.6233 -0.0000 -0.7820
vn -0.5517 -0.0000 -0.8341
vn -0.4745 -0.0000 -0.8802
vn -0.3937 -0.0000 -0.9192
vn -0.3112 -0.0000 -0.9504
vn -0.2290 -0.0000 -0.9734
vn -0.1489 -0.0000 -0.9888
vn -0.0725 -0.0000 -0.9974
vn -0.0020 -0.0000 -1.0000
vn 0.0645 -0.0000 -0.9979
vn 0.1331 -0.0000 -0.9911
vn 0.2062 -0.0000 -0.9785
vn 0.2827 -0.0000 -0.9592
vn 0.3613 -0.0000 -0.9324
vn 0.4404 -0.0000 -0.8978
vn 0.5181 -0.0000 -0.8553
vn 0.5923 -0.0000 -0.8057
vn 0.6614 -0.0000 -0.7500
vn 0.7240 -0.0000 -0.6898
vn 0.7792 -0.0000 -0.6268
vn 0.8182 -0.0000 -0.5749
vn 0.8451 -0.0000 -0.5346
vn 0.8706 -0.0000 -0.4919
vn 0.8945 -0.0000 -0.4471
vn 0.9164 -0.0000 -0.4003
vn 0.9360 -0.0000 -0.3519
vn 0.9532 -0.0000 -0.3022
vn 0.9678 -0.0000 -0.2517
vn 0.9797 -0.0000 -0.2006
vn 0.9888 -0.0000 -0.1496
vn 0.9951 -0.0000 -0.0989
vn 0.9988 -0.0000 -0.0490
vn 0.9999 -0.0000 -0.0101
vn 1.0000 -0.0000 0.0082
vn 0.9999 -0.0000 0.0169
vn 0.9993 -0.0000 0.0367
vn 0.9989 -0.0000 0.0479
vn 0.9982 -0.0000 0.0601
vn 0.9961 -0.0000 0.0883
vn 0.9945 -0.0000 0.1046
vn 0.9924 -0.0000 0.1227
vn 0.9897 -0.0000 0.1429
vn 0.8260 -0.0000 0.5637
vn 0.7784 -0.0000 0.6277
vn 0.7232 -0.0000 0.6906
vn 0.6606 -0.0000 0.7508
vn 0.5914 -0.0000 0.8064
vn 0.5172 -0.0000 0.8559
vn 0.4396 -0.0000 0.8982
vn 0.3606 -0.0000 0.9327
vn 0.2821 -0.0000 0.9594
vn 0.2057 -0.0000 0.9786
vn 0.1328 -0.0000 0.9911
vn 0.0643 -0.0000 0.9979
vn -0.0028 -0.0000 1.0000
vn -0.0761 -0.0000 0.9971
vn -0.1574 -0.0000 0.9875
vn -0.2436 -0.0000 0.9699
vn -0.3331 -0.0000 0.9429
vn -0.4234 -0.0000 0.9059
vn -0.5119 -0.0000 0.8590
vn -0.5958 -0.0000 0.8032
vn -0.6725 -0.0000 0.7401
vn -0.7404 -0.0000 0.6722
vn -0.7986 -0.0000 0.6018
vn -0.8471 -0.0000 0.5314
vn -0.8844 -0.0000 0.4667
vn -0.9105 -0.0000 0.4134
vn -0.9302 -0.0000 0.3671
vn -0.9467 -0.0000 0.3221
vn -0.9604 -0.0000 0.2787
vn -0.9715 -0.0000 0.2371
vn -0.9803 -0.0000 0.1974
vn -0.9872 -0.0000 0.1597
vn -0.9923 -0.0000 0.1240
vn -0.9959 -0.0000 0.0903
vn -0.9983 -0.0000 0.0584
vn -0.9996 -0.0000 0.0284
vn -1.0000 -0.0000 -0.0037
vn -0.9961 -0.0000 -0.0879
vn -0.9910 -0.0000 -0.1340
vn -0.9835 -0.0000 -0.1811
vn -0.9734 -0.0000 -0.2291
vn -0.9607 -0.0000 -0.2776
vn -0.9453 -0.0000 -0.3262
vn -0.9272 -0.0000 -0.3745
vn -0.9065 -0.0000 -0.4222
vn -0.8833 -0.0000 -0.4688
vn -0.8578 -0.0000 -0.5139
vn -0.8278 -0.0000 -0.5610
vn -0.7890 -0.0000 -0.6145
vn -0.7410 -0.0000 -0.6715
vn -0.6857 -0.0000 -0.7279
vn -0.6229 -0.0000 -0.7823
vn -0.5533 -0.0000 -0.8330
vn -0.4779 -0.0000 -0.8784
vn -0.3982 -0.0000 -0.9173
vn -0.3161 -0.0000 -0.9487
vn -0.2336 -0.0000 -0.9723
vn -0.1525 -0.0000 -0.9883
vn -0.0745 -0.0000 -0.9972
vn -0.0010 -0.0000 -1.0000
vn 0.0704 -0.0000 -0.9975
vn 0.1445 -0.0000 -0.9895
vn 0.2222 -0.0000 -0.9750
vn 0.3020 -0.0000 -0.9533
vn 0.3825 -0.0000 -0.9240
vn 0.4616 -0.0000 -0.8871
vn 0.5375 -0.0000 -0.8432
vn 0.6086 -0.0000 -0.7935
vn 0.6735 -0.0000 -0.7392
vn 0.7313 -0.0000 -0.6820
vn 0.7818 -0.0000 -0.6235
vn 0.8234 -0.0000 -0.5674
vn 0.8559 -0.0000 -0.5172
vn 0.8830 -0.0000 -0.4694
vn 0.9073 -0.0000 -0.4205
vn 0.9286 -0.0000 -0.3710
vn 0.9623 -0.0000 -0.2719
vn 0.9748 -0.0000 -0.2232
vn 0.9845 -0.0000 -0.1755
vn 0.9916 -0.0000 -0.1292
vn 0.9964 -0.0000 -0.0844
vn 0.9991 -0.0000 -0.0414
vn 1.0000 -0.0000 -0.0029
vn 0.9996 -0.0000 0.0300
vn 0.9981 -0.0000 0.0622
vn 0.9953 -0.0000 0.0973
vn 0.9908 -0.0000 0.1355
vn 0.9842 -0.0000 0.1770
vn 0.9750 -0.0000 0.2221
vn 0.9626 -0.0000 0.2708
vn 0.9463 -0.0000 0.3232
vn 0.9253 -0.0000 0.3791
vn 0.8988 -0.0000 0.4383
vn 0.8659 -0.0000 0.5002
vn -0.8473 -0.0000 0.5312
vn -0.8035 -0.0000 0.5953
vn -0.7517 -0.0000 0.6595
vn -0.6916 -0.0000 0.7223
vn -0.6239 -0.0000 0.7815
vn -0.5495 -0.0000 0.8355
vn -0.4701 -0.0000 0.8826
vn -0.3878 -0.0000 0.9217
vn -0.3048 -0.0000 0.9524
vn -0.2230 -0.0000 0.9748
vn -0.1444 -0.0000 0.9895
vn -0.0700 -0.0000 0.9975
vn 0.0041 -0.0000 1.0000
vn 0.0859 -0.0000 0.9963
vn 0.1750 -0.0000 0.9846
vn 0.2660 -0.0000 0.9640
vn 0.3565 -0.0000 0.9343
vn 0.4440 -0.0000 0.8960
vn 0.5261 -0.0000 0.8504
vn 0.6013 -0.0000 0.7990
vn 0.6682 -0.0000 0.7439
vn 0.7266 -0.0000 0.6870
vn 0.7766 -0.0000 0.6300
vn 0.8187 -0.0000 0.5742
vn 0.8514 -0.0000 0.5245
vn 0.8768 -0.0000 0.4808
vn 0.8994 -0.0000 0.4370
vn 0.9198 -0.0000 0.3923
vn 0.9379 -0.0000 0.3470
vn 0.9535 -0.0000 0.3014
vn 0.9667 -0.0000 0.2559
vn 0.9775 -0.0000 0.2108
vn 0.9861 -0.0000 0.1664
vn 0.9924 -0.0000 0.1230
vn 0.9967 -0.0000 0.0807
vn 0.9992 -0.0000 0.0397
vn 1.0000 -0.0000 0.0058
vn 0.9999 -0.0000 -0.0165
vn 0.9994 -0.0000 -0.0342
vn 0.9986 -0.0000 -0.0534
vn 0.9972 -0.0000 -0.0742
vn 0.9953 -0.0000 -0.0969
vn 0.9926 -0.0000 -0.1217
vn 0.9889 -0.0000 -0.1489
vn 0.9839 -0.0000 -0.1786
vn 0.9774 -0.0000 -0.2112
vn 0.9690 -0.0000 -0.2471
vn 0.9581 -0.0000 -0.2864
vn 0.9425 -0.0000 -0.3343
vn 0.9179 -0.0000 -0.3969
vn 0.8825 -0.0000 -0.4703
vn 0.8362 -0.0000 -0.5484
vn 0.7773 -0.0000 -0.6291
vn 0.7049 -0.0000 -0.7094
vn 0.6190 -0.0000 -0.7854
vn 0.5215 -0.0000 -0.8532
vn 0.4160 -0.0000 -0.9094
vn 0.3070 -0.0000 -0.9517
vn 0.1990 -0.0000 -0.9800
vn 0.0962 -0.0000 -0.9954
vn 0.0038 -0.0000 -1.0000
vn -0.0798 -0.0000 -0.9968
vn -0.1642 -0.0000 -0.9864
vn -0.2526 -0.0000 -0.9676
vn -0.3429 -0.0000 -0.9394
vn -0.4327 -0.0000 -0.9015
vn -0.5192 -0.0000 -0.8546
vn -0.6001 -0.0000 -0.7999
vn -0.6733 -0.0000 -0.7394
vn -0.7376 -0.0000 -0.6752
vn -0.7927 -0.0000 -0.6096
vn -0.8387 -0.0000 -0.5446
vn -0.8764 -0.0000 -0.4816
vn -0.9068 -0.0000 -0.4217
vn -0.9308 -0.0000 -0.3654
vn -0.9642 -0.0000 -0.2651
vn -0.9753 -0.0000 -0.2208
vn -0.9836 -0.0000 -0.1803
vn -0.9897 -0.0000 -0.1433
vn -0.9940 -0.0000 -0.1094
vn -0.9969 -0.0000 -0.0785
vn -0.9987 -0.0000 -0.0501
vn -0.9997 -0.0000 -0.0241
vn -1.0000 -0.0000 0.0008
vn -0.9996 -0.0000 0.0274
vn -0.9984 -0.0000 0.0569
vn -0.9960 -0.0000 0.0891
vn -0.9923 -0.0000 0.1242
vn -0.9867 -0.0000 0.1625
vn -0.9789 -0.0000 0.2042
vn -0.9683 -0.0000 0.2496
vn -0.9543 -0.0000 0.2987
vn -0.9361 -0.0000 0.3517
vn -0.9128 -0.0000 0.4084
vn -0.8835 -0.0000 0.4685
vn 0.7232 -0.0000 0.6907
vn -0.6916 -0.0000 0.7222
vn 0.8768 -0.0000 0.4809
vn 0.8515 -0.0000 0.5243
vn 0.8239 -0.0000 0.5668
vn 0.7940 -0.0000 0.6080
vn 0.7620 -0.0000 0.6476
vn 0.7282 -0.0000 0.6854
vn 0.6929 -0.0000 0.7210
vn 0.6564 -0.0000 0.7544
vn 0.6192 -0.0000 0.7853
vn 0.5814 -0.0000 0.8136
vn 0.5055 -0.0000 0.8628
vn 0.9998 -0.0000 0.0204
vn 0.5572 -0.0000 -0.8304
vn 0.6270 -0.0000 -0.7790
vn 0.6957 -0.0000 -0.7183
vn 0.7610 -0.0000 -0.6488
vn 0.8206 -0.0000 -0.5716
vn 0.8725 -0.0000 -0.4886
vn 0.9155 -0.0000 -0.4024
vn 0.9490 -0.0000 -0.3154
vn 0.9732 -0.0000 -0.2301
vn 0.9889 -0.0000 -0.1484
vn 0.9974 -0.0000 -0.0717
vn 1.0000 -0.0000 -0.0017
vn 0.9980 -0.0000 0.0635
vn 0.9916 -0.0000 0.1292
vn 0.9805 -0.0000 0.1966
vn 0.9643 -0.0000 0.2649
vn 0.9429 -0.0000 0.3330
vn 0.9165 -0.0000 0.4000
vn 0.8855 -0.0000 0.4646
vn 0.8504 -0.0000 0.5261
vn 0.8121 -0.0000 0.5836
vn 0.7712 -0.0000 0.6366
vn 0.7287 -0.0000 0.6848
vn 0.6851 -0.0000 0.7284
vn 0.6395 -0.0000 0.7688
vn 0.5901 -0.0000 0.8073
vn 0.5370 -0.0000 0.8436
vn 0.4807 -0.0000 0.8769
vn 0.4217 -0.0000 0.9067
vn 0.3609 -0.0000 0.9326
vn 0.2990 -0.0000 0.9543
vn 0.2368 -0.0000 0.9715
vn 0.1752 -0.0000 0.9845
vn 0.1149 -0.0000 0.9934
vn 0.0054 -0.0000 1.0000
vn -0.0343 -0.0000 0.9994
vn -0.0696 -0.0000 0.9976
vn -0.1057 -0.0000 0.9944
vn -0.1428 -0.0000 0.9898
vn -0.1805 -0.0000 0.9836
vn -0.2188 -0.0000 0.9758
vn -0.2575 -0.0000 0.9663
vn -0.2964 -0.0000 0.9551
vn -0.3353 -0.0000 0.9421
vn -0.3740 -0.0000 0.9274
vn -0.4123 -0.0000 0.9111
vn -0.4542 -0.0000 0.8909
vn -0.5002 -0.0000 0.8659
vn -0.5467 -0.0000 0.8373
vn -0.5938 -0.0000 0.8046
vn -0.6408 -0.0000 0.7677
vn -0.6872 -0.0000 0.7265
vn -0.7322 -0.0000 0.6811
vn -0.7751 -0.0000 0.6319
vn -0.8151 -0.0000 0.5793
vn -0.8518 -0.0000 0.5238
vn -0.8846 -0.0000 0.4664
vn -0.9132 -0.0000 0.4076
vn -0.9331 -0.0000 0.3596
vn -0.9453 -0.0000 0.3262
vn -0.9551 -0.0000 0.2962
vn -0.9640 -0.0000 0.2660
vn -0.9718 -0.0000 0.2356
vn -0.9787 -0.0000 0.2053
vn -0.9846 -0.0000 0.1751
vn -0.9894 -0.0000 0.1450
vn -0.9933 -0.0000 0.1152
vn -0.9963 -0.0000 0.0858
vn -0.9984 -0.0000 0.0567
vn -0.9996 -0.0000 0.0281
vn -1.0000 -0.0000 -0.0100
vn -0.9976 -0.0000 -0.0692
vn -0.9900 -0.0000 -0.1409
vn -0.9767 -0.0000 -0.2147
vn -0.9572 -0.0000 -0.2893
vn -0.9317 -0.0000 -0.3633
vn -0.8635 -0.0000 -0.5044
vn -0.8224 -0.0000 -0.5690
vn -0.7779 -0.0000 -0.6284
vn -0.7313 -0.0000 -0.6821
vn -0.6835 -0.0000 -0.7300
vn -0.6341 -0.0000 -0.7733
vn -0.5867 -0.0000 -0.8098
vn -0.5412 -0.0000 -0.8409
vn -0.4929 -0.0000 -0.8701
vn -0.4419 -0.0000 -0.8971
vn -0.3887 -0.0000 -0.9213
vn -0.3338 -0.0000 -0.9426
vn -0.2778 -0.0000 -0.9606
vn -0.2212 -0.0000 -0.9752
vn -0.1645 -0.0000 -0.9864
vn -0.1085 -0.0000 -0.9941
vn -0.0536 -0.0000 -0.9986
vn 0.0036 -0.0000 -1.0000
vn 0.0688 -0.0000 -0.9976
vn 0.1407 -0.0000 -0.9901
vn 0.2155 -0.0000 -0.9765
vn 0.2919 -0.0000 -0.9565
vn 0.3685 -0.0000 -0.9296
vn 0.4437 -0.0000 -0.8962
vn 0.5159 -0.0000 -0.8567
vn 0.5838 -0.0000 -0.8119
vn 0.6462 -0.0000 -0.7631
vn 0.7026 -0.0000 -0.7116
vn 0.7524 -0.0000 -0.6587
vn 0.7885 -0.0000 -0.6150
vn 0.8006 -0.0000 -0.5992
vn 0.7986 -0.0000 -0.6018
vn 0.7963 -0.0000 -0.6049
vn 0.7935 -0.0000 -0.6085
vn 0.7900 -0.0000 -0.6131
vn 0.7856 -0.0000 -0.6188
vn 0.7797 -0.0000 -0.6262
vn 0.7715 -0.0000 -0.6362
vn 0.7594 -0.0000 -0.6506
vn 0.7398 -0.0000 -0.6728
vn 0.7023 -0.0000 -0.7119
vn 0.6374 -0.0000 -0.7706
vn 0.5654 -0.0000 -0.8248
vn 0.5022 -0.0000 -0.8648
vn 0.4395 -0.0000 -0.8983
vn 0.3784 -0.0000 -0.9256
vn 0.3198 -0.0000 -0.9475
vn 0.2641 -0.0000 -0.9645
vn 0.2117 -0.0000 -0.9773
vn 0.1628 -0.0000 -0.9867
vn 0.1173 -0.0000 -0.9931
vn 0.0752 -0.0000 -0.9972
vn 0.0363 -0.0000 -0.9993
vn -0.0038 -0.0000 -1.0000
vn -0.0512 -0.0000 -0.9987
vn -0.1039 -0.0000 -0.9946
vn -0.1581 -0.0000 -0.9874
vn -0.2131 -0.0000 -0.9770
vn -0.2686 -0.0000 -0.9633
vn -0.3239 -0.0000 -0.9461
vn -0.3786 -0.0000 -0.9256
vn -0.4319 -0.0000 -0.9019
vn -0.4835 -0.0000 -0.8753
vn -0.5328 -0.0000 -0.8462
vn -0.5795 -0.0000 -0.8150
vn -0.6241 -0.0000 -0.7814
vn -0.6689 -0.0000 -0.7433
vn -0.7148 -0.0000 -0.6993
vn -0.7606 -0.0000 -0.6493
vn -0.8052 -0.0000 -0.5930
vn -0.8477 -0.0000 -0.5305
vn -0.8867 -0.0000 -0.4624
vn -0.9210 -0.0000 -0.3895
vn -0.9498 -0.0000 -0.3129
vn -0.9722 -0.0000 -0.2342
vn -0.9879 -0.0000 -0.1548
vn -0.9971 -0.0000 -0.0764
vn -0.9999 -0.0000 0.0102
vn -0.9925 -0.0000 0.1220
vn -0.9669 -0.0000 0.2552
vn -0.9184 -0.0000 0.3955
vn -0.8457 -0.0000 0.5336
vn -0.7521 -0.0000 0.6591
vn -0.6452 -0.0000 0.7640
vn -0.5344 -0.0000 0.8453
vn -0.4273 -0.0000 0.9041
vn -0.3290 -0.0000 0.9443
vn -0.2416 -0.0000 0.9704
vn -0.1652 -0.0000 0.9863
vn -0.1281 -0.0000 0.9918
vn -0.1619 -0.0000 0.9868
vn -0.2382 -0.0000 0.9712
vn -0.3257 -0.0000 0.9455
vn -0.4242 -0.0000 0.9056
vn -0.5316 -0.0000 0.8470
vn -0.6430 -0.0000 0.7659
vn -0.7504 -0.0000 0.6609
vn -0.8447 -0.0000 0.5353
vn -0.9179 -0.0000 0.3968
vn -0.9667 -0.0000 0.2560
vn -0.9925 -0.0000 0.1223
vn -1.0000 -0.0000 -0.0001
vn -0.9928 -0.0000 -0.1200
vn -0.9696 -0.0000 -0.2446
vn -0.9294 -0.0000 -0.3691
vn -0.8732 -0.0000 -0.4873
vn -0.8047 -0.0000 -0.5937
vn -0.7287 -0.0000 -0.6848
vn -0.6502 -0.0000 -0.7598
vn -0.5732 -0.0000 -0.8194
vn -0.5003 -0.0000 -0.8659
vn -0.4330 -0.0000 -0.9014
vn -0.3720 -0.0000 -0.9282
vn -0.2807 -0.0000 -0.9598
vn -0.2178 -0.0000 -0.9760
vn -0.2187 -0.0000 -0.9758
vn -0.2196 -0.0000 -0.9756
vn -0.2204 -0.0000 -0.9754
vn -0.2213 -0.0000 -0.9752
vn -0.2222 -0.0000 -0.9750
vn -0.2231 -0.0000 -0.9748
vn -0.2240 -0.0000 -0.9746
vn -0.2249 -0.0000 -0.9744
vn -0.2257 -0.0000 -0.9742
vn -0.2677 -0.0000 -0.9635
vn -0.3212 -0.0000 -0.9470
vn -0.3486 -0.0000 -0.9373
vn -0.3777 -0.0000 -0.9259
vn -0.4084 -0.0000 -0.9128
vn -0.4408 -0.0000 -0.8976
vn -0.4749 -0.0000 -0.8800
vn -0.5106 -0.0000 -0.8598
vn -0.5479 -0.0000 -0.8365
vn -0.5865 -0.0000 -0.8099
vn -0.6262 -0.0000 -0.7797
vn -0.6666 -0.0000 -0.7454
vn -0.7071 -0.0000 -0.7071
vn -0.7469 -0.0000 -0.6649
vn -0.7856 -0.0000 -0.6187
vn -0.8227 -0.0000 -0.5684
vn -0.8576 -0.0000 -0.5143
vn -0.8895 -0.0000 -0.4569
vn -0.9180 -0.0000 -0.3966
vn -0.9425 -0.0000 -0.3343
vn -0.9626 -0.0000 -0.2708
vn -0.9783 -0.0000 -0.2070
vn -0.9896 -0.0000 -0.1437
vn -0.9967 -0.0000 -0.0817
vn -0.9928 -0.0000 0.1197
vn -0.9595 -0.0000 0.2817
vn -0.8929 -0.0000 0.4503
vn -0.7935 -0.0000 0.6086
vn -0.6712 -0.0000 0.7413
vn -0.5411 -0.0000 0.8409
vn -0.4164 -0.0000 0.9092
vn -0.3046 -0.0000 0.9525
vn -0.2083 -0.0000 0.9781
vn -0.1269 -0.0000 0.9919
vn -0.0585 -0.0000 0.9983
vn 0.0021 -0.0000 1.0000
vn 0.0621 -0.0000 0.9981
vn 0.1219 -0.0000 0.9925
vn 0.1787 -0.0000 0.9839
vn 0.2321 -0.0000 0.9727
vn 0.2819 -0.0000 0.9594
vn 0.3283 -0.0000 0.9446
vn 0.3711 -0.0000 0.9286
vn 0.4106 -0.0000 0.9118
vn 0.4469 -0.0000 0.8946
vn 0.4802 -0.0000 0.8771
vn 0.5107 -0.0000 0.8597
vn 0.5291 -0.0000 0.8486
vn 0.5262 -0.0000 0.8503
vn 0.5118 -0.0000 0.8591
vn 0.4951 -0.0000 0.8689
vn 0.4753 -0.0000 0.8798
vn 0.4519 -0.0000 0.8921
vn 0.4235 -0.0000 0.9059
vn 0.3887 -0.0000 0.9213
vn 0.3453 -0.0000 0.9385
vn 0.2900 -0.0000 0.9570
vn 0.2180 -0.0000 0.9760
vn 0.1226 -0.0000 0.9925
vn 0.0188 -0.0000 0.9998
vn -0.0617 -0.0000 0.9981
vn -0.1255 -0.0000 0.9921
vn -0.1910 -0.0000 0.9816
vn -0.2574 -0.0000 0.9663
vn -0.3239 -0.0000 0.9461
vn -0.3893 -0.0000 0.9211
vn -0.4528 -0.0000 0.8916
vn -0.5134 -0.0000 0.8581
vn -0.5705 -0.0000 0.8213
vn -0.6233 -0.0000 0.7819
vn -0.6718 -0.0000 0.7408
vn -0.7146 -0.0000 0.6995
vn -0.7529 -0.0000 0.6581
vn -0.7894 -0.0000 0.6139
vn -0.8249 -0.0000 0.5653
vn -0.8588 -0.0000 0.5124
vn -0.8903 -0.0000 0.4554
vn -0.9187 -0.0000 0.3950
vn -0.9434 -0.0000 0.3315
vn -0.9640 -0.0000 0.2659
vn -0.9800 -0.0000 0.1991
vn -0.9913 -0.0000 0.1319
vn -0.9979 -0.0000 0.0653
vn -0.9997 -0.0000 -0.0249
vn -0.9868 -0.0000 -0.1617
vn -0.9502 -0.0000 -0.3117
vn -0.8970 -0.0000 -0.4421
vn -0.8353 -0.0000 -0.5499
vn -0.7717 -0.0000 -0.6360
vn -0.7104 -0.0000 -0.7038
vn -0.6537 -0.0000 -0.7567
vn -0.6025 -0.0000 -0.7981
vn -0.5567 -0.0000 -0.8307
vn -0.5159 -0.0000 -0.8566
vn -0.4798 -0.0000 -0.8774
vn -0.4502 -0.0000 -0.8929
vn -0.4274 -0.0000 -0.9041
vn -0.4058 -0.0000 -0.9140
vn -0.3819 -0.0000 -0.9242
vn -0.3555 -0.0000 -0.9347
vn -0.3261 -0.0000 -0.9453
vn -0.2934 -0.0000 -0.9560
vn -0.2569 -0.0000 -0.9664
vn -0.2161 -0.0000 -0.9764
vn -0.1704 -0.0000 -0.9854
vn -0.1194 -0.0000 -0.9928
vn -0.0625 -0.0000 -0.9980
vn -0.0071 -0.0000 -1.0000
vn 0.0375 -0.0000 -0.9993
vn 0.0771 -0.0000 -0.9970
vn 0.1191 -0.0000 -0.9929
vn 0.1637 -0.0000 -0.9865
vn 0.2105 -0.0000 -0.9776
vn 0.2596 -0.0000 -0.9657
vn 0.3107 -0.0000 -0.9505
vn 0.3634 -0.0000 -0.9316
vn 0.4172 -0.0000 -0.9088
vn 0.4715 -0.0000 -0.8819
vn 0.5257 -0.0000 -0.8507
vn 0.5823 -0.0000 -0.8129
vn 0.6416 -0.0000 -0.7670
vn 0.7003 -0.0000 -0.7139
vn 0.7567 -0.0000 -0.6538
vn 0.8093 -0.0000 -0.5874
vn 0.8568 -0.0000 -0.5157
vn 0.8978 -0.0000 -0.4404
vn 0.9318 -0.0000 -0.3630
vn 0.9584 -0.0000 -0.2853
vn 0.9779 -0.0000 -0.2091
vn 0.9908 -0.0000 -0.1356
vn 0.9978 -0.0000 -0.0659
vn 1.0000 -0.0000 -0.0079
vn 0.9994 -0.0000 0.0332
vn 0.9977 -0.0000 0.0678
vn 0.9899 -0.0000 0.1416
vn 0.9835 -0.0000 0.1808
vn 0.9752 -0.0000 0.2213
vn 0.9648 -0.0000 0.2629
vn 0.9522 -0.0000 0.3056
vn 0.9371 -0.0000 0.3490
vn 0.9196 -0.0000 0.3929
vn 0.8995 -0.0000 0.4370
vn 0.7269 -0.0000 0.6867
vn 0.6787 -0.0000 0.7344
vn 0.6244 -0.0000 0.7811
vn 0.5658 -0.0000 0.8245
vn 0.5037 -0.0000 0.8639
vn 0.4391 -0.0000 0.8984
vn 0.3730 -0.0000 0.9278
vn 0.3065 -0.0000 0.9519
vn 0.2407 -0.0000 0.9706
vn 0.1766 -0.0000 0.9843
vn 0.1148 -0.0000 0.9934
vn 0.0560 -0.0000 0.9984
vn -0.0015 -0.0000 1.0000
vn -0.0626 -0.0000 0.9980
vn -0.1297 -0.0000 0.9915
vn -0.2015 -0.0000 0.9795
vn -0.2773 -0.0000 0.9608
vn -0.3558 -0.0000 0.9345
vn -0.4355 -0.0000 0.9002
vn -0.5144 -0.0000 0.8575
vn -0.5904 -0.0000 0.8071
vn -0.6616 -0.0000 0.7499
vn -0.7263 -0.0000 0.6874
vn -0.7833 -0.0000 0.6216
vn -0.8276 -0.0000 0.5614
vn -0.8550 -0.0000 0.5187
vn -0.8743 -0.0000 0.4854
vn -0.8933 -0.0000 0.4494
vn -0.9119 -0.0000 0.4105
vn -0.9296 -0.0000 0.3686
vn -0.9462 -0.0000 0.3237
vn -0.9612 -0.0000 0.2759
vn -0.9743 -0.0000 0.2252
vn -0.9851 -0.0000 0.1720
vn -0.9932 -0.0000 0.1164
vn -0.9983 -0.0000 0.0589
vn -1.0000 -0.0000 -0.0019
vn -0.9977 -0.0000 -0.0682
vn -0.9904 -0.0000 -0.1386
vn -0.9776 -0.0000 -0.2104
vn -0.9592 -0.0000 -0.2826
vn -0.9352 -0.0000 -0.3540
vn -0.9060 -0.0000 -0.4233
vn -0.8720 -0.0000 -0.4895
vn -0.8342 -0.0000 -0.5515
vn -0.7934 -0.0000 -0.6087
vn -0.7506 -0.0000 -0.6608
vn -0.7067 -0.0000 -0.7075
vn -0.6633 -0.0000 -0.7483
vn -0.6205 -0.0000 -0.7842
vn -0.5753 -0.0000 -0.8180
vn -0.5265 -0.0000 -0.8502
vn -0.4743 -0.0000 -0.8804
vn -0.4191 -0.0000 -0.9079
vn -0.3615 -0.0000 -0.9324
vn -0.3019 -0.0000 -0.9533
vn -0.2411 -0.0000 -0.9705
vn -0.1798 -0.0000 -0.9837
vn -0.1188 -0.0000 -0.9929
vn -0.0588 -0.0000 -0.9983
vn 0.0013 -0.0000 -1.0000
vn 0.0642 -0.0000 -0.9979
vn 0.1304 -0.0000 -0.9915
vn 0.2665 -0.0000 -0.9638
vn 0.3343 -0.0000 -0.9424
vn 0.4008 -0.0000 -0.9162
vn 0.4647 -0.0000 -0.8855
vn 0.5253 -0.0000 -0.8509
vn 0.5819 -0.0000 -0.8133
vn 0.6340 -0.0000 -0.7734
vn 0.6813 -0.0000 -0.7320
vn 0.7125 -0.0000 -0.7016
vn 0.7212 -0.0000 -0.6927
vn 0.7206 -0.0000 -0.6934
vn 0.7198 -0.0000 -0.6942
vn 0.7189 -0.0000 -0.6951
vn 0.7177 -0.0000 -0.6963
vn 0.7162 -0.0000 -0.6979
vn 0.7141 -0.0000 -0.7000
vn 0.7112 -0.0000 -0.7030
vn 0.7068 -0.0000 -0.7075
vn 0.6991 -0.0000 -0.7150
vn 0.6824 -0.0000 -0.7310
vn 0.6128 -0.0000 -0.7903
vn 0.5232 -0.0000 -0.8522
vn 0.4661 -0.0000 -0.8848
vn 0.4095 -0.0000 -0.9123
vn 0.3543 -0.0000 -0.9351
vn 0.3010 -0.0000 -0.9536
vn 0.2499 -0.0000 -0.9683
vn 0.2015 -0.0000 -0.9795
vn 0.1558 -0.0000 -0.9878
vn 0.1129 -0.0000 -0.9936
vn 0.0727 -0.0000 -0.9974
vn 0.0352 -0.0000 -0.9994
vn -0.0069 -0.0000 -1.0000
vn -0.0631 -0.0000 -0.9980
vn -0.1287 -0.0000 -0.9917
vn -0.1964 -0.0000 -0.9805
vn -0.2653 -0.0000 -0.9642
vn -0.3344 -0.0000 -0.9424
vn -0.4025 -0.0000 -0.9154
vn -0.4686 -0.0000 -0.8834
vn -0.5315 -0.0000 -0.8470
vn -0.5905 -0.0000 -0.8070
vn -0.6450 -0.0000 -0.7642
vn -0.6944 -0.0000 -0.7196
vn -0.7391 -0.0000 -0.6736
vn -0.7794 -0.0000 -0.6266
vn -0.8166 -0.0000 -0.5772
vn -0.8514 -0.0000 -0.5245
vn -0.9117 -0.0000 -0.4108
vn -0.9363 -0.0000 -0.3512
vn -0.9568 -0.0000 -0.2907
vn -0.9732 -0.0000 -0.2301
vn -0.9854 -0.0000 -0.1702
vn -0.9938 -0.0000 -0.1116
vn -0.9985 -0.0000 -0.0548
vn -1.0000 -0.0000 -0.0064
vn -0.9996 -0.0000 0.0292
vn -0.9982 -0.0000 0.0607
vn -0.9955 -0.0000 0.0950
vn -0.9912 -0.0000 0.1323
vn -0.9849 -0.0000 0.1730
vn -0.9761 -0.0000 0.2172
vn -0.9642 -0.0000 0.2651
vn -0.9485 -0.0000 0.3168
vn -0.9281 -0.0000 0.3722
vn -0.9023 -0.0000 0.4311
vn -0.8702 -0.0000 0.4928
vn -0.8308 -0.0000 0.5566
vn -0.7837 -0.0000 0.6212
vn -0.7286 -0.0000 0.6849
vn -0.6660 -0.0000 0.7459
vn -0.5967 -0.0000 0.8025
vn -0.5220 -0.0000 0.8529
vn -0.4439 -0.0000 0.8961
vn -0.3641 -0.0000 0.9313
vn -0.2849 -0.0000 0.9586
vn -0.2077 -0.0000 0.9782
vn -0.1341 -0.0000 0.9910
vn -0.0649 -0.0000 0.9979
vn -0.0020 -0.0000 1.0000
vn 0.0562 -0.0000 0.9984
vn 0.1152 -0.0000 0.9933
vn 0.1771 -0.0000 0.9842
vn 0.2414 -0.0000 0.9704
vn 0.3073 -0.0000 0.9516
vn 0.3738 -0.0000 0.9275
vn 0.4400 -0.0000 0.8980
vn 0.5047 -0.0000 0.8633
vn 0.5668 -0.0000 0.8238
vn 0.6254 -0.0000 0.7803
vn 0.6796 -0.0000 0.7336
vn 0.7290 -0.0000 0.6846
vn 0.7514 -0.0000 0.6599
vn 0.7501 -0.0000 0.6613
vn 0.7489 -0.0000 0.6627
vn 0.7477 -0.0000 0.6640
vn 0.7465 -0.0000 0.6654
vn 0.7452 -0.0000 0.6668
vn 0.7440 -0.0000 0.6682
vn 0.7428 -0.0000 0.6695
vn 0.7415 -0.0000 0.6709
vn 0.7403 -0.0000 0.6723
vn 0.7390 -0.0000 0.6737
vn 0.7046 -0.0000 0.7096
vn 0.6502 -0.0000 0.7598
vn 0.6100 -0.0000 0.7924
vn 0.5654 -0.0000 0.8248
vn 0.5164 -0.0000 0.8564
vn 0.4629 -0.0000 0.8864
vn 0.4051 -0.0000 0.9143
vn 0.3433 -0.0000 0.9392
vn 0.2782 -0.0000 0.9605
vn 0.2103 -0.0000 0.9776
vn 0.1406 -0.0000 0.9901
vn 0.0703 -0.0000 0.9975
vn 0.0031 -0.0000 1.0000
vn -0.0588 -0.0000 0.9983
vn -0.1196 -0.0000 0.9928
vn -0.1824 -0.0000 0.9832
vn -0.2464 -0.0000 0.9692
vn -0.3108 -0.0000 0.9505
vn -0.3747 -0.0000 0.9271
vn -0.4372 -0.0000 0.8994
vn -0.4974 -0.0000 0.8675
vn -0.5546 -0.0000 0.8321
vn -0.6080 -0.0000 0.7939
vn -0.6574 -0.0000 0.7536
vn -0.7020 -0.0000 0.7122
vn -0.7430 -0.0000 0.6693
vn -0.7825 -0.0000 0.6227
vn -0.8205 -0.0000 0.5716
vn -0.8565 -0.0000 0.5162
vn -0.8895 -0.0000 0.4570
vn -0.9189 -0.0000 0.3944
vn -0.9442 -0.0000 0.3295
vn -0.9648 -0.0000 0.2629
vn -0.9806 -0.0000 0.1958
vn -0.9916 -0.0000 0.1291
vn -0.9980 -0.0000 0.0636
vn -1.0000 -0.0000 0.0032
vn -0.9992 -0.0000 -0.0397
vn -0.9980 -0.0000 -0.0628
vn -0.9971 -0.0000 -0.0765
vn -0.9963 -0.0000 -0.0857
vn -0.9957 -0.0000 -0.0922
vn -0.9953 -0.0000 -0.0971
vn -0.9949 -0.0000 -0.1009
vn -0.9946 -0.0000 -0.1040
vn -0.9943 -0.0000 -0.1065
vn -0.9941 -0.0000 -0.1086
vn -0.9939 -0.0000 -0.1103
vn -0.9938 -0.0000 -0.1108
vn -0.9945 -0.0000 -0.1050
vn -0.9949 -0.0000 -0.1008
vn -0.9954 -0.0000 -0.0961
vn -0.9959 -0.0000 -0.0906
vn -0.9965 -0.0000 -0.0842
vn -0.9977 -0.0000 -0.0674
vn -0.9984 -0.0000 -0.0561
vn -0.9991 -0.0000 -0.0419
vn -0.9997 -0.0000 -0.0235
vn -1.0000 -0.0000 0.0082
vn -0.9984 -0.0000 0.0563
vn -0.9943 -0.0000 0.1067
vn -0.9885 -0.0000 0.1511
vn -0.9817 -0.0000 0.1904
vn -0.9744 -0.0000 0.2250
vn -0.9667 -0.0000 0.2559
vn -0.9590 -0.0000 0.2834
vn -0.9514 -0.0000 0.3080
vn -0.9439 -0.0000 0.3301
vn -0.9367 -0.0000 0.3500
vn -0.9298 -0.0000 0.3681
vn -0.9264 -0.0000 0.3766
vn -0.9743 -0.0000 0.2251
vn -0.9817 -0.0000 0.1903
vn -1.0000 -0.0000 -0.0069
vn -0.9832 -0.0000 -0.1823
vn -0.9604 -0.0000 -0.2787
vn -0.9269 -0.0000 -0.3753
vn -0.8832 -0.0000 -0.4691
vn -0.8306 -0.0000 -0.5569
vn -0.7712 -0.0000 -0.6365
vn -0.7077 -0.0000 -0.7066
vn -0.6423 -0.0000 -0.7665
vn -0.5774 -0.0000 -0.8165
vn -0.5146 -0.0000 -0.8575
vn -0.4555 -0.0000 -0.8902
vn -0.4069 -0.0000 -0.9135
vn -0.3664 -0.0000 -0.9304
vn -0.2862 -0.0000 -0.9582
vn -0.2468 -0.0000 -0.9691
vn -0.2083 -0.0000 -0.9781
vn -0.1706 -0.0000 -0.9853
vn -0.1341 -0.0000 -0.9910
vn -0.0987 -0.0000 -0.9951
vn -0.0646 -0.0000 -0.9979
vn -0.0317 -0.0000 -0.9995
vn -0.0043 -0.0000 -1.0000
vn 0.0132 -0.0000 -0.9999
vn 0.0247 -0.0000 -0.9997
vn 0.0347 -0.0000 -0.9994
vn 0.0433 -0.0000 -0.9991
vn 0.0509 -0.0000 -0.9987
vn 0.0577 -0.0000 -0.9983
vn 0.0637 -0.0000 -0.9980
vn 0.0691 -0.0000 -0.9976
vn 0.0739 -0.0000 -0.9973
vn 0.0784 -0.0000 -0.9969
vn 0.0824 -0.0000 -0.9966
vn 0.0843 -0.0000 -0.9964
vn 0.0346 -0.0000 -0.9994
vn 0.0045 -0.0000 -1.0000
vn -0.0053 -0.0000 -1.0000
vn -0.0226 -0.0000 -0.9997
vn -0.0397 -0.0000 -0.9992
vn -0.0527 -0.0000 -0.9986
vn -0.0628 -0.0000 -0.9980
vn -0.0709 -0.0000 -0.9975
vn -0.0776 -0.0000 -0.9970
vn -0.0831 -0.0000 -0.9965
vn -0.0878 -0.0000 -0.9961
vn -0.0919 -0.0000 -0.9958
vn -0.0954 -0.0000 -0.9954
vn -0.0984 -0.0000 -0.9951
vn -0.0998 -0.0000 -0.9950
vn -0.0983 -0.0000 -0.9952
vn -0.0951 -0.0000 -0.9955
vn -0.0914 -0.0000 -0.9958
vn -0.0872 -0.0000 -0.9962
vn -0.0823 -0.0000 -0.9966
vn -0.0766 -0.0000 -0.9971
vn -0.0697 -0.0000 -0.9976
vn -0.0615 -0.0000 -0.9981
vn -0.0513 -0.0000 -0.9987
vn -0.0385 -0.0000 -0.9993
vn -0.0216 -0.0000 -0.9998
vn 0.0075 -0.0000 -1.0000
vn 0.0551 -0.0000 -0.9985
vn 0.1128 -0.0000 -0.9936
vn 0.1728 -0.0000 -0.9850
vn 0.2348 -0.0000 -0.9720
vn 0.2980 -0.0000 -0.9546
vn 0.3616 -0.0000 -0.9323
vn 0.4246 -0.0000 -0.9054
vn 0.4862 -0.0000 -0.8738
vn 0.5455 -0.0000 -0.8381
vn 0.6016 -0.0000 -0.7988
vn 0.6538 -0.0000 -0.7567
vn 0.7022 -0.0000 -0.7120
vn 0.7479 -0.0000 -0.6638
vn 0.7914 -0.0000 -0.6112
vn 0.8321 -0.0000 -0.5546
vn 0.8691 -0.0000 -0.4946
vn 0.9018 -0.0000 -0.4321
vn 0.9299 -0.0000 -0.3679
vn 0.9529 -0.0000 -0.3032
vn 0.9711 -0.0000 -0.2388
vn 0.9844 -0.0000 -0.1757
vn 0.9934 -0.0000 -0.1146
vn 0.9984 -0.0000 -0.0560
vn 0.9829 -0.0000 0.1844
vn 0.9260 -0.0000 0.3774
vn 0.8286 -0.0000 0.5599
vn 0.7034 -0.0000 0.7108
vn 0.5700 -0.0000 0.8216
vn 0.4443 -0.0000 0.8959
vn 0.3341 -0.0000 0.9426
vn 0.2410 -0.0000 0.9705
vn 0.1635 -0.0000 0.9865
vn 0.0992 -0.0000 0.9951
vn 0.0457 -0.0000 0.9990
vn 0.0098 -0.0000 1.0000
vn -0.0033 -0.0000 1.0000
vn -0.0064 -0.0000 1.0000
vn -0.0092 -0.0000 1.0000
vn -0.0118 -0.0000 0.9999
vn -0.0142 -0.0000 0.9999
vn -0.0165 -0.0000 0.9999
vn -0.0186 -0.0000 0.9998
vn -0.0206 -0.0000 0.9998
vn -0.0225 -0.0000 0.9997
vn -0.0242 -0.0000 0.9997
vn -0.0258 -0.0000 0.9997
vn -0.0268 -0.0000 0.9996
vn -0.0266 -0.0000 0.9996
vn -0.0257 -0.0000 0.9997
vn -0.0247 -0.0000 0.9997
vn -0.0235 -0.0000 0.9997
vn -0.0222 -0.0000 0.9998
vn -0.0187 -0.0000 0.9998
vn -0.0102 -0.0000 0.9999
vn -0.0058 -0.0000 1.0000
vn -0.0016 -0.0000 1.0000
vn 0.6860 -0.0000 0.7276
vn 0.9944 -0.0000 0.1057
vn 0.9934 -0.0000 0.1148
vn 0.9916 -0.0000 0.1296
vn 0.9908 -0.0000 0.1357
vn 0.9900 -0.0000 0.1411
vn 0.9893 -0.0000 0.1459
vn 0.9887 -0.0000 0.1502
vn 0.6020 -0.0000 -0.7985
vn -0.3981 -0.0000 -0.9174
vn -0.3572 -0.0000 -0.9340
vn -0.3169 -0.0000 -0.9485
vn -0.2772 -0.0000 -0.9608
vn -0.2005 -0.0000 -0.9797
vn -0.1638 -0.0000 -0.9865
vn -0.1284 -0.0000 -0.9917
vn -0.0943 -0.0000 -0.9955
vn -0.0302 -0.0000 -0.9995
vn 0.0084 -0.0000 -1.0000
vn 0.0652 -0.0000 -0.9979
vn 0.1344 -0.0000 -0.9909
vn 0.2077 -0.0000 -0.9782
vn 0.2841 -0.0000 -0.9588
vn 0.3623 -0.0000 -0.9321
vn 0.4406 -0.0000 -0.8977
vn 0.5172 -0.0000 -0.8559
vn 0.5902 -0.0000 -0.8072
vn 0.6580 -0.0000 -0.7530
vn 0.7194 -0.0000 -0.6946
vn 0.7736 -0.0000 -0.6336
vn 0.8166 -0.0000 -0.5772
vn 0.8501 -0.0000 -0.5266
vn 0.8796 -0.0000 -0.4757
vn 0.9056 -0.0000 -0.4241
vn 0.9282 -0.0000 -0.3722
vn 0.9472 -0.0000 -0.3206
vn 0.9629 -0.0000 -0.2699
vn 0.9754 -0.0000 -0.2203
vn 0.9850 -0.0000 -0.1724
vn 0.9920 -0.0000 -0.1262
vn 0.9966 -0.0000 -0.0821
vn 0.9992 -0.0000 -0.0401
vn 1.0000 -0.0000 0.0032
vn 0.9986 -0.0000 0.0533
vn 0.9940 -0.0000 0.1089
vn 0.9860 -0.0000 0.1670
vn 0.9739 -0.0000 0.2269
vn 0.9576 -0.0000 0.2881
vn 0.9368 -0.0000 0.3499
vn 0.9114 -0.0000 0.4114
vn 0.8817 -0.0000 0.4718
vn 0.8479 -0.0000 0.5301
vn 0.8105 -0.0000 0.5857
vn 0.7701 -0.0000 0.6379
vt 0.728090 0.000000
vt 0.732584 0.000000
vt 0.730337 0.000000
vt 0.725843 0.000000
vt 0.723595 0.000000
vt 0.734831 0.000000
vt 0.721348 0.000000
vt 0.719101 0.000000
vt 0.737079 0.000000
vt 0.716854 0.000000
vt 0.714607 0.000000
vt 0.712360 0.000000
vt 0.739326 0.000000
vt 0.710112 0.000000
vt 0.707865 0.000000
vt 0.741573 0.000000
vt 0.617977 0.000000
vt 0.622472 0.000000
vt 0.620225 0.000000
vt 0.624719 0.000000
vt 0.626966 0.000000
vt 0.615730 0.000000
vt 0.705618 0.000000
vt 0.629214 0.000000
vt 0.631461 0.000000
vt 0.613483 0.000000
vt 0.633708 0.000000
vt 0.635955 0.000000
vt 0.703371 0.000000
vt 0.638202 0.000000
vt 0.611236 0.000000
vt 0.640449 0.000000
vt 0.642697 0.000000
vt 0.743820 0.000000
vt 0.701124 0.000000
vt 0.608989 0.000000
vt 0.644944 0.000000
vt 0.647191 0.000000
vt 0.698876 0.000000
vt 0.606742 0.000000
vt 0.649438 0.000000
vt 0.696629 0.000000
vt 0.651685 0.000000
vt 0.653933 0.000000
vt 0.694382 0.000000
vt 0.746067 0.000000
vt 0.604494 0.000000
vt 0.656180 0.000000
vt 0.692135 0.000000
vt 0.658427 0.000000
vt 0.660674 0.000000
vt 0.689888 0.000000
vt 0.662921 0.000000
vt 0.665169 0.000000
vt 0.687640 0.000000
vt 0.667416 0.000000
vt 0.669663 0.000000
vt 0.602247 0.000000
vt 0.671910 0.000000
vt 0.685393 0.000000
vt 0.674157 0.000000
vt 0.676404 0.000000
vt 0.683146 0.000000
vt 0.680899 0.000000
vt 0.748315 0.000000
vt 0.678652 0.000000
vt 0.600000 0.000000
vt 0.597753 0.000000
vt 0.750562 0.000000
vt 0.595506 0.000000
vt 0.752809 0.000000
vt 0.593258 0.000000
vt 0.755056 0.000000
vt 0.591011 0.000000
vt 0.588764 0.000000
vt 0.757303 0.000000
vt 0.586517 0.000000
vt 0.759551 0.000000
vt 0.584270 0.000000
vt 0.761798 0.000000
vt 0.582022 0.000000
vt 0.764045 0.000000
vt 0.579775 0.000000
vt 0.766292 0.000000
vt 0.577528 0.000000
vt 0.768539 0.000000
vt 0.575281 0.000000
vt 0.770787 0.000000
vt 0.573034 0.000000
vt 0.773034 0.000000
vt 0.570787 0.000000
vt 0.775281 0.000000
vt 0.568539 0.000000
vt 0.777528 0.000000
vt 0.566292 0.000000
vt 0.779775 0.000000
vt 0.564045 0.000000
vt 0.561798 0.000000
vt 0.782022 0.000000
vt 0.559551 0.000000
vt 0.557303 0.000000
vt 0.784270 0.000000
vt 0.555056 0.000000
vt 0.786517 0.000000
vt 0.552809 0.000000
vt 0.550562 0.000000
vt 0.548315 0.000000
vt 0.546067 0.000000
vt 0.543820 0.000000
vt 0.788764 0.000000
vt 0.541573 0.000000
vt 0.539326 0.000000
vt 0.537079 0.000000
vt 0.791011 0.000000
vt 0.534831 0.000000
vt 0.532584 0.000000
vt 0.530337 0.000000
vt 0.793258 0.000000
vt 0.528090 0.000000
vt 0.525843 0.000000
vt 0.523596 0.000000
vt 0.795506 0.000000
vt 0.521348 0.000000
vt 0.519101 0.000000
vt 0.516854 0.000000
vt 0.797753 0.000000
vt 0.514607 0.000000
vt 0.512360 0.000000
vt 0.510112 0.000000
vt 0.800000 0.000000
vt 0.802247 0.000000
vt 0.507865 0.000000
vt 0.804494 0.000000
vt 0.806742 0.000000
vt 0.865169 0.000000
vt 0.862921 0.000000
vt 0.808989 0.000000
vt 0.505618 0.000000
vt 0.867416 0.000000
vt 0.869663 0.000000
vt 0.860674 0.000000
vt 0.858427 0.000000
vt 0.856180 0.000000
vt 0.853933 0.000000
vt 0.851685 0.000000
vt 0.849438 0.000000
vt 0.847191 0.000000
vt 0.844944 0.000000
vt 0.842697 0.000000
vt 0.840449 0.000000
vt 0.838202 0.000000
vt 0.811236 0.000000
vt 0.835955 0.000000
vt 0.833708 0.000000
vt 0.831461 0.000000
vt 0.829214 0.000000
vt 0.826966 0.000000
vt 0.824719 0.000000
vt 0.822472 0.000000
vt 0.820225 0.000000
vt 0.817978 0.000000
vt 0.815730 0.000000
vt 0.813483 0.000000
vt 0.871910 0.000000
vt 0.874157 0.000000
vt 0.503371 0.000000
vt 0.876405 0.000000
vt 0.501124 0.000000
vt 0.878652 0.000000
vt 0.880899 0.000000
vt 0.498876 0.000000
vt 0.883146 0.000000
vt 0.885393 0.000000
vt 0.496629 0.000000
vt 0.887640 0.000000
vt 0.889888 0.000000
vt 0.919101 0.000000
vt 0.923595 0.000000
vt 0.921348 0.000000
vt 0.916854 0.000000
vt 0.925843 0.000000
vt 0.914607 0.000000
vt 0.494382 0.000000
vt 0.912360 0.000000
vt 0.928090 0.000000
vt 0.910112 0.000000
vt 0.907865 0.000000
vt 0.930337 0.000000
vt 0.905618 0.000000
vt 0.892135 0.000000
vt 0.932584 0.000000
vt 0.903371 0.000000
vt 0.901124 0.000000
vt 0.934831 0.000000
vt 0.898876 0.000000
vt 0.492135 0.000000
vt 0.894382 0.000000
vt 0.896629 0.000000
vt 0.937079 0.000000
vt 0.939326 0.000000
vt 0.489888 0.000000
vt 0.941573 0.000000
vt 0.943820 0.000000
vt 0.487640 0.000000
vt 0.946067 0.000000
vt 0.948315 0.000000
vt 0.485393 0.000000
vt 0.950562 0.000000
vt 0.952809 0.000000
vt 0.483146 0.000000
vt 0.955056 0.000000
vt 0.480899 0.000000
vt 0.323595 0.000000
vt 0.325843 0.000000
vt 0.321348 0.000000
vt 0.319101 0.000000
vt 0.328090 0.000000
vt 0.957303 0.000000
vt 0.478652 0.000000
vt 0.316854 0.000000
vt 0.330337 0.000000
vt 0.314607 0.000000
vt 0.332584 0.000000
vt 0.312360 0.000000
vt 0.334831 0.000000
vt 0.310112 0.000000
vt 0.307865 0.000000
vt 0.337079 0.000000
vt 0.476404 0.000000
vt 0.305618 0.000000
vt 0.339326 0.000000
vt 0.959551 0.000000
vt 0.303371 0.000000
vt 0.341573 0.000000
vt 0.474157 0.000000
vt 0.301124 0.000000
vt 0.343820 0.000000
vt 0.298876 0.000000
vt 0.471910 0.000000
vt 0.961798 0.000000
vt 0.296629 0.000000
vt 0.346067 0.000000
vt 0.469663 0.000000
vt 0.294382 0.000000
vt 0.348315 0.000000
vt 0.292135 0.000000
vt 0.467416 0.000000
vt 0.964045 0.000000
vt 0.350562 0.000000
vt 0.465169 0.000000
vt 0.289888 0.000000
vt 0.462921 0.000000
vt 0.352809 0.000000
vt 0.287640 0.000000
vt 0.460674 0.000000
vt 0.355056 0.000000
vt 0.966292 0.000000
vt 0.458427 0.000000
vt 0.456180 0.000000
vt 0.357303 0.000000
vt 0.285393 0.000000
vt 0.453933 0.000000
vt 0.359551 0.000000
vt 0.361798 0.000000
vt 0.451685 0.000000
vt 0.283146 0.000000
vt 0.364045 0.000000
vt 0.449438 0.000000
vt 0.968539 0.000000
vt 0.366292 0.000000
vt 0.447191 0.000000
vt 0.280899 0.000000
vt 0.368539 0.000000
vt 0.444944 0.000000
vt 0.370787 0.000000
vt 0.442697 0.000000
vt 0.373034 0.000000
vt 0.278652 0.000000
vt 0.440449 0.000000
vt 0.970787 0.000000
vt 0.375281 0.000000
vt 0.438202 0.000000
vt 0.435955 0.000000
vt 0.377528 0.000000
vt 0.276405 0.000000
vt 0.433708 0.000000
vt 0.379775 0.000000
vt 0.431461 0.000000
vt 0.382022 0.000000
vt 0.429213 0.000000
vt 0.973034 0.000000
vt 0.384270 0.000000
vt 0.274157 0.000000
vt 0.426966 0.000000
vt 0.386517 0.000000
vt 0.424719 0.000000
vt 0.388764 0.000000
vt 0.422472 0.000000
vt 0.391011 0.000000
vt 0.420225 0.000000
vt 0.417978 0.000000
vt 0.393258 0.000000
vt 0.271910 0.000000
vt 0.415730 0.000000
vt 0.395506 0.000000
vt 0.413483 0.000000
vt 0.397753 0.000000
vt 0.411236 0.000000
vt 0.400000 0.000000
vt 0.408989 0.000000
vt 0.402247 0.000000
vt 0.406742 0.000000
vt 0.404494 0.000000
vt 0.975281 0.000000
vt 0.269663 0.000000
vt 0.267416 0.000000
vt 0.977528 0.000000
vt 0.265169 0.000000
vt 0.979775 0.000000
vt 0.262921 0.000000
vt 0.260674 0.000000
vt 0.982022 0.000000
vt 0.258427 0.000000
vt 0.256180 0.000000
vt 0.984270 0.000000
vt 0.253933 0.000000
vt 0.251685 0.000000
vt 0.986517 0.000000
vt 0.249438 0.000000
vt 0.247191 0.000000
vt 0.988764 0.000000
vt 0.132584 0.000000
vt 0.137079 0.000000
vt 0.134831 0.000000
vt 0.130337 0.000000
vt 0.139326 0.000000
vt 0.128090 0.000000
vt 0.141573 0.000000
vt 0.125843 0.000000
vt 0.143820 0.000000
vt 0.123596 0.000000
vt 0.146067 0.000000
vt 0.121348 0.000000
vt 0.148315 0.000000
vt 0.119101 0.000000
vt 0.150562 0.000000
vt 0.244944 0.000000
vt 0.116854 0.000000
vt 0.152809 0.000000
vt 0.114607 0.000000
vt 0.155056 0.000000
vt 0.112360 0.000000
vt 0.157303 0.000000
vt 0.110112 0.000000
vt 0.159551 0.000000
vt 0.242697 0.000000
vt 0.107865 0.000000
vt 0.991011 0.000000
vt 0.161798 0.000000
vt 0.105618 0.000000
vt 0.164045 0.000000
vt 0.103371 0.000000
vt 0.240449 0.000000
vt 0.101124 0.000000
vt 0.166292 0.000000
vt 0.098876 0.000000
vt 0.168539 0.000000
vt 0.096629 0.000000
vt 0.238202 0.000000
vt 0.993258 0.000000
vt 0.094382 0.000000
vt 0.170787 0.000000
vt 0.092135 0.000000
vt 0.173034 0.000000
vt 0.235955 0.000000
vt 0.089888 0.000000
vt 0.175281 0.000000
vt 0.087640 0.000000
vt 0.177528 0.000000
vt 0.233708 0.000000
vt 0.085393 0.000000
vt 0.179775 0.000000
vt 0.995506 0.000000
vt 0.182022 0.000000
vt 0.231461 0.000000
vt 0.083146 0.000000
vt 0.184270 0.000000
vt 0.186517 0.000000
vt 0.188764 0.000000
vt 0.191011 0.000000
vt 0.080899 0.000000
vt 0.229213 0.000000
vt 0.193258 0.000000
vt 0.078652 0.000000
vt 0.195506 0.000000
vt 0.226966 0.000000
vt 0.076404 0.000000
vt 0.197753 0.000000
vt 0.997753 0.000000
vt 0.074157 0.000000
vt 0.224719 0.000000
vt 0.200000 0.000000
vt 0.071910 0.000000
vt 0.202247 0.000000
vt 0.222472 0.000000
vt 0.204494 0.000000
vt 0.069663 0.000000
vt 0.206742 0.000000
vt 0.220225 0.000000
vt 0.208989 0.000000
vt 0.217978 0.000000
vt 0.211236 0.000000
vt 0.067416 0.000000
vt 0.213483 0.000000
vt 0.215730 0.000000
vt 0.065169 0.000000
vt 0.062921 0.000000
vt 1.000000 0.000000
vt 0.060674 0.000000
vt 0.058427 0.000000
vt 0.056180 0.000000
vt 0.053933 0.000000
vt 0.051685 0.000000
vt 0.000000 0.000000
vt 0.002247 0.000000
vt 0.049438 0.000000
vt 0.004494 0.000000
vt 0.047191 0.000000
vt 0.006742 0.000000
vt 0.044944 0.000000
vt 0.008989 0.000000
vt 0.042697 0.000000
vt 0.011236 0.000000
vt 0.040449 0.000000
vt 0.013483 0.000000
vt 0.038202 0.000000
vt 0.015730 0.000000
vt 0.035955 0.000000
vt 0.017978 0.000000
vt 0.033708 0.000000
vt 0.020225 0.000000
vt 0.031461 0.000000
vt 0.022472 0.000000
vt 0.029213 0.000000
vt 0.024719 0.000000
vt 0.026966 0.000000
vt 0.899721 0.000000
vt 0.905292 0.000000
vt 0.902507 0.000000
vt 0.896936 0.000000
vt 0.908078 0.000000
vt 0.894150 0.000000
vt 0.910864 0.000000
vt 0.891365 0.000000
vt 0.913649 0.000000
vt 0.888579 0.000000
vt 0.916435 0.000000
vt 0.885794 0.000000
vt 0.919220 0.000000
vt 0.883008 0.000000
vt 0.922006 0.000000
vt 0.880223 0.000000
vt 0.877437 0.000000
vt 0.924791 0.000000
vt 0.874652 0.000000
vt 0.927577 0.000000
vt 0.871866 0.000000
vt 0.930362 0.000000
vt 0.869081 0.000000
vt 0.933148 0.000000
vt 0.866295 0.000000
vt 0.935933 0.000000
vt 0.863510 0.000000
vt 0.938719 0.000000
vt 0.860724 0.000000
vt 0.941504 0.000000
vt 0.857939 0.000000
vt 0.855153 0.000000
vt 0.944290 0.000000
vt 0.852368 0.000000
vt 0.947075 0.000000
vt 0.849582 0.000000
vt 0.846797 0.000000
vt 0.949861 0.000000
vt 0.844011 0.000000
vt 0.841226 0.000000
vt 0.952646 0.000000
vt 0.838440 0.000000
vt 0.955432 0.000000
vt 0.835655 0.000000
vt 0.832869 0.000000
vt 0.830084 0.000000
vt 0.701950 0.000000
vt 0.699164 0.000000
vt 0.958217 0.000000
vt 0.704735 0.000000
vt 0.707521 0.000000
vt 0.696379 0.000000
vt 0.710306 0.000000
vt 0.827298 0.000000
vt 0.713092 0.000000
vt 0.693593 0.000000
vt 0.715877 0.000000
vt 0.690808 0.000000
vt 0.824513 0.000000
vt 0.718663 0.000000
vt 0.721448 0.000000
vt 0.688022 0.000000
vt 0.821727 0.000000
vt 0.724234 0.000000
vt 0.961003 0.000000
vt 0.685237 0.000000
vt 0.818942 0.000000
vt 0.727019 0.000000
vt 0.729805 0.000000
vt 0.816156 0.000000
vt 0.682451 0.000000
vt 0.732591 0.000000
vt 0.813370 0.000000
vt 0.810585 0.000000
vt 0.735376 0.000000
vt 0.679666 0.000000
vt 0.963788 0.000000
vt 0.807799 0.000000
vt 0.738162 0.000000
vt 0.805014 0.000000
vt 0.676880 0.000000
vt 0.740947 0.000000
vt 0.802228 0.000000
vt 0.743733 0.000000
vt 0.799443 0.000000
vt 0.966574 0.000000
vt 0.674095 0.000000
vt 0.796657 0.000000
vt 0.746518 0.000000
vt 0.793872 0.000000
vt 0.749304 0.000000
vt 0.791086 0.000000
vt 0.752089 0.000000
vt 0.788301 0.000000
vt 0.671309 0.000000
vt 0.754875 0.000000
vt 0.785515 0.000000
vt 0.757660 0.000000
vt 0.782730 0.000000
vt 0.779944 0.000000
vt 0.760446 0.000000
vt 0.969359 0.000000
vt 0.777159 0.000000
vt 0.763231 0.000000
vt 0.774373 0.000000
vt 0.766017 0.000000
vt 0.771588 0.000000
vt 0.768802 0.000000
vt 0.668524 0.000000
vt 0.972145 0.000000
vt 0.665738 0.000000
vt 0.662953 0.000000
vt 0.660167 0.000000
vt 0.974930 0.000000
vt 0.657382 0.000000
vt 0.654596 0.000000
vt 0.977716 0.000000
vt 0.651811 0.000000
vt 0.649025 0.000000
vt 0.646240 0.000000
vt 0.980501 0.000000
vt 0.643454 0.000000
vt 0.640669 0.000000
vt 0.983287 0.000000
vt 0.637883 0.000000
vt 0.635098 0.000000
vt 0.632312 0.000000
vt 0.986072 0.000000
vt 0.629526 0.000000
vt 0.626741 0.000000
vt 0.623955 0.000000
vt 0.988858 0.000000
vt 0.621170 0.000000
vt 0.618384 0.000000
vt 0.615599 0.000000
vt 0.991643 0.000000
vt 0.612813 0.000000
vt 0.610028 0.000000
vt 0.607242 0.000000
vt 0.604457 0.000000
vt 0.994429 0.000000
vt 0.601671 0.000000
vt 0.598886 0.000000
vt 0.596100 0.000000
vt 0.593315 0.000000
vt 0.997214 0.000000
vt 0.590529 0.000000
vt 0.587744 0.000000
vt 0.584958 0.000000
vt 0.582173 0.000000
vt 0.579387 0.000000
vt 0.576602 0.000000
vt 0.573816 0.000000
vt 0.571031 0.000000
vt 0.568245 0.000000
vt 0.565460 0.000000
vt 0.002786 0.000000
vt 0.562674 0.000000
vt 0.005571 0.000000
vt 0.559889 0.000000
vt 0.557103 0.000000
vt 0.008357 0.000000
vt 0.554318 0.000000
vt 0.011142 0.000000
vt 0.551532 0.000000
vt 0.013928 0.000000
vt 0.548747 0.000000
vt 0.016713 0.000000
vt 0.545961 0.000000
vt 0.019499 0.000000
vt 0.543175 0.000000
vt 0.022284 0.000000
vt 0.540390 0.000000
vt 0.025070 0.000000
vt 0.537604 0.000000
vt 0.027855 0.000000
vt 0.030641 0.000000
vt 0.534819 0.000000
vt 0.033426 0.000000
vt 0.532033 0.000000
vt 0.036212 0.000000
vt 0.529248 0.000000
vt 0.038997 0.000000
vt 0.526462 0.000000
vt 0.041783 0.000000
vt 0.523677 0.000000
vt 0.520891 0.000000
vt 0.044568 0.000000
vt 0.518106 0.000000
vt 0.515320 0.000000
vt 0.047354 0.000000
vt 0.512535 0.000000
vt 0.509749 0.000000
vt 0.506964 0.000000
vt 0.504178 0.000000
vt 0.501393 0.000000
vt 0.050139 0.000000
vt 0.498607 0.000000
vt 0.495822 0.000000
vt 0.493036 0.000000
vt 0.052925 0.000000
vt 0.490251 0.000000
vt 0.487465 0.000000
vt 0.055710 0.000000
vt 0.484680 0.000000
vt 0.481894 0.000000
vt 0.058496 0.000000
vt 0.479109 0.000000
vt 0.061281 0.000000
vt 0.476323 0.000000
vt 0.064067 0.000000
vt 0.473538 0.000000
vt 0.470752 0.000000
vt 0.066852 0.000000
vt 0.467967 0.000000
vt 0.069638 0.000000
vt 0.072423 0.000000
vt 0.298050 0.000000
vt 0.303621 0.000000
vt 0.300836 0.000000
vt 0.465181 0.000000
vt 0.295265 0.000000
vt 0.306407 0.000000
vt 0.292479 0.000000
vt 0.309192 0.000000
vt 0.289694 0.000000
vt 0.311978 0.000000
vt 0.286908 0.000000
vt 0.314763 0.000000
vt 0.284123 0.000000
vt 0.281337 0.000000
vt 0.317549 0.000000
vt 0.278552 0.000000
vt 0.320334 0.000000
vt 0.462396 0.000000
vt 0.275766 0.000000
vt 0.323120 0.000000
vt 0.272981 0.000000
vt 0.325905 0.000000
vt 0.270195 0.000000
vt 0.459610 0.000000
vt 0.328691 0.000000
vt 0.267409 0.000000
vt 0.075209 0.000000
vt 0.264624 0.000000
vt 0.331476 0.000000
vt 0.456825 0.000000
vt 0.261838 0.000000
vt 0.334262 0.000000
vt 0.259053 0.000000
vt 0.337047 0.000000
vt 0.454039 0.000000
vt 0.256267 0.000000
vt 0.253482 0.000000
vt 0.451253 0.000000
vt 0.077994 0.000000
vt 0.339833 0.000000
vt 0.250696 0.000000
vt 0.448468 0.000000
vt 0.247911 0.000000
vt 0.342618 0.000000
vt 0.245125 0.000000
vt 0.445682 0.000000
vt 0.345404 0.000000
vt 0.242340 0.000000
vt 0.080780 0.000000
vt 0.442897 0.000000
vt 0.348189 0.000000
vt 0.239554 0.000000
vt 0.440111 0.000000
vt 0.350975 0.000000
vt 0.236769 0.000000
vt 0.353760 0.000000
vt 0.437326 0.000000
vt 0.233983 0.000000
vt 0.356546 0.000000
vt 0.083565 0.000000
vt 0.231198 0.000000
vt 0.434540 0.000000
vt 0.359331 0.000000
vt 0.228412 0.000000
vt 0.225627 0.000000
vt 0.362117 0.000000
vt 0.431755 0.000000
vt 0.222841 0.000000
vt 0.364902 0.000000
vt 0.367688 0.000000
vt 0.220056 0.000000
vt 0.370474 0.000000
vt 0.428969 0.000000
vt 0.217270 0.000000
vt 0.214485 0.000000
vt 0.373259 0.000000
vt 0.086351 0.000000
vt 0.211699 0.000000
vt 0.426184 0.000000
vt 0.208914 0.000000
vt 0.376045 0.000000
vt 0.206128 0.000000
vt 0.423398 0.000000
vt 0.203343 0.000000
vt 0.378830 0.000000
vt 0.200557 0.000000
vt 0.420613 0.000000
vt 0.381616 0.000000
vt 0.197772 0.000000
vt 0.417827 0.000000
vt 0.384401 0.000000
vt 0.415042 0.000000
vt 0.387187 0.000000
vt 0.089136 0.000000
vt 0.412256 0.000000
vt 0.389972 0.000000
vt 0.409471 0.000000
vt 0.392758 0.000000
vt 0.406685 0.000000
vt 0.395543 0.000000
vt 0.403900 0.000000
vt 0.398329 0.000000
vt 0.401114 0.000000
vt 0.194986 0.000000
vt 0.091922 0.000000
vt 0.192201 0.000000
vt 0.094708 0.000000
vt 0.189415 0.000000
vt 0.186630 0.000000
vt 0.097493 0.000000
vt 0.183844 0.000000
vt 0.100279 0.000000
vt 0.181058 0.000000
vt 0.103064 0.000000
vt 0.178273 0.000000
vt 0.175487 0.000000
vt 0.105850 0.000000
vt 0.172702 0.000000
vt 0.108635 0.000000
vt 0.169916 0.000000
vt 0.111421 0.000000
vt 0.167131 0.000000
vt 0.164345 0.000000
vt 0.114206 0.000000
vt 0.161560 0.000000
vt 0.116992 0.000000
vt 0.158774 0.000000
vt 0.155989 0.000000
vt 0.119777 0.000000
vt 0.153203 0.000000
vt 0.122563 0.000000
vt 0.150418 0.000000
vt 0.147632 0.000000
vt 0.125348 0.000000
vt 0.144847 0.000000
vt 0.128134 0.000000
vt 0.142061 0.000000
vt 0.139276 0.000000
vt 0.130919 0.000000
vt 0.136490 0.000000
vt 0.133705 0.000000
vt 0.308901 0.000000
vt 0.319372 0.000000
vt 0.314136 0.000000
vt 0.324607 0.000000
vt 0.303665 0.000000
vt 0.329843 0.000000
vt 0.298429 0.000000
vt 0.335079 0.000000
vt 0.293194 0.000000
vt 0.340314 0.000000
vt 0.287958 0.000000
vt 0.345550 0.000000
vt 0.282723 0.000000
vt 0.350785 0.000000
vt 0.277487 0.000000
vt 0.356021 0.000000
vt 0.272251 0.000000
vt 0.361257 0.000000
vt 0.267016 0.000000
vt 0.366492 0.000000
vt 0.261780 0.000000
vt 0.371728 0.000000
vt 0.256545 0.000000
vt 0.376963 0.000000
vt 0.251309 0.000000
vt 0.565445 0.000000
vt 0.382199 0.000000
vt 0.246073 0.000000
vt 0.570681 0.000000
vt 0.560209 0.000000
vt 0.554974 0.000000
vt 0.575916 0.000000
vt 0.549738 0.000000
vt 0.387435 0.000000
vt 0.581152 0.000000
vt 0.544503 0.000000
vt 0.586387 0.000000
vt 0.539267 0.000000
vt 0.591623 0.000000
vt 0.534031 0.000000
vt 0.596859 0.000000
vt 0.528796 0.000000
vt 0.240838 0.000000
vt 0.392670 0.000000
vt 0.602094 0.000000
vt 0.523560 0.000000
vt 0.518325 0.000000
vt 0.607330 0.000000
vt 0.513089 0.000000
vt 0.612565 0.000000
vt 0.235602 0.000000
vt 0.397906 0.000000
vt 0.507853 0.000000
vt 0.617801 0.000000
vt 0.502618 0.000000
vt 0.403141 0.000000
vt 0.230366 0.000000
vt 0.623037 0.000000
vt 0.628272 0.000000
vt 0.994764 0.000000
vt 0.408377 0.000000
vt 0.225131 0.000000
vt 0.633508 0.000000
vt 0.989529 0.000000
vt 0.638743 0.000000
vt 0.984293 0.000000
vt 0.413613 0.000000
vt 0.219895 0.000000
vt 0.643979 0.000000
vt 0.979058 0.000000
vt 0.418848 0.000000
vt 0.214660 0.000000
vt 0.649215 0.000000
vt 0.973822 0.000000
vt 0.654450 0.000000
vt 0.424084 0.000000
vt 0.968586 0.000000
vt 0.209424 0.000000
vt 0.659686 0.000000
vt 0.963351 0.000000
vt 0.429319 0.000000
vt 0.664921 0.000000
vt 0.204188 0.000000
vt 0.958115 0.000000
vt 0.670157 0.000000
vt 0.434555 0.000000
vt 0.198953 0.000000
vt 0.952880 0.000000
vt 0.675393 0.000000
vt 0.680628 0.000000
vt 0.439791 0.000000
vt 0.947644 0.000000
vt 0.193717 0.000000
vt 0.685864 0.000000
vt 0.942408 0.000000
vt 0.445026 0.000000
vt 0.188482 0.000000
vt 0.691099 0.000000
vt 0.937173 0.000000
vt 0.696335 0.000000
vt 0.183246 0.000000
vt 0.450262 0.000000
vt 0.931937 0.000000
vt 0.701571 0.000000
vt 0.178010 0.000000
vt 0.706806 0.000000
vt 0.926702 0.000000
vt 0.455497 0.000000
vt 0.712042 0.000000
vt 0.172775 0.000000
vt 0.921466 0.000000
vt 0.717277 0.000000
vt 0.460733 0.000000
vt 0.916230 0.000000
vt 0.167539 0.000000
vt 0.722513 0.000000
vt 0.910995 0.000000
vt 0.727749 0.000000
vt 0.162304 0.000000
vt 0.465969 0.000000
vt 0.732984 0.000000
vt 0.905759 0.000000
vt 0.157068 0.000000
vt 0.738220 0.000000
vt 0.471204 0.000000
vt 0.900524 0.000000
vt 0.743455 0.000000
vt 0.151832 0.000000
vt 0.895288 0.000000
vt 0.748691 0.000000
vt 0.476440 0.000000
vt 0.753927 0.000000
vt 0.890052 0.000000
vt 0.146597 0.000000
vt 0.759162 0.000000
vt 0.884817 0.000000
vt 0.481675 0.000000
vt 0.141361 0.000000
vt 0.764398 0.000000
vt 0.879581 0.000000
vt 0.874346 0.000000
vt 0.769634 0.000000
vt 0.136126 0.000000
vt 0.486911 0.000000
vt 0.869110 0.000000
vt 0.774869 0.000000
vt 0.863874 0.000000
vt 0.130890 0.000000
vt 0.780105 0.000000
vt 0.492147 0.000000
vt 0.858639 0.000000
vt 0.785340 0.000000
vt 0.853403 0.000000
vt 0.125654 0.000000
vt 0.790576 0.000000
vt 0.848168 0.000000
vt 0.497382 0.000000
vt 0.842932 0.000000
vt 0.795812 0.000000
vt 0.120419 0.000000
vt 0.837696 0.000000
vt 0.801047 0.000000
vt 0.832461 0.000000
vt 0.806283 0.000000
vt 0.827225 0.000000
vt 0.811518 0.000000
vt 0.821990 0.000000
vt 0.816754 0.000000
vt 0.115183 0.000000
vt 0.005236 0.000000
vt 0.109948 0.000000
vt 0.010471 0.000000
vt 0.104712 0.000000
vt 0.015707 0.000000
vt 0.099476 0.000000
vt 0.020942 0.000000
vt 0.026178 0.000000
vt 0.094241 0.000000
vt 0.031414 0.000000
vt 0.089005 0.000000
vt 0.036649 0.000000
vt 0.083770 0.000000
vt 0.041885 0.000000
vt 0.078534 0.000000
vt 0.047120 0.000000
vt 0.073298 0.000000
vt 0.052356 0.000000
vt 0.068063 0.000000
vt 0.057592 0.000000
vt 0.062827 0.000000
vt 0.405573 0.000000
vt 0.411765 0.000000
vt 0.408669 0.000000
vt 0.414861 0.000000
vt 0.402477 0.000000
vt 0.417957 0.000000
vt 0.421053 0.000000
vt 0.399381 0.000000
vt 0.424149 0.000000
vt 0.396285 0.000000
vt 0.427245 0.000000
vt 0.430341 0.000000
vt 0.393189 0.000000
vt 0.433437 0.000000
vt 0.436532 0.000000
vt 0.390093 0.000000
vt 0.439628 0.000000
vt 0.386997 0.000000
vt 0.442724 0.000000
vt 0.888545 0.000000
vt 0.894737 0.000000
vt 0.891641 0.000000
vt 0.897833 0.000000
vt 0.885449 0.000000
vt 0.900929 0.000000
vt 0.882353 0.000000
vt 0.445820 0.000000
vt 0.904025 0.000000
vt 0.383901 0.000000
vt 0.879257 0.000000
vt 0.907121 0.000000
vt 0.876161 0.000000
vt 0.448916 0.000000
vt 0.910217 0.000000
vt 0.873065 0.000000
vt 0.913313 0.000000
vt 0.380805 0.000000
vt 0.452012 0.000000
vt 0.916409 0.000000
vt 0.869969 0.000000
vt 0.455108 0.000000
vt 0.919505 0.000000
vt 0.866873 0.000000
vt 0.377709 0.000000
vt 0.922601 0.000000
vt 0.458204 0.000000
vt 0.863777 0.000000
vt 0.925697 0.000000
vt 0.461300 0.000000
vt 0.374613 0.000000
vt 0.860681 0.000000
vt 0.928793 0.000000
vt 0.464396 0.000000
vt 0.857585 0.000000
vt 0.931889 0.000000
vt 0.371517 0.000000
vt 0.467492 0.000000
vt 0.934985 0.000000
vt 0.854489 0.000000
vt 0.470588 0.000000
vt 0.938080 0.000000
vt 0.368421 0.000000
vt 0.473684 0.000000
vt 0.851393 0.000000
vt 0.941176 0.000000
vt 0.944272 0.000000
vt 0.476780 0.000000
vt 0.848297 0.000000
vt 0.365325 0.000000
vt 0.947368 0.000000
vt 0.845201 0.000000
vt 0.479876 0.000000
vt 0.950464 0.000000
vt 0.362229 0.000000
vt 0.842105 0.000000
vt 0.953560 0.000000
vt 0.482972 0.000000
vt 0.359133 0.000000
vt 0.956656 0.000000
vt 0.839009 0.000000
vt 0.486068 0.000000
vt 0.959752 0.000000
vt 0.835913 0.000000
vt 0.356037 0.000000
vt 0.489164 0.000000
vt 0.962848 0.000000
vt 0.832817 0.000000
vt 0.965944 0.000000
vt 0.492260 0.000000
vt 0.352941 0.000000
vt 0.829721 0.000000
vt 0.969040 0.000000
vt 0.495356 0.000000
vt 0.349845 0.000000
vt 0.826625 0.000000
vt 0.823529 0.000000
vt 0.498452 0.000000
vt 0.346749 0.000000
vt 0.820433 0.000000
vt 0.501548 0.000000
vt 0.343653 0.000000
vt 0.817337 0.000000
vt 0.814241 0.000000
vt 0.340557 0.000000
vt 0.504644 0.000000
vt 0.337461 0.000000
vt 0.507740 0.000000
vt 0.972136 0.000000
vt 0.334365 0.000000
vt 0.510836 0.000000
vt 0.331269 0.000000
vt 0.328173 0.000000
vt 0.513932 0.000000
vt 0.325077 0.000000
vt 0.321981 0.000000
vt 0.517028 0.000000
vt 0.811145 0.000000
vt 0.318885 0.000000
vt 0.315789 0.000000
vt 0.975232 0.000000
vt 0.520124 0.000000
vt 0.312694 0.000000
vt 0.309598 0.000000
vt 0.523220 0.000000
vt 0.306502 0.000000
vt 0.303406 0.000000
vt 0.526316 0.000000
vt 0.300310 0.000000
vt 0.808050 0.000000
vt 0.529412 0.000000
vt 0.978328 0.000000
vt 0.297214 0.000000
vt 0.532508 0.000000
vt 0.294118 0.000000
vt 0.291022 0.000000
vt 0.535604 0.000000
vt 0.287926 0.000000
vt 0.538700 0.000000
vt 0.284830 0.000000
vt 0.981424 0.000000
vt 0.804954 0.000000
vt 0.541796 0.000000
vt 0.281734 0.000000
vt 0.278638 0.000000
vt 0.544892 0.000000
vt 0.275542 0.000000
vt 0.547988 0.000000
vt 0.272446 0.000000
vt 0.551084 0.000000
vt 0.269350 0.000000
vt 0.266254 0.000000
vt 0.984520 0.000000
vt 0.554180 0.000000
vt 0.263158 0.000000
vt 0.801858 0.000000
vt 0.557276 0.000000
vt 0.260062 0.000000
vt 0.256966 0.000000
vt 0.560372 0.000000
vt 0.253870 0.000000
vt 0.563468 0.000000
vt 0.250774 0.000000
vt 0.566563 0.000000
vt 0.247678 0.000000
vt 0.569659 0.000000
vt 0.987616 0.000000
vt 0.244582 0.000000
vt 0.572755 0.000000
vt 0.798762 0.000000
vt 0.241486 0.000000
vt 0.575851 0.000000
vt 0.238390 0.000000
vt 0.578947 0.000000
vt 0.235294 0.000000
vt 0.582043 0.000000
vt 0.990712 0.000000
vt 0.232198 0.000000
vt 0.585139 0.000000
vt 0.229102 0.000000
vt 0.588235 0.000000
vt 0.795666 0.000000
vt 0.226006 0.000000
vt 0.591331 0.000000
vt 0.222910 0.000000
vt 0.594427 0.000000
vt 0.993808 0.000000
vt 0.219814 0.000000
vt 0.597523 0.000000
vt 0.792570 0.000000
vt 0.216718 0.000000
vt 0.600619 0.000000
vt 0.996904 0.000000
vt 0.213622 0.000000
vt 0.603715 0.000000
vt 0.210526 0.000000
vt 0.606811 0.000000
vt 0.207430 0.000000
vt 0.609907 0.000000
vt 0.789474 0.000000
vt 0.204334 0.000000
vt 0.613003 0.000000
vt 0.201238 0.000000
vt 0.616099 0.000000
vt 0.198142 0.000000
vt 0.619195 0.000000
vt 0.195046 0.000000
vt 0.622291 0.000000
vt 0.786378 0.000000
vt 0.191950 0.000000
vt 0.625387 0.000000
vt 0.188854 0.000000
vt 0.628483 0.000000
vt 0.185759 0.000000
vt 0.631579 0.000000
vt 0.182663 0.000000
vt 0.634675 0.000000
vt 0.003096 0.000000
vt 0.783282 0.000000
vt 0.637771 0.000000
vt 0.640867 0.000000
vt 0.780186 0.000000
vt 0.006192 0.000000
vt 0.643963 0.000000
vt 0.179567 0.000000
vt 0.777090 0.000000
vt 0.647059 0.000000
vt 0.009288 0.000000
vt 0.650155 0.000000
vt 0.653251 0.000000
vt 0.176471 0.000000
vt 0.773994 0.000000
vt 0.012384 0.000000
vt 0.656347 0.000000
vt 0.659443 0.000000
vt 0.662539 0.000000
vt 0.015480 0.000000
vt 0.770898 0.000000
vt 0.173375 0.000000
vt 0.665635 0.000000
vt 0.668731 0.000000
vt 0.018576 0.000000
vt 0.671827 0.000000
vt 0.767802 0.000000
vt 0.170279 0.000000
vt 0.674923 0.000000
vt 0.021672 0.000000
vt 0.678019 0.000000
vt 0.764706 0.000000
vt 0.681115 0.000000
vt 0.024768 0.000000
vt 0.167183 0.000000
vt 0.684211 0.000000
vt 0.761610 0.000000
vt 0.687307 0.000000
vt 0.027864 0.000000
vt 0.690402 0.000000
vt 0.758514 0.000000
vt 0.164087 0.000000
vt 0.693498 0.000000
vt 0.030960 0.000000
vt 0.696594 0.000000
vt 0.755418 0.000000
vt 0.699690 0.000000
vt 0.702786 0.000000
vt 0.160991 0.000000
vt 0.034056 0.000000
vt 0.752322 0.000000
vt 0.705882 0.000000
vt 0.708978 0.000000
vt 0.712074 0.000000
vt 0.749226 0.000000
vt 0.715170 0.000000
vt 0.718266 0.000000
vt 0.721362 0.000000
vt 0.724458 0.000000
vt 0.746130 0.000000
vt 0.037152 0.000000
vt 0.727554 0.000000
vt 0.730650 0.000000
vt 0.733746 0.000000
vt 0.736842 0.000000
vt 0.743034 0.000000
vt 0.739938 0.000000
vt 0.157895 0.000000
vt 0.040248 0.000000
vt 0.043344 0.000000
vt 0.154799 0.000000
vt 0.046440 0.000000
vt 0.049536 0.000000
vt 0.052632 0.000000
vt 0.151703 0.000000
vt 0.055728 0.000000
vt 0.058824 0.000000
vt 0.061920 0.000000
vt 0.148607 0.000000
vt 0.065015 0.000000
vt 0.068111 0.000000
vt 0.071207 0.000000
vt 0.145511 0.000000
vt 0.074303 0.000000
vt 0.142415 0.000000
vt 0.077399 0.000000
vt 0.139319 0.000000
vt 0.080495 0.000000
vt 0.083591 0.000000
vt 0.136223 0.000000
vt 0.086687 0.000000
vt 0.133127 0.000000
vt 0.089783 0.000000
vt 0.130031 0.000000
vt 0.092879 0.000000
vt 0.126935 0.000000
vt 0.095975 0.000000
vt 0.123839 0.000000
vt 0.099071 0.000000
vt 0.120743 0.000000
vt 0.102167 0.000000
vt 0.117647 0.000000
vt 0.105263 0.000000
vt 0.114551 0.000000
vt 0.108359 0.000000
vt 0.111455 0.000000
vt 0.705285 0.000000
vt 0.709350 0.000000
vt 0.707317 0.000000
vt 0.703252 0.000000
vt 0.711382 0.000000
vt 0.701219 0.000000
vt 0.713415 0.000000
vt 0.699187 0.000000
vt 0.715447 0.000000
vt 0.697154 0.000000
vt 0.717480 0.000000
vt 0.695122 0.000000
vt 0.719512 0.000000
vt 0.951219 0.000000
vt 0.955285 0.000000
vt 0.953252 0.000000
vt 0.957317 0.000000
vt 0.949187 0.000000
vt 0.959350 0.000000
vt 0.961382 0.000000
vt 0.693089 0.000000
vt 0.721545 0.000000
vt 0.947154 0.000000
vt 0.963415 0.000000
vt 0.691057 0.000000
vt 0.723577 0.000000
vt 0.965447 0.000000
vt 0.945122 0.000000
vt 0.967480 0.000000
vt 0.689024 0.000000
vt 0.725610 0.000000
vt 0.969512 0.000000
vt 0.943089 0.000000
vt 0.686992 0.000000
vt 0.727642 0.000000
vt 0.971545 0.000000
vt 0.684959 0.000000
vt 0.729675 0.000000
vt 0.973577 0.000000
vt 0.941057 0.000000
vt 0.975610 0.000000
vt 0.682927 0.000000
vt 0.731707 0.000000
vt 0.977642 0.000000
vt 0.939024 0.000000
vt 0.680894 0.000000
vt 0.733740 0.000000
vt 0.979675 0.000000
vt 0.678862 0.000000
vt 0.735772 0.000000
vt 0.981707 0.000000
vt 0.936992 0.000000
vt 0.676829 0.000000
vt 0.737805 0.000000
vt 0.983740 0.000000
vt 0.674797 0.000000
vt 0.739837 0.000000
vt 0.934959 0.000000
vt 0.985772 0.000000
vt 0.672764 0.000000
vt 0.741870 0.000000
vt 0.987805 0.000000
vt 0.670732 0.000000
vt 0.743902 0.000000
vt 0.932927 0.000000
vt 0.989837 0.000000
vt 0.668699 0.000000
vt 0.745935 0.000000
vt 0.991870 0.000000
vt 0.666667 0.000000
vt 0.747967 0.000000
vt 0.930894 0.000000
vt 0.993902 0.000000
vt 0.664634 0.000000
vt 0.750000 0.000000
vt 0.995935 0.000000
vt 0.662602 0.000000
vt 0.752033 0.000000
vt 0.997967 0.000000
vt 0.928862 0.000000
vt 0.660569 0.000000
vt 0.754065 0.000000
vt 0.658537 0.000000
vt 0.756098 0.000000
vt 0.926829 0.000000
vt 0.656504 0.000000
vt 0.758130 0.000000
vt 0.002033 0.000000
vt 0.004065 0.000000
vt 0.006098 0.000000
vt 0.760163 0.000000
vt 0.008130 0.000000
vt 0.924797 0.000000
vt 0.010163 0.000000
vt 0.012195 0.000000
vt 0.014228 0.000000
vt 0.654472 0.000000
vt 0.016260 0.000000
vt 0.018293 0.000000
vt 0.762195 0.000000
vt 0.020325 0.000000
vt 0.022358 0.000000
vt 0.922764 0.000000
vt 0.024390 0.000000
vt 0.026423 0.000000
vt 0.764228 0.000000
vt 0.652439 0.000000
vt 0.920732 0.000000
vt 0.028455 0.000000
vt 0.766260 0.000000
vt 0.030488 0.000000
vt 0.918699 0.000000
vt 0.032520 0.000000
vt 0.650406 0.000000
vt 0.768293 0.000000
vt 0.916667 0.000000
vt 0.034553 0.000000
vt 0.914634 0.000000
vt 0.036585 0.000000
vt 0.770325 0.000000
vt 0.648374 0.000000
vt 0.038618 0.000000
vt 0.912602 0.000000
vt 0.772358 0.000000
vt 0.040650 0.000000
vt 0.910569 0.000000
vt 0.042683 0.000000
vt 0.646341 0.000000
vt 0.044715 0.000000
vt 0.774390 0.000000
vt 0.908537 0.000000
vt 0.046748 0.000000
vt 0.906504 0.000000
vt 0.048780 0.000000
vt 0.776423 0.000000
vt 0.644309 0.000000
vt 0.050813 0.000000
vt 0.904472 0.000000
vt 0.052846 0.000000
vt 0.054878 0.000000
vt 0.902439 0.000000
vt 0.056911 0.000000
vt 0.778455 0.000000
vt 0.058943 0.000000
vt 0.060976 0.000000
vt 0.642276 0.000000
vt 0.063008 0.000000
vt 0.780488 0.000000
vt 0.065041 0.000000
vt 0.067073 0.000000
vt 0.069106 0.000000
vt 0.900406 0.000000
vt 0.640244 0.000000
vt 0.782520 0.000000
vt 0.071138 0.000000
vt 0.073171 0.000000
vt 0.075203 0.000000
vt 0.784553 0.000000
vt 0.077236 0.000000
vt 0.638211 0.000000
vt 0.898374 0.000000
vt 0.079268 0.000000
vt 0.081301 0.000000
vt 0.786585 0.000000
vt 0.083333 0.000000
vt 0.085366 0.000000
vt 0.788618 0.000000
vt 0.087398 0.000000
vt 0.636179 0.000000
vt 0.089431 0.000000
vt 0.896341 0.000000
vt 0.091463 0.000000
vt 0.093496 0.000000
vt 0.790650 0.000000
vt 0.095528 0.000000
vt 0.097561 0.000000
vt 0.099593 0.000000
vt 0.792683 0.000000
vt 0.634146 0.000000
vt 0.894309 0.000000
vt 0.101626 0.000000
vt 0.794715 0.000000
vt 0.103659 0.000000
vt 0.796748 0.000000
vt 0.892276 0.000000
vt 0.632114 0.000000
vt 0.105691 0.000000
vt 0.798781 0.000000
vt 0.107724 0.000000
vt 0.890244 0.000000
vt 0.800813 0.000000
vt 0.630081 0.000000
vt 0.802846 0.000000
vt 0.109756 0.000000
vt 0.888211 0.000000
vt 0.804878 0.000000
vt 0.111789 0.000000
vt 0.806911 0.000000
vt 0.808943 0.000000
vt 0.886179 0.000000
vt 0.810976 0.000000
vt 0.628049 0.000000
vt 0.813008 0.000000
vt 0.113821 0.000000
vt 0.815041 0.000000
vt 0.817073 0.000000
vt 0.884146 0.000000
vt 0.819106 0.000000
vt 0.821138 0.000000
vt 0.115854 0.000000
vt 0.626016 0.000000
vt 0.882114 0.000000
vt 0.823171 0.000000
vt 0.825203 0.000000
vt 0.880081 0.000000
vt 0.117886 0.000000
vt 0.827236 0.000000
vt 0.878049 0.000000
vt 0.876016 0.000000
vt 0.873984 0.000000
vt 0.871951 0.000000
vt 0.829268 0.000000
vt 0.623984 0.000000
vt 0.869919 0.000000
vt 0.867886 0.000000
vt 0.865854 0.000000
vt 0.831301 0.000000
vt 0.863821 0.000000
vt 0.119919 0.000000
vt 0.861789 0.000000
vt 0.833333 0.000000
vt 0.859756 0.000000
vt 0.857724 0.000000
vt 0.835366 0.000000
vt 0.855691 0.000000
vt 0.621951 0.000000
vt 0.853659 0.000000
vt 0.837398 0.000000
vt 0.121951 0.000000
vt 0.839431 0.000000
vt 0.841463 0.000000
vt 0.619919 0.000000
vt 0.843496 0.000000
vt 0.123984 0.000000
vt 0.845528 0.000000
vt 0.847561 0.000000
vt 0.849594 0.000000
vt 0.851626 0.000000
vt 0.617886 0.000000
vt 0.126016 0.000000
vt 0.615854 0.000000
vt 0.128049 0.000000
vt 0.613821 0.000000
vt 0.130081 0.000000
vt 0.611789 0.000000
vt 0.132114 0.000000
vt 0.609756 0.000000
vt 0.134146 0.000000
vt 0.607724 0.000000
vt 0.365854 0.000000
vt 0.136179 0.000000
vt 0.605691 0.000000
vt 0.367886 0.000000
vt 0.363821 0.000000
vt 0.369919 0.000000
vt 0.371951 0.000000
vt 0.373984 0.000000
vt 0.138211 0.000000
vt 0.361789 0.000000
vt 0.603659 0.000000
vt 0.376016 0.000000
vt 0.378049 0.000000
vt 0.359756 0.000000
vt 0.380081 0.000000
vt 0.382114 0.000000
vt 0.357724 0.000000
vt 0.384146 0.000000
vt 0.140244 0.000000
vt 0.601626 0.000000
vt 0.386179 0.000000
vt 0.355691 0.000000
vt 0.388211 0.000000
vt 0.353659 0.000000
vt 0.390244 0.000000
vt 0.351626 0.000000
vt 0.142276 0.000000
vt 0.392276 0.000000
vt 0.599594 0.000000
vt 0.394309 0.000000
vt 0.349593 0.000000
vt 0.396341 0.000000
vt 0.347561 0.000000
vt 0.398374 0.000000
vt 0.144309 0.000000
vt 0.400407 0.000000
vt 0.345528 0.000000
vt 0.597561 0.000000
vt 0.402439 0.000000
vt 0.343496 0.000000
vt 0.404472 0.000000
vt 0.146341 0.000000
vt 0.406504 0.000000
vt 0.341463 0.000000
vt 0.408537 0.000000
vt 0.595528 0.000000
vt 0.339431 0.000000
vt 0.148374 0.000000
vt 0.410569 0.000000
vt 0.412602 0.000000
vt 0.150407 0.000000
vt 0.337398 0.000000
vt 0.414634 0.000000
vt 0.416667 0.000000
vt 0.593496 0.000000
vt 0.152439 0.000000
vt 0.335366 0.000000
vt 0.418699 0.000000
vt 0.154472 0.000000
vt 0.333333 0.000000
vt 0.420732 0.000000
vt 0.591463 0.000000
vt 0.156504 0.000000
vt 0.331301 0.000000
vt 0.422764 0.000000
vt 0.158537 0.000000
vt 0.329268 0.000000
vt 0.424797 0.000000
vt 0.589431 0.000000
vt 0.160569 0.000000
vt 0.327236 0.000000
vt 0.426829 0.000000
vt 0.587398 0.000000
vt 0.162602 0.000000
vt 0.428862 0.000000
vt 0.325203 0.000000
vt 0.430894 0.000000
vt 0.164634 0.000000
vt 0.323171 0.000000
vt 0.585366 0.000000
vt 0.166667 0.000000
vt 0.432927 0.000000
vt 0.321138 0.000000
vt 0.168699 0.000000
vt 0.434959 0.000000
vt 0.319106 0.000000
vt 0.583333 0.000000
vt 0.170732 0.000000
vt 0.317073 0.000000
vt 0.436992 0.000000
vt 0.581301 0.000000
vt 0.172764 0.000000
vt 0.315041 0.000000
vt 0.439024 0.000000
vt 0.579268 0.000000
vt 0.174797 0.000000
vt 0.313008 0.000000
vt 0.441057 0.000000
vt 0.176829 0.000000
vt 0.310976 0.000000
vt 0.577236 0.000000
vt 0.443089 0.000000
vt 0.178862 0.000000
vt 0.308943 0.000000
vt 0.445122 0.000000
vt 0.575203 0.000000
vt 0.180894 0.000000
vt 0.306911 0.000000
vt 0.447154 0.000000
vt 0.573171 0.000000
vt 0.182927 0.000000
vt 0.304878 0.000000
vt 0.449187 0.000000
vt 0.184959 0.000000
vt 0.302846 0.000000
vt 0.571138 0.000000
vt 0.451219 0.000000
vt 0.186992 0.000000
vt 0.300813 0.000000
vt 0.453252 0.000000
vt 0.569106 0.000000
vt 0.189024 0.000000
vt 0.298781 0.000000
vt 0.455285 0.000000
vt 0.191057 0.000000
vt 0.567073 0.000000
vt 0.296748 0.000000
vt 0.193089 0.000000
vt 0.457317 0.000000
vt 0.294715 0.000000
vt 0.565041 0.000000
vt 0.195122 0.000000
vt 0.292683 0.000000
vt 0.459350 0.000000
vt 0.197154 0.000000
vt 0.290650 0.000000
vt 0.563008 0.000000
vt 0.461382 0.000000
vt 0.199187 0.000000
vt 0.288618 0.000000
vt 0.201220 0.000000
vt 0.286585 0.000000
vt 0.560976 0.000000
vt 0.463415 0.000000
vt 0.203252 0.000000
vt 0.284553 0.000000
vt 0.205285 0.000000
vt 0.282520 0.000000
vt 0.558943 0.000000
vt 0.465447 0.000000
vt 0.207317 0.000000
vt 0.280488 0.000000
vt 0.556911 0.000000
vt 0.467480 0.000000
vt 0.209350 0.000000
vt 0.278455 0.000000
vt 0.554878 0.000000
vt 0.469512 0.000000
vt 0.211382 0.000000
vt 0.276423 0.000000
vt 0.552846 0.000000
vt 0.471545 0.000000
vt 0.213415 0.000000
vt 0.274390 0.000000
vt 0.215447 0.000000
vt 0.272358 0.000000
vt 0.550813 0.000000
vt 0.473577 0.000000
vt 0.217480 0.000000
vt 0.270325 0.000000
vt 0.548781 0.000000
vt 0.475610 0.000000
vt 0.219512 0.000000
vt 0.268293 0.000000
vt 0.546748 0.000000
vt 0.477642 0.000000
vt 0.221545 0.000000
vt 0.266260 0.000000
vt 0.544715 0.000000
vt 0.479675 0.000000
vt 0.223577 0.000000
vt 0.264228 0.000000
vt 0.225610 0.000000
vt 0.542683 0.000000
vt 0.481707 0.000000
vt 0.262195 0.000000
vt 0.227642 0.000000
vt 0.260163 0.000000
vt 0.540650 0.000000
vt 0.483740 0.000000
vt 0.229675 0.000000
vt 0.258130 0.000000
vt 0.231707 0.000000
vt 0.256098 0.000000
vt 0.538618 0.000000
vt 0.485772 0.000000
vt 0.233740 0.000000
vt 0.254065 0.000000
vt 0.235772 0.000000
vt 0.252033 0.000000
vt 0.536585 0.000000
vt 0.487805 0.000000
vt 0.237805 0.000000
vt 0.250000 0.000000
vt 0.239837 0.000000
vt 0.247967 0.000000
vt 0.241870 0.000000
vt 0.245935 0.000000
vt 0.243902 0.000000
vt 0.534553 0.000000
vt 0.489837 0.000000
vt 0.532520 0.000000
vt 0.491870 0.000000
vt 0.530488 0.000000
vt 0.493902 0.000000
vt 0.528455 0.000000
vt 0.495935 0.000000
vt 0.526423 0.000000
vt 0.497967 0.000000
vt 0.524390 0.000000
vt 0.500000 0.000000
vt 0.522358 0.000000
vt 0.502033 0.000000
vt 0.520325 0.000000
vt 0.504065 0.000000
vt 0.518293 0.000000
vt 0.506098 0.000000
vt 0.516260 0.000000
vt 0.508130 0.000000
vt 0.514228 0.000000
vt 0.510163 0.000000
vt 0.512195 0.000000
vt 0.000000 1.000000
vt 0.002028 1.000000
vt 0.002028 0.000000
vt 0.004057 1.000000
vt 0.004057 0.000000
vt 0.006085 1.000000
vt 0.006085 0.000000
vt 0.008114 1.000000
vt 0.008114 0.000000
vt 0.010142 1.000000
vt 0.010142 0.000000
vt 0.012170 1.000000
vt 0.012170 0.000000
vt 0.014199 1.000000
vt 0.014199 0.000000
vt 0.016227 1.000000
vt 0.016227 0.000000
vt 0.018256 1.000000
vt 0.018256 0.000000
vt 0.020284 1.000000
vt 0.020284 0.000000
vt 0.022312 1.000000
vt 0.022312 0.000000
vt 0.024341 1.000000
vt 0.024341 0.000000
vt 0.026369 1.000000
vt 0.026369 0.000000
vt 0.028398 1.000000
vt 0.028398 0.000000
vt 0.030426 1.000000
vt 0.030426 0.000000
vt 0.032454 1.000000
vt 0.032454 0.000000
vt 0.034483 1.000000
vt 0.034483 0.000000
vt 0.036511 1.000000
vt 0.036511 0.000000
vt 0.038540 1.000000
vt 0.038540 0.000000
vt 0.040568 1.000000
vt 0.040568 0.000000
vt 0.042596 1.000000
vt 0.042596 0.000000
vt 0.044625 1.000000
vt 0.044625 0.000000
vt 0.046653 1.000000
vt 0.046653 0.000000
vt 0.048682 1.000000
vt 0.048682 0.000000
vt 0.050710 1.000000
vt 0.050710 0.000000
vt 0.052738 1.000000
vt 0.052738 0.000000
vt 0.054767 1.000000
vt 0.054767 0.000000
vt 0.056795 1.000000
vt 0.056795 0.000000
vt 0.058824 1.000000
vt 0.060852 1.000000
vt 0.060852 0.000000
vt 0.062880 1.000000
vt 0.062880 0.000000
vt 0.064909 1.000000
vt 0.064909 0.000000
vt 0.066937 1.000000
vt 0.066937 0.000000
vt 0.068966 1.000000
vt 0.068966 0.000000
vt 0.070994 1.000000
vt 0.070994 0.000000
vt 0.073022 1.000000
vt 0.073022 0.000000
vt 0.075051 1.000000
vt 0.075051 0.000000
vt 0.077079 1.000000
vt 0.077079 0.000000
vt 0.079108 1.000000
vt 0.079108 0.000000
vt 0.081136 1.000000
vt 0.081136 0.000000
vt 0.083164 1.000000
vt 0.083164 0.000000
vt 0.085193 1.000000
vt 0.085193 0.000000
vt 0.087221 1.000000
vt 0.087221 0.000000
vt 0.089249 1.000000
vt 0.089249 0.000000
vt 0.091278 1.000000
vt 0.091278 0.000000
vt 0.093306 1.000000
vt 0.093306 0.000000
vt 0.095335 1.000000
vt 0.095335 0.000000
vt 0.097363 1.000000
vt 0.097363 0.000000
vt 0.099391 1.000000
vt 0.099391 0.000000
vt 0.101420 1.000000
vt 0.101420 0.000000
vt 0.103448 1.000000
vt 0.103448 0.000000
vt 0.105477 1.000000
vt 0.105477 0.000000
vt 0.107505 1.000000
vt 0.107505 0.000000
vt 0.109533 1.000000
vt 0.109533 0.000000
vt 0.111562 1.000000
vt 0.111562 0.000000
vt 0.113590 1.000000
vt 0.113590 0.000000
vt 0.115619 1.000000
vt 0.115619 0.000000
vt 0.117647 1.000000
vt 0.119675 1.000000
vt 0.119675 0.000000
vt 0.121704 1.000000
vt 0.121704 0.000000
vt 0.123732 1.000000
vt 0.123732 0.000000
vt 0.125761 1.000000
vt 0.125761 0.000000
vt 0.127789 1.000000
vt 0.127789 0.000000
vt 0.129817 1.000000
vt 0.129817 0.000000
vt 0.131846 1.000000
vt 0.131846 0.000000
vt 0.133874 1.000000
vt 0.133874 0.000000
vt 0.135903 1.000000
vt 0.135903 0.000000
vt 0.137931 1.000000
vt 0.137931 0.000000
vt 0.139959 1.000000
vt 0.139959 0.000000
vt 0.141988 1.000000
vt 0.141988 0.000000
vt 0.144016 1.000000
vt 0.144016 0.000000
vt 0.146045 1.000000
vt 0.146045 0.000000
vt 0.148073 1.000000
vt 0.148073 0.000000
vt 0.150101 1.000000
vt 0.150101 0.000000
vt 0.152130 1.000000
vt 0.152130 0.000000
vt 0.154158 1.000000
vt 0.154158 0.000000
vt 0.156187 1.000000
vt 0.156187 0.000000
vt 0.158215 1.000000
vt 0.158215 0.000000
vt 0.160243 1.000000
vt 0.160243 0.000000
vt 0.162272 1.000000
vt 0.162272 0.000000
vt 0.164300 1.000000
vt 0.164300 0.000000
vt 0.166329 1.000000
vt 0.166329 0.000000
vt 0.168357 1.000000
vt 0.168357 0.000000
vt 0.170385 1.000000
vt 0.170385 0.000000
vt 0.172414 1.000000
vt 0.172414 0.000000
vt 0.174442 1.000000
vt 0.174442 0.000000
vt 0.176471 1.000000
vt 0.178499 1.000000
vt 0.178499 0.000000
vt 0.180527 1.000000
vt 0.180527 0.000000
vt 0.182556 1.000000
vt 0.182556 0.000000
vt 0.184584 1.000000
vt 0.184584 0.000000
vt 0.186613 1.000000
vt 0.186613 0.000000
vt 0.188641 1.000000
vt 0.188641 0.000000
vt 0.190669 1.000000
vt 0.190669 0.000000
vt 0.192698 1.000000
vt 0.192698 0.000000
vt 0.194726 1.000000
vt 0.194726 0.000000
vt 0.196755 1.000000
vt 0.196755 0.000000
vt 0.198783 1.000000
vt 0.198783 0.000000
vt 0.200811 1.000000
vt 0.200811 0.000000
vt 0.202840 1.000000
vt 0.202840 0.000000
vt 0.204868 1.000000
vt 0.204868 0.000000
vt 0.206897 1.000000
vt 0.206897 0.000000
vt 0.208925 1.000000
vt 0.208925 0.000000
vt 0.210953 1.000000
vt 0.210953 0.000000
vt 0.212982 1.000000
vt 0.212982 0.000000
vt 0.215010 1.000000
vt 0.215010 0.000000
vt 0.217039 1.000000
vt 0.217039 0.000000
vt 0.219067 1.000000
vt 0.219067 0.000000
vt 0.221095 1.000000
vt 0.221095 0.000000
vt 0.223124 1.000000
vt 0.223124 0.000000
vt 0.225152 1.000000
vt 0.225152 0.000000
vt 0.227181 1.000000
vt 0.227181 0.000000
vt 0.229209 1.000000
vt 0.229209 0.000000
vt 0.231237 1.000000
vt 0.231237 0.000000
vt 0.233266 1.000000
vt 0.233266 0.000000
vt 0.235294 1.000000
vt 0.237323 1.000000
vt 0.237323 0.000000
vt 0.239351 1.000000
vt 0.239351 0.000000
vt 0.241379 1.000000
vt 0.241379 0.000000
vt 0.243408 1.000000
vt 0.243408 0.000000
vt 0.245436 1.000000
vt 0.245436 0.000000
vt 0.247465 1.000000
vt 0.247465 0.000000
vt 0.249493 1.000000
vt 0.249493 0.000000
vt 0.251521 1.000000
vt 0.251521 0.000000
vt 0.253550 1.000000
vt 0.253550 0.000000
vt 0.255578 1.000000
vt 0.255578 0.000000
vt 0.257606 1.000000
vt 0.257606 0.000000
vt 0.259635 1.000000
vt 0.259635 0.000000
vt 0.261663 1.000000
vt 0.261663 0.000000
vt 0.263692 1.000000
vt 0.263692 0.000000
vt 0.265720 1.000000
vt 0.265720 0.000000
vt 0.267748 1.000000
vt 0.267748 0.000000
vt 0.269777 1.000000
vt 0.269777 0.000000
vt 0.271805 1.000000
vt 0.271805 0.000000
vt 0.273834 1.000000
vt 0.273834 0.000000
vt 0.275862 1.000000
vt 0.275862 0.000000
vt 0.277890 1.000000
vt 0.277890 0.000000
vt 0.279919 1.000000
vt 0.279919 0.000000
vt 0.281947 1.000000
vt 0.281947 0.000000
vt 0.283976 1.000000
vt 0.283976 0.000000
vt 0.286004 1.000000
vt 0.286004 0.000000
vt 0.288032 1.000000
vt 0.288032 0.000000
vt 0.290061 1.000000
vt 0.290061 0.000000
vt 0.292089 1.000000
vt 0.292089 0.000000
vt 0.294118 1.000000
vt 0.296146 1.000000
vt 0.296146 0.000000
vt 0.298174 1.000000
vt 0.298174 0.000000
vt 0.300203 1.000000
vt 0.300203 0.000000
vt 0.302231 1.000000
vt 0.302231 0.000000
vt 0.304260 1.000000
vt 0.304260 0.000000
vt 0.306288 1.000000
vt 0.306288 0.000000
vt 0.308316 1.000000
vt 0.308316 0.000000
vt 0.310345 1.000000
vt 0.310345 0.000000
vt 0.312373 1.000000
vt 0.312373 0.000000
vt 0.314402 1.000000
vt 0.314402 0.000000
vt 0.316430 1.000000
vt 0.316430 0.000000
vt 0.318458 1.000000
vt 0.318458 0.000000
vt 0.320487 1.000000
vt 0.320487 0.000000
vt 0.322515 1.000000
vt 0.322515 0.000000
vt 0.324544 1.000000
vt 0.324544 0.000000
vt 0.326572 1.000000
vt 0.326572 0.000000
vt 0.328600 1.000000
vt 0.328600 0.000000
vt 0.330629 1.000000
vt 0.330629 0.000000
vt 0.332657 1.000000
vt 0.332657 0.000000
vt 0.334686 1.000000
vt 0.334686 0.000000
vt 0.336714 1.000000
vt 0.336714 0.000000
vt 0.338742 1.000000
vt 0.338742 0.000000
vt 0.340771 1.000000
vt 0.340771 0.000000
vt 0.342799 1.000000
vt 0.342799 0.000000
vt 0.344828 1.000000
vt 0.344828 0.000000
vt 0.346856 1.000000
vt 0.346856 0.000000
vt 0.348884 1.000000
vt 0.348884 0.000000
vt 0.350913 1.000000
vt 0.350913 0.000000
vt 0.352941 1.000000
vt 0.354970 1.000000
vt 0.354970 0.000000
vt 0.356998 1.000000
vt 0.356998 0.000000
vt 0.359026 1.000000
vt 0.359026 0.000000
vt 0.361055 1.000000
vt 0.361055 0.000000
vt 0.363083 1.000000
vt 0.363083 0.000000
vt 0.365112 1.000000
vt 0.365112 0.000000
vt 0.367140 1.000000
vt 0.367140 0.000000
vt 0.369168 1.000000
vt 0.369168 0.000000
vt 0.371197 1.000000
vt 0.371197 0.000000
vt 0.373225 1.000000
vt 0.373225 0.000000
vt 0.375254 1.000000
vt 0.375254 0.000000
vt 0.377282 1.000000
vt 0.377282 0.000000
vt 0.379310 1.000000
vt 0.379310 0.000000
vt 0.381339 1.000000
vt 0.381339 0.000000
vt 0.383367 1.000000
vt 0.383367 0.000000
vt 0.385396 1.000000
vt 0.385396 0.000000
vt 0.387424 1.000000
vt 0.387424 0.000000
vt 0.389452 1.000000
vt 0.389452 0.000000
vt 0.391481 1.000000
vt 0.391481 0.000000
vt 0.393509 1.000000
vt 0.393509 0.000000
vt 0.395538 1.000000
vt 0.395538 0.000000
vt 0.397566 1.000000
vt 0.397566 0.000000
vt 0.399594 1.000000
vt 0.399594 0.000000
vt 0.401623 1.000000
vt 0.401623 0.000000
vt 0.403651 1.000000
vt 0.403651 0.000000
vt 0.405680 1.000000
vt 0.405680 0.000000
vt 0.407708 1.000000
vt 0.407708 0.000000
vt 0.409736 1.000000
vt 0.409736 0.000000
vt 0.411765 1.000000
vt 0.413793 1.000000
vt 0.413793 0.000000
vt 0.415821 1.000000
vt 0.415821 0.000000
vt 0.417850 1.000000
vt 0.417850 0.000000
vt 0.419878 1.000000
vt 0.419878 0.000000
vt 0.421907 1.000000
vt 0.421907 0.000000
vt 0.423935 1.000000
vt 0.423935 0.000000
vt 0.425963 1.000000
vt 0.425963 0.000000
vt 0.427992 1.000000
vt 0.427992 0.000000
vt 0.430020 1.000000
vt 0.430020 0.000000
vt 0.432049 1.000000
vt 0.432049 0.000000
vt 0.434077 1.000000
vt 0.434077 0.000000
vt 0.436105 1.000000
vt 0.436105 0.000000
vt 0.438134 1.000000
vt 0.438134 0.000000
vt 0.440162 1.000000
vt 0.440162 0.000000
vt 0.442191 1.000000
vt 0.442191 0.000000
vt 0.444219 1.000000
vt 0.444219 0.000000
vt 0.446247 1.000000
vt 0.446247 0.000000
vt 0.448276 1.000000
vt 0.448276 0.000000
vt 0.450304 1.000000
vt 0.450304 0.000000
vt 0.452333 1.000000
vt 0.452333 0.000000
vt 0.454361 1.000000
vt 0.454361 0.000000
vt 0.456389 1.000000
vt 0.456389 0.000000
vt 0.458418 1.000000
vt 0.458418 0.000000
vt 0.460446 1.000000
vt 0.460446 0.000000
vt 0.462475 1.000000
vt 0.462475 0.000000
vt 0.464503 1.000000
vt 0.464503 0.000000
vt 0.466531 1.000000
vt 0.466531 0.000000
vt 0.468560 1.000000
vt 0.468560 0.000000
vt 0.470588 1.000000
vt 0.472617 1.000000
vt 0.472617 0.000000
vt 0.474645 1.000000
vt 0.474645 0.000000
vt 0.476673 1.000000
vt 0.476673 0.000000
vt 0.478702 1.000000
vt 0.478702 0.000000
vt 0.480730 1.000000
vt 0.480730 0.000000
vt 0.482759 1.000000
vt 0.482759 0.000000
vt 0.484787 1.000000
vt 0.484787 0.000000
vt 0.486815 1.000000
vt 0.486815 0.000000
vt 0.488844 1.000000
vt 0.488844 0.000000
vt 0.490872 1.000000
vt 0.490872 0.000000
vt 0.492901 1.000000
vt 0.492901 0.000000
vt 0.494929 1.000000
vt 0.494929 0.000000
vt 0.496957 1.000000
vt 0.496957 0.000000
vt 0.498986 1.000000
vt 0.498986 0.000000
vt 0.501014 1.000000
vt 0.501014 0.000000
vt 0.503043 1.000000
vt 0.503043 0.000000
vt 0.505071 1.000000
vt 0.505071 0.000000
vt 0.507099 1.000000
vt 0.507099 0.000000
vt 0.509128 1.000000
vt 0.509128 0.000000
vt 0.511156 1.000000
vt 0.511156 0.000000
vt 0.513185 1.000000
vt 0.513185 0.000000
vt 0.515213 1.000000
vt 0.515213 0.000000
vt 0.517241 1.000000
vt 0.517241 0.000000
vt 0.519270 1.000000
vt 0.519270 0.000000
vt 0.521298 1.000000
vt 0.521298 0.000000
vt 0.523327 1.000000
vt 0.523327 0.000000
vt 0.525355 1.000000
vt 0.525355 0.000000
vt 0.527383 1.000000
vt 0.527383 0.000000
vt 0.529412 1.000000
vt 0.531440 1.000000
vt 0.531440 0.000000
vt 0.533469 1.000000
vt 0.533469 0.000000
vt 0.535497 1.000000
vt 0.535497 0.000000
vt 0.537525 1.000000
vt 0.537525 0.000000
vt 0.539554 1.000000
vt 0.539554 0.000000
vt 0.541582 1.000000
vt 0.541582 0.000000
vt 0.543611 1.000000
vt 0.543611 0.000000
vt 0.545639 1.000000
vt 0.545639 0.000000
vt 0.547667 1.000000
vt 0.547667 0.000000
vt 0.549696 1.000000
vt 0.549696 0.000000
vt 0.551724 1.000000
vt 0.551724 0.000000
vt 0.553753 1.000000
vt 0.553753 0.000000
vt 0.555781 1.000000
vt 0.555781 0.000000
vt 0.557809 1.000000
vt 0.557809 0.000000
vt 0.559838 1.000000
vt 0.559838 0.000000
vt 0.561866 1.000000
vt 0.561866 0.000000
vt 0.563895 1.000000
vt 0.563895 0.000000
vt 0.565923 1.000000
vt 0.565923 0.000000
vt 0.567951 1.000000
vt 0.567951 0.000000
vt 0.569980 1.000000
vt 0.569980 0.000000
vt 0.572008 1.000000
vt 0.572008 0.000000
vt 0.574037 1.000000
vt 0.574037 0.000000
vt 0.576065 1.000000
vt 0.576065 0.000000
vt 0.578093 1.000000
vt 0.578093 0.000000
vt 0.580122 1.000000
vt 0.580122 0.000000
vt 0.582150 1.000000
vt 0.582150 0.000000
vt 0.584179 1.000000
vt 0.584179 0.000000
vt 0.586207 1.000000
vt 0.586207 0.000000
vt 0.588235 1.000000
vt 0.590264 1.000000
vt 0.590264 0.000000
vt 0.592292 1.000000
vt 0.592292 0.000000
vt 0.594320 1.000000
vt 0.594320 0.000000
vt 0.596349 1.000000
vt 0.596349 0.000000
vt 0.598377 1.000000
vt 0.598377 0.000000
vt 0.600406 1.000000
vt 0.600406 0.000000
vt 0.602434 1.000000
vt 0.602434 0.000000
vt 0.604463 1.000000
vt 0.604463 0.000000
vt 0.606491 1.000000
vt 0.606491 0.000000
vt 0.608519 1.000000
vt 0.608519 0.000000
vt 0.610548 1.000000
vt 0.610548 0.000000
vt 0.612576 1.000000
vt 0.612576 0.000000
vt 0.614604 1.000000
vt 0.614604 0.000000
vt 0.616633 1.000000
vt 0.616633 0.000000
vt 0.618661 1.000000
vt 0.618661 0.000000
vt 0.620690 1.000000
vt 0.620690 0.000000
vt 0.622718 1.000000
vt 0.622718 0.000000
vt 0.624746 1.000000
vt 0.624746 0.000000
vt 0.626775 1.000000
vt 0.626775 0.000000
vt 0.628803 1.000000
vt 0.628803 0.000000
vt 0.630832 1.000000
vt 0.630832 0.000000
vt 0.632860 1.000000
vt 0.632860 0.000000
vt 0.634888 1.000000
vt 0.634888 0.000000
vt 0.636917 1.000000
vt 0.636917 0.000000
vt 0.638945 1.000000
vt 0.638945 0.000000
vt 0.640974 1.000000
vt 0.640974 0.000000
vt 0.643002 1.000000
vt 0.643002 0.000000
vt 0.645030 1.000000
vt 0.645030 0.000000
vt 0.647059 1.000000
vt 0.649087 1.000000
vt 0.649087 0.000000
vt 0.651116 1.000000
vt 0.651116 0.000000
vt 0.653144 1.000000
vt 0.653144 0.000000
vt 0.655172 1.000000
vt 0.655172 0.000000
vt 0.657201 1.000000
vt 0.657201 0.000000
vt 0.659229 1.000000
vt 0.659229 0.000000
vt 0.661258 1.000000
vt 0.661258 0.000000
vt 0.663286 1.000000
vt 0.663286 0.000000
vt 0.665314 1.000000
vt 0.665314 0.000000
vt 0.667343 1.000000
vt 0.667343 0.000000
vt 0.669371 1.000000
vt 0.669371 0.000000
vt 0.671400 1.000000
vt 0.671400 0.000000
vt 0.673428 1.000000
vt 0.673428 0.000000
vt 0.675456 1.000000
vt 0.675456 0.000000
vt 0.677485 1.000000
vt 0.677485 0.000000
vt 0.679513 1.000000
vt 0.679513 0.000000
vt 0.681542 1.000000
vt 0.681542 0.000000
vt 0.683570 1.000000
vt 0.683570 0.000000
vt 0.685598 1.000000
vt 0.685598 0.000000
vt 0.687627 1.000000
vt 0.687627 0.000000
vt 0.689655 1.000000
vt 0.689655 0.000000
vt 0.691684 1.000000
vt 0.691684 0.000000
vt 0.693712 1.000000
vt 0.693712 0.000000
vt 0.695740 1.000000
vt 0.695740 0.000000
vt 0.697769 1.000000
vt 0.697769 0.000000
vt 0.699797 1.000000
vt 0.699797 0.000000
vt 0.701826 1.000000
vt 0.701826 0.000000
vt 0.703854 1.000000
vt 0.703854 0.000000
vt 0.705882 1.000000
vt 0.707911 1.000000
vt 0.707911 0.000000
vt 0.709939 1.000000
vt 0.709939 0.000000
vt 0.711968 1.000000
vt 0.711968 0.000000
vt 0.713996 1.000000
vt 0.713996 0.000000
vt 0.716024 1.000000
vt 0.716024 0.000000
vt 0.718053 1.000000
vt 0.718053 0.000000
vt 0.720081 1.000000
vt 0.720081 0.000000
vt 0.722110 1.000000
vt 0.722110 0.000000
vt 0.724138 1.000000
vt 0.724138 0.000000
vt 0.726166 1.000000
vt 0.726166 0.000000
vt 0.728195 1.000000
vt 0.728195 0.000000
vt 0.730223 1.000000
vt 0.730223 0.000000
vt 0.732252 1.000000
vt 0.732252 0.000000
vt 0.734280 1.000000
vt 0.734280 0.000000
vt 0.736308 1.000000
vt 0.736308 0.000000
vt 0.738337 1.000000
vt 0.738337 0.000000
vt 0.740365 1.000000
vt 0.740365 0.000000
vt 0.742393 1.000000
vt 0.742393 0.000000
vt 0.744422 1.000000
vt 0.744422 0.000000
vt 0.746450 1.000000
vt 0.746450 0.000000
vt 0.748479 1.000000
vt 0.748479 0.000000
vt 0.750507 1.000000
vt 0.750507 0.000000
vt 0.752536 1.000000
vt 0.752536 0.000000
vt 0.754564 1.000000
vt 0.754564 0.000000
vt 0.756592 1.000000
vt 0.756592 0.000000
vt 0.758621 1.000000
vt 0.758621 0.000000
vt 0.760649 1.000000
vt 0.760649 0.000000
vt 0.762677 1.000000
vt 0.762677 0.000000
vt 0.764706 1.000000
vt 0.766734 1.000000
vt 0.766734 0.000000
vt 0.768763 1.000000
vt 0.768763 0.000000
vt 0.770791 1.000000
vt 0.770791 0.000000
vt 0.772819 1.000000
vt 0.772819 0.000000
vt 0.774848 1.000000
vt 0.774848 0.000000
vt 0.776876 1.000000
vt 0.776876 0.000000
vt 0.778905 1.000000
vt 0.778905 0.000000
vt 0.780933 1.000000
vt 0.780933 0.000000
vt 0.782961 1.000000
vt 0.782961 0.000000
vt 0.784990 1.000000
vt 0.784990 0.000000
vt 0.787018 1.000000
vt 0.787018 0.000000
vt 0.789047 1.000000
vt 0.789047 0.000000
vt 0.791075 1.000000
vt 0.791075 0.000000
vt 0.793103 1.000000
vt 0.793103 0.000000
vt 0.795132 1.000000
vt 0.795132 0.000000
vt 0.797160 1.000000
vt 0.797160 0.000000
vt 0.799189 1.000000
vt 0.799189 0.000000
vt 0.801217 1.000000
vt 0.801217 0.000000
vt 0.803245 1.000000
vt 0.803245 0.000000
vt 0.805274 1.000000
vt 0.805274 0.000000
vt 0.807302 1.000000
vt 0.807302 0.000000
vt 0.809331 1.000000
vt 0.809331 0.000000
vt 0.811359 1.000000
vt 0.811359 0.000000
vt 0.813387 1.000000
vt 0.813387 0.000000
vt 0.815416 1.000000
vt 0.815416 0.000000
vt 0.817444 1.000000
vt 0.817444 0.000000
vt 0.819473 1.000000
vt 0.819473 0.000000
vt 0.821501 1.000000
vt 0.821501 0.000000
vt 0.823529 1.000000
vt 0.825558 1.000000
vt 0.825558 0.000000
vt 0.827586 1.000000
vt 0.827586 0.000000
vt 0.829615 1.000000
vt 0.829615 0.000000
vt 0.831643 1.000000
vt 0.831643 0.000000
vt 0.833671 1.000000
vt 0.833671 0.000000
vt 0.835700 1.000000
vt 0.835700 0.000000
vt 0.837728 1.000000
vt 0.837728 0.000000
vt 0.839757 1.000000
vt 0.839757 0.000000
vt 0.841785 1.000000
vt 0.841785 0.000000
vt 0.843813 1.000000
vt 0.843813 0.000000
vt 0.845842 1.000000
vt 0.845842 0.000000
vt 0.847870 1.000000
vt 0.847870 0.000000
vt 0.849899 1.000000
vt 0.849899 0.000000
vt 0.851927 1.000000
vt 0.851927 0.000000
vt 0.853955 1.000000
vt 0.853955 0.000000
vt 0.855984 1.000000
vt 0.855984 0.000000
vt 0.858012 1.000000
vt 0.858012 0.000000
vt 0.860041 1.000000
vt 0.860041 0.000000
vt 0.862069 1.000000
vt 0.862069 0.000000
vt 0.864097 1.000000
vt 0.864097 0.000000
vt 0.866126 1.000000
vt 0.866126 0.000000
vt 0.868154 1.000000
vt 0.868154 0.000000
vt 0.870183 1.000000
vt 0.870183 0.000000
vt 0.872211 1.000000
vt 0.872211 0.000000
vt 0.874239 1.000000
vt 0.874239 0.000000
vt 0.876268 1.000000
vt 0.876268 0.000000
vt 0.878296 1.000000
vt 0.878296 0.000000
vt 0.880325 1.000000
vt 0.880325 0.000000
vt 0.882353 1.000000
vt 0.884381 1.000000
vt 0.884381 0.000000
vt 0.886410 1.000000
vt 0.886410 0.000000
vt 0.888438 1.000000
vt 0.888438 0.000000
vt 0.890467 1.000000
vt 0.890467 0.000000
vt 0.892495 1.000000
vt 0.892495 0.000000
vt 0.894523 1.000000
vt 0.894523 0.000000
vt 0.896552 1.000000
vt 0.896552 0.000000
vt 0.898580 1.000000
vt 0.898580 0.000000
vt 0.900609 1.000000
vt 0.900609 0.000000
vt 0.902637 1.000000
vt 0.902637 0.000000
vt 0.904665 1.000000
vt 0.904665 0.000000
vt 0.906694 1.000000
vt 0.906694 0.000000
vt 0.908722 1.000000
vt 0.908722 0.000000
vt 0.910751 1.000000
vt 0.910751 0.000000
vt 0.912779 1.000000
vt 0.912779 0.000000
vt 0.914807 1.000000
vt 0.914807 0.000000
vt 0.916836 1.000000
vt 0.916836 0.000000
vt 0.918864 1.000000
vt 0.918864 0.000000
vt 0.920892 1.000000
vt 0.920892 0.000000
vt 0.922921 1.000000
vt 0.922921 0.000000
vt 0.924949 1.000000
vt 0.924949 0.000000
vt 0.926978 1.000000
vt 0.926978 0.000000
vt 0.929006 1.000000
vt 0.929006 0.000000
vt 0.931035 1.000000
vt 0.931035 0.000000
vt 0.933063 1.000000
vt 0.933063 0.000000
vt 0.935091 1.000000
vt 0.935091 0.000000
vt 0.937120 1.000000
vt 0.937120 0.000000
vt 0.939148 1.000000
vt 0.939148 0.000000
vt 0.941176 1.000000
vt 0.943205 1.000000
vt 0.943205 0.000000
vt 0.945233 1.000000
vt 0.945233 0.000000
vt 0.947262 1.000000
vt 0.947262 0.000000
vt 0.949290 1.000000
vt 0.949290 0.000000
vt 0.951318 1.000000
vt 0.951318 0.000000
vt 0.953347 1.000000
vt 0.953347 0.000000
vt 0.955375 1.000000
vt 0.955375 0.000000
vt 0.957404 1.000000
vt 0.957404 0.000000
vt 0.959432 1.000000
vt 0.959432 0.000000
vt 0.961460 1.000000
vt 0.961460 0.000000
vt 0.963489 1.000000
vt 0.963489 0.000000
vt 0.965517 1.000000
vt 0.965517 0.000000
vt 0.967546 1.000000
vt 0.967546 0.000000
vt 0.969574 1.000000
vt 0.969574 0.000000
vt 0.971602 1.000000
vt 0.971602 0.000000
vt 0.973631 1.000000
vt 0.973631 0.000000
vt 0.975659 1.000000
vt 0.975659 0.000000
vt 0.977688 1.000000
vt 0.977688 0.000000
vt 0.979716 1.000000
vt 0.979716 0.000000
vt 0.981744 1.000000
vt 0.981744 0.000000
vt 0.983773 1.000000
vt 0.983773 0.000000
vt 0.985801 1.000000
vt 0.985801 0.000000
vt 0.987830 1.000000
vt 0.987830 0.000000
vt 0.989858 1.000000
vt 0.989858 0.000000
vt 0.991886 1.000000
vt 0.991886 0.000000
vt 0.993915 1.000000
vt 0.993915 0.000000
vt 0.995943 1.000000
vt 0.995943 0.000000
vt 0.997972 1.000000
vt 0.997972 0.000000
vt 1.000000 1.000000
vt 0.005208 1.000000
vt 0.005208 0.000000
vt 0.010417 1.000000
vt 0.010417 0.000000
vt 0.015625 1.000000
vt 0.015625 0.000000
vt 0.020833 1.000000
vt 0.020833 0.000000
vt 0.026042 1.000000
vt 0.026042 0.000000
vt 0.031250 1.000000
vt 0.031250 0.000000
vt 0.036458 1.000000
vt 0.036458 0.000000
vt 0.041667 1.000000
vt 0.041667 0.000000
vt 0.046875 1.000000
vt 0.046875 0.000000
vt 0.052083 1.000000
vt 0.052083 0.000000
vt 0.057292 1.000000
vt 0.057292 0.000000
vt 0.062500 1.000000
vt 0.062500 0.000000
vt 0.067708 1.000000
vt 0.067708 0.000000
vt 0.072917 1.000000
vt 0.072917 0.000000
vt 0.078125 1.000000
vt 0.078125 0.000000
vt 0.083333 1.000000
vt 0.088542 1.000000
vt 0.088542 0.000000
vt 0.093750 1.000000
vt 0.093750 0.000000
vt 0.098958 1.000000
vt 0.098958 0.000000
vt 0.104167 1.000000
vt 0.104167 0.000000
vt 0.109375 1.000000
vt 0.109375 0.000000
vt 0.114583 1.000000
vt 0.114583 0.000000
vt 0.119792 1.000000
vt 0.119792 0.000000
vt 0.125000 1.000000
vt 0.125000 0.000000
vt 0.130208 1.000000
vt 0.130208 0.000000
vt 0.135417 1.000000
vt 0.135417 0.000000
vt 0.140625 1.000000
vt 0.140625 0.000000
vt 0.145833 1.000000
vt 0.145833 0.000000
vt 0.151042 1.000000
vt 0.151042 0.000000
vt 0.156250 1.000000
vt 0.156250 0.000000
vt 0.161458 1.000000
vt 0.161458 0.000000
vt 0.166667 1.000000
vt 0.171875 1.000000
vt 0.171875 0.000000
vt 0.177083 1.000000
vt 0.177083 0.000000
vt 0.182292 1.000000
vt 0.182292 0.000000
vt 0.187500 1.000000
vt 0.187500 0.000000
vt 0.192708 1.000000
vt 0.192708 0.000000
vt 0.197917 1.000000
vt 0.197917 0.000000
vt 0.203125 1.000000
vt 0.203125 0.000000
vt 0.208333 1.000000
vt 0.208333 0.000000
vt 0.213542 1.000000
vt 0.213542 0.000000
vt 0.218750 1.000000
vt 0.218750 0.000000
vt 0.223958 1.000000
vt 0.223958 0.000000
vt 0.229167 1.000000
vt 0.229167 0.000000
vt 0.234375 1.000000
vt 0.234375 0.000000
vt 0.239583 1.000000
vt 0.239583 0.000000
vt 0.244792 1.000000
vt 0.244792 0.000000
vt 0.250000 1.000000
vt 0.255208 1.000000
vt 0.255208 0.000000
vt 0.260417 1.000000
vt 0.260417 0.000000
vt 0.265625 1.000000
vt 0.265625 0.000000
vt 0.270833 1.000000
vt 0.270833 0.000000
vt 0.276042 1.000000
vt 0.276042 0.000000
vt 0.281250 1.000000
vt 0.281250 0.000000
vt 0.286458 1.000000
vt 0.286458 0.000000
vt 0.291667 1.000000
vt 0.291667 0.000000
vt 0.296875 1.000000
vt 0.296875 0.000000
vt 0.302083 1.000000
vt 0.302083 0.000000
vt 0.307292 1.000000
vt 0.307292 0.000000
vt 0.312500 1.000000
vt 0.312500 0.000000
vt 0.317708 1.000000
vt 0.317708 0.000000
vt 0.322917 1.000000
vt 0.322917 0.000000
vt 0.328125 1.000000
vt 0.328125 0.000000
vt 0.333333 1.000000
vt 0.338542 1.000000
vt 0.338542 0.000000
vt 0.343750 1.000000
vt 0.343750 0.000000
vt 0.348958 1.000000
vt 0.348958 0.000000
vt 0.354167 1.000000
vt 0.354167 0.000000
vt 0.359375 1.000000
vt 0.359375 0.000000
vt 0.364583 1.000000
vt 0.364583 0.000000
vt 0.369792 1.000000
vt 0.369792 0.000000
vt 0.375000 1.000000
vt 0.375000 0.000000
vt 0.380208 1.000000
vt 0.380208 0.000000
vt 0.385417 1.000000
vt 0.385417 0.000000
vt 0.390625 1.000000
vt 0.390625 0.000000
vt 0.395833 1.000000
vt 0.395833 0.000000
vt 0.401042 1.000000
vt 0.401042 0.000000
vt 0.406250 1.000000
vt 0.406250 0.000000
vt 0.411458 1.000000
vt 0.411458 0.000000
vt 0.416667 1.000000
vt 0.421875 1.000000
vt 0.421875 0.000000
vt 0.427083 1.000000
vt 0.427083 0.000000
vt 0.432292 1.000000
vt 0.432292 0.000000
vt 0.437500 1.000000
vt 0.437500 0.000000
vt 0.442708 1.000000
vt 0.442708 0.000000
vt 0.447917 1.000000
vt 0.447917 0.000000
vt 0.453125 1.000000
vt 0.453125 0.000000
vt 0.458333 1.000000
vt 0.458333 0.000000
vt 0.463542 1.000000
vt 0.463542 0.000000
vt 0.468750 1.000000
vt 0.468750 0.000000
vt 0.473958 1.000000
vt 0.473958 0.000000
vt 0.479167 1.000000
vt 0.479167 0.000000
vt 0.484375 1.000000
vt 0.484375 0.000000
vt 0.489583 1.000000
vt 0.489583 0.000000
vt 0.494792 1.000000
vt 0.494792 0.000000
vt 0.500000 1.000000
vt 0.505208 1.000000
vt 0.505208 0.000000
vt 0.510417 1.000000
vt 0.510417 0.000000
vt 0.515625 1.000000
vt 0.515625 0.000000
vt 0.520833 1.000000
vt 0.520833 0.000000
vt 0.526042 1.000000
vt 0.526042 0.000000
vt 0.531250 1.000000
vt 0.531250 0.000000
vt 0.536458 1.000000
vt 0.536458 0.000000
vt 0.541667 1.000000
vt 0.541667 0.000000
vt 0.546875 1.000000
vt 0.546875 0.000000
vt 0.552083 1.000000
vt 0.552083 0.000000
vt 0.557292 1.000000
vt 0.557292 0.000000
vt 0.562500 1.000000
vt 0.562500 0.000000
vt 0.567708 1.000000
vt 0.567708 0.000000
vt 0.572917 1.000000
vt 0.572917 0.000000
vt 0.578125 1.000000
vt 0.578125 0.000000
vt 0.583333 1.000000
vt 0.588542 1.000000
vt 0.588542 0.000000
vt 0.593750 1.000000
vt 0.593750 0.000000
vt 0.598958 1.000000
vt 0.598958 0.000000
vt 0.604167 1.000000
vt 0.604167 0.000000
vt 0.609375 1.000000
vt 0.609375 0.000000
vt 0.614583 1.000000
vt 0.614583 0.000000
vt 0.619792 1.000000
vt 0.619792 0.000000
vt 0.625000 1.000000
vt 0.625000 0.000000
vt 0.630208 1.000000
vt 0.630208 0.000000
vt 0.635417 1.000000
vt 0.635417 0.000000
vt 0.640625 1.000000
vt 0.640625 0.000000
vt 0.645833 1.000000
vt 0.645833 0.000000
vt 0.651042 1.000000
vt 0.651042 0.000000
vt 0.656250 1.000000
vt 0.656250 0.000000
vt 0.661458 1.000000
vt 0.661458 0.000000
vt 0.666667 1.000000
vt 0.671875 1.000000
vt 0.671875 0.000000
vt 0.677083 1.000000
vt 0.677083 0.000000
vt 0.682292 1.000000
vt 0.682292 0.000000
vt 0.687500 1.000000
vt 0.687500 0.000000
vt 0.692708 1.000000
vt 0.692708 0.000000
vt 0.697917 1.000000
vt 0.697917 0.000000
vt 0.703125 1.000000
vt 0.703125 0.000000
vt 0.708333 1.000000
vt 0.708333 0.000000
vt 0.713542 1.000000
vt 0.713542 0.000000
vt 0.718750 1.000000
vt 0.718750 0.000000
vt 0.723958 1.000000
vt 0.723958 0.000000
vt 0.729167 1.000000
vt 0.729167 0.000000
vt 0.734375 1.000000
vt 0.734375 0.000000
vt 0.739583 1.000000
vt 0.739583 0.000000
vt 0.744792 1.000000
vt 0.744792 0.000000
vt 0.750000 1.000000
vt 0.755208 1.000000
vt 0.755208 0.000000
vt 0.760417 1.000000
vt 0.760417 0.000000
vt 0.765625 1.000000
vt 0.765625 0.000000
vt 0.770833 1.000000
vt 0.770833 0.000000
vt 0.776042 1.000000
vt 0.776042 0.000000
vt 0.781250 1.000000
vt 0.781250 0.000000
vt 0.786458 1.000000
vt 0.786458 0.000000
vt 0.791667 1.000000
vt 0.791667 0.000000
vt 0.796875 1.000000
vt 0.796875 0.000000
vt 0.802083 1.000000
vt 0.802083 0.000000
vt 0.807292 1.000000
vt 0.807292 0.000000
vt 0.812500 1.000000
vt 0.812500 0.000000
vt 0.817708 1.000000
vt 0.817708 0.000000
vt 0.822917 1.000000
vt 0.822917 0.000000
vt 0.828125 1.000000
vt 0.828125 0.000000
vt 0.833333 1.000000
vt 0.838542 1.000000
vt 0.838542 0.000000
vt 0.843750 1.000000
vt 0.843750 0.000000
vt 0.848958 1.000000
vt 0.848958 0.000000
vt 0.854167 1.000000
vt 0.854167 0.000000
vt 0.859375 1.000000
vt 0.859375 0.000000
vt 0.864583 1.000000
vt 0.864583 0.000000
vt 0.869792 1.000000
vt 0.869792 0.000000
vt 0.875000 1.000000
vt 0.875000 0.000000
vt 0.880208 1.000000
vt 0.880208 0.000000
vt 0.885417 1.000000
vt 0.885417 0.000000
vt 0.890625 1.000000
vt 0.890625 0.000000
vt 0.895833 1.000000
vt 0.895833 0.000000
vt 0.901042 1.000000
vt 0.901042 0.000000
vt 0.906250 1.000000
vt 0.906250 0.000000
vt 0.911458 1.000000
vt 0.911458 0.000000
vt 0.916667 1.000000
vt 0.921875 1.000000
vt 0.921875 0.000000
vt 0.927083 1.000000
vt 0.927083 0.000000
vt 0.932292 1.000000
vt 0.932292 0.000000
vt 0.937500 1.000000
vt 0.937500 0.000000
vt 0.942708 1.000000
vt 0.942708 0.000000
vt 0.947917 1.000000
vt 0.947917 0.000000
vt 0.953125 1.000000
vt 0.953125 0.000000
vt 0.958333 1.000000
vt 0.958333 0.000000
vt 0.963542 1.000000
vt 0.963542 0.000000
vt 0.968750 1.000000
vt 0.968750 0.000000
vt 0.973958 1.000000
vt 0.973958 0.000000
vt 0.979167 1.000000
vt 0.979167 0.000000
vt 0.984375 1.000000
vt 0.984375 0.000000
vt 0.989583 1.000000
vt 0.989583 0.000000
vt 0.994792 1.000000
vt 0.994792 0.000000
vt 0.003086 1.000000
vt 0.003086 0.000000
vt 0.006173 1.000000
vt 0.006173 0.000000
vt 0.009259 1.000000
vt 0.009259 0.000000
vt 0.012346 1.000000
vt 0.012346 0.000000
vt 0.015432 1.000000
vt 0.015432 0.000000
vt 0.018519 1.000000
vt 0.018519 0.000000
vt 0.021605 1.000000
vt 0.021605 0.000000
vt 0.024691 1.000000
vt 0.024691 0.000000
vt 0.027778 1.000000
vt 0.027778 0.000000
vt 0.030864 1.000000
vt 0.030864 0.000000
vt 0.033951 1.000000
vt 0.033951 0.000000
vt 0.037037 1.000000
vt 0.037037 0.000000
vt 0.040123 1.000000
vt 0.040123 0.000000
vt 0.043210 1.000000
vt 0.043210 0.000000
vt 0.046296 1.000000
vt 0.046296 0.000000
vt 0.049383 1.000000
vt 0.049383 0.000000
vt 0.052469 1.000000
vt 0.052469 0.000000
vt 0.055556 1.000000
vt 0.055556 0.000000
vt 0.058642 1.000000
vt 0.058642 0.000000
vt 0.061728 1.000000
vt 0.061728 0.000000
vt 0.064815 1.000000
vt 0.064815 0.000000
vt 0.067901 1.000000
vt 0.067901 0.000000
vt 0.070988 1.000000
vt 0.070988 0.000000
vt 0.074074 1.000000
vt 0.074074 0.000000
vt 0.077160 1.000000
vt 0.077160 0.000000
vt 0.080247 1.000000
vt 0.080247 0.000000
vt 0.086420 1.000000
vt 0.086420 0.000000
vt 0.089506 1.000000
vt 0.089506 0.000000
vt 0.092593 1.000000
vt 0.092593 0.000000
vt 0.095679 1.000000
vt 0.095679 0.000000
vt 0.098765 1.000000
vt 0.098765 0.000000
vt 0.101852 1.000000
vt 0.101852 0.000000
vt 0.104938 1.000000
vt 0.104938 0.000000
vt 0.108025 1.000000
vt 0.108025 0.000000
vt 0.111111 1.000000
vt 0.111111 0.000000
vt 0.114198 1.000000
vt 0.114198 0.000000
vt 0.117284 1.000000
vt 0.117284 0.000000
vt 0.120370 1.000000
vt 0.120370 0.000000
vt 0.123457 1.000000
vt 0.123457 0.000000
vt 0.126543 1.000000
vt 0.126543 0.000000
vt 0.129630 1.000000
vt 0.129630 0.000000
vt 0.132716 1.000000
vt 0.132716 0.000000
vt 0.135802 1.000000
vt 0.135802 0.000000
vt 0.138889 1.000000
vt 0.138889 0.000000
vt 0.141975 1.000000
vt 0.141975 0.000000
vt 0.145062 1.000000
vt 0.145062 0.000000
vt 0.148148 1.000000
vt 0.148148 0.000000
vt 0.151235 1.000000
vt 0.151235 0.000000
vt 0.154321 1.000000
vt 0.154321 0.000000
vt 0.157407 1.000000
vt 0.157407 0.000000
vt 0.160494 1.000000
vt 0.160494 0.000000
vt 0.163580 1.000000
vt 0.163580 0.000000
vt 0.169753 1.000000
vt 0.169753 0.000000
vt 0.172840 1.000000
vt 0.172840 0.000000
vt 0.175926 1.000000
vt 0.175926 0.000000
vt 0.179012 1.000000
vt 0.179012 0.000000
vt 0.182099 1.000000
vt 0.182099 0.000000
vt 0.185185 1.000000
vt 0.185185 0.000000
vt 0.188272 1.000000
vt 0.188272 0.000000
vt 0.191358 1.000000
vt 0.191358 0.000000
vt 0.194444 1.000000
vt 0.194444 0.000000
vt 0.197531 1.000000
vt 0.197531 0.000000
vt 0.200617 1.000000
vt 0.200617 0.000000
vt 0.203704 1.000000
vt 0.203704 0.000000
vt 0.206790 1.000000
vt 0.206790 0.000000
vt 0.209877 1.000000
vt 0.209877 0.000000
vt 0.212963 1.000000
vt 0.212963 0.000000
vt 0.216049 1.000000
vt 0.216049 0.000000
vt 0.219136 1.000000
vt 0.219136 0.000000
vt 0.222222 1.000000
vt 0.222222 0.000000
vt 0.225309 1.000000
vt 0.225309 0.000000
vt 0.228395 1.000000
vt 0.228395 0.000000
vt 0.231481 1.000000
vt 0.231481 0.000000
vt 0.234568 1.000000
vt 0.234568 0.000000
vt 0.237654 1.000000
vt 0.237654 0.000000
vt 0.240741 1.000000
vt 0.240741 0.000000
vt 0.243827 1.000000
vt 0.243827 0.000000
vt 0.246914 1.000000
vt 0.246914 0.000000
vt 0.253086 1.000000
vt 0.253086 0.000000
vt 0.256173 1.000000
vt 0.256173 0.000000
vt 0.259259 1.000000
vt 0.259259 0.000000
vt 0.262346 1.000000
vt 0.262346 0.000000
vt 0.265432 1.000000
vt 0.265432 0.000000
vt 0.268519 1.000000
vt 0.268519 0.000000
vt 0.271605 1.000000
vt 0.271605 0.000000
vt 0.274691 1.000000
vt 0.274691 0.000000
vt 0.277778 1.000000
vt 0.277778 0.000000
vt 0.280864 1.000000
vt 0.280864 0.000000
vt 0.283951 1.000000
vt 0.283951 0.000000
vt 0.287037 1.000000
vt 0.287037 0.000000
vt 0.290123 1.000000
vt 0.290123 0.000000
vt 0.293210 1.000000
vt 0.293210 0.000000
vt 0.296296 1.000000
vt 0.296296 0.000000
vt 0.299383 1.000000
vt 0.299383 0.000000
vt 0.302469 1.000000
vt 0.302469 0.000000
vt 0.305556 1.000000
vt 0.305556 0.000000
vt 0.308642 1.000000
vt 0.308642 0.000000
vt 0.311728 1.000000
vt 0.311728 0.000000
vt 0.314815 1.000000
vt 0.314815 0.000000
vt 0.317901 1.000000
vt 0.317901 0.000000
vt 0.320988 1.000000
vt 0.320988 0.000000
vt 0.324074 1.000000
vt 0.324074 0.000000
vt 0.327161 1.000000
vt 0.327161 0.000000
vt 0.330247 1.000000
vt 0.330247 0.000000
vt 0.336420 1.000000
vt 0.336420 0.000000
vt 0.339506 1.000000
vt 0.339506 0.000000
vt 0.342593 1.000000
vt 0.342593 0.000000
vt 0.345679 1.000000
vt 0.345679 0.000000
vt 0.348765 1.000000
vt 0.348765 0.000000
vt 0.351852 1.000000
vt 0.351852 0.000000
vt 0.354938 1.000000
vt 0.354938 0.000000
vt 0.358025 1.000000
vt 0.358025 0.000000
vt 0.361111 1.000000
vt 0.361111 0.000000
vt 0.364198 1.000000
vt 0.364198 0.000000
vt 0.367284 1.000000
vt 0.367284 0.000000
vt 0.370370 1.000000
vt 0.370370 0.000000
vt 0.373457 1.000000
vt 0.373457 0.000000
vt 0.376543 1.000000
vt 0.376543 0.000000
vt 0.379630 1.000000
vt 0.379630 0.000000
vt 0.382716 1.000000
vt 0.382716 0.000000
vt 0.385802 1.000000
vt 0.385802 0.000000
vt 0.388889 1.000000
vt 0.388889 0.000000
vt 0.391975 1.000000
vt 0.391975 0.000000
vt 0.395062 1.000000
vt 0.395062 0.000000
vt 0.398148 1.000000
vt 0.398148 0.000000
vt 0.401235 1.000000
vt 0.401235 0.000000
vt 0.404321 1.000000
vt 0.404321 0.000000
vt 0.407407 1.000000
vt 0.407407 0.000000
vt 0.410494 1.000000
vt 0.410494 0.000000
vt 0.413580 1.000000
vt 0.413580 0.000000
vt 0.419753 1.000000
vt 0.419753 0.000000
vt 0.422839 1.000000
vt 0.422839 0.000000
vt 0.425926 1.000000
vt 0.425926 0.000000
vt 0.429012 1.000000
vt 0.429012 0.000000
vt 0.432099 1.000000
vt 0.432099 0.000000
vt 0.435185 1.000000
vt 0.435185 0.000000
vt 0.438272 1.000000
vt 0.438272 0.000000
vt 0.441358 1.000000
vt 0.441358 0.000000
vt 0.444444 1.000000
vt 0.444444 0.000000
vt 0.447531 1.000000
vt 0.447531 0.000000
vt 0.450617 1.000000
vt 0.450617 0.000000
vt 0.453704 1.000000
vt 0.453704 0.000000
vt 0.456790 1.000000
vt 0.456790 0.000000
vt 0.459877 1.000000
vt 0.459877 0.000000
vt 0.462963 1.000000
vt 0.462963 0.000000
vt 0.466049 1.000000
vt 0.466049 0.000000
vt 0.469136 1.000000
vt 0.469136 0.000000
vt 0.472222 1.000000
vt 0.472222 0.000000
vt 0.475309 1.000000
vt 0.475309 0.000000
vt 0.478395 1.000000
vt 0.478395 0.000000
vt 0.481481 1.000000
vt 0.481481 0.000000
vt 0.484568 1.000000
vt 0.484568 0.000000
vt 0.487654 1.000000
vt 0.487654 0.000000
vt 0.490741 1.000000
vt 0.490741 0.000000
vt 0.493827 1.000000
vt 0.493827 0.000000
vt 0.496914 1.000000
vt 0.496914 0.000000
vt 0.503086 1.000000
vt 0.503086 0.000000
vt 0.506173 1.000000
vt 0.506173 0.000000
vt 0.509259 1.000000
vt 0.509259 0.000000
vt 0.512346 1.000000
vt 0.512346 0.000000
vt 0.515432 1.000000
vt 0.515432 0.000000
vt 0.518519 1.000000
vt 0.518519 0.000000
vt 0.521605 1.000000
vt 0.521605 0.000000
vt 0.524691 1.000000
vt 0.524691 0.000000
vt 0.527778 1.000000
vt 0.527778 0.000000
vt 0.530864 1.000000
vt 0.530864 0.000000
vt 0.533951 1.000000
vt 0.533951 0.000000
vt 0.537037 1.000000
vt 0.537037 0.000000
vt 0.540123 1.000000
vt 0.540123 0.000000
vt 0.543210 1.000000
vt 0.543210 0.000000
vt 0.546296 1.000000
vt 0.546296 0.000000
vt 0.549383 1.000000
vt 0.549383 0.000000
vt 0.552469 1.000000
vt 0.552469 0.000000
vt 0.555556 1.000000
vt 0.555556 0.000000
vt 0.558642 1.000000
vt 0.558642 0.000000
vt 0.561728 1.000000
vt 0.561728 0.000000
vt 0.564815 1.000000
vt 0.564815 0.000000
vt 0.567901 1.000000
vt 0.567901 0.000000
vt 0.570988 1.000000
vt 0.570988 0.000000
vt 0.574074 1.000000
vt 0.574074 0.000000
vt 0.577160 1.000000
vt 0.577160 0.000000
vt 0.580247 1.000000
vt 0.580247 0.000000
vt 0.586420 1.000000
vt 0.586420 0.000000
vt 0.589506 1.000000
vt 0.589506 0.000000
vt 0.592593 1.000000
vt 0.592593 0.000000
vt 0.595679 1.000000
vt 0.595679 0.000000
vt 0.598765 1.000000
vt 0.598765 0.000000
vt 0.601852 1.000000
vt 0.601852 0.000000
vt 0.604938 1.000000
vt 0.604938 0.000000
vt 0.608025 1.000000
vt 0.608025 0.000000
vt 0.611111 1.000000
vt 0.611111 0.000000
vt 0.614198 1.000000
vt 0.614198 0.000000
vt 0.617284 1.000000
vt 0.617284 0.000000
vt 0.620370 1.000000
vt 0.620370 0.000000
vt 0.623457 1.000000
vt 0.623457 0.000000
vt 0.626543 1.000000
vt 0.626543 0.000000
vt 0.629630 1.000000
vt 0.629630 0.000000
vt 0.632716 1.000000
vt 0.632716 0.000000
vt 0.635802 1.000000
vt 0.635802 0.000000
vt 0.638889 1.000000
vt 0.638889 0.000000
vt 0.641975 1.000000
vt 0.641975 0.000000
vt 0.645062 1.000000
vt 0.645062 0.000000
vt 0.648148 1.000000
vt 0.648148 0.000000
vt 0.651235 1.000000
vt 0.651235 0.000000
vt 0.654321 1.000000
vt 0.654321 0.000000
vt 0.657407 1.000000
vt 0.657407 0.000000
vt 0.660494 1.000000
vt 0.660494 0.000000
vt 0.663580 1.000000
vt 0.663580 0.000000
vt 0.669753 1.000000
vt 0.669753 0.000000
vt 0.672840 1.000000
vt 0.672840 0.000000
vt 0.675926 1.000000
vt 0.675926 0.000000
vt 0.679012 1.000000
vt 0.679012 0.000000
vt 0.682099 1.000000
vt 0.682099 0.000000
vt 0.685185 1.000000
vt 0.685185 0.000000
vt 0.688272 1.000000
vt 0.688272 0.000000
vt 0.691358 1.000000
vt 0.691358 0.000000
vt 0.694444 1.000000
vt 0.694444 0.000000
vt 0.697531 1.000000
vt 0.697531 0.000000
vt 0.700617 1.000000
vt 0.700617 0.000000
vt 0.703704 1.000000
vt 0.703704 0.000000
vt 0.706790 1.000000
vt 0.706790 0.000000
vt 0.709877 1.000000
vt 0.709877 0.000000
vt 0.712963 1.000000
vt 0.712963 0.000000
vt 0.716049 1.000000
vt 0.716049 0.000000
vt 0.719136 1.000000
vt 0.719136 0.000000
vt 0.722222 1.000000
vt 0.722222 0.000000
vt 0.725309 1.000000
vt 0.725309 0.000000
vt 0.728395 1.000000
vt 0.728395 0.000000
vt 0.731481 1.000000
vt 0.731481 0.000000
vt 0.734568 1.000000
vt 0.734568 0.000000
vt 0.737654 1.000000
vt 0.737654 0.000000
vt 0.740741 1.000000
vt 0.740741 0.000000
vt 0.743827 1.000000
vt 0.743827 0.000000
vt 0.746914 1.000000
vt 0.746914 0.000000
vt 0.753086 1.000000
vt 0.753086 0.000000
vt 0.756173 1.000000
vt 0.756173 0.000000
vt 0.759259 1.000000
vt 0.759259 0.000000
vt 0.762346 1.000000
vt 0.762346 0.000000
vt 0.765432 1.000000
vt 0.765432 0.000000
vt 0.768519 1.000000
vt 0.768519 0.000000
vt 0.771605 1.000000
vt 0.771605 0.000000
vt 0.774691 1.000000
vt 0.774691 0.000000
vt 0.777778 1.000000
vt 0.777778 0.000000
vt 0.780864 1.000000
vt 0.780864 0.000000
vt 0.783951 1.000000
vt 0.783951 0.000000
vt 0.787037 1.000000
vt 0.787037 0.000000
vt 0.790123 1.000000
vt 0.790123 0.000000
vt 0.793210 1.000000
vt 0.793210 0.000000
vt 0.796296 1.000000
vt 0.796296 0.000000
vt 0.799383 1.000000
vt 0.799383 0.000000
vt 0.802469 1.000000
vt 0.802469 0.000000
vt 0.805556 1.000000
vt 0.805556 0.000000
vt 0.808642 1.000000
vt 0.808642 0.000000
vt 0.811728 1.000000
vt 0.811728 0.000000
vt 0.814815 1.000000
vt 0.814815 0.000000
vt 0.817901 1.000000
vt 0.817901 0.000000
vt 0.820988 1.000000
vt 0.820988 0.000000
vt 0.824074 1.000000
vt 0.824074 0.000000
vt 0.827160 1.000000
vt 0.827160 0.000000
vt 0.830247 1.000000
vt 0.830247 0.000000
vt 0.836420 1.000000
vt 0.836420 0.000000
vt 0.839506 1.000000
vt 0.839506 0.000000
vt 0.842593 1.000000
vt 0.842593 0.000000
vt 0.845679 1.000000
vt 0.845679 0.000000
vt 0.848765 1.000000
vt 0.848765 0.000000
vt 0.851852 1.000000
vt 0.851852 0.000000
vt 0.854938 1.000000
vt 0.854938 0.000000
vt 0.858025 1.000000
vt 0.858025 0.000000
vt 0.861111 1.000000
vt 0.861111 0.000000
vt 0.864198 1.000000
vt 0.864198 0.000000
vt 0.867284 1.000000
vt 0.867284 0.000000
vt 0.870370 1.000000
vt 0.870370 0.000000
vt 0.873457 1.000000
vt 0.873457 0.000000
vt 0.876543 1.000000
vt 0.876543 0.000000
vt 0.879630 1.000000
vt 0.879630 0.000000
vt 0.882716 1.000000
vt 0.882716 0.000000
vt 0.885802 1.000000
vt 0.885802 0.000000
vt 0.888889 1.000000
vt 0.888889 0.000000
vt 0.891975 1.000000
vt 0.891975 0.000000
vt 0.895062 1.000000
vt 0.895062 0.000000
vt 0.898148 1.000000
vt 0.898148 0.000000
vt 0.901235 1.000000
vt 0.901235 0.000000
vt 0.904321 1.000000
vt 0.904321 0.000000
vt 0.907407 1.000000
vt 0.907407 0.000000
vt 0.910494 1.000000
vt 0.910494 0.000000
vt 0.913580 1.000000
vt 0.913580 0.000000
vt 0.919753 1.000000
vt 0.919753 0.000000
vt 0.922840 1.000000
vt 0.922840 0.000000
vt 0.925926 1.000000
vt 0.925926 0.000000
vt 0.929012 1.000000
vt 0.929012 0.000000
vt 0.932099 1.000000
vt 0.932099 0.000000
vt 0.935185 1.000000
vt 0.935185 0.000000
vt 0.938272 1.000000
vt 0.938272 0.000000
vt 0.941358 1.000000
vt 0.941358 0.000000
vt 0.944444 1.000000
vt 0.944444 0.000000
vt 0.947531 1.000000
vt 0.947531 0.000000
vt 0.950617 1.000000
vt 0.950617 0.000000
vt 0.953704 1.000000
vt 0.953704 0.000000
vt 0.956790 1.000000
vt 0.956790 0.000000
vt 0.959877 1.000000
vt 0.959877 0.000000
vt 0.962963 1.000000
vt 0.962963 0.000000
vt 0.966049 1.000000
vt 0.966049 0.000000
vt 0.969136 1.000000
vt 0.969136 0.000000
vt 0.972222 1.000000
vt 0.972222 0.000000
vt 0.975309 1.000000
vt 0.975309 0.000000
vt 0.978395 1.000000
vt 0.978395 0.000000
vt 0.981481 1.000000
vt 0.981481 0.000000
vt 0.984568 1.000000
vt 0.984568 0.000000
vt 0.987654 1.000000
vt 0.987654 0.000000
vt 0.990741 1.000000
vt 0.990741 0.000000
vt 0.993827 1.000000
vt 0.993827 0.000000
vt 0.996914 1.000000
vt 0.996914 0.000000
vt 0.002778 1.000000
vt 0.002778 0.000000
vt 0.005556 1.000000
vt 0.005556 0.000000
vt 0.008333 1.000000
vt 0.008333 0.000000
vt 0.011111 1.000000
vt 0.011111 0.000000
vt 0.013889 1.000000
vt 0.013889 0.000000
vt 0.016667 1.000000
vt 0.016667 0.000000
vt 0.019444 1.000000
vt 0.019444 0.000000
vt 0.022222 1.000000
vt 0.022222 0.000000
vt 0.025000 1.000000
vt 0.025000 0.000000
vt 0.030556 1.000000
vt 0.030556 0.000000
vt 0.033333 1.000000
vt 0.033333 0.000000
vt 0.036111 1.000000
vt 0.036111 0.000000
vt 0.038889 1.000000
vt 0.038889 0.000000
vt 0.044444 1.000000
vt 0.044444 0.000000
vt 0.047222 1.000000
vt 0.047222 0.000000
vt 0.050000 1.000000
vt 0.050000 0.000000
vt 0.052778 1.000000
vt 0.052778 0.000000
vt 0.058333 1.000000
vt 0.058333 0.000000
vt 0.061111 1.000000
vt 0.061111 0.000000
vt 0.063889 1.000000
vt 0.063889 0.000000
vt 0.066667 1.000000
vt 0.066667 0.000000
vt 0.069444 1.000000
vt 0.069444 0.000000
vt 0.072222 1.000000
vt 0.072222 0.000000
vt 0.075000 1.000000
vt 0.075000 0.000000
vt 0.077778 1.000000
vt 0.077778 0.000000
vt 0.080556 1.000000
vt 0.080556 0.000000
vt 0.086111 1.000000
vt 0.086111 0.000000
vt 0.088889 1.000000
vt 0.088889 0.000000
vt 0.091667 1.000000
vt 0.091667 0.000000
vt 0.094444 1.000000
vt 0.094444 0.000000
vt 0.097222 1.000000
vt 0.097222 0.000000
vt 0.100000 1.000000
vt 0.100000 0.000000
vt 0.102778 1.000000
vt 0.102778 0.000000
vt 0.105556 1.000000
vt 0.105556 0.000000
vt 0.108333 1.000000
vt 0.108333 0.000000
vt 0.113889 1.000000
vt 0.113889 0.000000
vt 0.116667 1.000000
vt 0.116667 0.000000
vt 0.119444 1.000000
vt 0.119444 0.000000
vt 0.122222 1.000000
vt 0.122222 0.000000
vt 0.127778 1.000000
vt 0.127778 0.000000
vt 0.130556 1.000000
vt 0.130556 0.000000
vt 0.133333 1.000000
vt 0.133333 0.000000
vt 0.136111 1.000000
vt 0.136111 0.000000
vt 0.141667 1.000000
vt 0.141667 0.000000
vt 0.144444 1.000000
vt 0.144444 0.000000
vt 0.147222 1.000000
vt 0.147222 0.000000
vt 0.150000 1.000000
vt 0.150000 0.000000
vt 0.152778 1.000000
vt 0.152778 0.000000
vt 0.155556 1.000000
vt 0.155556 0.000000
vt 0.158333 1.000000
vt 0.158333 0.000000
vt 0.161111 1.000000
vt 0.161111 0.000000
vt 0.163889 1.000000
vt 0.163889 0.000000
vt 0.169444 1.000000
vt 0.169444 0.000000
vt 0.172222 1.000000
vt 0.172222 0.000000
vt 0.175000 1.000000
vt 0.175000 0.000000
vt 0.177778 1.000000
vt 0.177778 0.000000
vt 0.180556 1.000000
vt 0.180556 0.000000
vt 0.183333 1.000000
vt 0.183333 0.000000
vt 0.186111 1.000000
vt 0.186111 0.000000
vt 0.188889 1.000000
vt 0.188889 0.000000
vt 0.191667 1.000000
vt 0.191667 0.000000
vt 0.197222 1.000000
vt 0.197222 0.000000
vt 0.200000 1.000000
vt 0.202778 1.000000
vt 0.202778 0.000000
vt 0.205556 1.000000
vt 0.205556 0.000000
vt 0.211111 1.000000
vt 0.211111 0.000000
vt 0.213889 1.000000
vt 0.213889 0.000000
vt 0.216667 1.000000
vt 0.216667 0.000000
vt 0.219444 1.000000
vt 0.219444 0.000000
vt 0.225000 1.000000
vt 0.225000 0.000000
vt 0.227778 1.000000
vt 0.227778 0.000000
vt 0.230556 1.000000
vt 0.230556 0.000000
vt 0.233333 1.000000
vt 0.233333 0.000000
vt 0.236111 1.000000
vt 0.236111 0.000000
vt 0.238889 1.000000
vt 0.238889 0.000000
vt 0.241667 1.000000
vt 0.241667 0.000000
vt 0.244444 1.000000
vt 0.244444 0.000000
vt 0.247222 1.000000
vt 0.247222 0.000000
vt 0.252778 1.000000
vt 0.252778 0.000000
vt 0.255556 1.000000
vt 0.255556 0.000000
vt 0.258333 1.000000
vt 0.258333 0.000000
vt 0.261111 1.000000
vt 0.261111 0.000000
vt 0.263889 1.000000
vt 0.263889 0.000000
vt 0.266667 1.000000
vt 0.266667 0.000000
vt 0.269444 1.000000
vt 0.269444 0.000000
vt 0.272222 1.000000
vt 0.272222 0.000000
vt 0.275000 1.000000
vt 0.275000 0.000000
vt 0.280556 1.000000
vt 0.280556 0.000000
vt 0.283333 1.000000
vt 0.283333 0.000000
vt 0.286111 1.000000
vt 0.286111 0.000000
vt 0.288889 1.000000
vt 0.288889 0.000000
vt 0.294444 1.000000
vt 0.294444 0.000000
vt 0.297222 1.000000
vt 0.297222 0.000000
vt 0.300000 1.000000
vt 0.300000 0.000000
vt 0.302778 1.000000
vt 0.302778 0.000000
vt 0.308333 1.000000
vt 0.308333 0.000000
vt 0.311111 1.000000
vt 0.311111 0.000000
vt 0.313889 1.000000
vt 0.313889 0.000000
vt 0.316667 1.000000
vt 0.316667 0.000000
vt 0.319444 1.000000
vt 0.319444 0.000000
vt 0.322222 1.000000
vt 0.322222 0.000000
vt 0.325000 1.000000
vt 0.325000 0.000000
vt 0.327778 1.000000
vt 0.327778 0.000000
vt 0.330556 1.000000
vt 0.330556 0.000000
vt 0.336111 1.000000
vt 0.336111 0.000000
vt 0.338889 1.000000
vt 0.338889 0.000000
vt 0.341667 1.000000
vt 0.341667 0.000000
vt 0.344444 1.000000
vt 0.344444 0.000000
vt 0.347222 1.000000
vt 0.347222 0.000000
vt 0.350000 1.000000
vt 0.350000 0.000000
vt 0.352778 1.000000
vt 0.352778 0.000000
vt 0.355556 1.000000
vt 0.355556 0.000000
vt 0.358333 1.000000
vt 0.358333 0.000000
vt 0.363889 1.000000
vt 0.363889 0.000000
vt 0.366667 1.000000
vt 0.366667 0.000000
vt 0.369444 1.000000
vt 0.369444 0.000000
vt 0.372222 1.000000
vt 0.372222 0.000000
vt 0.377778 1.000000
vt 0.377778 0.000000
vt 0.380556 1.000000
vt 0.380556 0.000000
vt 0.383333 1.000000
vt 0.383333 0.000000
vt 0.386111 1.000000
vt 0.386111 0.000000
vt 0.391667 1.000000
vt 0.391667 0.000000
vt 0.394444 1.000000
vt 0.394444 0.000000
vt 0.397222 1.000000
vt 0.397222 0.000000
vt 0.400000 1.000000
vt 0.402778 1.000000
vt 0.402778 0.000000
vt 0.405556 1.000000
vt 0.405556 0.000000
vt 0.408333 1.000000
vt 0.408333 0.000000
vt 0.411111 1.000000
vt 0.411111 0.000000
vt 0.413889 1.000000
vt 0.413889 0.000000
vt 0.419444 1.000000
vt 0.419444 0.000000
vt 0.422222 1.000000
vt 0.422222 0.000000
vt 0.425000 1.000000
vt 0.425000 0.000000
vt 0.427778 1.000000
vt 0.427778 0.000000
vt 0.430556 1.000000
vt 0.430556 0.000000
vt 0.433333 1.000000
vt 0.433333 0.000000
vt 0.436111 1.000000
vt 0.436111 0.000000
vt 0.438889 1.000000
vt 0.438889 0.000000
vt 0.441667 1.000000
vt 0.441667 0.000000
vt 0.447222 1.000000
vt 0.447222 0.000000
vt 0.450000 1.000000
vt 0.450000 0.000000
vt 0.452778 1.000000
vt 0.452778 0.000000
vt 0.455556 1.000000
vt 0.455556 0.000000
vt 0.461111 1.000000
vt 0.461111 0.000000
vt 0.463889 1.000000
vt 0.463889 0.000000
vt 0.466667 1.000000
vt 0.466667 0.000000
vt 0.469444 1.000000
vt 0.469444 0.000000
vt 0.475000 1.000000
vt 0.475000 0.000000
vt 0.477778 1.000000
vt 0.477778 0.000000
vt 0.480556 1.000000
vt 0.480556 0.000000
vt 0.483333 1.000000
vt 0.483333 0.000000
vt 0.486111 1.000000
vt 0.486111 0.000000
vt 0.488889 1.000000
vt 0.488889 0.000000
vt 0.491667 1.000000
vt 0.491667 0.000000
vt 0.494444 1.000000
vt 0.494444 0.000000
vt 0.497222 1.000000
vt 0.497222 0.000000
vt 0.502778 1.000000
vt 0.502778 0.000000
vt 0.505556 1.000000
vt 0.505556 0.000000
vt 0.508333 1.000000
vt 0.508333 0.000000
vt 0.511111 1.000000
vt 0.511111 0.000000
vt 0.513889 1.000000
vt 0.513889 0.000000
vt 0.516667 1.000000
vt 0.516667 0.000000
vt 0.519444 1.000000
vt 0.519444 0.000000
vt 0.522222 1.000000
vt 0.522222 0.000000
vt 0.525000 1.000000
vt 0.525000 0.000000
vt 0.530556 1.000000
vt 0.530556 0.000000
vt 0.533333 1.000000
vt 0.533333 0.000000
vt 0.536111 1.000000
vt 0.536111 0.000000
vt 0.538889 1.000000
vt 0.538889 0.000000
vt 0.544444 1.000000
vt 0.544444 0.000000
vt 0.547222 1.000000
vt 0.547222 0.000000
vt 0.550000 1.000000
vt 0.550000 0.000000
vt 0.552778 1.000000
vt 0.552778 0.000000
vt 0.558333 1.000000
vt 0.558333 0.000000
vt 0.561111 1.000000
vt 0.561111 0.000000
vt 0.563889 1.000000
vt 0.563889 0.000000
vt 0.566667 1.000000
vt 0.566667 0.000000
vt 0.569444 1.000000
vt 0.569444 0.000000
vt 0.572222 1.000000
vt 0.572222 0.000000
vt 0.575000 1.000000
vt 0.575000 0.000000
vt 0.577778 1.000000
vt 0.577778 0.000000
vt 0.580556 1.000000
vt 0.580556 0.000000
vt 0.586111 1.000000
vt 0.586111 0.000000
vt 0.588889 1.000000
vt 0.588889 0.000000
vt 0.591667 1.000000
vt 0.591667 0.000000
vt 0.594444 1.000000
vt 0.594444 0.000000
vt 0.597222 1.000000
vt 0.597222 0.000000
vt 0.600000 1.000000
vt 0.602778 1.000000
vt 0.602778 0.000000
vt 0.605556 1.000000
vt 0.605556 0.000000
vt 0.608333 1.000000
vt 0.608333 0.000000
vt 0.613889 1.000000
vt 0.613889 0.000000
vt 0.616667 1.000000
vt 0.616667 0.000000
vt 0.619444 1.000000
vt 0.619444 0.000000
vt 0.622222 1.000000
vt 0.622222 0.000000
vt 0.627778 1.000000
vt 0.627778 0.000000
vt 0.630556 1.000000
vt 0.630556 0.000000
vt 0.633333 1.000000
vt 0.633333 0.000000
vt 0.636111 1.000000
vt 0.636111 0.000000
vt 0.641667 1.000000
vt 0.641667 0.000000
vt 0.644444 1.000000
vt 0.644444 0.000000
vt 0.647222 1.000000
vt 0.647222 0.000000
vt 0.650000 1.000000
vt 0.650000 0.000000
vt 0.652778 1.000000
vt 0.652778 0.000000
vt 0.655556 1.000000
vt 0.655556 0.000000
vt 0.658333 1.000000
vt 0.658333 0.000000
vt 0.661111 1.000000
vt 0.661111 0.000000
vt 0.663889 1.000000
vt 0.663889 0.000000
vt 0.669444 1.000000
vt 0.669444 0.000000
vt 0.672222 1.000000
vt 0.672222 0.000000
vt 0.675000 1.000000
vt 0.675000 0.000000
vt 0.677778 1.000000
vt 0.677778 0.000000
vt 0.680556 1.000000
vt 0.680556 0.000000
vt 0.683333 1.000000
vt 0.683333 0.000000
vt 0.686111 1.000000
vt 0.686111 0.000000
vt 0.688889 1.000000
vt 0.688889 0.000000
vt 0.691667 1.000000
vt 0.691667 0.000000
vt 0.697222 1.000000
vt 0.697222 0.000000
vt 0.700000 1.000000
vt 0.700000 0.000000
vt 0.702778 1.000000
vt 0.702778 0.000000
vt 0.705556 1.000000
vt 0.705556 0.000000
vt 0.711111 1.000000
vt 0.711111 0.000000
vt 0.713889 1.000000
vt 0.713889 0.000000
vt 0.716667 1.000000
vt 0.716667 0.000000
vt 0.719444 1.000000
vt 0.719444 0.000000
vt 0.725000 1.000000
vt 0.725000 0.000000
vt 0.727778 1.000000
vt 0.727778 0.000000
vt 0.730556 1.000000
vt 0.730556 0.000000
vt 0.733333 1.000000
vt 0.733333 0.000000
vt 0.736111 1.000000
vt 0.736111 0.000000
vt 0.738889 1.000000
vt 0.738889 0.000000
vt 0.741667 1.000000
vt 0.741667 0.000000
vt 0.744444 1.000000
vt 0.744444 0.000000
vt 0.747222 1.000000
vt 0.747222 0.000000
vt 0.752778 1.000000
vt 0.752778 0.000000
vt 0.755556 1.000000
vt 0.755556 0.000000
vt 0.758333 1.000000
vt 0.758333 0.000000
vt 0.761111 1.000000
vt 0.761111 0.000000
vt 0.763889 1.000000
vt 0.763889 0.000000
vt 0.766667 1.000000
vt 0.766667 0.000000
vt 0.769444 1.000000
vt 0.769444 0.000000
vt 0.772222 1.000000
vt 0.772222 0.000000
vt 0.775000 1.000000
vt 0.775000 0.000000
vt 0.780556 1.000000
vt 0.780556 0.000000
vt 0.783333 1.000000
vt 0.783333 0.000000
vt 0.786111 1.000000
vt 0.786111 0.000000
vt 0.788889 1.000000
vt 0.788889 0.000000
vt 0.794444 1.000000
vt 0.794444 0.000000
vt 0.797222 1.000000
vt 0.797222 0.000000
vt 0.800000 1.000000
vt 0.802778 1.000000
vt 0.802778 0.000000
vt 0.808333 1.000000
vt 0.808333 0.000000
vt 0.811111 1.000000
vt 0.811111 0.000000
vt 0.813889 1.000000
vt 0.813889 0.000000
vt 0.816667 1.000000
vt 0.816667 0.000000
vt 0.819444 1.000000
vt 0.819444 0.000000
vt 0.822222 1.000000
vt 0.822222 0.000000
vt 0.825000 1.000000
vt 0.825000 0.000000
vt 0.827778 1.000000
vt 0.827778 0.000000
vt 0.830556 1.000000
vt 0.830556 0.000000
vt 0.836111 1.000000
vt 0.836111 0.000000
vt 0.838889 1.000000
vt 0.838889 0.000000
vt 0.841667 1.000000
vt 0.841667 0.000000
vt 0.844444 1.000000
vt 0.844444 0.000000
vt 0.847222 1.000000
vt 0.847222 0.000000
vt 0.850000 1.000000
vt 0.850000 0.000000
vt 0.852778 1.000000
vt 0.852778 0.000000
vt 0.855556 1.000000
vt 0.855556 0.000000
vt 0.858333 1.000000
vt 0.858333 0.000000
vt 0.863889 1.000000
vt 0.863889 0.000000
vt 0.866667 1.000000
vt 0.866667 0.000000
vt 0.869444 1.000000
vt 0.869444 0.000000
vt 0.872222 1.000000
vt 0.872222 0.000000
vt 0.877778 1.000000
vt 0.877778 0.000000
vt 0.880556 1.000000
vt 0.880556 0.000000
vt 0.883333 1.000000
vt 0.883333 0.000000
vt 0.886111 1.000000
vt 0.886111 0.000000
vt 0.891667 1.000000
vt 0.891667 0.000000
vt 0.894444 1.000000
vt 0.894444 0.000000
vt 0.897222 1.000000
vt 0.897222 0.000000
vt 0.900000 1.000000
vt 0.900000 0.000000
vt 0.902778 1.000000
vt 0.902778 0.000000
vt 0.905556 1.000000
vt 0.905556 0.000000
vt 0.908333 1.000000
vt 0.908333 0.000000
vt 0.911111 1.000000
vt 0.911111 0.000000
vt 0.913889 1.000000
vt 0.913889 0.000000
vt 0.919444 1.000000
vt 0.919444 0.000000
vt 0.922222 1.000000
vt 0.922222 0.000000
vt 0.925000 1.000000
vt 0.925000 0.000000
vt 0.927778 1.000000
vt 0.927778 0.000000
vt 0.930556 1.000000
vt 0.930556 0.000000
vt 0.933333 1.000000
vt 0.933333 0.000000
vt 0.936111 1.000000
vt 0.936111 0.000000
vt 0.938889 1.000000
vt 0.938889 0.000000
vt 0.941667 1.000000
vt 0.941667 0.000000
vt 0.947222 1.000000
vt 0.947222 0.000000
vt 0.950000 1.000000
vt 0.950000 0.000000
vt 0.952778 1.000000
vt 0.952778 0.000000
vt 0.955556 1.000000
vt 0.955556 0.000000
vt 0.961111 1.000000
vt 0.961111 0.000000
vt 0.963889 1.000000
vt 0.963889 0.000000
vt 0.966667 1.000000
vt 0.966667 0.000000
vt 0.969444 1.000000
vt 0.969444 0.000000
vt 0.975000 1.000000
vt 0.975000 0.000000
vt 0.977778 1.000000
vt 0.977778 0.000000
vt 0.980556 1.000000
vt 0.980556 0.000000
vt 0.983333 1.000000
vt 0.983333 0.000000
vt 0.986111 1.000000
vt 0.986111 0.000000
vt 0.988889 1.000000
vt 0.988889 0.000000
vt 0.991667 1.000000
vt 0.991667 0.000000
vt 0.994444 1.000000
vt 0.994444 0.000000
vt 0.997222 1.000000
vt 0.997222 0.000000
vt 0.002242 1.000000
vt 0.002242 0.000000
vt 0.004484 1.000000
vt 0.004484 0.000000
vt 0.006726 1.000000
vt 0.006726 0.000000
vt 0.008969 1.000000
vt 0.008969 0.000000
vt 0.011211 1.000000
vt 0.011211 0.000000
vt 0.013453 1.000000
vt 0.013453 0.000000
vt 0.015695 1.000000
vt 0.015695 0.000000
vt 0.017937 1.000000
vt 0.017937 0.000000
vt 0.020179 1.000000
vt 0.020179 0.000000
vt 0.022422 1.000000
vt 0.022422 0.000000
vt 0.024664 1.000000
vt 0.024664 0.000000
vt 0.026906 1.000000
vt 0.026906 0.000000
vt 0.029148 1.000000
vt 0.029148 0.000000
vt 0.031390 1.000000
vt 0.031390 0.000000
vt 0.033632 1.000000
vt 0.033632 0.000000
vt 0.035874 1.000000
vt 0.035874 0.000000
vt 0.038117 1.000000
vt 0.038117 0.000000
vt 0.040359 1.000000
vt 0.040359 0.000000
vt 0.042601 1.000000
vt 0.042601 0.000000
vt 0.044843 1.000000
vt 0.044843 0.000000
vt 0.047085 1.000000
vt 0.047085 0.000000
vt 0.049327 1.000000
vt 0.049327 0.000000
vt 0.051570 1.000000
vt 0.051570 0.000000
vt 0.053812 1.000000
vt 0.053812 0.000000
vt 0.056054 1.000000
vt 0.056054 0.000000
vt 0.058296 1.000000
vt 0.058296 0.000000
vt 0.060538 1.000000
vt 0.060538 0.000000
vt 0.062780 1.000000
vt 0.062780 0.000000
vt 0.065022 1.000000
vt 0.065022 0.000000
vt 0.067265 1.000000
vt 0.067265 0.000000
vt 0.069507 1.000000
vt 0.069507 0.000000
vt 0.071749 1.000000
vt 0.071749 0.000000
vt 0.073991 1.000000
vt 0.073991 0.000000
vt 0.076233 1.000000
vt 0.076233 0.000000
vt 0.078475 1.000000
vt 0.078475 0.000000
vt 0.080717 1.000000
vt 0.080717 0.000000
vt 0.082960 1.000000
vt 0.082960 0.000000
vt 0.085202 1.000000
vt 0.085202 0.000000
vt 0.087444 1.000000
vt 0.087444 0.000000
vt 0.089686 1.000000
vt 0.089686 0.000000
vt 0.091928 1.000000
vt 0.091928 0.000000
vt 0.094170 1.000000
vt 0.094170 0.000000
vt 0.096413 1.000000
vt 0.096413 0.000000
vt 0.098655 1.000000
vt 0.098655 0.000000
vt 0.100897 1.000000
vt 0.100897 0.000000
vt 0.103139 1.000000
vt 0.103139 0.000000
vt 0.105381 1.000000
vt 0.105381 0.000000
vt 0.107623 1.000000
vt 0.107623 0.000000
vt 0.109865 1.000000
vt 0.109865 0.000000
vt 0.112108 1.000000
vt 0.112108 0.000000
vt 0.114350 1.000000
vt 0.114350 0.000000
vt 0.116592 1.000000
vt 0.116592 0.000000
vt 0.118834 1.000000
vt 0.118834 0.000000
vt 0.121076 1.000000
vt 0.121076 0.000000
vt 0.123318 1.000000
vt 0.123318 0.000000
vt 0.125561 1.000000
vt 0.125561 0.000000
vt 0.127803 1.000000
vt 0.127803 0.000000
vt 0.130045 1.000000
vt 0.130045 0.000000
vt 0.132287 1.000000
vt 0.132287 0.000000
vt 0.134529 1.000000
vt 0.134529 0.000000
vt 0.136771 1.000000
vt 0.136771 0.000000
vt 0.139013 1.000000
vt 0.139013 0.000000
vt 0.141256 1.000000
vt 0.141256 0.000000
vt 0.143498 1.000000
vt 0.143498 0.000000
vt 0.145740 1.000000
vt 0.145740 0.000000
vt 0.147982 1.000000
vt 0.147982 0.000000
vt 0.150224 1.000000
vt 0.150224 0.000000
vt 0.152466 1.000000
vt 0.152466 0.000000
vt 0.154709 1.000000
vt 0.154709 0.000000
vt 0.156951 1.000000
vt 0.156951 0.000000
vt 0.159193 1.000000
vt 0.159193 0.000000
vt 0.161435 1.000000
vt 0.161435 0.000000
vt 0.163677 1.000000
vt 0.163677 0.000000
vt 0.165919 1.000000
vt 0.165919 0.000000
vt 0.168161 1.000000
vt 0.168161 0.000000
vt 0.170404 1.000000
vt 0.170404 0.000000
vt 0.172646 1.000000
vt 0.172646 0.000000
vt 0.174888 1.000000
vt 0.174888 0.000000
vt 0.177130 1.000000
vt 0.177130 0.000000
vt 0.179372 1.000000
vt 0.179372 0.000000
vt 0.181614 1.000000
vt 0.181614 0.000000
vt 0.183857 1.000000
vt 0.183857 0.000000
vt 0.186099 1.000000
vt 0.186099 0.000000
vt 0.188341 1.000000
vt 0.188341 0.000000
vt 0.190583 1.000000
vt 0.190583 0.000000
vt 0.192825 1.000000
vt 0.192825 0.000000
vt 0.195067 1.000000
vt 0.195067 0.000000
vt 0.197309 1.000000
vt 0.197309 0.000000
vt 0.199552 1.000000
vt 0.199552 0.000000
vt 0.201794 1.000000
vt 0.201794 0.000000
vt 0.204036 1.000000
vt 0.204036 0.000000
vt 0.206278 1.000000
vt 0.206278 0.000000
vt 0.208520 1.000000
vt 0.208520 0.000000
vt 0.210762 1.000000
vt 0.210762 0.000000
vt 0.213004 1.000000
vt 0.213004 0.000000
vt 0.215247 1.000000
vt 0.215247 0.000000
vt 0.217489 1.000000
vt 0.217489 0.000000
vt 0.219731 1.000000
vt 0.219731 0.000000
vt 0.221973 1.000000
vt 0.221973 0.000000
vt 0.224215 1.000000
vt 0.224215 0.000000
vt 0.226457 1.000000
vt 0.226457 0.000000
vt 0.228700 1.000000
vt 0.228700 0.000000
vt 0.230942 1.000000
vt 0.230942 0.000000
vt 0.233184 1.000000
vt 0.233184 0.000000
vt 0.235426 1.000000
vt 0.235426 0.000000
vt 0.237668 1.000000
vt 0.237668 0.000000
vt 0.239910 1.000000
vt 0.239910 0.000000
vt 0.242152 1.000000
vt 0.242152 0.000000
vt 0.244395 1.000000
vt 0.244395 0.000000
vt 0.246637 1.000000
vt 0.246637 0.000000
vt 0.248879 1.000000
vt 0.248879 0.000000
vt 0.251121 1.000000
vt 0.251121 0.000000
vt 0.253363 1.000000
vt 0.253363 0.000000
vt 0.255605 1.000000
vt 0.255605 0.000000
vt 0.257848 1.000000
vt 0.257848 0.000000
vt 0.260090 1.000000
vt 0.260090 0.000000
vt 0.262332 1.000000
vt 0.262332 0.000000
vt 0.264574 1.000000
vt 0.264574 0.000000
vt 0.266816 1.000000
vt 0.266816 0.000000
vt 0.269058 1.000000
vt 0.269058 0.000000
vt 0.271300 1.000000
vt 0.271300 0.000000
vt 0.273543 1.000000
vt 0.273543 0.000000
vt 0.275785 1.000000
vt 0.275785 0.000000
vt 0.278027 1.000000
vt 0.278027 0.000000
vt 0.280269 1.000000
vt 0.280269 0.000000
vt 0.282511 1.000000
vt 0.282511 0.000000
vt 0.284753 1.000000
vt 0.284753 0.000000
vt 0.286996 1.000000
vt 0.286996 0.000000
vt 0.289238 1.000000
vt 0.289238 0.000000
vt 0.291480 1.000000
vt 0.291480 0.000000
vt 0.293722 1.000000
vt 0.293722 0.000000
vt 0.295964 1.000000
vt 0.295964 0.000000
vt 0.298206 1.000000
vt 0.298206 0.000000
vt 0.300448 1.000000
vt 0.300448 0.000000
vt 0.302691 1.000000
vt 0.302691 0.000000
vt 0.304933 1.000000
vt 0.304933 0.000000
vt 0.307175 1.000000
vt 0.307175 0.000000
vt 0.309417 1.000000
vt 0.309417 0.000000
vt 0.311659 1.000000
vt 0.311659 0.000000
vt 0.313901 1.000000
vt 0.313901 0.000000
vt 0.316143 1.000000
vt 0.316143 0.000000
vt 0.318386 1.000000
vt 0.318386 0.000000
vt 0.320628 1.000000
vt 0.320628 0.000000
vt 0.322870 1.000000
vt 0.322870 0.000000
vt 0.325112 1.000000
vt 0.325112 0.000000
vt 0.327354 1.000000
vt 0.327354 0.000000
vt 0.329596 1.000000
vt 0.329596 0.000000
vt 0.331839 1.000000
vt 0.331839 0.000000
vt 0.334081 1.000000
vt 0.334081 0.000000
vt 0.336323 1.000000
vt 0.336323 0.000000
vt 0.338565 1.000000
vt 0.338565 0.000000
vt 0.340807 1.000000
vt 0.340807 0.000000
vt 0.343049 1.000000
vt 0.343049 0.000000
vt 0.345291 1.000000
vt 0.345291 0.000000
vt 0.347534 1.000000
vt 0.347534 0.000000
vt 0.349776 1.000000
vt 0.349776 0.000000
vt 0.352018 1.000000
vt 0.352018 0.000000
vt 0.354260 1.000000
vt 0.354260 0.000000
vt 0.356502 1.000000
vt 0.356502 0.000000
vt 0.358744 1.000000
vt 0.358744 0.000000
vt 0.360987 1.000000
vt 0.360987 0.000000
vt 0.363229 1.000000
vt 0.363229 0.000000
vt 0.365471 1.000000
vt 0.365471 0.000000
vt 0.367713 1.000000
vt 0.367713 0.000000
vt 0.369955 1.000000
vt 0.369955 0.000000
vt 0.372197 1.000000
vt 0.372197 0.000000
vt 0.374439 1.000000
vt 0.374439 0.000000
vt 0.376682 1.000000
vt 0.376682 0.000000
vt 0.378924 1.000000
vt 0.378924 0.000000
vt 0.381166 1.000000
vt 0.381166 0.000000
vt 0.383408 1.000000
vt 0.383408 0.000000
vt 0.385650 1.000000
vt 0.385650 0.000000
vt 0.387892 1.000000
vt 0.387892 0.000000
vt 0.390135 1.000000
vt 0.390135 0.000000
vt 0.392377 1.000000
vt 0.392377 0.000000
vt 0.394619 1.000000
vt 0.394619 0.000000
vt 0.396861 1.000000
vt 0.396861 0.000000
vt 0.399103 1.000000
vt 0.399103 0.000000
vt 0.401345 1.000000
vt 0.401345 0.000000
vt 0.403587 1.000000
vt 0.403587 0.000000
vt 0.405830 1.000000
vt 0.405830 0.000000
vt 0.408072 1.000000
vt 0.408072 0.000000
vt 0.410314 1.000000
vt 0.410314 0.000000
vt 0.412556 1.000000
vt 0.412556 0.000000
vt 0.414798 1.000000
vt 0.414798 0.000000
vt 0.417040 1.000000
vt 0.417040 0.000000
vt 0.419283 1.000000
vt 0.419283 0.000000
vt 0.421525 1.000000
vt 0.421525 0.000000
vt 0.423767 1.000000
vt 0.423767 0.000000
vt 0.426009 1.000000
vt 0.426009 0.000000
vt 0.428251 1.000000
vt 0.428251 0.000000
vt 0.430493 1.000000
vt 0.430493 0.000000
vt 0.432735 1.000000
vt 0.432735 0.000000
vt 0.434978 1.000000
vt 0.434978 0.000000
vt 0.437220 1.000000
vt 0.437220 0.000000
vt 0.439462 1.000000
vt 0.439462 0.000000
vt 0.441704 1.000000
vt 0.441704 0.000000
vt 0.443946 1.000000
vt 0.443946 0.000000
vt 0.446188 1.000000
vt 0.446188 0.000000
vt 0.448430 1.000000
vt 0.448430 0.000000
vt 0.450673 1.000000
vt 0.450673 0.000000
vt 0.452915 1.000000
vt 0.452915 0.000000
vt 0.455157 1.000000
vt 0.455157 0.000000
vt 0.457399 1.000000
vt 0.457399 0.000000
vt 0.459641 1.000000
vt 0.459641 0.000000
vt 0.461883 1.000000
vt 0.461883 0.000000
vt 0.464126 1.000000
vt 0.464126 0.000000
vt 0.466368 1.000000
vt 0.466368 0.000000
vt 0.468610 1.000000
vt 0.468610 0.000000
vt 0.470852 1.000000
vt 0.470852 0.000000
vt 0.473094 1.000000
vt 0.473094 0.000000
vt 0.475336 1.000000
vt 0.475336 0.000000
vt 0.477578 1.000000
vt 0.477578 0.000000
vt 0.479821 1.000000
vt 0.479821 0.000000
vt 0.482063 1.000000
vt 0.482063 0.000000
vt 0.484305 1.000000
vt 0.484305 0.000000
vt 0.486547 1.000000
vt 0.486547 0.000000
vt 0.488789 1.000000
vt 0.488789 0.000000
vt 0.491031 1.000000
vt 0.491031 0.000000
vt 0.493274 1.000000
vt 0.493274 0.000000
vt 0.495516 1.000000
vt 0.495516 0.000000
vt 0.497758 1.000000
vt 0.497758 0.000000
vt 0.502242 1.000000
vt 0.502242 0.000000
vt 0.504484 1.000000
vt 0.504484 0.000000
vt 0.506726 1.000000
vt 0.506726 0.000000
vt 0.508969 1.000000
vt 0.508969 0.000000
vt 0.511211 1.000000
vt 0.511211 0.000000
vt 0.513453 1.000000
vt 0.513453 0.000000
vt 0.515695 1.000000
vt 0.515695 0.000000
vt 0.517937 1.000000
vt 0.517937 0.000000
vt 0.520179 1.000000
vt 0.520179 0.000000
vt 0.522422 1.000000
vt 0.522422 0.000000
vt 0.524664 1.000000
vt 0.524664 0.000000
vt 0.526906 1.000000
vt 0.526906 0.000000
vt 0.529148 1.000000
vt 0.529148 0.000000
vt 0.531390 1.000000
vt 0.531390 0.000000
vt 0.533632 1.000000
vt 0.533632 0.000000
vt 0.535874 1.000000
vt 0.535874 0.000000
vt 0.538117 1.000000
vt 0.538117 0.000000
vt 0.540359 1.000000
vt 0.540359 0.000000
vt 0.542601 1.000000
vt 0.542601 0.000000
vt 0.544843 1.000000
vt 0.544843 0.000000
vt 0.547085 1.000000
vt 0.547085 0.000000
vt 0.549327 1.000000
vt 0.549327 0.000000
vt 0.551570 1.000000
vt 0.551570 0.000000
vt 0.553812 1.000000
vt 0.553812 0.000000
vt 0.556054 1.000000
vt 0.556054 0.000000
vt 0.558296 1.000000
vt 0.558296 0.000000
vt 0.560538 1.000000
vt 0.560538 0.000000
vt 0.562780 1.000000
vt 0.562780 0.000000
vt 0.565022 1.000000
vt 0.565022 0.000000
vt 0.567265 1.000000
vt 0.567265 0.000000
vt 0.569507 1.000000
vt 0.569507 0.000000
vt 0.571749 1.000000
vt 0.571749 0.000000
vt 0.573991 1.000000
vt 0.573991 0.000000
vt 0.576233 1.000000
vt 0.576233 0.000000
vt 0.578475 1.000000
vt 0.578475 0.000000
vt 0.580718 1.000000
vt 0.580718 0.000000
vt 0.582960 1.000000
vt 0.582960 0.000000
vt 0.585202 1.000000
vt 0.585202 0.000000
vt 0.587444 1.000000
vt 0.587444 0.000000
vt 0.589686 1.000000
vt 0.589686 0.000000
vt 0.591928 1.000000
vt 0.591928 0.000000
vt 0.594170 1.000000
vt 0.594170 0.000000
vt 0.596413 1.000000
vt 0.596413 0.000000
vt 0.598655 1.000000
vt 0.598655 0.000000
vt 0.600897 1.000000
vt 0.600897 0.000000
vt 0.603139 1.000000
vt 0.603139 0.000000
vt 0.605381 1.000000
vt 0.605381 0.000000
vt 0.607623 1.000000
vt 0.607623 0.000000
vt 0.609865 1.000000
vt 0.609865 0.000000
vt 0.612108 1.000000
vt 0.612108 0.000000
vt 0.614350 1.000000
vt 0.614350 0.000000
vt 0.616592 1.000000
vt 0.616592 0.000000
vt 0.618834 1.000000
vt 0.618834 0.000000
vt 0.621076 1.000000
vt 0.621076 0.000000
vt 0.623318 1.000000
vt 0.623318 0.000000
vt 0.625561 1.000000
vt 0.625561 0.000000
vt 0.627803 1.000000
vt 0.627803 0.000000
vt 0.630045 1.000000
vt 0.630045 0.000000
vt 0.632287 1.000000
vt 0.632287 0.000000
vt 0.634529 1.000000
vt 0.634529 0.000000
vt 0.636771 1.000000
vt 0.636771 0.000000
vt 0.639013 1.000000
vt 0.639013 0.000000
vt 0.641256 1.000000
vt 0.641256 0.000000
vt 0.643498 1.000000
vt 0.643498 0.000000
vt 0.645740 1.000000
vt 0.645740 0.000000
vt 0.647982 1.000000
vt 0.647982 0.000000
vt 0.650224 1.000000
vt 0.650224 0.000000
vt 0.652466 1.000000
vt 0.652466 0.000000
vt 0.654709 1.000000
vt 0.654709 0.000000
vt 0.656951 1.000000
vt 0.656951 0.000000
vt 0.659193 1.000000
vt 0.659193 0.000000
vt 0.661435 1.000000
vt 0.661435 0.000000
vt 0.663677 1.000000
vt 0.663677 0.000000
vt 0.665919 1.000000
vt 0.665919 0.000000
vt 0.668161 1.000000
vt 0.668161 0.000000
vt 0.670404 1.000000
vt 0.670404 0.000000
vt 0.672646 1.000000
vt 0.672646 0.000000
vt 0.674888 1.000000
vt 0.674888 0.000000
vt 0.677130 1.000000
vt 0.677130 0.000000
vt 0.679372 1.000000
vt 0.679372 0.000000
vt 0.681614 1.000000
vt 0.681614 0.000000
vt 0.683856 1.000000
vt 0.683856 0.000000
vt 0.686099 1.000000
vt 0.686099 0.000000
vt 0.688341 1.000000
vt 0.688341 0.000000
vt 0.690583 1.000000
vt 0.690583 0.000000
vt 0.692825 1.000000
vt 0.692825 0.000000
vt 0.695067 1.000000
vt 0.695067 0.000000
vt 0.697309 1.000000
vt 0.697309 0.000000
vt 0.699552 1.000000
vt 0.699552 0.000000
vt 0.701794 1.000000
vt 0.701794 0.000000
vt 0.704036 1.000000
vt 0.704036 0.000000
vt 0.706278 1.000000
vt 0.706278 0.000000
vt 0.708520 1.000000
vt 0.708520 0.000000
vt 0.710762 1.000000
vt 0.710762 0.000000
vt 0.713004 1.000000
vt 0.713004 0.000000
vt 0.715247 1.000000
vt 0.715247 0.000000
vt 0.717489 1.000000
vt 0.717489 0.000000
vt 0.719731 1.000000
vt 0.719731 0.000000
vt 0.721973 1.000000
vt 0.721973 0.000000
vt 0.724215 1.000000
vt 0.724215 0.000000
vt 0.726457 1.000000
vt 0.726457 0.000000
vt 0.728700 1.000000
vt 0.728700 0.000000
vt 0.730942 1.000000
vt 0.730942 0.000000
vt 0.733184 1.000000
vt 0.733184 0.000000
vt 0.735426 1.000000
vt 0.735426 0.000000
vt 0.737668 1.000000
vt 0.737668 0.000000
vt 0.739910 1.000000
vt 0.739910 0.000000
vt 0.742152 1.000000
vt 0.742152 0.000000
vt 0.744395 1.000000
vt 0.744395 0.000000
vt 0.746637 1.000000
vt 0.746637 0.000000
vt 0.748879 1.000000
vt 0.748879 0.000000
vt 0.751121 1.000000
vt 0.751121 0.000000
vt 0.753363 1.000000
vt 0.753363 0.000000
vt 0.755605 1.000000
vt 0.755605 0.000000
vt 0.757848 1.000000
vt 0.757848 0.000000
vt 0.760090 1.000000
vt 0.760090 0.000000
vt 0.762332 1.000000
vt 0.762332 0.000000
vt 0.764574 1.000000
vt 0.764574 0.000000
vt 0.766816 1.000000
vt 0.766816 0.000000
vt 0.769058 1.000000
vt 0.769058 0.000000
vt 0.771300 1.000000
vt 0.771300 0.000000
vt 0.773543 1.000000
vt 0.773543 0.000000
vt 0.775785 1.000000
vt 0.775785 0.000000
vt 0.778027 1.000000
vt 0.778027 0.000000
vt 0.780269 1.000000
vt 0.780269 0.000000
vt 0.782511 1.000000
vt 0.782511 0.000000
vt 0.784753 1.000000
vt 0.784753 0.000000
vt 0.786996 1.000000
vt 0.786996 0.000000
vt 0.789238 1.000000
vt 0.789238 0.000000
vt 0.791480 1.000000
vt 0.791480 0.000000
vt 0.793722 1.000000
vt 0.793722 0.000000
vt 0.795964 1.000000
vt 0.795964 0.000000
vt 0.798206 1.000000
vt 0.798206 0.000000
vt 0.800448 1.000000
vt 0.800448 0.000000
vt 0.802691 1.000000
vt 0.802691 0.000000
vt 0.804933 1.000000
vt 0.804933 0.000000
vt 0.807175 1.000000
vt 0.807175 0.000000
vt 0.809417 1.000000
vt 0.809417 0.000000
vt 0.811659 1.000000
vt 0.811659 0.000000
vt 0.813901 1.000000
vt 0.813901 0.000000
vt 0.816144 1.000000
vt 0.816144 0.000000
vt 0.818386 1.000000
vt 0.818386 0.000000
vt 0.820628 1.000000
vt 0.820628 0.000000
vt 0.822870 1.000000
vt 0.822870 0.000000
vt 0.825112 1.000000
vt 0.825112 0.000000
vt 0.827354 1.000000
vt 0.827354 0.000000
vt 0.829596 1.000000
vt 0.829596 0.000000
vt 0.831839 1.000000
vt 0.831839 0.000000
vt 0.834081 1.000000
vt 0.834081 0.000000
vt 0.836323 1.000000
vt 0.836323 0.000000
vt 0.838565 1.000000
vt 0.838565 0.000000
vt 0.840807 1.000000
vt 0.840807 0.000000
vt 0.843049 1.000000
vt 0.843049 0.000000
vt 0.845291 1.000000
vt 0.845291 0.000000
vt 0.847534 1.000000
vt 0.847534 0.000000
vt 0.849776 1.000000
vt 0.849776 0.000000
vt 0.852018 1.000000
vt 0.852018 0.000000
vt 0.854260 1.000000
vt 0.854260 0.000000
vt 0.856502 1.000000
vt 0.856502 0.000000
vt 0.858744 1.000000
vt 0.858744 0.000000
vt 0.860987 1.000000
vt 0.860987 0.000000
vt 0.863229 1.000000
vt 0.863229 0.000000
vt 0.865471 1.000000
vt 0.865471 0.000000
vt 0.867713 1.000000
vt 0.867713 0.000000
vt 0.869955 1.000000
vt 0.869955 0.000000
vt 0.872197 1.000000
vt 0.872197 0.000000
vt 0.874439 1.000000
vt 0.874439 0.000000
vt 0.876682 1.000000
vt 0.876682 0.000000
vt 0.878924 1.000000
vt 0.878924 0.000000
vt 0.881166 1.000000
vt 0.881166 0.000000
vt 0.883408 1.000000
vt 0.883408 0.000000
vt 0.885650 1.000000
vt 0.885650 0.000000
vt 0.887892 1.000000
vt 0.887892 0.000000
vt 0.890135 1.000000
vt 0.890135 0.000000
vt 0.892377 1.000000
vt 0.892377 0.000000
vt 0.894619 1.000000
vt 0.894619 0.000000
vt 0.896861 1.000000
vt 0.896861 0.000000
vt 0.899103 1.000000
vt 0.899103 0.000000
vt 0.901345 1.000000
vt 0.901345 0.000000
vt 0.903587 1.000000
vt 0.903587 0.000000
vt 0.905830 1.000000
vt 0.905830 0.000000
vt 0.908072 1.000000
vt 0.908072 0.000000
vt 0.910314 1.000000
vt 0.910314 0.000000
vt 0.912556 1.000000
vt 0.912556 0.000000
vt 0.914798 1.000000
vt 0.914798 0.000000
vt 0.917040 1.000000
vt 0.917040 0.000000
vt 0.919282 1.000000
vt 0.919282 0.000000
vt 0.921525 1.000000
vt 0.921525 0.000000
vt 0.923767 1.000000
vt 0.923767 0.000000
vt 0.926009 1.000000
vt 0.926009 0.000000
vt 0.928251 1.000000
vt 0.928251 0.000000
vt 0.930493 1.000000
vt 0.930493 0.000000
vt 0.932735 1.000000
vt 0.932735 0.000000
vt 0.934978 1.000000
vt 0.934978 0.000000
vt 0.937220 1.000000
vt 0.937220 0.000000
vt 0.939462 1.000000
vt 0.939462 0.000000
vt 0.941704 1.000000
vt 0.941704 0.000000
vt 0.943946 1.000000
vt 0.943946 0.000000
vt 0.946188 1.000000
vt 0.946188 0.000000
vt 0.948430 1.000000
vt 0.948430 0.000000
vt 0.950673 1.000000
vt 0.950673 0.000000
vt 0.952915 1.000000
vt 0.952915 0.000000
vt 0.955157 1.000000
vt 0.955157 0.000000
vt 0.957399 1.000000
vt 0.957399 0.000000
vt 0.959641 1.000000
vt 0.959641 0.000000
vt 0.961883 1.000000
vt 0.961883 0.000000
vt 0.964126 1.000000
vt 0.964126 0.000000
vt 0.966368 1.000000
vt 0.966368 0.000000
vt 0.968610 1.000000
vt 0.968610 0.000000
vt 0.970852 1.000000
vt 0.970852 0.000000
vt 0.973094 1.000000
vt 0.973094 0.000000
vt 0.975336 1.000000
vt 0.975336 0.000000
vt 0.977578 1.000000
vt 0.977578 0.000000
vt 0.979821 1.000000
vt 0.979821 0.000000
vt 0.982063 1.000000
vt 0.982063 0.000000
vt 0.984305 1.000000
vt 0.984305 0.000000
vt 0.986547 1.000000
vt 0.986547 0.000000
vt 0.988789 1.000000
vt 0.988789 0.000000
vt 0.991031 1.000000
vt 0.991031 0.000000
vt 0.993274 1.000000
vt 0.993274 0.000000
vt 0.995516 1.000000
vt 0.995516 0.000000
vt 0.997758 1.000000
vt 0.997758 0.000000
s 0
f 325/1/1 327/2/1 326/3/1
f 324/4/1 327/2/1 325/1/1
f 323/5/1 327/2/1 324/4/1
f 323/5/1 328/6/1 327/2/1
f 322/7/1 328/6/1 323/5/1
f 321/8/1 328/6/1 322/7/1
f 321/8/1 329/9/1 328/6/1
f 320/10/1 329/9/1 321/8/1
f 319/11/1 329/9/1 320/10/1
f 318/12/1 329/9/1 319/11/1
f 318/12/1 330/13/1 329/9/1
f 317/14/1 330/13/1 318/12/1
f 316/15/1 330/13/1 317/14/1
f 316/15/1 331/16/1 330/13/1
f 276/17/1 278/18/1 277/19/1
f 276/17/1 279/20/1 278/18/1
f 276/17/1 280/21/1 279/20/1
f 275/22/1 280/21/1 276/17/1
f 315/23/1 331/16/1 316/15/1
f 275/22/1 281/24/1 280/21/1
f 275/22/1 282/25/1 281/24/1
f 274/26/1 282/25/1 275/22/1
f 274/26/1 283/27/1 282/25/1
f 274/26/1 284/28/1 283/27/1
f 314/29/1 331/16/1 315/23/1
f 274/26/1 285/30/1 284/28/1
f 273/31/1 285/30/1 274/26/1
f 273/31/1 286/32/1 285/30/1
f 273/31/1 287/33/1 286/32/1
f 314/29/1 332/34/1 331/16/1
f 313/35/1 332/34/1 314/29/1
f 272/36/1 287/33/1 273/31/1
f 272/36/1 288/37/1 287/33/1
f 272/36/1 289/38/1 288/37/1
f 312/39/1 332/34/1 313/35/1
f 271/40/1 289/38/1 272/36/1
f 271/40/1 290/41/1 289/38/1
f 311/42/1 332/34/1 312/39/1
f 271/40/1 291/43/1 290/41/1
f 271/40/1 292/44/1 291/43/1
f 310/45/1 332/34/1 311/42/1
f 310/45/1 333/46/1 332/34/1
f 270/47/1 292/44/1 271/40/1
f 270/47/1 293/48/1 292/44/1
f 309/49/1 333/46/1 310/45/1
f 270/47/1 294/50/1 293/48/1
f 270/47/1 295/51/1 294/50/1
f 308/52/1 333/46/1 309/49/1
f 270/47/1 296/53/1 295/51/1
f 270/47/1 297/54/1 296/53/1
f 307/55/1 333/46/1 308/52/1
f 270/47/1 298/56/1 297/54/1
f 270/47/1 299/57/1 298/56/1
f 269/58/1 299/57/1 270/47/1
f 269/58/1 300/59/1 299/57/1
f 306/60/1 333/46/1 307/55/1
f 269/58/1 301/61/1 300/59/1
f 269/58/1 302/62/1 301/61/1
f 305/63/1 333/46/1 306/60/1
f 304/64/1 333/46/1 305/63/1
f 304/64/1 334/65/1 333/46/1
f 303/66/1 334/65/1 304/64/1
f 302/62/1 334/65/1 303/66/1
f 269/58/1 334/65/1 302/62/1
f 268/67/1 334/65/1 269/58/1
f 267/68/1 334/65/1 268/67/1
f 267/68/1 335/69/1 334/65/1
f 266/70/1 335/69/1 267/68/1
f 266/70/1 336/71/1 335/69/1
f 265/72/1 336/71/1 266/70/1
f 265/72/1 337/73/1 336/71/1
f 264/74/1 337/73/1 265/72/1
f 263/75/1 337/73/1 264/74/1
f 263/75/1 338/76/1 337/73/1
f 262/77/1 338/76/1 263/75/1
f 262/77/1 339/78/1 338/76/1
f 261/79/1 339/78/1 262/77/1
f 261/79/1 340/80/1 339/78/1
f 260/81/1 340/80/1 261/79/1
f 260/81/1 341/82/1 340/80/1
f 259/83/1 341/82/1 260/81/1
f 259/83/1 342/84/1 341/82/1
f 258/85/1 342/84/1 259/83/1
f 258/85/1 343/86/1 342/84/1
f 257/87/1 343/86/1 258/85/1
f 257/87/1 344/88/1 343/86/1
f 256/89/1 344/88/1 257/87/1
f 256/89/1 345/90/1 344/88/1
f 255/91/1 345/90/1 256/89/1
f 255/91/1 346/92/1 345/90/1
f 254/93/1 346/92/1 255/91/1
f 254/93/1 347/94/1 346/92/1
f 253/95/1 347/94/1 254/93/1
f 253/95/1 348/96/1 347/94/1
f 252/97/1 348/96/1 253/95/1
f 251/98/1 348/96/1 252/97/1
f 251/98/1 349/99/1 348/96/1
f 250/100/1 349/99/1 251/98/1
f 249/101/1 349/99/1 250/100/1
f 249/101/1 350/102/1 349/99/1
f 248/103/1 350/102/1 249/101/1
f 248/103/1 351/104/1 350/102/1
f 247/105/1 351/104/1 248/103/1
f 246/106/1 351/104/1 247/105/1
f 245/107/1 351/104/1 246/106/1
f 244/108/1 351/104/1 245/107/1
f 243/109/1 351/104/1 244/108/1
f 243/109/1 352/110/1 351/104/1
f 242/111/1 352/110/1 243/109/1
f 241/112/1 352/110/1 242/111/1
f 240/113/1 352/110/1 241/112/1
f 240/113/1 353/114/1 352/110/1
f 239/115/1 353/114/1 240/113/1
f 238/116/1 353/114/1 239/115/1
f 237/117/1 353/114/1 238/116/1
f 237/117/1 354/118/1 353/114/1
f 236/119/1 354/118/1 237/117/1
f 235/120/1 354/118/1 236/119/1
f 234/121/1 354/118/1 235/120/1
f 234/121/1 355/122/1 354/118/1
f 233/123/1 355/122/1 234/121/1
f 232/124/1 355/122/1 233/123/1
f 231/125/1 355/122/1 232/124/1
f 231/125/1 356/126/1 355/122/1
f 230/127/1 356/126/1 231/125/1
f 229/128/1 356/126/1 230/127/1
f 228/129/1 356/126/1 229/128/1
f 228/129/1 357/130/1 356/126/1
f 228/129/1 358/131/1 357/130/1
f 227/132/1 358/131/1 228/129/1
f 227/132/1 359/133/1 358/131/1
f 227/132/1 360/134/1 359/133/1
f 227/132/1 386/135/1 360/134/1
f 386/135/1 385/136/1 360/134/1
f 385/136/1 361/137/1 360/134/1
f 226/138/1 387/139/1 227/132/1
f 387/139/1 386/135/1 227/132/1
f 226/138/1 388/140/1 387/139/1
f 384/141/1 361/137/1 385/136/1
f 383/142/1 361/137/1 384/141/1
f 382/143/1 361/137/1 383/142/1
f 381/144/1 361/137/1 382/143/1
f 380/145/1 361/137/1 381/144/1
f 379/146/1 361/137/1 380/145/1
f 378/147/1 361/137/1 379/146/1
f 377/148/1 361/137/1 378/147/1
f 376/149/1 361/137/1 377/148/1
f 375/150/1 361/137/1 376/149/1
f 374/151/1 361/137/1 375/150/1
f 374/151/1 362/152/1 361/137/1
f 373/153/1 362/152/1 374/151/1
f 372/154/1 362/152/1 373/153/1
f 371/155/1 362/152/1 372/154/1
f 370/156/1 362/152/1 371/155/1
f 369/157/1 362/152/1 370/156/1
f 368/158/1 362/152/1 369/157/1
f 367/159/1 362/152/1 368/158/1
f 366/160/1 362/152/1 367/159/1
f 365/161/1 362/152/1 366/160/1
f 364/162/1 362/152/1 365/161/1
f 363/163/1 362/152/1 364/162/1
f 226/138/1 389/164/1 388/140/1
f 226/138/1 390/165/1 389/164/1
f 225/166/1 390/165/1 226/138/1
f 225/166/1 391/167/1 390/165/1
f 224/168/1 391/167/1 225/166/1
f 224/168/1 392/169/1 391/167/1
f 224/168/1 393/170/1 392/169/1
f 223/171/1 393/170/1 224/168/1
f 223/171/1 394/172/1 393/170/1
f 223/171/1 395/173/1 394/172/1
f 222/174/1 395/173/1 223/171/1
f 222/174/1 396/175/1 395/173/1
f 222/174/1 397/176/1 396/175/1
f 410/177/1 412/178/1 411/179/1
f 409/180/1 412/178/1 410/177/1
f 409/180/1 413/181/1 412/178/1
f 408/182/1 413/181/1 409/180/1
f 221/183/1 397/176/1 222/174/1
f 407/184/1 413/181/1 408/182/1
f 407/184/1 414/185/1 413/181/1
f 406/186/1 414/185/1 407/184/1
f 405/187/1 414/185/1 406/186/1
f 405/187/1 415/188/1 414/185/1
f 404/189/1 415/188/1 405/187/1
f 221/183/1 398/190/1 397/176/1
f 404/189/1 416/191/1 415/188/1
f 403/192/1 416/191/1 404/189/1
f 402/193/1 416/191/1 403/192/1
f 402/193/1 417/194/1 416/191/1
f 401/195/1 417/194/1 402/193/1
f 220/196/1 398/190/1 221/183/1
f 220/196/1 399/197/1 398/190/1
f 400/198/1 417/194/1 401/195/1
f 400/198/1 418/199/1 417/194/1
f 399/197/1 418/199/1 400/198/1
f 399/197/1 419/200/1 418/199/1
f 220/196/1 419/200/1 399/197/1
f 219/201/1 419/200/1 220/196/1
f 219/201/1 420/202/1 419/200/1
f 219/201/1 421/203/1 420/202/1
f 218/204/1 421/203/1 219/201/1
f 218/204/1 422/205/1 421/203/1
f 218/204/1 423/206/1 422/205/1
f 217/207/1 423/206/1 218/204/1
f 217/207/1 424/208/1 423/206/1
f 217/207/1 425/209/1 424/208/1
f 216/210/1 425/209/1 217/207/1
f 216/210/1 426/211/1 425/209/1
f 215/212/1 145/213/1 216/210/1
f 145/213/1 426/211/1 216/210/1
f 215/212/1 146/214/1 145/213/1
f 144/215/1 426/211/1 145/213/1
f 143/216/1 426/211/1 144/215/1
f 215/212/1 147/217/1 146/214/1
f 143/216/1 427/218/1 426/211/1
f 214/219/1 147/217/1 215/212/1
f 142/220/1 427/218/1 143/216/1
f 214/219/1 148/221/1 147/217/1
f 141/222/1 427/218/1 142/220/1
f 214/219/1 149/223/1 148/221/1
f 140/224/1 427/218/1 141/222/1
f 214/219/1 150/225/1 149/223/1
f 139/226/1 427/218/1 140/224/1
f 138/227/1 427/218/1 139/226/1
f 214/219/1 151/228/1 150/225/1
f 213/229/1 151/228/1 214/219/1
f 137/230/1 427/218/1 138/227/1
f 213/229/1 152/231/1 151/228/1
f 137/230/1 428/232/1 427/218/1
f 136/233/1 428/232/1 137/230/1
f 213/229/1 153/234/1 152/231/1
f 212/235/1 153/234/1 213/229/1
f 135/236/1 428/232/1 136/233/1
f 212/235/1 154/237/1 153/234/1
f 134/238/1 428/232/1 135/236/1
f 211/239/1 154/237/1 212/235/1
f 134/238/1 429/240/1 428/232/1
f 133/241/1 429/240/1 134/238/1
f 211/239/1 155/242/1 154/237/1
f 210/243/1 155/242/1 211/239/1
f 132/244/1 429/240/1 133/241/1
f 210/243/1 156/245/1 155/242/1
f 131/246/1 429/240/1 132/244/1
f 209/247/1 156/245/1 210/243/1
f 131/246/1 430/248/1 429/240/1
f 209/247/1 157/249/1 156/245/1
f 208/250/1 157/249/1 209/247/1
f 130/251/1 430/248/1 131/246/1
f 207/252/1 157/249/1 208/250/1
f 207/252/1 158/253/1 157/249/1
f 129/254/1 430/248/1 130/251/1
f 206/255/1 158/253/1 207/252/1
f 206/255/1 159/256/1 158/253/1
f 129/254/1 431/257/1 430/248/1
f 205/258/1 159/256/1 206/255/1
f 204/259/1 159/256/1 205/258/1
f 204/259/1 160/260/1 159/256/1
f 128/261/1 431/257/1 129/254/1
f 203/262/1 160/260/1 204/259/1
f 203/262/1 161/263/1 160/260/1
f 203/262/1 162/264/1 161/263/1
f 202/265/1 162/264/1 203/262/1
f 127/266/1 431/257/1 128/261/1
f 202/265/1 163/267/1 162/264/1
f 201/268/1 163/267/1 202/265/1
f 127/266/1 432/269/1 431/257/1
f 201/268/1 164/270/1 163/267/1
f 200/271/1 164/270/1 201/268/1
f 126/272/1 432/269/1 127/266/1
f 200/271/1 165/273/1 164/270/1
f 199/274/1 165/273/1 200/271/1
f 199/274/1 166/275/1 165/273/1
f 198/276/1 166/275/1 199/274/1
f 198/276/1 167/277/1 166/275/1
f 125/278/1 432/269/1 126/272/1
f 197/279/1 167/277/1 198/276/1
f 125/278/1 433/280/1 432/269/1
f 197/279/1 168/281/1 167/277/1
f 196/282/1 168/281/1 197/279/1
f 195/283/1 168/281/1 196/282/1
f 195/283/1 169/284/1 168/281/1
f 124/285/1 433/280/1 125/278/1
f 194/286/1 169/284/1 195/283/1
f 194/286/1 170/287/1 169/284/1
f 193/288/1 170/287/1 194/286/1
f 193/288/1 171/289/1 170/287/1
f 192/290/1 171/289/1 193/288/1
f 124/285/1 434/291/1 433/280/1
f 192/290/1 172/292/1 171/289/1
f 123/293/1 434/291/1 124/285/1
f 191/294/1 172/292/1 192/290/1
f 191/294/1 173/295/1 172/292/1
f 190/296/1 173/295/1 191/294/1
f 190/296/1 174/297/1 173/295/1
f 189/298/1 174/297/1 190/296/1
f 189/298/1 175/299/1 174/297/1
f 188/300/1 175/299/1 189/298/1
f 187/301/1 175/299/1 188/300/1
f 187/301/1 176/302/1 175/299/1
f 122/303/1 434/291/1 123/293/1
f 186/304/1 176/302/1 187/301/1
f 186/304/1 177/305/1 176/302/1
f 185/306/1 177/305/1 186/304/1
f 185/306/1 178/307/1 177/305/1
f 184/308/1 178/307/1 185/306/1
f 184/308/1 179/309/1 178/307/1
f 183/310/1 179/309/1 184/308/1
f 183/310/1 180/311/1 179/309/1
f 182/312/1 180/311/1 183/310/1
f 182/312/1 181/313/1 180/311/1
f 122/303/1 435/314/1 434/291/1
f 121/315/1 435/314/1 122/303/1
f 120/316/1 435/314/1 121/315/1
f 120/316/1 436/317/1 435/314/1
f 119/318/1 436/317/1 120/316/1
f 119/318/1 437/319/1 436/317/1
f 118/320/1 437/319/1 119/318/1
f 117/321/1 437/319/1 118/320/1
f 117/321/1 438/322/1 437/319/1
f 116/323/1 438/322/1 117/321/1
f 115/324/1 438/322/1 116/323/1
f 115/324/1 439/325/1 438/322/1
f 114/326/1 439/325/1 115/324/1
f 113/327/1 439/325/1 114/326/1
f 113/327/1 440/328/1 439/325/1
f 112/329/1 440/328/1 113/327/1
f 111/330/1 440/328/1 112/329/1
f 111/330/1 441/331/1 440/328/1
f 60/332/1 62/333/1 61/334/1
f 59/335/1 62/333/1 60/332/1
f 59/335/1 63/336/1 62/333/1
f 58/337/1 63/336/1 59/335/1
f 58/337/1 64/338/1 63/336/1
f 57/339/1 64/338/1 58/337/1
f 57/339/1 65/340/1 64/338/1
f 56/341/1 65/340/1 57/339/1
f 56/341/1 66/342/1 65/340/1
f 55/343/1 66/342/1 56/341/1
f 55/343/1 67/344/1 66/342/1
f 54/345/1 67/344/1 55/343/1
f 54/345/1 68/346/1 67/344/1
f 110/347/1 441/331/1 111/330/1
f 53/348/1 68/346/1 54/345/1
f 53/348/1 69/349/1 68/346/1
f 52/350/1 69/349/1 53/348/1
f 52/350/1 70/351/1 69/349/1
f 51/352/1 70/351/1 52/350/1
f 51/352/1 71/353/1 70/351/1
f 50/354/1 71/353/1 51/352/1
f 50/354/1 72/355/1 71/353/1
f 109/356/1 441/331/1 110/347/1
f 49/357/1 72/355/1 50/354/1
f 109/356/1 442/358/1 441/331/1
f 49/357/1 73/359/1 72/355/1
f 48/360/1 73/359/1 49/357/1
f 48/360/1 74/361/1 73/359/1
f 47/362/1 74/361/1 48/360/1
f 108/363/1 442/358/1 109/356/1
f 46/364/1 74/361/1 47/362/1
f 46/364/1 75/365/1 74/361/1
f 45/366/1 75/365/1 46/364/1
f 45/366/1 76/367/1 75/365/1
f 44/368/1 76/367/1 45/366/1
f 107/369/1 442/358/1 108/363/1
f 107/369/1 443/370/1 442/358/1
f 43/371/1 76/367/1 44/368/1
f 43/371/1 77/372/1 76/367/1
f 42/373/1 77/372/1 43/371/1
f 42/373/1 78/374/1 77/372/1
f 106/375/1 443/370/1 107/369/1
f 41/376/1 78/374/1 42/373/1
f 41/376/1 79/377/1 78/374/1
f 40/378/1 79/377/1 41/376/1
f 40/378/1 80/379/1 79/377/1
f 105/380/1 443/370/1 106/375/1
f 39/381/1 80/379/1 40/378/1
f 39/381/1 81/382/1 80/379/1
f 105/380/1 444/383/1 443/370/1
f 39/381/1 82/384/1 81/382/1
f 104/385/1 444/383/1 105/380/1
f 38/386/1 82/384/1 39/381/1
f 38/386/1 83/387/1 82/384/1
f 38/386/1 84/388/1 83/387/1
f 38/386/1 85/389/1 84/388/1
f 38/386/1 86/390/1 85/389/1
f 37/391/1 86/390/1 38/386/1
f 103/392/1 444/383/1 104/385/1
f 37/391/1 87/393/1 86/390/1
f 36/394/1 87/393/1 37/391/1
f 36/394/1 88/395/1 87/393/1
f 102/396/1 444/383/1 103/392/1
f 35/397/1 88/395/1 36/394/1
f 35/397/1 89/398/1 88/395/1
f 102/396/1 445/399/1 444/383/1
f 34/400/1 89/398/1 35/397/1
f 101/401/1 445/399/1 102/396/1
f 34/400/1 90/402/1 89/398/1
f 33/403/1 90/402/1 34/400/1
f 33/403/1 91/404/1 90/402/1
f 100/405/1 445/399/1 101/401/1
f 33/403/1 92/406/1 91/404/1
f 32/407/1 92/406/1 33/403/1
f 32/407/1 93/408/1 92/406/1
f 99/409/1 445/399/1 100/405/1
f 32/407/1 94/410/1 93/408/1
f 98/411/1 445/399/1 99/409/1
f 32/407/1 95/412/1 94/410/1
f 31/413/1 95/412/1 32/407/1
f 31/413/1 96/414/1 95/412/1
f 97/415/1 445/399/1 98/411/1
f 31/413/1 97/415/1 96/414/1
f 31/413/1 445/399/1 97/415/1
f 30/416/1 445/399/1 31/413/1
f 29/417/1 445/399/1 30/416/1
f 29/417/1 446/418/1 445/399/1
f 28/419/1 446/418/1 29/417/1
f 27/420/1 446/418/1 28/419/1
f 26/421/1 446/418/1 27/420/1
f 25/422/1 446/418/1 26/421/1
f 24/423/1 446/418/1 25/422/1
f 24/423/1 1/424/1 446/418/1
f 24/423/1 2/425/1 1/424/1
f 23/426/1 2/425/1 24/423/1
f 23/426/1 3/427/1 2/425/1
f 22/428/1 3/427/1 23/426/1
f 22/428/1 4/429/1 3/427/1
f 21/430/1 4/429/1 22/428/1
f 21/430/1 5/431/1 4/429/1
f 20/432/1 5/431/1 21/430/1
f 20/432/1 6/433/1 5/431/1
f 19/434/1 6/433/1 20/432/1
f 19/434/1 7/435/1 6/433/1
f 18/436/1 7/435/1 19/434/1
f 18/436/1 8/437/1 7/435/1
f 17/438/1 8/437/1 18/436/1
f 17/438/1 9/439/1 8/437/1
f 16/440/1 9/439/1 17/438/1
f 16/440/1 10/441/1 9/439/1
f 15/442/1 10/441/1 16/440/1
f 15/442/1 11/443/1 10/441/1
f 14/444/1 11/443/1 15/442/1
f 14/444/1 12/445/1 11/443/1
f 13/446/1 12/445/1 14/444/1
f 770/447/1 772/448/1 771/449/1
f 769/450/1 772/448/1 770/447/1
f 769/450/1 773/451/1 772/448/1
f 768/452/1 773/451/1 769/450/1
f 768/452/1 774/453/1 773/451/1
f 767/454/1 774/453/1 768/452/1
f 767/454/1 775/455/1 774/453/1
f 766/456/1 775/455/1 767/454/1
f 766/456/1 776/457/1 775/455/1
f 765/458/1 776/457/1 766/456/1
f 765/458/1 777/459/1 776/457/1
f 764/460/1 777/459/1 765/458/1
f 764/460/1 778/461/1 777/459/1
f 763/462/1 778/461/1 764/460/1
f 762/463/1 778/461/1 763/462/1
f 762/463/1 779/464/1 778/461/1
f 761/465/1 779/464/1 762/463/1
f 761/465/1 780/466/1 779/464/1
f 760/467/1 780/466/1 761/465/1
f 760/467/1 781/468/1 780/466/1
f 759/469/1 781/468/1 760/467/1
f 759/469/1 782/470/1 781/468/1
f 758/471/1 782/470/1 759/469/1
f 758/471/1 783/472/1 782/470/1
f 757/473/1 783/472/1 758/471/1
f 757/473/1 784/474/1 783/472/1
f 756/475/1 784/474/1 757/473/1
f 756/475/1 785/476/1 784/474/1
f 755/477/1 785/476/1 756/475/1
f 754/478/1 785/476/1 755/477/1
f 754/478/1 786/479/1 785/476/1
f 753/480/1 786/479/1 754/478/1
f 753/480/1 787/481/1 786/479/1
f 752/482/1 787/481/1 753/480/1
f 751/483/1 787/481/1 752/482/1
f 751/483/1 788/484/1 787/481/1
f 750/485/1 788/484/1 751/483/1
f 749/486/1 788/484/1 750/485/1
f 749/486/1 789/487/1 788/484/1
f 748/488/1 789/487/1 749/486/1
f 748/488/1 790/489/1 789/487/1
f 747/490/1 790/489/1 748/488/1
f 746/491/1 790/489/1 747/490/1
f 745/492/1 790/489/1 746/491/1
f 745/492/1 699/493/1 790/489/1
f 699/493/1 698/494/1 790/489/1
f 698/494/1 791/495/1 790/489/1
f 745/492/1 700/496/1 699/493/1
f 745/492/1 701/497/1 700/496/1
f 697/498/1 791/495/1 698/494/1
f 745/492/1 702/499/1 701/497/1
f 744/500/1 702/499/1 745/492/1
f 744/500/1 703/501/1 702/499/1
f 696/502/1 791/495/1 697/498/1
f 744/500/1 704/503/1 703/501/1
f 695/504/1 791/495/1 696/502/1
f 743/505/1 704/503/1 744/500/1
f 743/505/1 705/506/1 704/503/1
f 743/505/1 706/507/1 705/506/1
f 694/508/1 791/495/1 695/504/1
f 742/509/1 706/507/1 743/505/1
f 742/509/1 707/510/1 706/507/1
f 694/508/1 792/511/1 791/495/1
f 693/512/1 792/511/1 694/508/1
f 741/513/1 707/510/1 742/509/1
f 741/513/1 708/514/1 707/510/1
f 741/513/1 709/515/1 708/514/1
f 740/516/1 709/515/1 741/513/1
f 692/517/1 792/511/1 693/512/1
f 740/516/1 710/518/1 709/515/1
f 739/519/1 710/518/1 740/516/1
f 738/520/1 710/518/1 739/519/1
f 738/520/1 711/521/1 710/518/1
f 691/522/1 792/511/1 692/517/1
f 691/522/1 793/523/1 792/511/1
f 737/524/1 711/521/1 738/520/1
f 737/524/1 712/525/1 711/521/1
f 736/526/1 712/525/1 737/524/1
f 690/527/1 793/523/1 691/522/1
f 736/526/1 713/528/1 712/525/1
f 735/529/1 713/528/1 736/526/1
f 735/529/1 714/530/1 713/528/1
f 734/531/1 714/530/1 735/529/1
f 690/527/1 794/532/1 793/523/1
f 689/533/1 794/532/1 690/527/1
f 733/534/1 714/530/1 734/531/1
f 733/534/1 715/535/1 714/530/1
f 732/536/1 715/535/1 733/534/1
f 732/536/1 716/537/1 715/535/1
f 731/538/1 716/537/1 732/536/1
f 731/538/1 717/539/1 716/537/1
f 730/540/1 717/539/1 731/538/1
f 688/541/1 794/532/1 689/533/1
f 730/540/1 718/542/1 717/539/1
f 729/543/1 718/542/1 730/540/1
f 729/543/1 719/544/1 718/542/1
f 728/545/1 719/544/1 729/543/1
f 727/546/1 719/544/1 728/545/1
f 727/546/1 720/547/1 719/544/1
f 688/541/1 795/548/1 794/532/1
f 726/549/1 720/547/1 727/546/1
f 726/549/1 721/550/1 720/547/1
f 725/551/1 721/550/1 726/549/1
f 725/551/1 722/552/1 721/550/1
f 724/553/1 722/552/1 725/551/1
f 724/553/1 723/554/1 722/552/1
f 687/555/1 795/548/1 688/541/1
f 687/555/1 796/556/1 795/548/1
f 686/557/1 796/556/1 687/555/1
f 685/558/1 796/556/1 686/557/1
f 684/559/1 796/556/1 685/558/1
f 684/559/1 797/560/1 796/556/1
f 683/561/1 797/560/1 684/559/1
f 682/562/1 797/560/1 683/561/1
f 682/562/1 798/563/1 797/560/1
f 681/564/1 798/563/1 682/562/1
f 680/565/1 798/563/1 681/564/1
f 679/566/1 798/563/1 680/565/1
f 679/566/1 799/567/1 798/563/1
f 678/568/1 799/567/1 679/566/1
f 677/569/1 799/567/1 678/568/1
f 677/569/1 800/570/1 799/567/1
f 676/571/1 800/570/1 677/569/1
f 675/572/1 800/570/1 676/571/1
f 674/573/1 800/570/1 675/572/1
f 674/573/1 801/574/1 800/570/1
f 673/575/1 801/574/1 674/573/1
f 672/576/1 801/574/1 673/575/1
f 671/577/1 801/574/1 672/576/1
f 671/577/1 802/578/1 801/574/1
f 670/579/1 802/578/1 671/577/1
f 669/580/1 802/578/1 670/579/1
f 668/581/1 802/578/1 669/580/1
f 668/581/1 803/582/1 802/578/1
f 667/583/1 803/582/1 668/581/1
f 666/584/1 803/582/1 667/583/1
f 665/585/1 803/582/1 666/584/1
f 664/586/1 803/582/1 665/585/1
f 664/586/1 804/587/1 803/582/1
f 663/588/1 804/587/1 664/586/1
f 662/589/1 804/587/1 663/588/1
f 661/590/1 804/587/1 662/589/1
f 660/591/1 804/587/1 661/590/1
f 660/591/1 805/592/1 804/587/1
f 659/593/1 805/592/1 660/591/1
f 658/594/1 805/592/1 659/593/1
f 657/595/1 805/592/1 658/594/1
f 657/595/1 806/418/1 805/592/1
f 656/596/1 806/418/1 657/595/1
f 655/597/1 806/418/1 656/596/1
f 654/598/1 806/418/1 655/597/1
f 654/598/1 447/424/1 806/418/1
f 653/599/1 447/424/1 654/598/1
f 652/600/1 447/424/1 653/599/1
f 651/601/1 447/424/1 652/600/1
f 650/602/1 447/424/1 651/601/1
f 650/602/1 448/603/1 447/424/1
f 649/604/1 448/603/1 650/602/1
f 649/604/1 449/605/1 448/603/1
f 648/606/1 449/605/1 649/604/1
f 647/607/1 449/605/1 648/606/1
f 647/607/1 450/608/1 449/605/1
f 646/609/1 450/608/1 647/607/1
f 646/609/1 451/610/1 450/608/1
f 645/611/1 451/610/1 646/609/1
f 645/611/1 452/612/1 451/610/1
f 644/613/1 452/612/1 645/611/1
f 644/613/1 453/614/1 452/612/1
f 643/615/1 453/614/1 644/613/1
f 643/615/1 454/616/1 453/614/1
f 642/617/1 454/616/1 643/615/1
f 642/617/1 455/618/1 454/616/1
f 641/619/1 455/618/1 642/617/1
f 641/619/1 456/620/1 455/618/1
f 640/621/1 456/620/1 641/619/1
f 640/621/1 457/622/1 456/620/1
f 640/621/1 458/623/1 457/622/1
f 639/624/1 458/623/1 640/621/1
f 639/624/1 459/625/1 458/623/1
f 638/626/1 459/625/1 639/624/1
f 638/626/1 460/627/1 459/625/1
f 637/628/1 460/627/1 638/626/1
f 637/628/1 461/629/1 460/627/1
f 636/630/1 461/629/1 637/628/1
f 636/630/1 462/631/1 461/629/1
f 635/632/1 462/631/1 636/630/1
f 634/633/1 462/631/1 635/632/1
f 634/633/1 463/634/1 462/631/1
f 633/635/1 463/634/1 634/633/1
f 632/636/1 463/634/1 633/635/1
f 632/636/1 464/637/1 463/634/1
f 631/638/1 464/637/1 632/636/1
f 630/639/1 464/637/1 631/638/1
f 629/640/1 464/637/1 630/639/1
f 628/641/1 464/637/1 629/640/1
f 627/642/1 464/637/1 628/641/1
f 627/642/1 465/643/1 464/637/1
f 626/644/1 465/643/1 627/642/1
f 625/645/1 465/643/1 626/644/1
f 624/646/1 465/643/1 625/645/1
f 624/646/1 466/647/1 465/643/1
f 623/648/1 466/647/1 624/646/1
f 622/649/1 466/647/1 623/648/1
f 622/649/1 467/650/1 466/647/1
f 621/651/1 467/650/1 622/649/1
f 620/652/1 467/650/1 621/651/1
f 620/652/1 468/653/1 467/650/1
f 619/654/1 468/653/1 620/652/1
f 619/654/1 469/655/1 468/653/1
f 618/656/1 469/655/1 619/654/1
f 618/656/1 470/657/1 469/655/1
f 617/658/1 470/657/1 618/656/1
f 616/659/1 470/657/1 617/658/1
f 616/659/1 471/660/1 470/657/1
f 615/661/1 471/660/1 616/659/1
f 615/661/1 472/662/1 471/660/1
f 615/661/1 473/663/1 472/662/1
f 554/664/1 556/665/1 555/666/1
f 614/667/1 473/663/1 615/661/1
f 553/668/1 556/665/1 554/664/1
f 553/668/1 557/669/1 556/665/1
f 552/670/1 557/669/1 553/668/1
f 552/670/1 558/671/1 557/669/1
f 551/672/1 558/671/1 552/670/1
f 551/672/1 559/673/1 558/671/1
f 550/674/1 559/673/1 551/672/1
f 550/674/1 560/675/1 559/673/1
f 549/676/1 560/675/1 550/674/1
f 548/677/1 560/675/1 549/676/1
f 548/677/1 561/678/1 560/675/1
f 547/679/1 561/678/1 548/677/1
f 547/679/1 562/680/1 561/678/1
f 613/681/1 473/663/1 614/667/1
f 546/682/1 562/680/1 547/679/1
f 546/682/1 563/683/1 562/680/1
f 545/684/1 563/683/1 546/682/1
f 545/684/1 564/685/1 563/683/1
f 544/686/1 564/685/1 545/684/1
f 612/687/1 473/663/1 613/681/1
f 544/686/1 565/688/1 564/685/1
f 543/689/1 565/688/1 544/686/1
f 612/687/1 474/690/1 473/663/1
f 542/691/1 565/688/1 543/689/1
f 542/691/1 566/692/1 565/688/1
f 611/693/1 474/690/1 612/687/1
f 541/694/1 566/692/1 542/691/1
f 541/694/1 567/695/1 566/692/1
f 540/696/1 567/695/1 541/694/1
f 540/696/1 568/697/1 567/695/1
f 610/698/1 474/690/1 611/693/1
f 539/699/1 568/697/1 540/696/1
f 538/700/1 568/697/1 539/699/1
f 609/701/1 474/690/1 610/698/1
f 609/701/1 475/702/1 474/690/1
f 538/700/1 569/703/1 568/697/1
f 537/704/1 569/703/1 538/700/1
f 608/705/1 475/702/1 609/701/1
f 536/706/1 569/703/1 537/704/1
f 536/706/1 570/707/1 569/703/1
f 535/708/1 570/707/1 536/706/1
f 607/709/1 475/702/1 608/705/1
f 535/708/1 571/710/1 570/707/1
f 534/711/1 571/710/1 535/708/1
f 607/709/1 476/712/1 475/702/1
f 606/713/1 476/712/1 607/709/1
f 534/711/1 572/714/1 571/710/1
f 533/715/1 572/714/1 534/711/1
f 605/716/1 476/712/1 606/713/1
f 533/715/1 573/717/1 572/714/1
f 532/718/1 573/717/1 533/715/1
f 532/718/1 574/719/1 573/717/1
f 604/720/1 476/712/1 605/716/1
f 531/721/1 574/719/1 532/718/1
f 531/721/1 575/722/1 574/719/1
f 604/720/1 477/723/1 476/712/1
f 530/724/1 575/722/1 531/721/1
f 603/725/1 477/723/1 604/720/1
f 530/724/1 576/726/1 575/722/1
f 529/727/1 576/726/1 530/724/1
f 528/728/1 576/726/1 529/727/1
f 528/728/1 577/729/1 576/726/1
f 602/730/1 477/723/1 603/725/1
f 527/731/1 577/729/1 528/728/1
f 527/731/1 578/732/1 577/729/1
f 527/731/1 579/733/1 578/732/1
f 526/734/1 579/733/1 527/731/1
f 526/734/1 580/735/1 579/733/1
f 601/736/1 477/723/1 602/730/1
f 525/737/1 580/735/1 526/734/1
f 524/738/1 580/735/1 525/737/1
f 524/738/1 581/739/1 580/735/1
f 601/736/1 478/740/1 477/723/1
f 523/741/1 581/739/1 524/738/1
f 600/742/1 478/740/1 601/736/1
f 522/743/1 581/739/1 523/741/1
f 522/743/1 582/744/1 581/739/1
f 521/745/1 582/744/1 522/743/1
f 599/746/1 478/740/1 600/742/1
f 520/747/1 582/744/1 521/745/1
f 520/747/1 583/748/1 582/744/1
f 519/749/1 583/748/1 520/747/1
f 598/750/1 478/740/1 599/746/1
f 519/749/1 584/751/1 583/748/1
f 518/752/1 584/751/1 519/749/1
f 597/753/1 478/740/1 598/750/1
f 518/752/1 585/754/1 584/751/1
f 596/755/1 478/740/1 597/753/1
f 518/752/1 586/756/1 585/754/1
f 596/755/1 479/757/1 478/740/1
f 595/758/1 479/757/1 596/755/1
f 518/752/1 587/759/1 586/756/1
f 594/760/1 479/757/1 595/758/1
f 518/752/1 588/761/1 587/759/1
f 593/762/1 479/757/1 594/760/1
f 518/752/1 589/763/1 588/761/1
f 592/764/1 479/757/1 593/762/1
f 518/752/1 590/765/1 589/763/1
f 591/766/1 479/757/1 592/764/1
f 518/752/1 591/766/1 590/765/1
f 518/752/1 479/757/1 591/766/1
f 517/767/1 479/757/1 518/752/1
f 517/767/1 480/768/1 479/757/1
f 516/769/1 480/768/1 517/767/1
f 516/769/1 481/770/1 480/768/1
f 515/771/1 481/770/1 516/769/1
f 514/772/1 481/770/1 515/771/1
f 514/772/1 482/773/1 481/770/1
f 513/774/1 482/773/1 514/772/1
f 513/774/1 483/775/1 482/773/1
f 512/776/1 483/775/1 513/774/1
f 512/776/1 484/777/1 483/775/1
f 511/778/1 484/777/1 512/776/1
f 510/779/1 484/777/1 511/778/1
f 510/779/1 485/780/1 484/777/1
f 509/781/1 485/780/1 510/779/1
f 509/781/1 486/782/1 485/780/1
f 508/783/1 486/782/1 509/781/1
f 508/783/1 487/784/1 486/782/1
f 507/785/1 487/784/1 508/783/1
f 506/786/1 487/784/1 507/785/1
f 506/786/1 488/787/1 487/784/1
f 505/788/1 488/787/1 506/786/1
f 505/788/1 489/789/1 488/787/1
f 504/790/1 489/789/1 505/788/1
f 503/791/1 489/789/1 504/790/1
f 503/791/1 490/792/1 489/789/1
f 502/793/1 490/792/1 503/791/1
f 502/793/1 491/794/1 490/792/1
f 501/795/1 491/794/1 502/793/1
f 500/796/1 491/794/1 501/795/1
f 500/796/1 492/797/1 491/794/1
f 499/798/1 492/797/1 500/796/1
f 499/798/1 493/799/1 492/797/1
f 498/800/1 493/799/1 499/798/1
f 497/801/1 493/799/1 498/800/1
f 497/801/1 494/802/1 493/799/1
f 496/803/1 494/802/1 497/801/1
f 496/803/1 495/804/1 494/802/1
f 866/805/1 868/806/1 867/807/1
f 866/805/1 869/808/1 868/806/1
f 865/809/1 869/808/1 866/805/1
f 865/809/1 870/810/1 869/808/1
f 864/811/1 870/810/1 865/809/1
f 864/811/1 871/812/1 870/810/1
f 863/813/1 871/812/1 864/811/1
f 863/813/1 872/814/1 871/812/1
f 862/815/1 872/814/1 863/813/1
f 862/815/1 873/816/1 872/814/1
f 861/817/1 873/816/1 862/815/1
f 861/817/1 874/818/1 873/816/1
f 860/819/1 874/818/1 861/817/1
f 860/819/1 875/820/1 874/818/1
f 859/821/1 875/820/1 860/819/1
f 859/821/1 876/822/1 875/820/1
f 858/823/1 876/822/1 859/821/1
f 858/823/1 877/824/1 876/822/1
f 857/825/1 877/824/1 858/823/1
f 857/825/1 878/826/1 877/824/1
f 856/827/1 878/826/1 857/825/1
f 856/827/1 879/828/1 878/826/1
f 855/829/1 879/828/1 856/827/1
f 855/829/1 915/830/1 879/828/1
f 915/830/1 880/831/1 879/828/1
f 854/832/1 916/833/1 855/829/1
f 916/833/1 915/830/1 855/829/1
f 914/834/1 880/831/1 915/830/1
f 913/835/1 880/831/1 914/834/1
f 854/832/1 917/836/1 916/833/1
f 912/837/1 880/831/1 913/835/1
f 912/837/1 881/838/1 880/831/1
f 854/832/1 918/839/1 917/836/1
f 911/840/1 881/838/1 912/837/1
f 854/832/1 919/841/1 918/839/1
f 910/842/1 881/838/1 911/840/1
f 854/832/1 920/843/1 919/841/1
f 909/844/1 881/838/1 910/842/1
f 854/832/1 921/845/1 920/843/1
f 908/846/1 881/838/1 909/844/1
f 853/847/1 921/845/1 854/832/1
f 908/846/1 882/848/1 881/838/1
f 853/847/1 922/849/1 921/845/1
f 907/850/1 882/848/1 908/846/1
f 906/851/1 882/848/1 907/850/1
f 853/847/1 923/852/1 922/849/1
f 905/853/1 882/848/1 906/851/1
f 853/847/1 924/854/1 923/852/1
f 852/855/1 924/854/1 853/847/1
f 905/853/1 883/856/1 882/848/1
f 904/857/1 883/856/1 905/853/1
f 852/855/1 925/858/1 924/854/1
f 903/859/1 883/856/1 904/857/1
f 903/859/1 884/860/1 883/856/1
f 851/861/1 925/858/1 852/855/1
f 851/861/1 926/862/1 925/858/1
f 998/418/1 884/860/1 903/859/1
f 851/861/1 927/863/1 926/862/1
f 997/864/1 884/860/1 998/418/1
f 997/864/1 885/865/1 884/860/1
f 850/866/1 927/863/1 851/861/1
f 850/866/1 928/867/1 927/863/1
f 996/868/1 885/865/1 997/864/1
f 850/866/1 929/869/1 928/867/1
f 995/870/1 885/865/1 996/868/1
f 995/870/1 886/871/1 885/865/1
f 849/872/1 929/869/1 850/866/1
f 849/872/1 930/873/1 929/869/1
f 994/874/1 886/871/1 995/870/1
f 994/874/1 887/875/1 886/871/1
f 848/876/1 930/873/1 849/872/1
f 848/876/1 931/877/1 930/873/1
f 993/878/1 887/875/1 994/874/1
f 848/876/1 932/879/1 931/877/1
f 993/878/1 888/880/1 887/875/1
f 992/881/1 888/880/1 993/878/1
f 847/882/1 932/879/1 848/876/1
f 847/882/1 933/883/1 932/879/1
f 991/884/1 888/880/1 992/881/1
f 991/884/1 889/885/1 888/880/1
f 847/882/1 934/886/1 933/883/1
f 846/887/1 934/886/1 847/882/1
f 990/888/1 889/885/1 991/884/1
f 846/887/1 935/889/1 934/886/1
f 990/888/1 890/890/1 889/885/1
f 845/891/1 935/889/1 846/887/1
f 989/892/1 890/890/1 990/888/1
f 845/891/1 936/893/1 935/889/1
f 845/891/1 937/894/1 936/893/1
f 989/892/1 891/895/1 890/890/1
f 988/896/1 891/895/1 989/892/1
f 844/897/1 937/894/1 845/891/1
f 844/897/1 938/898/1 937/894/1
f 987/899/1 891/895/1 988/896/1
f 987/899/1 892/900/1 891/895/1
f 843/901/1 938/898/1 844/897/1
f 843/901/1 939/902/1 938/898/1
f 986/903/1 892/900/1 987/899/1
f 843/901/1 940/904/1 939/902/1
f 842/905/1 940/904/1 843/901/1
f 986/903/1 893/906/1 892/900/1
f 985/907/1 893/906/1 986/903/1
f 842/905/1 941/908/1 940/904/1
f 841/909/1 941/908/1 842/905/1
f 841/909/1 942/910/1 941/908/1
f 984/911/1 893/906/1 985/907/1
f 984/911/1 894/912/1 893/906/1
f 841/909/1 943/913/1 942/910/1
f 840/914/1 943/913/1 841/909/1
f 983/915/1 894/912/1 984/911/1
f 840/914/1 944/916/1 943/913/1
f 983/915/1 895/917/1 894/912/1
f 982/918/1 895/917/1 983/915/1
f 839/919/1 944/916/1 840/914/1
f 839/919/1 945/920/1 944/916/1
f 981/921/1 895/917/1 982/918/1
f 839/919/1 946/922/1 945/920/1
f 838/923/1 946/922/1 839/919/1
f 981/921/1 896/924/1 895/917/1
f 838/923/1 947/925/1 946/922/1
f 980/926/1 896/924/1 981/921/1
f 837/927/1 947/925/1 838/923/1
f 837/927/1 948/928/1 947/925/1
f 980/926/1 897/929/1 896/924/1
f 979/930/1 897/929/1 980/926/1
f 837/927/1 949/931/1 948/928/1
f 836/932/1 949/931/1 837/927/1
f 978/933/1 897/929/1 979/930/1
f 836/932/1 950/934/1 949/931/1
f 978/933/1 898/935/1 897/929/1
f 836/932/1 951/936/1 950/934/1
f 977/937/1 898/935/1 978/933/1
f 835/938/1 951/936/1 836/932/1
f 835/938/1 952/939/1 951/936/1
f 976/940/1 898/935/1 977/937/1
f 976/940/1 899/941/1 898/935/1
f 834/942/1 952/939/1 835/938/1
f 834/942/1 953/943/1 952/939/1
f 975/944/1 899/941/1 976/940/1
f 974/945/1 899/941/1 975/944/1
f 834/942/1 954/946/1 953/943/1
f 833/947/1 954/946/1 834/942/1
f 974/945/1 900/948/1 899/941/1
f 973/949/1 900/948/1 974/945/1
f 833/947/1 955/950/1 954/946/1
f 972/951/1 900/948/1 973/949/1
f 832/952/1 955/950/1 833/947/1
f 832/952/1 956/953/1 955/950/1
f 972/951/1 901/954/1 900/948/1
f 971/955/1 901/954/1 972/951/1
f 832/952/1 957/956/1 956/953/1
f 970/957/1 901/954/1 971/955/1
f 831/958/1 957/956/1 832/952/1
f 831/958/1 958/959/1 957/956/1
f 969/960/1 901/954/1 970/957/1
f 969/960/1 902/961/1 901/954/1
f 968/962/1 902/961/1 969/960/1
f 831/958/1 959/963/1 958/959/1
f 830/964/1 959/963/1 831/958/1
f 967/965/1 902/961/1 968/962/1
f 830/964/1 960/966/1 959/963/1
f 966/967/1 902/961/1 967/965/1
f 830/964/1 961/968/1 960/966/1
f 965/969/1 902/961/1 966/967/1
f 830/964/1 962/970/1 961/968/1
f 964/971/1 902/961/1 965/969/1
f 964/971/1 807/424/1 902/961/1
f 830/964/1 963/972/1 962/970/1
f 963/972/1 807/424/1 964/971/1
f 830/964/1 807/424/1 963/972/1
f 829/973/1 807/424/1 830/964/1
f 829/973/1 808/974/1 807/424/1
f 828/975/1 808/974/1 829/973/1
f 828/975/1 809/976/1 808/974/1
f 827/977/1 809/976/1 828/975/1
f 827/977/1 810/978/1 809/976/1
f 826/979/1 810/978/1 827/977/1
f 826/979/1 811/980/1 810/978/1
f 826/979/1 812/981/1 811/980/1
f 825/982/1 812/981/1 826/979/1
f 825/982/1 813/983/1 812/981/1
f 824/984/1 813/983/1 825/982/1
f 824/984/1 814/985/1 813/983/1
f 823/986/1 814/985/1 824/984/1
f 823/986/1 815/987/1 814/985/1
f 822/988/1 815/987/1 823/986/1
f 822/988/1 816/989/1 815/987/1
f 821/990/1 816/989/1 822/988/1
f 821/990/1 817/991/1 816/989/1
f 820/992/1 817/991/1 821/990/1
f 820/992/1 818/993/1 817/991/1
f 819/994/1 818/993/1 820/992/1
f 1058/805/1 1060/806/1 1059/807/1
f 1058/805/1 1061/808/1 1060/806/1
f 1057/809/1 1061/808/1 1058/805/1
f 1057/809/1 1062/810/1 1061/808/1
f 1056/811/1 1062/810/1 1057/809/1
f 1056/811/1 1063/812/1 1062/810/1
f 1055/813/1 1063/812/1 1056/811/1
f 1055/813/1 1064/814/1 1063/812/1
f 1054/815/1 1064/814/1 1055/813/1
f 1054/815/1 1065/816/1 1064/814/1
f 1053/817/1 1065/816/1 1054/815/1
f 1053/817/1 1066/818/1 1065/816/1
f 1052/819/1 1066/818/1 1053/817/1
f 1052/819/1 1067/820/1 1066/818/1
f 1051/821/1 1067/820/1 1052/819/1
f 1051/821/1 1068/822/1 1067/820/1
f 1050/823/1 1068/822/1 1051/821/1
f 1050/823/1 1069/824/1 1068/822/1
f 1049/825/1 1069/824/1 1050/823/1
f 1049/825/1 1070/826/1 1069/824/1
f 1048/827/1 1070/826/1 1049/825/1
f 1048/827/1 1071/828/1 1070/826/1
f 1047/829/1 1071/828/1 1048/827/1
f 1047/829/1 1107/830/1 1071/828/1
f 1107/830/1 1072/831/1 1071/828/1
f 1046/832/1 1108/833/1 1047/829/1
f 1108/833/1 1107/830/1 1047/829/1
f 1106/834/1 1072/831/1 1107/830/1
f 1105/835/1 1072/831/1 1106/834/1
f 1046/832/1 1109/836/1 1108/833/1
f 1104/837/1 1072/831/1 1105/835/1
f 1104/837/1 1073/838/1 1072/831/1
f 1046/832/1 1110/839/1 1109/836/1
f 1103/840/1 1073/838/1 1104/837/1
f 1046/832/1 1111/841/1 1110/839/1
f 1102/842/1 1073/838/1 1103/840/1
f 1046/832/1 1112/843/1 1111/841/1
f 1101/844/1 1073/838/1 1102/842/1
f 1046/832/1 1113/845/1 1112/843/1
f 1100/846/1 1073/838/1 1101/844/1
f 1045/847/1 1113/845/1 1046/832/1
f 1100/846/1 1074/848/1 1073/838/1
f 1045/847/1 1114/849/1 1113/845/1
f 1099/850/1 1074/848/1 1100/846/1
f 1098/851/1 1074/848/1 1099/850/1
f 1045/847/1 1115/852/1 1114/849/1
f 1097/853/1 1074/848/1 1098/851/1
f 1045/847/1 1116/854/1 1115/852/1
f 1044/855/1 1116/854/1 1045/847/1
f 1097/853/1 1075/856/1 1074/848/1
f 1096/857/1 1075/856/1 1097/853/1
f 1044/855/1 1117/858/1 1116/854/1
f 1095/859/1 1075/856/1 1096/857/1
f 1095/859/1 1076/860/1 1075/856/1
f 1043/861/1 1117/858/1 1044/855/1
f 1043/861/1 1118/862/1 1117/858/1
f 1190/418/1 1076/860/1 1095/859/1
f 1043/861/1 1119/863/1 1118/862/1
f 1189/864/1 1076/860/1 1190/418/1
f 1189/864/1 1077/865/1 1076/860/1
f 1042/866/1 1119/863/1 1043/861/1
f 1042/866/1 1120/867/1 1119/863/1
f 1188/868/1 1077/865/1 1189/864/1
f 1042/866/1 1121/869/1 1120/867/1
f 1187/870/1 1077/865/1 1188/868/1
f 1187/870/1 1078/871/1 1077/865/1
f 1041/872/1 1121/869/1 1042/866/1
f 1041/872/1 1122/873/1 1121/869/1
f 1186/874/1 1078/871/1 1187/870/1
f 1186/874/1 1079/875/1 1078/871/1
f 1040/876/1 1122/873/1 1041/872/1
f 1040/876/1 1123/877/1 1122/873/1
f 1185/878/1 1079/875/1 1186/874/1
f 1040/876/1 1124/879/1 1123/877/1
f 1185/878/1 1080/880/1 1079/875/1
f 1184/881/1 1080/880/1 1185/878/1
f 1039/882/1 1124/879/1 1040/876/1
f 1039/882/1 1125/883/1 1124/879/1
f 1183/884/1 1080/880/1 1184/881/1
f 1183/884/1 1081/885/1 1080/880/1
f 1039/882/1 1126/886/1 1125/883/1
f 1038/887/1 1126/886/1 1039/882/1
f 1182/888/1 1081/885/1 1183/884/1
f 1038/887/1 1127/889/1 1126/886/1
f 1182/888/1 1082/890/1 1081/885/1
f 1037/891/1 1127/889/1 1038/887/1
f 1181/892/1 1082/890/1 1182/888/1
f 1037/891/1 1128/893/1 1127/889/1
f 1037/891/1 1129/894/1 1128/893/1
f 1181/892/1 1083/895/1 1082/890/1
f 1180/896/1 1083/895/1 1181/892/1
f 1036/897/1 1129/894/1 1037/891/1
f 1036/897/1 1130/898/1 1129/894/1
f 1179/899/1 1083/895/1 1180/896/1
f 1179/899/1 1084/900/1 1083/895/1
f 1035/901/1 1130/898/1 1036/897/1
f 1035/901/1 1131/902/1 1130/898/1
f 1178/903/1 1084/900/1 1179/899/1
f 1035/901/1 1132/904/1 1131/902/1
f 1034/905/1 1132/904/1 1035/901/1
f 1178/903/1 1085/906/1 1084/900/1
f 1177/907/1 1085/906/1 1178/903/1
f 1034/905/1 1133/908/1 1132/904/1
f 1033/909/1 1133/908/1 1034/905/1
f 1033/909/1 1134/910/1 1133/908/1
f 1176/911/1 1085/906/1 1177/907/1
f 1176/911/1 1086/912/1 1085/906/1
f 1033/909/1 1135/913/1 1134/910/1
f 1032/914/1 1135/913/1 1033/909/1
f 1175/915/1 1086/912/1 1176/911/1
f 1032/914/1 1136/916/1 1135/913/1
f 1175/915/1 1087/917/1 1086/912/1
f 1174/918/1 1087/917/1 1175/915/1
f 1031/919/1 1136/916/1 1032/914/1
f 1031/919/1 1137/920/1 1136/916/1
f 1173/921/1 1087/917/1 1174/918/1
f 1031/919/1 1138/922/1 1137/920/1
f 1030/923/1 1138/922/1 1031/919/1
f 1173/921/1 1088/924/1 1087/917/1
f 1030/923/1 1139/925/1 1138/922/1
f 1172/926/1 1088/924/1 1173/921/1
f 1029/927/1 1139/925/1 1030/923/1
f 1029/927/1 1140/928/1 1139/925/1
f 1172/926/1 1089/929/1 1088/924/1
f 1171/930/1 1089/929/1 1172/926/1
f 1029/927/1 1141/931/1 1140/928/1
f 1028/932/1 1141/931/1 1029/927/1
f 1170/933/1 1089/929/1 1171/930/1
f 1028/932/1 1142/934/1 1141/931/1
f 1170/933/1 1090/935/1 1089/929/1
f 1028/932/1 1143/936/1 1142/934/1
f 1169/937/1 1090/935/1 1170/933/1
f 1027/938/1 1143/936/1 1028/932/1
f 1027/938/1 1144/939/1 1143/936/1
f 1168/940/1 1090/935/1 1169/937/1
f 1168/940/1 1091/941/1 1090/935/1
f 1026/942/1 1144/939/1 1027/938/1
f 1026/942/1 1145/943/1 1144/939/1
f 1167/944/1 1091/941/1 1168/940/1
f 1166/945/1 1091/941/1 1167/944/1
f 1026/942/1 1146/946/1 1145/943/1
f 1025/947/1 1146/946/1 1026/942/1
f 1166/945/1 1092/948/1 1091/941/1
f 1165/949/1 1092/948/1 1166/945/1
f 1025/947/1 1147/950/1 1146/946/1
f 1164/951/1 1092/948/1 1165/949/1
f 1024/952/1 1147/950/1 1025/947/1
f 1024/952/1 1148/953/1 1147/950/1
f 1164/951/1 1093/954/1 1092/948/1
f 1163/955/1 1093/954/1 1164/951/1
f 1024/952/1 1149/956/1 1148/953/1
f 1162/957/1 1093/954/1 1163/955/1
f 1023/958/1 1149/956/1 1024/952/1
f 1023/958/1 1150/959/1 1149/956/1
f 1161/960/1 1093/954/1 1162/957/1
f 1161/960/1 1094/961/1 1093/954/1
f 1160/962/1 1094/961/1 1161/960/1
f 1023/958/1 1151/963/1 1150/959/1
f 1022/964/1 1151/963/1 1023/958/1
f 1159/965/1 1094/961/1 1160/962/1
f 1022/964/1 1152/966/1 1151/963/1
f 1158/967/1 1094/961/1 1159/965/1
f 1022/964/1 1153/968/1 1152/966/1
f 1157/969/1 1094/961/1 1158/967/1
f 1022/964/1 1154/970/1 1153/968/1
f 1156/971/1 1094/961/1 1157/969/1
f 1156/971/1 999/424/1 1094/961/1
f 1022/964/1 1155/972/1 1154/970/1
f 1155/972/1 999/424/1 1156/971/1
f 1022/964/1 999/424/1 1155/972/1
f 1021/973/1 999/424/1 1022/964/1
f 1021/973/1 1000/974/1 999/424/1
f 1020/975/1 1000/974/1 1021/973/1
f 1020/975/1 1001/976/1 1000/974/1
f 1019/977/1 1001/976/1 1020/975/1
f 1019/977/1 1002/978/1 1001/976/1
f 1018/979/1 1002/978/1 1019/977/1
f 1018/979/1 1003/980/1 1002/978/1
f 1018/979/1 1004/981/1 1003/980/1
f 1017/982/1 1004/981/1 1018/979/1
f 1017/982/1 1005/983/1 1004/981/1
f 1016/984/1 1005/983/1 1017/982/1
f 1016/984/1 1006/985/1 1005/983/1
f 1015/986/1 1006/985/1 1016/984/1
f 1015/986/1 1007/987/1 1006/985/1
f 1014/988/1 1007/987/1 1015/986/1
f 1014/988/1 1008/989/1 1007/987/1
f 1013/990/1 1008/989/1 1014/988/1
f 1013/990/1 1009/991/1 1008/989/1
f 1012/992/1 1009/991/1 1013/990/1
f 1012/992/1 1010/993/1 1009/991/1
f 1011/994/1 1010/993/1 1012/992/1
f 1322/995/1 1324/996/1 1323/997/1
f 1322/995/1 1325/998/1 1324/996/1
f 1321/999/1 1325/998/1 1322/995/1
f 1321/999/1 1326/1000/1 1325/998/1
f 1321/999/1 1327/1001/1 1326/1000/1
f 1320/1002/1 1327/1001/1 1321/999/1
f 1320/1002/1 1328/1003/1 1327/1001/1
f 1319/1004/1 1328/1003/1 1320/1002/1
f 1319/1004/1 1329/1005/1 1328/1003/1
f 1319/1004/1 1330/1006/1 1329/1005/1
f 1318/1007/1 1330/1006/1 1319/1004/1
f 1318/1007/1 1331/1008/1 1330/1006/1
f 1318/1007/1 1332/1009/1 1331/1008/1
f 1317/1010/1 1332/1009/1 1318/1007/1
f 1317/1010/1 1333/1011/1 1332/1009/1
f 1316/1012/1 1333/1011/1 1317/1010/1
f 1316/1012/1 1334/1013/1 1333/1011/1
f 1478/1014/1 1480/1015/1 1479/1016/1
f 1478/1014/1 1481/1017/1 1480/1015/1
f 1477/1018/1 1481/1017/1 1478/1014/1
f 1477/1018/1 1482/1019/1 1481/1017/1
f 1476/1020/1 1482/1019/1 1477/1018/1
f 1316/1012/1 1335/1021/1 1334/1013/1
f 1476/1020/1 1483/1022/1 1482/1019/1
f 1315/1023/1 1335/1021/1 1316/1012/1
f 1475/1024/1 1483/1022/1 1476/1020/1
f 1475/1024/1 1484/1025/1 1483/1022/1
f 1474/1026/1 1484/1025/1 1475/1024/1
f 1315/1023/1 1336/1027/1 1335/1021/1
f 1474/1026/1 1485/1028/1 1484/1025/1
f 1473/1029/1 1485/1028/1 1474/1026/1
f 1473/1029/1 1486/1030/1 1485/1028/1
f 1314/1031/1 1336/1027/1 1315/1023/1
f 1314/1031/1 1337/1032/1 1336/1027/1
f 1473/1029/1 1487/1033/1 1486/1030/1
f 1472/1034/1 1487/1033/1 1473/1029/1
f 1314/1031/1 1338/1035/1 1337/1032/1
f 1472/1034/1 1488/1036/1 1487/1033/1
f 1471/1037/1 1488/1036/1 1472/1034/1
f 1313/1038/1 1338/1035/1 1314/1031/1
f 1471/1037/1 1489/1039/1 1488/1036/1
f 1313/1038/1 1339/1040/1 1338/1035/1
f 1470/1041/1 1489/1039/1 1471/1037/1
f 1470/1041/1 1490/1042/1 1489/1039/1
f 1313/1038/1 1340/1043/1 1339/1040/1
f 1312/1044/1 1340/1043/1 1313/1038/1
f 1469/1045/1 1490/1042/1 1470/1041/1
f 1469/1045/1 1491/1046/1 1490/1042/1
f 1312/1044/1 1341/1047/1 1340/1043/1
f 1468/1048/1 1491/1046/1 1469/1045/1
f 1468/1048/1 1492/1049/1 1491/1046/1
f 1311/1050/1 1341/1047/1 1312/1044/1
f 1311/1050/1 1342/1051/1 1341/1047/1
f 1468/1048/1 1493/1052/1 1492/1049/1
f 1467/1053/1 1493/1052/1 1468/1048/1
f 1311/1050/1 1343/1054/1 1342/1051/1
f 1467/1053/1 1494/1055/1 1493/1052/1
f 1310/1056/1 1343/1054/1 1311/1050/1
f 1310/1056/1 1344/1057/1 1343/1054/1
f 1466/1058/1 1494/1055/1 1467/1053/1
f 1466/1058/1 1495/1059/1 1494/1055/1
f 1466/1058/1 1496/1060/1 1495/1059/1
f 1310/1056/1 1345/1061/1 1344/1057/1
f 1465/1062/1 1496/1060/1 1466/1058/1
f 1309/1063/1 1345/1061/1 1310/1056/1
f 1465/1062/1 1497/1064/1 1496/1060/1
f 1464/1065/1 1497/1064/1 1465/1062/1
f 1309/1063/1 1346/1066/1 1345/1061/1
f 1464/1065/1 1498/1067/1 1497/1064/1
f 1308/1068/1 1346/1066/1 1309/1063/1
f 1463/1069/1 1498/1067/1 1464/1065/1
f 1463/1069/1 1499/1070/1 1498/1067/1
f 1308/1068/1 1347/1071/1 1346/1066/1
f 1307/1072/1 1347/1071/1 1308/1068/1
f 1463/1069/1 1500/1073/1 1499/1070/1
f 1462/1074/1 1500/1073/1 1463/1069/1
f 1307/1072/1 1348/1075/1 1347/1071/1
f 1462/1074/1 1501/1076/1 1500/1073/1
f 1461/1077/1 1501/1076/1 1462/1074/1
f 1306/1078/1 1348/1075/1 1307/1072/1
f 1306/1078/1 1349/1079/1 1348/1075/1
f 1461/1077/1 1502/1080/1 1501/1076/1
f 1460/1081/1 1502/1080/1 1461/1077/1
f 1460/1081/1 1503/1082/1 1502/1080/1
f 1306/1078/1 1350/1083/1 1349/1079/1
f 1305/1084/1 1350/1083/1 1306/1078/1
f 1459/1085/1 1503/1082/1 1460/1081/1
f 1459/1085/1 1504/1086/1 1503/1082/1
f 1305/1084/1 1351/1087/1 1350/1083/1
f 1304/1088/1 1351/1087/1 1305/1084/1
f 1458/1089/1 1504/1086/1 1459/1085/1
f 1457/1090/1 1504/1086/1 1458/1089/1
f 1304/1088/1 1352/1091/1 1351/1087/1
f 1303/1092/1 1352/1091/1 1304/1088/1
f 1456/1093/1 1504/1086/1 1457/1090/1
f 1303/1092/1 1353/1094/1 1352/1091/1
f 1302/1095/1 1353/1094/1 1303/1092/1
f 1455/1096/1 1504/1086/1 1456/1093/1
f 1454/1097/1 1504/1086/1 1455/1096/1
f 1301/1098/1 1353/1094/1 1302/1095/1
f 1301/1098/1 1354/1099/1 1353/1094/1
f 1300/1100/1 1354/1099/1 1301/1098/1
f 1300/1100/1 1355/1101/1 1354/1099/1
f 1454/1097/1 1505/1102/1 1504/1086/1
f 1299/1103/1 1355/1101/1 1300/1100/1
f 1299/1103/1 1356/1104/1 1355/1101/1
f 1298/1105/1 1356/1104/1 1299/1103/1
f 1297/1106/1 1356/1104/1 1298/1105/1
f 1297/1106/1 1357/1107/1 1356/1104/1
f 1296/1108/1 1357/1107/1 1297/1106/1
f 1295/1109/1 1357/1107/1 1296/1108/1
f 1295/1109/1 1358/1110/1 1357/1107/1
f 1453/1111/1 1505/1102/1 1454/1097/1
f 1294/1112/1 1358/1110/1 1295/1109/1
f 1293/1113/1 1358/1110/1 1294/1112/1
f 1453/1111/1 1506/1114/1 1505/1102/1
f 1293/1113/1 1359/1115/1 1358/1110/1
f 1292/1116/1 1359/1115/1 1293/1113/1
f 1291/1117/1 1359/1115/1 1292/1116/1
f 1291/1117/1 1360/1118/1 1359/1115/1
f 1290/1119/1 1360/1118/1 1291/1117/1
f 1289/1120/1 1360/1118/1 1290/1119/1
f 1289/1120/1 1361/1121/1 1360/1118/1
f 1288/1122/1 1361/1121/1 1289/1120/1
f 1452/1123/1 1506/1114/1 1453/1111/1
f 1288/1122/1 1362/1124/1 1361/1121/1
f 1452/1123/1 1507/1125/1 1506/1114/1
f 1287/1126/1 1362/1124/1 1288/1122/1
f 1287/1126/1 1363/1127/1 1362/1124/1
f 1286/1128/1 1363/1127/1 1287/1126/1
f 1285/1129/1 1363/1127/1 1286/1128/1
f 1285/1129/1 1364/1130/1 1363/1127/1
f 1284/1131/1 1364/1130/1 1285/1129/1
f 1284/1131/1 1365/1132/1 1364/1130/1
f 1283/1133/1 1365/1132/1 1284/1131/1
f 1452/1123/1 1508/1134/1 1507/1125/1
f 1451/1135/1 1508/1134/1 1452/1123/1
f 1283/1133/1 1366/1136/1 1365/1132/1
f 1282/1137/1 1366/1136/1 1283/1133/1
f 1281/1138/1 1366/1136/1 1282/1137/1
f 1281/1138/1 1367/1139/1 1366/1136/1
f 1280/1140/1 1367/1139/1 1281/1138/1
f 1280/1140/1 1368/1141/1 1367/1139/1
f 1279/1142/1 1368/1141/1 1280/1140/1
f 1279/1142/1 1369/1143/1 1368/1141/1
f 1278/1144/1 1369/1143/1 1279/1142/1
f 1277/1145/1 1369/1143/1 1278/1144/1
f 1451/1135/1 1509/1146/1 1508/1134/1
f 1277/1145/1 1370/1147/1 1369/1143/1
f 1276/1148/1 1370/1147/1 1277/1145/1
f 1450/1149/1 1509/1146/1 1451/1135/1
f 1276/1148/1 1371/1150/1 1370/1147/1
f 1275/1151/1 1371/1150/1 1276/1148/1
f 1274/1152/1 1371/1150/1 1275/1151/1
f 1274/1152/1 1372/1153/1 1371/1150/1
f 1273/1154/1 1372/1153/1 1274/1152/1
f 1273/1154/1 1373/1155/1 1372/1153/1
f 1272/1156/1 1373/1155/1 1273/1154/1
f 1272/1156/1 1374/1157/1 1373/1155/1
f 1271/1158/1 1374/1157/1 1272/1156/1
f 1271/1158/1 1375/1159/1 1374/1157/1
f 1450/1149/1 1510/1160/1 1509/1146/1
f 1270/1161/1 1375/1159/1 1271/1158/1
f 1270/1161/1 1376/1162/1 1375/1159/1
f 1449/1163/1 1510/1160/1 1450/1149/1
f 1269/1164/1 1376/1162/1 1270/1161/1
f 1269/1164/1 1377/1165/1 1376/1162/1
f 1268/1166/1 1377/1165/1 1269/1164/1
f 1268/1166/1 1378/1167/1 1377/1165/1
f 1267/1168/1 1378/1167/1 1268/1166/1
f 1267/1168/1 1379/1169/1 1378/1167/1
f 1449/1163/1 1511/1170/1 1510/1160/1
f 1266/1171/1 1379/1169/1 1267/1168/1
f 1266/1171/1 1380/1172/1 1379/1169/1
f 1265/1173/1 1380/1172/1 1266/1171/1
f 1265/1173/1 1381/1174/1 1380/1172/1
f 1448/1175/1 1511/1170/1 1449/1163/1
f 1264/1176/1 1381/1174/1 1265/1173/1
f 1264/1176/1 1382/1177/1 1381/1174/1
f 1263/1178/1 1382/1177/1 1264/1176/1
f 1263/1178/1 1383/1179/1 1382/1177/1
f 1448/1175/1 1512/1180/1 1511/1170/1
f 1262/1181/1 1383/1179/1 1263/1178/1
f 1262/1181/1 1384/1182/1 1383/1179/1
f 1447/1183/1 1512/1180/1 1448/1175/1
f 1261/1184/1 1384/1182/1 1262/1181/1
f 1261/1184/1 1385/1185/1 1384/1182/1
f 1447/1183/1 1513/1186/1 1512/1180/1
f 1260/1187/1 1385/1185/1 1261/1184/1
f 1260/1187/1 1386/1188/1 1385/1185/1
f 1259/1189/1 1386/1188/1 1260/1187/1
f 1259/1189/1 1387/1190/1 1386/1188/1
f 1258/1191/1 1387/1190/1 1259/1189/1
f 1258/1191/1 1388/1192/1 1387/1190/1
f 1446/1193/1 1513/1186/1 1447/1183/1
f 1257/1194/1 1388/1192/1 1258/1191/1
f 1257/1194/1 1389/1195/1 1388/1192/1
f 1446/1193/1 1514/418/1 1513/1186/1
f 1256/1196/1 1389/1195/1 1257/1194/1
f 1256/1196/1 1390/1197/1 1389/1195/1
f 1255/1198/1 1390/1197/1 1256/1196/1
f 1255/1198/1 1391/1199/1 1390/1197/1
f 1254/1200/1 1391/1199/1 1255/1198/1
f 1254/1200/1 1392/1201/1 1391/1199/1
f 1445/1202/1 1514/418/1 1446/1193/1
f 1445/1202/1 1191/424/1 1514/418/1
f 1253/1203/1 1392/1201/1 1254/1200/1
f 1253/1203/1 1393/1204/1 1392/1201/1
f 1252/1205/1 1393/1204/1 1253/1203/1
f 1252/1205/1 1394/1206/1 1393/1204/1
f 1251/1207/1 1394/1206/1 1252/1205/1
f 1251/1207/1 1395/1208/1 1394/1206/1
f 1250/1209/1 1395/1208/1 1251/1207/1
f 1250/1209/1 1396/1210/1 1395/1208/1
f 1445/1202/1 1192/1211/1 1191/424/1
f 1444/1212/1 1192/1211/1 1445/1202/1
f 1250/1209/1 1397/1213/1 1396/1210/1
f 1250/1209/1 1398/1214/1 1397/1213/1
f 1443/1215/1 1192/1211/1 1444/1212/1
f 1443/1215/1 1193/1216/1 1192/1211/1
f 1250/1209/1 1399/1217/1 1398/1214/1
f 1249/1218/1 1399/1217/1 1250/1209/1
f 1442/1219/1 1193/1216/1 1443/1215/1
f 1249/1218/1 1400/1220/1 1399/1217/1
f 1442/1219/1 1194/1221/1 1193/1216/1
f 1249/1218/1 1401/1222/1 1400/1220/1
f 1249/1218/1 1402/1223/1 1401/1222/1
f 1248/1224/1 1402/1223/1 1249/1218/1
f 1441/1225/1 1194/1221/1 1442/1219/1
f 1441/1225/1 1195/1226/1 1194/1221/1
f 1248/1224/1 1403/1227/1 1402/1223/1
f 1248/1224/1 1404/1228/1 1403/1227/1
f 1248/1224/1 1405/1229/1 1404/1228/1
f 1441/1225/1 1196/1230/1 1195/1226/1
f 1440/1231/1 1196/1230/1 1441/1225/1
f 1247/1232/1 1405/1229/1 1248/1224/1
f 1247/1232/1 1406/1233/1 1405/1229/1
f 1247/1232/1 1407/1234/1 1406/1233/1
f 1440/1231/1 1197/1235/1 1196/1230/1
f 1247/1232/1 1408/1236/1 1407/1234/1
f 1439/1237/1 1197/1235/1 1440/1231/1
f 1246/1238/1 1408/1236/1 1247/1232/1
f 1246/1238/1 1409/1239/1 1408/1236/1
f 1439/1237/1 1198/1240/1 1197/1235/1
f 1246/1238/1 1410/1241/1 1409/1239/1
f 1438/1242/1 1198/1240/1 1439/1237/1
f 1246/1238/1 1411/1243/1 1410/1241/1
f 1438/1242/1 1199/1244/1 1198/1240/1
f 1245/1245/1 1411/1243/1 1246/1238/1
f 1245/1245/1 1412/1246/1 1411/1243/1
f 1437/1247/1 1199/1244/1 1438/1242/1
f 1245/1245/1 1413/1248/1 1412/1246/1
f 1437/1247/1 1200/1249/1 1199/1244/1
f 1245/1245/1 1414/1250/1 1413/1248/1
f 1436/1251/1 1200/1249/1 1437/1247/1
f 1244/1252/1 1414/1250/1 1245/1245/1
f 1244/1252/1 1415/1253/1 1414/1250/1
f 1436/1251/1 1201/1254/1 1200/1249/1
f 1244/1252/1 1416/1255/1 1415/1253/1
f 1435/1256/1 1201/1254/1 1436/1251/1
f 1244/1252/1 1417/1257/1 1416/1255/1
f 1244/1252/1 1418/1258/1 1417/1257/1
f 1243/1259/1 1418/1258/1 1244/1252/1
f 1435/1256/1 1202/1260/1 1201/1254/1
f 1434/1261/1 1202/1260/1 1435/1256/1
f 1243/1259/1 1419/1262/1 1418/1258/1
f 1243/1259/1 1420/1263/1 1419/1262/1
f 1243/1259/1 1421/1264/1 1420/1263/1
f 1433/1265/1 1202/1260/1 1434/1261/1
f 1243/1259/1 1422/1266/1 1421/1264/1
f 1243/1259/1 1423/1267/1 1422/1266/1
f 1243/1259/1 1424/1268/1 1423/1267/1
f 1243/1259/1 1425/1269/1 1424/1268/1
f 1432/1270/1 1202/1260/1 1433/1265/1
f 1432/1270/1 1203/1271/1 1202/1260/1
f 1243/1259/1 1426/1272/1 1425/1269/1
f 1243/1259/1 1427/1273/1 1426/1272/1
f 1243/1259/1 1428/1274/1 1427/1273/1
f 1243/1259/1 1429/1275/1 1428/1274/1
f 1431/1276/1 1203/1271/1 1432/1270/1
f 1243/1259/1 1430/1277/1 1429/1275/1
f 1243/1259/1 1431/1276/1 1430/1277/1
f 1243/1259/1 1203/1271/1 1431/1276/1
f 1242/1278/1 1203/1271/1 1243/1259/1
f 1242/1278/1 1204/1279/1 1203/1271/1
f 1242/1278/1 1205/1280/1 1204/1279/1
f 1241/1281/1 1205/1280/1 1242/1278/1
f 1241/1281/1 1206/1282/1 1205/1280/1
f 1241/1281/1 1207/1283/1 1206/1282/1
f 1241/1281/1 1208/1284/1 1207/1283/1
f 1240/1285/1 1208/1284/1 1241/1281/1
f 1240/1285/1 1209/1286/1 1208/1284/1
f 1240/1285/1 1210/1287/1 1209/1286/1
f 1240/1285/1 1211/1288/1 1210/1287/1
f 1239/1289/1 1211/1288/1 1240/1285/1
f 1239/1289/1 1212/1290/1 1211/1288/1
f 1239/1289/1 1213/1291/1 1212/1290/1
f 1239/1289/1 1214/1292/1 1213/1291/1
f 1238/1293/1 1214/1292/1 1239/1289/1
f 1238/1293/1 1215/1294/1 1214/1292/1
f 1237/1295/1 1215/1294/1 1238/1293/1
f 1237/1295/1 1216/1296/1 1215/1294/1
f 1236/1297/1 1216/1296/1 1237/1295/1
f 1236/1297/1 1217/1298/1 1216/1296/1
f 1236/1297/1 1218/1299/1 1217/1298/1
f 1235/1300/1 1218/1299/1 1236/1297/1
f 1235/1300/1 1219/1301/1 1218/1299/1
f 1234/1302/1 1219/1301/1 1235/1300/1
f 1234/1302/1 1220/1303/1 1219/1301/1
f 1233/1304/1 1220/1303/1 1234/1302/1
f 1233/1304/1 1221/1305/1 1220/1303/1
f 1232/1306/1 1221/1305/1 1233/1304/1
f 1232/1306/1 1222/1307/1 1221/1305/1
f 1231/1308/1 1222/1307/1 1232/1306/1
f 1231/1308/1 1223/1309/1 1222/1307/1
f 1230/1310/1 1223/1309/1 1231/1308/1
f 1230/1310/1 1224/1311/1 1223/1309/1
f 1229/1312/1 1224/1311/1 1230/1310/1
f 1229/1312/1 1225/1313/1 1224/1311/1
f 1228/1314/1 1225/1313/1 1229/1312/1
f 1228/1314/1 1226/1315/1 1225/1313/1
f 1227/1316/1 1226/1315/1 1228/1314/1
f 1610/961/1 1612/857/1 1611/859/1
f 1609/954/1 1612/857/1 1610/961/1
f 1609/954/1 1613/853/1 1612/857/1
f 1608/948/1 1613/853/1 1609/954/1
f 1608/948/1 1614/851/1 1613/853/1
f 1607/941/1 1614/851/1 1608/948/1
f 1607/941/1 1615/850/1 1614/851/1
f 1606/935/1 1615/850/1 1607/941/1
f 1606/935/1 1616/846/1 1615/850/1
f 1605/929/1 1616/846/1 1606/935/1
f 1605/929/1 1617/844/1 1616/846/1
f 1604/924/1 1617/844/1 1605/929/1
f 1604/924/1 1618/842/1 1617/844/1
f 1603/917/1 1618/842/1 1604/924/1
f 1603/917/1 1619/840/1 1618/842/1
f 1602/912/1 1619/840/1 1603/917/1
f 1602/912/1 1620/837/1 1619/840/1
f 1601/906/1 1620/837/1 1602/912/1
f 1601/906/1 1621/835/1 1620/837/1
f 1600/900/1 1621/835/1 1601/906/1
f 1600/900/1 1622/834/1 1621/835/1
f 1599/895/1 1622/834/1 1600/900/1
f 1599/895/1 1623/830/1 1622/834/1
f 1598/890/1 1623/830/1 1599/895/1
f 1598/890/1 1624/833/1 1623/830/1
f 1597/885/1 1624/833/1 1598/890/1
f 1597/885/1 1625/836/1 1624/833/1
f 1596/880/1 1625/836/1 1597/885/1
f 1596/880/1 1626/839/1 1625/836/1
f 1595/875/1 1626/839/1 1596/880/1
f 1595/875/1 1627/841/1 1626/839/1
f 1594/871/1 1627/841/1 1595/875/1
f 1594/871/1 1628/843/1 1627/841/1
f 1593/865/1 1628/843/1 1594/871/1
f 1593/865/1 1629/845/1 1628/843/1
f 1592/860/1 1629/845/1 1593/865/1
f 1592/860/1 1630/849/1 1629/845/1
f 1591/856/1 1630/849/1 1592/860/1
f 1591/856/1 1631/852/1 1630/849/1
f 1590/848/1 1631/852/1 1591/856/1
f 1590/848/1 1632/854/1 1631/852/1
f 1589/838/1 1632/854/1 1590/848/1
f 1589/838/1 1633/858/1 1632/854/1
f 1588/831/1 1633/858/1 1589/838/1
f 1588/831/1 1634/862/1 1633/858/1
f 1587/828/1 1634/862/1 1588/831/1
f 1587/828/1 1635/863/1 1634/862/1
f 1586/826/1 1635/863/1 1587/828/1
f 1586/826/1 1636/867/1 1635/863/1
f 1585/824/1 1636/867/1 1586/826/1
f 1585/824/1 1637/869/1 1636/867/1
f 1584/822/1 1637/869/1 1585/824/1
f 1584/822/1 1638/873/1 1637/869/1
f 1583/820/1 1638/873/1 1584/822/1
f 1583/820/1 1639/877/1 1638/873/1
f 1582/818/1 1639/877/1 1583/820/1
f 1582/818/1 1640/879/1 1639/877/1
f 1581/816/1 1640/879/1 1582/818/1
f 1581/816/1 1641/883/1 1640/879/1
f 1580/814/1 1641/883/1 1581/816/1
f 1580/814/1 1642/886/1 1641/883/1
f 1579/812/1 1642/886/1 1580/814/1
f 1579/812/1 1643/889/1 1642/886/1
f 1578/810/1 1643/889/1 1579/812/1
f 1578/810/1 1644/893/1 1643/889/1
f 1577/808/1 1644/893/1 1578/810/1
f 1577/808/1 1645/894/1 1644/893/1
f 1576/806/1 1645/894/1 1577/808/1
f 1576/806/1 1646/898/1 1645/894/1
f 1575/807/1 1646/898/1 1576/806/1
f 1575/807/1 1647/902/1 1646/898/1
f 1574/805/1 1647/902/1 1575/807/1
f 1574/805/1 1648/904/1 1647/902/1
f 1574/805/1 1649/908/1 1648/904/1
f 1574/805/1 1650/910/1 1649/908/1
f 1573/809/1 1650/910/1 1574/805/1
f 1573/809/1 1651/913/1 1650/910/1
f 1573/809/1 1652/916/1 1651/913/1
f 1573/809/1 1653/920/1 1652/916/1
f 1572/811/1 1653/920/1 1573/809/1
f 1572/811/1 1654/922/1 1653/920/1
f 1682/945/1 1684/940/1 1683/944/1
f 1681/949/1 1684/940/1 1682/945/1
f 1680/951/1 1684/940/1 1681/949/1
f 1572/811/1 1655/925/1 1654/922/1
f 1680/951/1 1685/937/1 1684/940/1
f 1679/955/1 1685/937/1 1680/951/1
f 1678/957/1 1685/937/1 1679/955/1
f 1677/960/1 1685/937/1 1678/957/1
f 1677/960/1 1686/933/1 1685/937/1
f 1676/962/1 1686/933/1 1677/960/1
f 1675/965/1 1686/933/1 1676/962/1
f 1675/965/1 1687/930/1 1686/933/1
f 1674/967/1 1687/930/1 1675/965/1
f 1673/969/1 1687/930/1 1674/967/1
f 1672/971/1 1687/930/1 1673/969/1
f 1672/971/1 1688/926/1 1687/930/1
f 1671/972/1 1688/926/1 1672/971/1
f 1670/970/1 1688/926/1 1671/972/1
f 1571/813/1 1655/925/1 1572/811/1
f 1670/970/1 1689/921/1 1688/926/1
f 1670/970/1 1690/918/1 1689/921/1
f 1670/970/1 1691/915/1 1690/918/1
f 1670/970/1 1692/911/1 1691/915/1
f 1571/813/1 1656/928/1 1655/925/1
f 1669/968/1 1692/911/1 1670/970/1
f 1669/968/1 1693/907/1 1692/911/1
f 1669/968/1 1694/903/1 1693/907/1
f 1669/968/1 1695/899/1 1694/903/1
f 1668/966/1 1695/899/1 1669/968/1
f 1570/815/1 1656/928/1 1571/813/1
f 1570/815/1 1657/931/1 1656/928/1
f 1668/966/1 1696/896/1 1695/899/1
f 1668/966/1 1697/892/1 1696/896/1
f 1667/963/1 1697/892/1 1668/966/1
f 1667/963/1 1698/888/1 1697/892/1
f 1667/963/1 1699/884/1 1698/888/1
f 1666/959/1 1699/884/1 1667/963/1
f 1570/815/1 1658/934/1 1657/931/1
f 1666/959/1 1700/881/1 1699/884/1
f 1569/817/1 1658/934/1 1570/815/1
f 1665/956/1 1700/881/1 1666/959/1
f 1665/956/1 1701/878/1 1700/881/1
f 1665/956/1 1702/874/1 1701/878/1
f 1664/953/1 1702/874/1 1665/956/1
f 1569/817/1 1659/936/1 1658/934/1
f 1664/953/1 1703/870/1 1702/874/1
f 1663/950/1 1703/870/1 1664/953/1
f 1663/950/1 1704/868/1 1703/870/1
f 1568/819/1 1659/936/1 1569/817/1
f 1662/946/1 1704/868/1 1663/950/1
f 1662/946/1 1705/864/1 1704/868/1
f 1661/943/1 1705/864/1 1662/946/1
f 1660/939/1 1705/864/1 1661/943/1
f 1660/939/1 1706/418/1 1705/864/1
f 1659/936/1 1706/418/1 1660/939/1
f 1568/819/1 1706/418/1 1659/936/1
f 1568/819/1 1515/424/1 1706/418/1
f 1567/821/1 1515/424/1 1568/819/1
f 1567/821/1 1516/974/1 1515/424/1
f 1566/823/1 1516/974/1 1567/821/1
f 1566/823/1 1517/976/1 1516/974/1
f 1566/823/1 1518/978/1 1517/976/1
f 1565/825/1 1518/978/1 1566/823/1
f 1564/827/1 1518/978/1 1565/825/1
f 1564/827/1 1519/980/1 1518/978/1
f 1562/832/2 1564/827/2 1563/829/2
f 1562/832/1 1519/980/1 1564/827/1
f 1562/832/1 1520/981/1 1519/980/1
f 1562/832/1 1521/983/1 1520/981/1
f 1562/832/1 1522/985/1 1521/983/1
f 1561/847/1 1522/985/1 1562/832/1
f 1561/847/1 1523/987/1 1522/985/1
f 1561/847/1 1524/989/1 1523/987/1
f 1561/847/1 1525/991/1 1524/989/1
f 1560/855/1 1525/991/1 1561/847/1
f 1560/855/1 1526/993/1 1525/991/1
f 1560/855/1 1527/994/1 1526/993/1
f 1560/855/1 1528/992/1 1527/994/1
f 1560/855/1 1529/990/1 1528/992/1
f 1559/861/1 1529/990/1 1560/855/1
f 1559/861/1 1530/988/1 1529/990/1
f 1559/861/1 1531/986/1 1530/988/1
f 1559/861/1 1532/984/1 1531/986/1
f 1558/866/1 1532/984/1 1559/861/1
f 1558/866/1 1533/982/1 1532/984/1
f 1558/866/1 1534/979/1 1533/982/1
f 1558/866/1 1535/977/1 1534/979/1
f 1557/872/1 1535/977/1 1558/866/1
f 1557/872/1 1536/975/1 1535/977/1
f 1557/872/1 1537/973/1 1536/975/1
f 1556/876/1 1537/973/1 1557/872/1
f 1556/876/1 1538/964/1 1537/973/1
f 1556/876/1 1539/958/1 1538/964/1
f 1556/876/1 1540/952/1 1539/958/1
f 1555/882/1 1540/952/1 1556/876/1
f 1555/882/1 1541/947/1 1540/952/1
f 1555/882/1 1542/942/1 1541/947/1
f 1554/887/1 1542/942/1 1555/882/1
f 1554/887/1 1543/938/1 1542/942/1
f 1554/887/1 1544/932/1 1543/938/1
f 1553/891/1 1544/932/1 1554/887/1
f 1553/891/1 1545/927/1 1544/932/1
f 1553/891/1 1546/923/1 1545/927/1
f 1553/891/1 1547/919/1 1546/923/1
f 1552/897/1 1547/919/1 1553/891/1
f 1552/897/1 1548/914/1 1547/919/1
f 1552/897/1 1549/909/1 1548/914/1
f 1551/901/1 1549/909/1 1552/897/1
f 1551/901/1 1550/905/1 1549/909/1
f 2054/1317/1 2056/1318/1 2055/1319/1
f 2053/1320/1 2056/1318/1 2054/1317/1
f 2053/1320/1 2057/1321/1 2056/1318/1
f 2052/1322/1 2057/1321/1 2053/1320/1
f 2052/1322/1 2058/1323/1 2057/1321/1
f 2051/1324/1 2058/1323/1 2052/1322/1
f 2051/1324/1 2059/1325/1 2058/1323/1
f 2050/1326/1 2059/1325/1 2051/1324/1
f 2050/1326/1 2060/1327/1 2059/1325/1
f 2049/1328/1 2060/1327/1 2050/1326/1
f 2049/1328/1 2061/1329/1 2060/1327/1
f 2175/1330/1 2177/1331/1 2176/1332/1
f 2175/1330/1 2178/1333/1 2177/1331/1
f 2174/1334/1 2178/1333/1 2175/1330/1
f 2174/1334/1 2179/1335/1 2178/1333/1
f 2174/1334/1 2180/1336/1 2179/1335/1
f 2048/1337/1 2061/1329/1 2049/1328/1
f 2048/1337/1 2062/1338/1 2061/1329/1
f 2173/1339/1 2180/1336/1 2174/1334/1
f 2173/1339/1 2181/1340/1 2180/1336/1
f 2047/1341/1 2062/1338/1 2048/1337/1
f 2047/1341/1 2063/1342/1 2062/1338/1
f 2173/1339/1 2182/1343/1 2181/1340/1
f 2172/1344/1 2182/1343/1 2173/1339/1
f 2172/1344/1 2183/1345/1 2182/1343/1
f 2046/1346/1 2063/1342/1 2047/1341/1
f 2046/1346/1 2064/1347/1 2063/1342/1
f 2172/1344/1 2184/1348/1 2183/1345/1
f 2171/1349/1 2184/1348/1 2172/1344/1
f 2045/1350/1 2064/1347/1 2046/1346/1
f 2045/1350/1 2065/1351/1 2064/1347/1
f 2171/1349/1 2185/1352/1 2184/1348/1
f 2044/1353/1 2065/1351/1 2045/1350/1
f 2044/1353/1 2066/1354/1 2065/1351/1
f 2171/1349/1 2186/1355/1 2185/1352/1
f 2170/1356/1 2186/1355/1 2171/1349/1
f 2170/1356/1 2187/1357/1 2186/1355/1
f 2043/1358/1 2066/1354/1 2044/1353/1
f 2043/1358/1 2067/1359/1 2066/1354/1
f 2170/1356/1 2188/1360/1 2187/1357/1
f 2169/1361/1 2188/1360/1 2170/1356/1
f 2042/1362/1 2067/1359/1 2043/1358/1
f 2042/1362/1 2068/1363/1 2067/1359/1
f 2169/1361/1 2189/1364/1 2188/1360/1
f 2041/1365/1 2068/1363/1 2042/1362/1
f 2041/1365/1 2069/1366/1 2068/1363/1
f 2169/1361/1 2190/1367/1 2189/1364/1
f 2168/1368/1 2190/1367/1 2169/1361/1
f 2040/1369/1 2069/1366/1 2041/1365/1
f 2040/1369/1 2070/1370/1 2069/1366/1
f 2168/1368/1 2191/1371/1 2190/1367/1
f 2039/1372/1 2070/1370/1 2040/1369/1
f 2039/1372/1 2071/1373/1 2070/1370/1
f 2167/1374/1 2191/1371/1 2168/1368/1
f 2167/1374/1 2192/1375/1 2191/1371/1
f 2038/1376/1 2071/1373/1 2039/1372/1
f 2038/1376/1 2072/1377/1 2071/1373/1
f 2167/1374/1 2193/1378/1 2192/1375/1
f 2037/1379/1 2072/1377/1 2038/1376/1
f 2037/1379/1 2073/1380/1 2072/1377/1
f 2166/1381/1 2193/1378/1 2167/1374/1
f 2166/1381/1 2194/1382/1 2193/1378/1
f 2036/1383/1 2073/1380/1 2037/1379/1
f 2036/1383/1 2074/1384/1 2073/1380/1
f 2166/1381/1 2195/1385/1 2194/1382/1
f 2035/1386/1 2074/1384/1 2036/1383/1
f 2035/1386/1 2075/1387/1 2074/1384/1
f 2165/1388/1 2195/1385/1 2166/1381/1
f 2165/1388/1 2196/1389/1 2195/1385/1
f 2034/1390/1 2075/1387/1 2035/1386/1
f 2034/1390/1 2076/1391/1 2075/1387/1
f 2165/1388/1 2197/1392/1 2196/1389/1
f 2033/1393/1 2076/1391/1 2034/1390/1
f 2033/1393/1 2077/1394/1 2076/1391/1
f 2165/1388/1 2198/1395/1 2197/1392/1
f 2164/1396/1 2198/1395/1 2165/1388/1
f 2032/1397/1 2077/1394/1 2033/1393/1
f 2032/1397/1 2078/1398/1 2077/1394/1
f 2164/1396/1 2199/418/1 2198/1395/1
f 2031/1399/1 2078/1398/1 2032/1397/1
f 2031/1399/1 2079/1400/1 2078/1398/1
f 2164/1396/1 1707/424/1 2199/418/1
f 2163/1401/1 1707/424/1 2164/1396/1
f 2030/1402/1 2079/1400/1 2031/1399/1
f 2030/1402/1 2080/1403/1 2079/1400/1
f 2163/1401/1 1708/1404/1 1707/424/1
f 2163/1401/1 1709/1405/1 1708/1404/1
f 2163/1401/1 1710/1406/1 1709/1405/1
f 2030/1402/1 2081/1407/1 2080/1403/1
f 2163/1401/1 1711/1408/1 1710/1406/1
f 2162/1409/1 1711/1408/1 2163/1401/1
f 2162/1409/1 1712/1410/1 1711/1408/1
f 2162/1409/1 1713/1411/1 1712/1410/1
f 2162/1409/1 1714/1412/1 1713/1411/1
f 2029/1413/1 2081/1407/1 2030/1402/1
f 2162/1409/1 1715/1414/1 1714/1412/1
f 2162/1409/1 1716/1415/1 1715/1414/1
f 2029/1413/1 2082/1416/1 2081/1407/1
f 2162/1409/1 1717/1417/1 1716/1415/1
f 2162/1409/1 1718/1418/1 1717/1417/1
f 2161/1419/1 1718/1418/1 2162/1409/1
f 2161/1419/1 1719/1420/1 1718/1418/1
f 2161/1419/1 1720/1421/1 1719/1420/1
f 2029/1413/1 2083/1422/1 2082/1416/1
f 2028/1423/1 2083/1422/1 2029/1413/1
f 2160/1424/1 1720/1421/1 2161/1419/1
f 2160/1424/1 1721/1425/1 1720/1421/1
f 2028/1423/1 2084/1426/1 2083/1422/1
f 2160/1424/1 1722/1427/1 1721/1425/1
f 2159/1428/1 1722/1427/1 2160/1424/1
f 2159/1428/1 1723/1429/1 1722/1427/1
f 2027/1430/1 2084/1426/1 2028/1423/1
f 2027/1430/1 2085/1431/1 2084/1426/1
f 2158/1432/1 1723/1429/1 2159/1428/1
f 2158/1432/1 1724/1433/1 1723/1429/1
f 2157/1434/1 1724/1433/1 2158/1432/1
f 2157/1434/1 1725/1435/1 1724/1433/1
f 2027/1430/1 2086/1436/1 2085/1431/1
f 2026/1437/1 2086/1436/1 2027/1430/1
f 2157/1434/1 1726/1438/1 1725/1435/1
f 2156/1439/1 1726/1438/1 2157/1434/1
f 2026/1437/1 2087/1440/1 2086/1436/1
f 2156/1439/1 1727/1441/1 1726/1438/1
f 2155/1442/1 1727/1441/1 2156/1439/1
f 2155/1442/1 1728/1443/1 1727/1441/1
f 2025/1444/1 2087/1440/1 2026/1437/1
f 2155/1442/1 1729/1445/1 1728/1443/1
f 2025/1444/1 2088/1446/1 2087/1440/1
f 2154/1447/1 1729/1445/1 2155/1442/1
f 2154/1447/1 1730/1448/1 1729/1445/1
f 2153/1449/1 1730/1448/1 2154/1447/1
f 2153/1449/1 1731/1450/1 1730/1448/1
f 2025/1444/1 2089/1451/1 2088/1446/1
f 2024/1452/1 2089/1451/1 2025/1444/1
f 2153/1449/1 1732/1453/1 1731/1450/1
f 2152/1454/1 1732/1453/1 2153/1449/1
f 2152/1454/1 1733/1455/1 1732/1453/1
f 2152/1454/1 1734/1456/1 1733/1455/1
f 2151/1457/1 1734/1456/1 2152/1454/1
f 2151/1457/1 1735/1458/1 1734/1456/1
f 2024/1452/1 2090/1459/1 2089/1451/1
f 2151/1457/1 1736/1460/1 1735/1458/1
f 2151/1457/1 1737/1461/1 1736/1460/1
f 2023/1462/1 2090/1459/1 2024/1452/1
f 2151/1457/1 1738/1463/1 1737/1461/1
f 2023/1462/1 2091/1464/1 2090/1459/1
f 2151/1457/1 1739/1465/1 1738/1463/1
f 2151/1457/1 1740/1466/1 1739/1465/1
f 2151/1457/1 1741/1467/1 1740/1466/1
f 2150/1468/1 1741/1467/1 2151/1457/1
f 2022/1469/1 2091/1464/1 2023/1462/1
f 2022/1469/1 2092/1470/1 2091/1464/1
f 2150/1468/1 1742/1471/1 1741/1467/1
f 2150/1468/1 1743/1472/1 1742/1471/1
f 2150/1468/1 1744/1473/1 1743/1472/1
f 2022/1469/1 2093/1474/1 2092/1470/1
f 2150/1468/1 1745/1475/1 1744/1473/1
f 2021/1476/1 2093/1474/1 2022/1469/1
f 2149/1477/1 1745/1475/1 2150/1468/1
f 2149/1477/1 1746/1478/1 1745/1475/1
f 2149/1477/1 1747/1479/1 1746/1478/1
f 2021/1476/1 2094/1480/1 2093/1474/1
f 2149/1477/1 1748/1481/1 1747/1479/1
f 2149/1477/1 1749/1482/1 1748/1481/1
f 2021/1476/1 2095/1483/1 2094/1480/1
f 2149/1477/1 1750/1484/1 1749/1482/1
f 2020/1485/1 2095/1483/1 2021/1476/1
f 2149/1477/1 1751/1486/1 1750/1484/1
f 2148/1487/1 1751/1486/1 2149/1477/1
f 2148/1487/1 1752/1488/1 1751/1486/1
f 2148/1487/1 1753/1489/1 1752/1488/1
f 2020/1485/1 2096/1490/1 2095/1483/1
f 2148/1487/1 1754/1491/1 1753/1489/1
f 2148/1487/1 1755/1492/1 1754/1491/1
f 2148/1487/1 1756/1493/1 1755/1492/1
f 2020/1485/1 2097/1494/1 2096/1490/1
f 2019/1495/1 2097/1494/1 2020/1485/1
f 2147/1496/1 1756/1493/1 2148/1487/1
f 2147/1496/1 1757/1497/1 1756/1493/1
f 2019/1495/1 2098/1498/1 2097/1494/1
f 2147/1496/1 1758/1499/1 1757/1497/1
f 2019/1495/1 2099/1500/1 2098/1498/1
f 2146/1501/1 1758/1499/1 2147/1496/1
f 2018/1502/1 2099/1500/1 2019/1495/1
f 2146/1501/1 1759/1503/1 1758/1499/1
f 2018/1502/1 2100/1504/1 2099/1500/1
f 2146/1501/1 1760/1505/1 1759/1503/1
f 2145/1506/1 1760/1505/1 2146/1501/1
f 2018/1502/1 2101/1507/1 2100/1504/1
f 2017/1508/1 2101/1507/1 2018/1502/1
f 2017/1508/1 2102/1509/1 2101/1507/1
f 2145/1506/1 1761/1510/1 1760/1505/1
f 2144/1511/1 1761/1510/1 2145/1506/1
f 2017/1508/1 2103/1512/1 2102/1509/1
f 2144/1511/1 1762/1513/1 1761/1510/1
f 2017/1508/1 2104/1514/1 2103/1512/1
f 2017/1508/1 2105/1515/1 2104/1514/1
f 2143/1516/1 1762/1513/1 2144/1511/1
f 2017/1508/1 2106/1517/1 2105/1515/1
f 2016/1518/1 2106/1517/1 2017/1508/1
f 2016/1518/1 2107/1519/1 2106/1517/1
f 2143/1516/1 1763/1520/1 1762/1513/1
f 2016/1518/1 2108/1521/1 2107/1519/1
f 2016/1518/1 2109/1522/1 2108/1521/1
f 2142/1523/1 1763/1520/1 2143/1516/1
f 2016/1518/1 2110/1524/1 2109/1522/1
f 2016/1518/1 2111/1525/1 2110/1524/1
f 2142/1523/1 1764/1526/1 1763/1520/1
f 2015/1527/1 2111/1525/1 2016/1518/1
f 2141/1528/1 1764/1526/1 2142/1523/1
f 2015/1527/1 2112/1529/1 2111/1525/1
f 2015/1527/1 2113/1530/1 2112/1529/1
f 2140/1531/1 1764/1526/1 2141/1528/1
f 2140/1531/1 1765/1532/1 1764/1526/1
f 2015/1527/1 2114/1533/1 2113/1530/1
f 2139/1534/1 1765/1532/1 2140/1531/1
f 2138/1535/1 1765/1532/1 2139/1534/1
f 2137/1536/1 1765/1532/1 2138/1535/1
f 2136/1537/1 1765/1532/1 2137/1536/1
f 2015/1527/1 2115/1538/1 2114/1533/1
f 2014/1539/1 2115/1538/1 2015/1527/1
f 2135/1540/1 1765/1532/1 2136/1537/1
f 2134/1541/1 1765/1532/1 2135/1540/1
f 2133/1542/1 1765/1532/1 2134/1541/1
f 2014/1539/1 2116/1543/1 2115/1538/1
f 2132/1544/1 1765/1532/1 2133/1542/1
f 2132/1544/1 1766/1545/1 1765/1532/1
f 2131/1546/1 1766/1545/1 2132/1544/1
f 2014/1539/1 2117/1547/1 2116/1543/1
f 2130/1548/1 1766/1545/1 2131/1546/1
f 2129/1549/1 1766/1545/1 2130/1548/1
f 2014/1539/1 2118/1550/1 2117/1547/1
f 2128/1551/1 1766/1545/1 2129/1549/1
f 2013/1552/1 2118/1550/1 2014/1539/1
f 2127/1553/1 1766/1545/1 2128/1551/1
f 2013/1552/1 2119/1554/1 2118/1550/1
f 2127/1553/1 1767/1555/1 1766/1545/1
f 2013/1552/1 2120/1556/1 2119/1554/1
f 2013/1552/1 2121/1557/1 2120/1556/1
f 2012/1558/1 2121/1557/1 2013/1552/1
f 2012/1558/1 2122/1559/1 2121/1557/1
f 2127/1553/1 1768/1560/1 1767/1555/1
f 2012/1558/1 2123/1561/1 2122/1559/1
f 2012/1558/1 2124/1562/1 2123/1561/1
f 2012/1558/1 2125/1563/1 2124/1562/1
f 2012/1558/1 2126/1564/1 2125/1563/1
f 2011/1565/1 2126/1564/1 2012/1558/1
f 2011/1565/1 2127/1553/1 2126/1564/1
f 2127/1553/1 1769/1566/1 1768/1560/1
f 2011/1565/1 1769/1566/1 2127/1553/1
f 2010/1567/1 1769/1566/1 2011/1565/1
f 2010/1567/1 1770/1568/1 1769/1566/1
f 2009/1569/1 1770/1568/1 2010/1567/1
f 2009/1569/1 1771/1570/1 1770/1568/1
f 2008/1571/1 1771/1570/1 2009/1569/1
f 2008/1571/1 1772/1572/1 1771/1570/1
f 2007/1573/1 1772/1572/1 2008/1571/1
f 2007/1573/1 1773/1574/1 1772/1572/1
f 2006/1575/1 1773/1574/1 2007/1573/1
f 2006/1575/1 1887/1576/1 1773/1574/1
f 1887/1576/1 1774/1577/1 1773/1574/1
f 2005/1578/1 1887/1576/1 2006/1575/1
f 2005/1578/1 1888/1579/1 1887/1576/1
f 1886/1580/1 1774/1577/1 1887/1576/1
f 2005/1578/1 1889/1581/1 1888/1579/1
f 2005/1578/1 1890/1582/1 1889/1581/1
f 2005/1578/1 1891/1583/1 1890/1582/1
f 1886/1580/1 1775/1584/1 1774/1577/1
f 1885/1585/1 1775/1584/1 1886/1580/1
f 2004/1586/1 1891/1583/1 2005/1578/1
f 2004/1586/1 1892/1587/1 1891/1583/1
f 2004/1586/1 1893/1588/1 1892/1587/1
f 1884/1589/1 1775/1584/1 1885/1585/1
f 2004/1586/1 1894/1590/1 1893/1588/1
f 2004/1586/1 1895/1591/1 1894/1590/1
f 1883/1592/1 1775/1584/1 1884/1589/1
f 2004/1586/1 1896/1593/1 1895/1591/1
f 1883/1592/1 1776/1594/1 1775/1584/1
f 2003/1595/1 1896/1593/1 2004/1586/1
f 2003/1595/1 1897/1596/1 1896/1593/1
f 1882/1597/1 1776/1594/1 1883/1592/1
f 2003/1595/1 1898/1598/1 1897/1596/1
f 1881/1599/1 1776/1594/1 1882/1597/1
f 2003/1595/1 1899/1600/1 1898/1598/1
f 1880/1601/1 1776/1594/1 1881/1599/1
f 1880/1601/1 1777/1602/1 1776/1594/1
f 2003/1595/1 1900/1603/1 1899/1600/1
f 2002/1604/1 1900/1603/1 2003/1595/1
f 2002/1604/1 1901/1605/1 1900/1603/1
f 1879/1606/1 1777/1602/1 1880/1601/1
f 2002/1604/1 1902/1607/1 1901/1605/1
f 1878/1608/1 1777/1602/1 1879/1606/1
f 2002/1604/1 1903/1609/1 1902/1607/1
f 1878/1608/1 1778/1610/1 1777/1602/1
f 2002/1604/1 1904/1611/1 1903/1609/1
f 1877/1612/1 1778/1610/1 1878/1608/1
f 2001/1613/1 1904/1611/1 2002/1604/1
f 2001/1613/1 1905/1614/1 1904/1611/1
f 1876/1615/1 1778/1610/1 1877/1612/1
f 2001/1613/1 1906/1616/1 1905/1614/1
f 1876/1615/1 1779/1617/1 1778/1610/1
f 2001/1613/1 1907/1618/1 1906/1616/1
f 1875/1619/1 1779/1617/1 1876/1615/1
f 2001/1613/1 1908/1620/1 1907/1618/1
f 2000/1621/1 1908/1620/1 2001/1613/1
f 1874/1622/1 1779/1617/1 1875/1619/1
f 1874/1622/1 1780/1623/1 1779/1617/1
f 2000/1621/1 1909/1624/1 1908/1620/1
f 2000/1621/1 1910/1625/1 1909/1624/1
f 1874/1622/1 1781/1626/1 1780/1623/1
f 1873/1627/1 1781/1626/1 1874/1622/1
f 2000/1621/1 1911/1628/1 1910/1625/1
f 2000/1621/1 1912/1629/1 1911/1628/1
f 1999/1630/1 1912/1629/1 2000/1621/1
f 1873/1627/1 1782/1631/1 1781/1626/1
f 1872/1632/1 1782/1631/1 1873/1627/1
f 1999/1630/1 1913/1633/1 1912/1629/1
f 1872/1632/1 1783/1634/1 1782/1631/1
f 1871/1635/1 1783/1634/1 1872/1632/1
f 1999/1630/1 1914/1636/1 1913/1633/1
f 1998/1637/1 1914/1636/1 1999/1630/1
f 1871/1635/1 1784/1638/1 1783/1634/1
f 1870/1639/1 1784/1638/1 1871/1635/1
f 1998/1637/1 1915/1640/1 1914/1636/1
f 1870/1639/1 1785/1641/1 1784/1638/1
f 1869/1642/1 1785/1641/1 1870/1639/1
f 1998/1637/1 1916/1643/1 1915/1640/1
f 1997/1644/1 1916/1643/1 1998/1637/1
f 1869/1642/1 1786/1645/1 1785/1641/1
f 1868/1646/1 1786/1645/1 1869/1642/1
f 1997/1644/1 1917/1647/1 1916/1643/1
f 1996/1648/1 1917/1647/1 1997/1644/1
f 1868/1646/1 1787/1649/1 1786/1645/1
f 1996/1648/1 1918/1650/1 1917/1647/1
f 1867/1651/1 1787/1649/1 1868/1646/1
f 1996/1648/1 1919/1652/1 1918/1650/1
f 1867/1651/1 1788/1653/1 1787/1649/1
f 1866/1654/1 1788/1653/1 1867/1651/1
f 1995/1655/1 1919/1652/1 1996/1648/1
f 1866/1654/1 1789/1656/1 1788/1653/1
f 1995/1655/1 1920/1657/1 1919/1652/1
f 1865/1658/1 1789/1656/1 1866/1654/1
f 1865/1658/1 1790/1659/1 1789/1656/1
f 1995/1655/1 1921/1660/1 1920/1657/1
f 1864/1661/1 1790/1659/1 1865/1658/1
f 1994/1662/1 1921/1660/1 1995/1655/1
f 1864/1661/1 1791/1663/1 1790/1659/1
f 1863/1664/1 1791/1663/1 1864/1661/1
f 1994/1662/1 1922/1665/1 1921/1660/1
f 1993/1666/1 1922/1665/1 1994/1662/1
f 1863/1664/1 1792/1667/1 1791/1663/1
f 1862/1668/1 1792/1667/1 1863/1664/1
f 1993/1666/1 1923/1669/1 1922/1665/1
f 1992/1670/1 1923/1669/1 1993/1666/1
f 1862/1668/1 1793/1671/1 1792/1667/1
f 1861/1672/1 1793/1671/1 1862/1668/1
f 1992/1670/1 1924/1673/1 1923/1669/1
f 1861/1672/1 1794/1674/1 1793/1671/1
f 1860/1675/1 1794/1674/1 1861/1672/1
f 1991/1676/1 1924/1673/1 1992/1670/1
f 1991/1676/1 1925/1677/1 1924/1673/1
f 1860/1675/1 1795/1678/1 1794/1674/1
f 1859/1679/1 1795/1678/1 1860/1675/1
f 1991/1676/1 1926/1680/1 1925/1677/1
f 1990/1681/1 1926/1680/1 1991/1676/1
f 1859/1679/1 1796/1682/1 1795/1678/1
f 1858/1683/1 1796/1682/1 1859/1679/1
f 1990/1681/1 1927/1684/1 1926/1680/1
f 1989/1685/1 1927/1684/1 1990/1681/1
f 1858/1683/1 1797/1686/1 1796/1682/1
f 1857/1687/1 1797/1686/1 1858/1683/1
f 1989/1685/1 1928/1688/1 1927/1684/1
f 1857/1687/1 1798/1689/1 1797/1686/1
f 1856/1690/1 1798/1689/1 1857/1687/1
f 1988/1691/1 1928/1688/1 1989/1685/1
f 1988/1691/1 1929/1692/1 1928/1688/1
f 1856/1690/1 1799/1693/1 1798/1689/1
f 1855/1694/1 1799/1693/1 1856/1690/1
f 1988/1691/1 1930/1695/1 1929/1692/1
f 1987/1696/1 1930/1695/1 1988/1691/1
f 1855/1694/1 1800/1697/1 1799/1693/1
f 1854/1698/1 1800/1697/1 1855/1694/1
f 1987/1696/1 1931/1699/1 1930/1695/1
f 1854/1698/1 1801/1700/1 1800/1697/1
f 1986/1701/1 1931/1699/1 1987/1696/1
f 1853/1702/1 1801/1700/1 1854/1698/1
f 1853/1702/1 1802/1703/1 1801/1700/1
f 1986/1701/1 1932/1704/1 1931/1699/1
f 1852/1705/1 1802/1703/1 1853/1702/1
f 1985/1706/1 1932/1704/1 1986/1701/1
f 1852/1705/1 1803/1707/1 1802/1703/1
f 1851/1708/1 1803/1707/1 1852/1705/1
f 1985/1706/1 1933/1709/1 1932/1704/1
f 1851/1708/1 1804/1710/1 1803/1707/1
f 1850/1711/1 1804/1710/1 1851/1708/1
f 1984/1712/1 1933/1709/1 1985/1706/1
f 1984/1712/1 1934/1713/1 1933/1709/1
f 1850/1711/1 1805/1714/1 1804/1710/1
f 1849/1715/1 1805/1714/1 1850/1711/1
f 1849/1715/1 1806/1716/1 1805/1714/1
f 1848/1717/1 1806/1716/1 1849/1715/1
f 1983/1718/1 1934/1713/1 1984/1712/1
f 1983/1718/1 1935/1719/1 1934/1713/1
f 1848/1717/1 1807/1720/1 1806/1716/1
f 1847/1721/1 1807/1720/1 1848/1717/1
f 1847/1721/1 1808/1722/1 1807/1720/1
f 1846/1723/1 1808/1722/1 1847/1721/1
f 1982/1724/1 1935/1719/1 1983/1718/1
f 1982/1724/1 1936/1725/1 1935/1719/1
f 1846/1723/1 1809/1726/1 1808/1722/1
f 1845/1727/1 1809/1726/1 1846/1723/1
f 1981/1728/1 1936/1725/1 1982/1724/1
f 1981/1728/1 1937/1729/1 1936/1725/1
f 1845/1727/1 1810/1730/1 1809/1726/1
f 1844/1731/1 1810/1730/1 1845/1727/1
f 1980/1732/1 1937/1729/1 1981/1728/1
f 1980/1732/1 1938/1733/1 1937/1729/1
f 1844/1731/1 1811/1734/1 1810/1730/1
f 1843/1735/1 1811/1734/1 1844/1731/1
f 1979/1736/1 1938/1733/1 1980/1732/1
f 1979/1736/1 1939/1737/1 1938/1733/1
f 1843/1735/1 1812/1738/1 1811/1734/1
f 1842/1739/1 1812/1738/1 1843/1735/1
f 1842/1739/1 1813/1740/1 1812/1738/1
f 1841/1741/1 1813/1740/1 1842/1739/1
f 1978/1742/1 1939/1737/1 1979/1736/1
f 1978/1742/1 1940/1743/1 1939/1737/1
f 1841/1741/1 1814/1744/1 1813/1740/1
f 1840/1745/1 1814/1744/1 1841/1741/1
f 1977/1746/1 1940/1743/1 1978/1742/1
f 1977/1746/1 1941/1747/1 1940/1743/1
f 1840/1745/1 1815/1748/1 1814/1744/1
f 1839/1749/1 1815/1748/1 1840/1745/1
f 1976/1750/1 1941/1747/1 1977/1746/1
f 1976/1750/1 1942/1751/1 1941/1747/1
f 1839/1749/1 1816/1752/1 1815/1748/1
f 1838/1753/1 1816/1752/1 1839/1749/1
f 1975/1754/1 1942/1751/1 1976/1750/1
f 1975/1754/1 1943/1755/1 1942/1751/1
f 1838/1753/1 1817/1756/1 1816/1752/1
f 1837/1757/1 1817/1756/1 1838/1753/1
f 1837/1757/1 1818/1758/1 1817/1756/1
f 1974/1759/1 1943/1755/1 1975/1754/1
f 1974/1759/1 1944/1760/1 1943/1755/1
f 1836/1761/1 1818/1758/1 1837/1757/1
f 1836/1761/1 1819/1762/1 1818/1758/1
f 1835/1763/1 1819/1762/1 1836/1761/1
f 1973/1764/1 1944/1760/1 1974/1759/1
f 1973/1764/1 1945/1765/1 1944/1760/1
f 1835/1763/1 1820/1766/1 1819/1762/1
f 1834/1767/1 1820/1766/1 1835/1763/1
f 1834/1767/1 1821/1768/1 1820/1766/1
f 1833/1769/1 1821/1768/1 1834/1767/1
f 1972/1770/1 1945/1765/1 1973/1764/1
f 1972/1770/1 1946/1771/1 1945/1765/1
f 1833/1769/1 1822/1772/1 1821/1768/1
f 1832/1773/1 1822/1772/1 1833/1769/1
f 1832/1773/1 1823/1774/1 1822/1772/1
f 1831/1775/1 1823/1774/1 1832/1773/1
f 1971/1776/1 1946/1771/1 1972/1770/1
f 1971/1776/1 1947/1777/1 1946/1771/1
f 1831/1775/1 1824/1778/1 1823/1774/1
f 1830/1779/1 1824/1778/1 1831/1775/1
f 1830/1779/1 1825/1780/1 1824/1778/1
f 1829/1781/1 1825/1780/1 1830/1779/1
f 1829/1781/1 1826/1782/1 1825/1780/1
f 1828/1783/1 1826/1782/1 1829/1781/1
f 1828/1783/1 1827/1784/1 1826/1782/1
f 1970/1785/1 1947/1777/1 1971/1776/1
f 1970/1785/1 1948/1786/1 1947/1777/1
f 1969/1787/1 1948/1786/1 1970/1785/1
f 1969/1787/1 1949/1788/1 1948/1786/1
f 1968/1789/1 1949/1788/1 1969/1787/1
f 1968/1789/1 1950/1790/1 1949/1788/1
f 1967/1791/1 1950/1790/1 1968/1789/1
f 1967/1791/1 1951/1792/1 1950/1790/1
f 1966/1793/1 1951/1792/1 1967/1791/1
f 1966/1793/1 1952/1794/1 1951/1792/1
f 1965/1795/1 1952/1794/1 1966/1793/1
f 1965/1795/1 1953/1796/1 1952/1794/1
f 1964/1797/1 1953/1796/1 1965/1795/1
f 1964/1797/1 1954/1798/1 1953/1796/1
f 1963/1799/1 1954/1798/1 1964/1797/1
f 1963/1799/1 1955/1800/1 1954/1798/1
f 1962/1801/1 1955/1800/1 1963/1799/1
f 1962/1801/1 1956/1802/1 1955/1800/1
f 1961/1803/1 1956/1802/1 1962/1801/1
f 1961/1803/1 1957/1804/1 1956/1802/1
f 1960/1805/1 1957/1804/1 1961/1803/1
f 1960/1805/1 1958/1806/1 1957/1804/1
f 1959/1807/1 1958/1806/1 1960/1805/1
f 2524/1/3 2525/3/3 2526/2/3
f 2523/4/3 2524/1/3 2526/2/3
f 2522/5/3 2523/4/3 2526/2/3
f 2522/5/3 2526/2/3 2527/6/3
f 2521/7/3 2522/5/3 2527/6/3
f 2520/8/3 2521/7/3 2527/6/3
f 2520/8/3 2527/6/3 2528/9/3
f 2519/10/3 2520/8/3 2528/9/3
f 2518/11/3 2519/10/3 2528/9/3
f 2517/12/3 2518/11/3 2528/9/3
f 2517/12/3 2528/9/3 2529/13/3
f 2516/14/3 2517/12/3 2529/13/3
f 2515/15/3 2516/14/3 2529/13/3
f 2515/15/3 2529/13/3 2530/16/3
f 2475/17/3 2476/19/3 2477/18/3
f 2475/17/3 2477/18/3 2478/20/3
f 2475/17/3 2478/20/3 2479/21/3
f 2474/22/3 2475/17/3 2479/21/3
f 2514/23/3 2515/15/3 2530/16/3
f 2474/22/3 2479/21/3 2480/24/3
f 2474/22/3 2480/24/3 2481/25/3
f 2473/26/3 2474/22/3 2481/25/3
f 2473/26/3 2481/25/3 2482/27/3
f 2473/26/3 2482/27/3 2483/28/3
f 2513/29/3 2514/23/3 2530/16/3
f 2473/26/3 2483/28/3 2484/30/3
f 2472/31/3 2473/26/3 2484/30/3
f 2472/31/3 2484/30/3 2485/32/3
f 2472/31/3 2485/32/3 2486/33/3
f 2513/29/3 2530/16/3 2531/34/3
f 2512/35/3 2513/29/3 2531/34/3
f 2471/36/3 2472/31/3 2486/33/3
f 2471/36/3 2486/33/3 2487/37/3
f 2471/36/3 2487/37/3 2488/38/3
f 2511/39/3 2512/35/3 2531/34/3
f 2470/40/3 2471/36/3 2488/38/3
f 2470/40/3 2488/38/3 2489/41/3
f 2510/42/3 2511/39/3 2531/34/3
f 2470/40/3 2489/41/3 2490/43/3
f 2470/40/3 2490/43/3 2491/44/3
f 2509/45/3 2510/42/3 2531/34/3
f 2509/45/3 2531/34/3 2532/46/3
f 2469/47/3 2470/40/3 2491/44/3
f 2469/47/3 2491/44/3 2492/48/3
f 2508/49/3 2509/45/3 2532/46/3
f 2469/47/3 2492/48/3 2493/50/3
f 2469/47/3 2493/50/3 2494/51/3
f 2507/52/3 2508/49/3 2532/46/3
f 2469/47/3 2494/51/3 2495/53/3
f 2469/47/3 2495/53/3 2496/54/3
f 2506/55/3 2507/52/3 2532/46/3
f 2469/47/3 2496/54/3 2497/56/3
f 2469/47/3 2497/56/3 2498/57/3
f 2468/58/3 2469/47/3 2498/57/3
f 2468/58/3 2498/57/3 2499/59/3
f 2505/60/3 2506/55/3 2532/46/3
f 2468/58/3 2499/59/3 2500/61/3
f 2468/58/3 2500/61/3 2501/62/3
f 2504/63/3 2505/60/3 2532/46/3
f 2503/64/3 2504/63/3 2532/46/3
f 2503/64/3 2532/46/3 2533/65/3
f 2502/66/3 2503/64/3 2533/65/3
f 2501/62/3 2502/66/3 2533/65/3
f 2468/58/3 2501/62/3 2533/65/3
f 2467/67/3 2468/58/3 2533/65/3
f 2466/68/3 2467/67/3 2533/65/3
f 2466/68/3 2533/65/3 2534/69/3
f 2465/70/3 2466/68/3 2534/69/3
f 2465/70/3 2534/69/3 2535/71/3
f 2464/72/3 2465/70/3 2535/71/3
f 2464/72/3 2535/71/3 2536/73/3
f 2463/74/3 2464/72/3 2536/73/3
f 2462/75/3 2463/74/3 2536/73/3
f 2462/75/3 2536/73/3 2537/76/3
f 2461/77/3 2462/75/3 2537/76/3
f 2461/77/3 2537/76/3 2538/78/3
f 2460/79/3 2461/77/3 2538/78/3
f 2460/79/3 2538/78/3 2539/80/3
f 2459/81/3 2460/79/3 2539/80/3
f 2459/81/3 2539/80/3 2540/82/3
f 2458/83/3 2459/81/3 2540/82/3
f 2458/83/3 2540/82/3 2541/84/3
f 2457/85/3 2458/83/3 2541/84/3
f 2457/85/3 2541/84/3 2542/86/3
f 2456/87/3 2457/85/3 2542/86/3
f 2456/87/3 2542/86/3 2543/88/3
f 2455/89/3 2456/87/3 2543/88/3
f 2455/89/3 2543/88/3 2544/90/3
f 2454/91/3 2455/89/3 2544/90/3
f 2454/91/3 2544/90/3 2545/92/3
f 2453/93/3 2454/91/3 2545/92/3
f 2453/93/3 2545/92/3 2546/94/3
f 2452/95/3 2453/93/3 2546/94/3
f 2452/95/3 2546/94/3 2547/96/3
f 2451/97/3 2452/95/3 2547/96/3
f 2450/98/3 2451/97/3 2547/96/3
f 2450/98/3 2547/96/3 2548/99/3
f 2449/100/3 2450/98/3 2548/99/3
f 2448/101/3 2449/100/3 2548/99/3
f 2448/101/3 2548/99/3 2549/102/3
f 2447/103/3 2448/101/3 2549/102/3
f 2447/103/3 2549/102/3 2550/104/3
f 2446/105/3 2447/103/3 2550/104/3
f 2445/106/3 2446/105/3 2550/104/3
f 2444/107/3 2445/106/3 2550/104/3
f 2443/108/3 2444/107/3 2550/104/3
f 2442/109/3 2443/108/3 2550/104/3
f 2442/109/3 2550/104/3 2551/110/3
f 2441/111/3 2442/109/3 2551/110/3
f 2440/112/3 2441/111/3 2551/110/3
f 2439/113/3 2440/112/3 2551/110/3
f 2439/113/3 2551/110/3 2552/114/3
f 2438/115/3 2439/113/3 2552/114/3
f 2437/116/3 2438/115/3 2552/114/3
f 2436/117/3 2437/116/3 2552/114/3
f 2436/117/3 2552/114/3 2553/118/3
f 2435/119/3 2436/117/3 2553/118/3
f 2434/120/3 2435/119/3 2553/118/3
f 2433/121/3 2434/120/3 2553/118/3
f 2433/121/3 2553/118/3 2554/122/3
f 2432/123/3 2433/121/3 2554/122/3
f 2431/124/3 2432/123/3 2554/122/3
f 2430/125/3 2431/124/3 2554/122/3
f 2430/125/3 2554/122/3 2555/126/3
f 2429/127/3 2430/125/3 2555/126/3
f 2428/128/3 2429/127/3 2555/126/3
f 2427/129/3 2428/128/3 2555/126/3
f 2427/129/3 2555/126/3 2556/130/3
f 2427/129/3 2556/130/3 2557/131/3
f 2426/132/3 2427/129/3 2557/131/3
f 2426/132/3 2557/131/3 2558/133/3
f 2426/132/3 2558/133/3 2559/134/3
f 2426/132/3 2559/134/3 2585/135/3
f 2585/135/3 2559/134/3 2584/136/3
f 2584/136/3 2559/134/3 2560/137/3
f 2425/138/3 2426/132/3 2586/139/3
f 2586/139/3 2426/132/3 2585/135/3
f 2425/138/3 2586/139/3 2587/140/3
f 2583/141/3 2584/136/3 2560/137/3
f 2582/142/3 2583/141/3 2560/137/3
f 2581/143/3 2582/142/3 2560/137/3
f 2580/144/3 2581/143/3 2560/137/3
f 2579/145/3 2580/144/3 2560/137/3
f 2578/146/3 2579/145/3 2560/137/3
f 2577/147/3 2578/146/3 2560/137/3
f 2576/148/3 2577/147/3 2560/137/3
f 2575/149/3 2576/148/3 2560/137/3
f 2574/150/3 2575/149/3 2560/137/3
f 2573/151/3 2574/150/3 2560/137/3
f 2573/151/3 2560/137/3 2561/152/3
f 2572/153/3 2573/151/3 2561/152/3
f 2571/154/3 2572/153/3 2561/152/3
f 2570/155/3 2571/154/3 2561/152/3
f 2569/156/3 2570/155/3 2561/152/3
f 2568/157/3 2569/156/3 2561/152/3
f 2567/158/3 2568/157/3 2561/152/3
f 2566/159/3 2567/158/3 2561/152/3
f 2565/160/3 2566/159/3 2561/152/3
f 2564/161/3 2565/160/3 2561/152/3
f 2563/162/3 2564/161/3 2561/152/3
f 2562/163/3 2563/162/3 2561/152/3
f 2425/138/3 2587/140/3 2588/164/3
f 2425/138/3 2588/164/3 2589/165/3
f 2424/166/3 2425/138/3 2589/165/3
f 2424/166/3 2589/165/3 2590/167/3
f 2423/168/3 2424/166/3 2590/167/3
f 2423/168/3 2590/167/3 2591/169/3
f 2423/168/3 2591/169/3 2592/170/3
f 2422/171/3 2423/168/3 2592/170/3
f 2422/171/3 2592/170/3 2593/172/3
f 2422/171/3 2593/172/3 2594/173/3
f 2421/174/3 2422/171/3 2594/173/3
f 2421/174/3 2594/173/3 2595/175/3
f 2421/174/3 2595/175/3 2596/176/3
f 2609/177/3 2610/179/3 2611/178/3
f 2608/180/3 2609/177/3 2611/178/3
f 2608/180/3 2611/178/3 2612/181/3
f 2607/182/3 2608/180/3 2612/181/3
f 2420/183/3 2421/174/3 2596/176/3
f 2606/184/3 2607/182/3 2612/181/3
f 2606/184/3 2612/181/3 2613/185/3
f 2605/186/3 2606/184/3 2613/185/3
f 2604/187/3 2605/186/3 2613/185/3
f 2604/187/3 2613/185/3 2614/188/3
f 2603/189/3 2604/187/3 2614/188/3
f 2420/183/3 2596/176/3 2597/190/3
f 2603/189/3 2614/188/3 2615/191/3
f 2602/192/3 2603/189/3 2615/191/3
f 2601/193/3 2602/192/3 2615/191/3
f 2601/193/3 2615/191/3 2616/194/3
f 2600/195/3 2601/193/3 2616/194/3
f 2419/196/3 2420/183/3 2597/190/3
f 2419/196/3 2597/190/3 2598/197/3
f 2599/198/3 2600/195/3 2616/194/3
f 2599/198/3 2616/194/3 2617/199/3
f 2598/197/3 2599/198/3 2617/199/3
f 2598/197/3 2617/199/3 2618/200/3
f 2419/196/3 2598/197/3 2618/200/3
f 2418/201/3 2419/196/3 2618/200/3
f 2418/201/3 2618/200/3 2619/202/3
f 2418/201/3 2619/202/3 2620/203/3
f 2417/204/3 2418/201/3 2620/203/3
f 2417/204/3 2620/203/3 2621/205/3
f 2417/204/3 2621/205/3 2622/206/3
f 2416/207/3 2417/204/3 2622/206/3
f 2416/207/3 2622/206/3 2623/208/3
f 2416/207/3 2623/208/3 2624/209/3
f 2415/210/3 2416/207/3 2624/209/3
f 2415/210/3 2624/209/3 2625/211/3
f 2414/212/3 2415/210/3 2344/213/3
f 2344/213/3 2415/210/3 2625/211/3
f 2414/212/3 2344/213/3 2345/214/3
f 2343/215/3 2344/213/3 2625/211/3
f 2342/216/3 2343/215/3 2625/211/3
f 2414/212/3 2345/214/3 2346/217/3
f 2342/216/3 2625/211/3 2626/218/3
f 2413/219/3 2414/212/3 2346/217/3
f 2341/220/3 2342/216/3 2626/218/3
f 2413/219/3 2346/217/3 2347/221/3
f 2340/222/3 2341/220/3 2626/218/3
f 2413/219/3 2347/221/3 2348/223/3
f 2339/224/3 2340/222/3 2626/218/3
f 2413/219/3 2348/223/3 2349/225/3
f 2338/226/3 2339/224/3 2626/218/3
f 2337/227/3 2338/226/3 2626/218/3
f 2413/219/3 2349/225/3 2350/228/3
f 2412/229/3 2413/219/3 2350/228/3
f 2336/230/3 2337/227/3 2626/218/3
f 2412/229/3 2350/228/3 2351/231/3
f 2336/230/3 2626/218/3 2627/232/3
f 2335/233/3 2336/230/3 2627/232/3
f 2412/229/3 2351/231/3 2352/234/3
f 2411/235/3 2412/229/3 2352/234/3
f 2334/236/3 2335/233/3 2627/232/3
f 2411/235/3 2352/234/3 2353/237/3
f 2333/238/3 2334/236/3 2627/232/3
f 2410/239/3 2411/235/3 2353/237/3
f 2333/238/3 2627/232/3 2628/240/3
f 2332/241/3 2333/238/3 2628/240/3
f 2410/239/3 2353/237/3 2354/242/3
f 2409/243/3 2410/239/3 2354/242/3
f 2331/244/3 2332/241/3 2628/240/3
f 2409/243/3 2354/242/3 2355/245/3
f 2330/246/3 2331/244/3 2628/240/3
f 2408/247/3 2409/243/3 2355/245/3
f 2330/246/3 2628/240/3 2629/248/3
f 2408/247/3 2355/245/3 2356/249/3
f 2407/250/3 2408/247/3 2356/249/3
f 2329/251/3 2330/246/3 2629/248/3
f 2406/252/3 2407/250/3 2356/249/3
f 2406/252/3 2356/249/3 2357/253/3
f 2328/254/3 2329/251/3 2629/248/3
f 2405/255/3 2406/252/3 2357/253/3
f 2405/255/3 2357/253/3 2358/256/3
f 2328/254/3 2629/248/3 2630/257/3
f 2404/258/3 2405/255/3 2358/256/3
f 2403/259/3 2404/258/3 2358/256/3
f 2403/259/3 2358/256/3 2359/260/3
f 2327/261/3 2328/254/3 2630/257/3
f 2402/262/3 2403/259/3 2359/260/3
f 2402/262/3 2359/260/3 2360/263/3
f 2402/262/3 2360/263/3 2361/264/3
f 2401/265/3 2402/262/3 2361/264/3
f 2326/266/3 2327/261/3 2630/257/3
f 2401/265/3 2361/264/3 2362/267/3
f 2400/268/3 2401/265/3 2362/267/3
f 2326/266/3 2630/257/3 2631/269/3
f 2400/268/3 2362/267/3 2363/270/3
f 2399/271/3 2400/268/3 2363/270/3
f 2325/272/3 2326/266/3 2631/269/3
f 2399/271/3 2363/270/3 2364/273/3
f 2398/274/3 2399/271/3 2364/273/3
f 2398/274/3 2364/273/3 2365/275/3
f 2397/276/3 2398/274/3 2365/275/3
f 2397/276/3 2365/275/3 2366/277/3
f 2324/278/3 2325/272/3 2631/269/3
f 2396/279/3 2397/276/3 2366/277/3
f 2324/278/3 2631/269/3 2632/280/3
f 2396/279/3 2366/277/3 2367/281/3
f 2395/282/3 2396/279/3 2367/281/3
f 2394/283/3 2395/282/3 2367/281/3
f 2394/283/3 2367/281/3 2368/284/3
f 2323/285/3 2324/278/3 2632/280/3
f 2393/286/3 2394/283/3 2368/284/3
f 2393/286/3 2368/284/3 2369/287/3
f 2392/288/3 2393/286/3 2369/287/3
f 2392/288/3 2369/287/3 2370/289/3
f 2391/290/3 2392/288/3 2370/289/3
f 2323/285/3 2632/280/3 2633/291/3
f 2391/290/3 2370/289/3 2371/292/3
f 2322/293/3 2323/285/3 2633/291/3
f 2390/294/3 2391/290/3 2371/292/3
f 2390/294/3 2371/292/3 2372/295/3
f 2389/296/3 2390/294/3 2372/295/3
f 2389/296/3 2372/295/3 2373/297/3
f 2388/298/3 2389/296/3 2373/297/3
f 2388/298/3 2373/297/3 2374/299/3
f 2387/300/3 2388/298/3 2374/299/3
f 2386/301/3 2387/300/3 2374/299/3
f 2386/301/3 2374/299/3 2375/302/3
f 2321/303/3 2322/293/3 2633/291/3
f 2385/304/3 2386/301/3 2375/302/3
f 2385/304/3 2375/302/3 2376/305/3
f 2384/306/3 2385/304/3 2376/305/3
f 2384/306/3 2376/305/3 2377/307/3
f 2383/308/3 2384/306/3 2377/307/3
f 2383/308/3 2377/307/3 2378/309/3
f 2382/310/3 2383/308/3 2378/309/3
f 2382/310/3 2378/309/3 2379/311/3
f 2381/312/3 2382/310/3 2379/311/3
f 2381/312/3 2379/311/3 2380/313/3
f 2321/303/3 2633/291/3 2634/314/3
f 2320/315/3 2321/303/3 2634/314/3
f 2319/316/3 2320/315/3 2634/314/3
f 2319/316/3 2634/314/3 2635/317/3
f 2318/318/3 2319/316/3 2635/317/3
f 2318/318/3 2635/317/3 2636/319/3
f 2317/320/3 2318/318/3 2636/319/3
f 2316/321/3 2317/320/3 2636/319/3
f 2316/321/3 2636/319/3 2637/322/3
f 2315/323/3 2316/321/3 2637/322/3
f 2314/324/3 2315/323/3 2637/322/3
f 2314/324/3 2637/322/3 2638/325/3
f 2313/326/3 2314/324/3 2638/325/3
f 2312/327/3 2313/326/3 2638/325/3
f 2312/327/3 2638/325/3 2639/328/3
f 2311/329/3 2312/327/3 2639/328/3
f 2310/330/3 2311/329/3 2639/328/3
f 2310/330/3 2639/328/3 2640/331/3
f 2259/332/3 2260/334/3 2261/333/3
f 2258/335/3 2259/332/3 2261/333/3
f 2258/335/3 2261/333/3 2262/336/3
f 2257/337/3 2258/335/3 2262/336/3
f 2257/337/3 2262/336/3 2263/338/3
f 2256/339/3 2257/337/3 2263/338/3
f 2256/339/3 2263/338/3 2264/340/3
f 2255/341/3 2256/339/3 2264/340/3
f 2255/341/3 2264/340/3 2265/342/3
f 2254/343/3 2255/341/3 2265/342/3
f 2254/343/3 2265/342/3 2266/344/3
f 2253/345/3 2254/343/3 2266/344/3
f 2253/345/3 2266/344/3 2267/346/3
f 2309/347/3 2310/330/3 2640/331/3
f 2252/348/3 2253/345/3 2267/346/3
f 2252/348/3 2267/346/3 2268/349/3
f 2251/350/3 2252/348/3 2268/349/3
f 2251/350/3 2268/349/3 2269/351/3
f 2250/352/3 2251/350/3 2269/351/3
f 2250/352/3 2269/351/3 2270/353/3
f 2249/354/3 2250/352/3 2270/353/3
f 2249/354/3 2270/353/3 2271/355/3
f 2308/356/3 2309/347/3 2640/331/3
f 2248/357/3 2249/354/3 2271/355/3
f 2308/356/3 2640/331/3 2641/358/3
f 2248/357/3 2271/355/3 2272/359/3
f 2247/360/3 2248/357/3 2272/359/3
f 2247/360/3 2272/359/3 2273/361/3
f 2246/362/3 2247/360/3 2273/361/3
f 2307/363/3 2308/356/3 2641/358/3
f 2245/364/3 2246/362/3 2273/361/3
f 2245/364/3 2273/361/3 2274/365/3
f 2244/366/3 2245/364/3 2274/365/3
f 2244/366/3 2274/365/3 2275/367/3
f 2243/368/3 2244/366/3 2275/367/3
f 2306/369/3 2307/363/3 2641/358/3
f 2306/369/3 2641/358/3 2642/370/3
f 2242/371/3 2243/368/3 2275/367/3
f 2242/371/3 2275/367/3 2276/372/3
f 2241/373/3 2242/371/3 2276/372/3
f 2241/373/3 2276/372/3 2277/374/3
f 2305/375/3 2306/369/3 2642/370/3
f 2240/376/3 2241/373/3 2277/374/3
f 2240/376/3 2277/374/3 2278/377/3
f 2239/378/3 2240/376/3 2278/377/3
f 2239/378/3 2278/377/3 2279/379/3
f 2304/380/3 2305/375/3 2642/370/3
f 2238/381/3 2239/378/3 2279/379/3
f 2238/381/3 2279/379/3 2280/382/3
f 2304/380/3 2642/370/3 2643/383/3
f 2238/381/3 2280/382/3 2281/384/3
f 2303/385/3 2304/380/3 2643/383/3
f 2237/386/3 2238/381/3 2281/384/3
f 2237/386/3 2281/384/3 2282/387/3
f 2237/386/3 2282/387/3 2283/388/3
f 2237/386/3 2283/388/3 2284/389/3
f 2237/386/3 2284/389/3 2285/390/3
f 2236/391/3 2237/386/3 2285/390/3
f 2302/392/3 2303/385/3 2643/383/3
f 2236/391/3 2285/390/3 2286/393/3
f 2235/394/3 2236/391/3 2286/393/3
f 2235/394/3 2286/393/3 2287/395/3
f 2301/396/3 2302/392/3 2643/383/3
f 2234/397/3 2235/394/3 2287/395/3
f 2234/397/3 2287/395/3 2288/398/3
f 2301/396/3 2643/383/3 2644/399/3
f 2233/400/3 2234/397/3 2288/398/3
f 2300/401/3 2301/396/3 2644/399/3
f 2233/400/3 2288/398/3 2289/402/3
f 2232/403/3 2233/400/3 2289/402/3
f 2232/403/3 2289/402/3 2290/404/3
f 2299/405/3 2300/401/3 2644/399/3
f 2232/403/3 2290/404/3 2291/406/3
f 2231/407/3 2232/403/3 2291/406/3
f 2231/407/3 2291/406/3 2292/408/3
f 2298/409/3 2299/405/3 2644/399/3
f 2231/407/3 2292/408/3 2293/410/3
f 2297/411/3 2298/409/3 2644/399/3
f 2231/407/3 2293/410/3 2294/412/3
f 2230/413/3 2231/407/3 2294/412/3
f 2230/413/3 2294/412/3 2295/414/3
f 2296/415/3 2297/411/3 2644/399/3
f 2230/413/3 2295/414/3 2296/415/3
f 2230/413/3 2296/415/3 2644/399/3
f 2229/416/3 2230/413/3 2644/399/3
f 2228/417/3 2229/416/3 2644/399/3
f 2228/417/3 2644/399/3 2645/418/3
f 2227/419/3 2228/417/3 2645/418/3
f 2226/420/3 2227/419/3 2645/418/3
f 2225/421/3 2226/420/3 2645/418/3
f 2224/422/3 2225/421/3 2645/418/3
f 2223/423/3 2224/422/3 2645/418/3
f 2223/423/3 2645/418/3 2200/424/3
f 2223/423/3 2200/424/3 2201/425/3
f 2222/426/3 2223/423/3 2201/425/3
f 2222/426/3 2201/425/3 2202/427/3
f 2221/428/3 2222/426/3 2202/427/3
f 2221/428/3 2202/427/3 2203/429/3
f 2220/430/3 2221/428/3 2203/429/3
f 2220/430/3 2203/429/3 2204/431/3
f 2219/432/3 2220/430/3 2204/431/3
f 2219/432/3 2204/431/3 2205/433/3
f 2218/434/3 2219/432/3 2205/433/3
f 2218/434/3 2205/433/3 2206/435/3
f 2217/436/3 2218/434/3 2206/435/3
f 2217/436/3 2206/435/3 2207/437/3
f 2216/438/3 2217/436/3 2207/437/3
f 2216/438/3 2207/437/3 2208/439/3
f 2215/440/3 2216/438/3 2208/439/3
f 2215/440/3 2208/439/3 2209/441/3
f 2214/442/3 2215/440/3 2209/441/3
f 2214/442/3 2209/441/3 2210/443/3
f 2213/444/3 2214/442/3 2210/443/3
f 2213/444/3 2210/443/3 2211/445/3
f 2212/446/3 2213/444/3 2211/445/3
f 2969/447/3 2970/449/3 2971/448/3
f 2968/450/3 2969/447/3 2971/448/3
f 2968/450/3 2971/448/3 2972/451/3
f 2967/452/3 2968/450/3 2972/451/3
f 2967/452/3 2972/451/3 2973/453/3
f 2966/454/3 2967/452/3 2973/453/3
f 2966/454/3 2973/453/3 2974/455/3
f 2965/456/3 2966/454/3 2974/455/3
f 2965/456/3 2974/455/3 2975/457/3
f 2964/458/3 2965/456/3 2975/457/3
f 2964/458/3 2975/457/3 2976/459/3
f 2963/460/3 2964/458/3 2976/459/3
f 2963/460/3 2976/459/3 2977/461/3
f 2962/462/3 2963/460/3 2977/461/3
f 2961/463/3 2962/462/3 2977/461/3
f 2961/463/3 2977/461/3 2978/464/3
f 2960/465/3 2961/463/3 2978/464/3
f 2960/465/3 2978/464/3 2979/466/3
f 2959/467/3 2960/465/3 2979/466/3
f 2959/467/3 2979/466/3 2980/468/3
f 2958/469/3 2959/467/3 2980/468/3
f 2958/469/3 2980/468/3 2981/470/3
f 2957/471/3 2958/469/3 2981/470/3
f 2957/471/3 2981/470/3 2982/472/3
f 2956/473/3 2957/471/3 2982/472/3
f 2956/473/3 2982/472/3 2983/474/3
f 2955/475/3 2956/473/3 2983/474/3
f 2955/475/3 2983/474/3 2984/476/3
f 2954/477/3 2955/475/3 2984/476/3
f 2953/478/3 2954/477/3 2984/476/3
f 2953/478/3 2984/476/3 2985/479/3
f 2952/480/3 2953/478/3 2985/479/3
f 2952/480/3 2985/479/3 2986/481/3
f 2951/482/3 2952/480/3 2986/481/3
f 2950/483/3 2951/482/3 2986/481/3
f 2950/483/3 2986/481/3 2987/484/3
f 2949/485/3 2950/483/3 2987/484/3
f 2948/486/3 2949/485/3 2987/484/3
f 2948/486/3 2987/484/3 2988/487/3
f 2947/488/3 2948/486/3 2988/487/3
f 2947/488/3 2988/487/3 2989/489/3
f 2946/490/3 2947/488/3 2989/489/3
f 2945/491/3 2946/490/3 2989/489/3
f 2944/492/3 2945/491/3 2989/489/3
f 2944/492/3 2989/489/3 2898/493/3
f 2898/493/3 2989/489/3 2897/494/3
f 2897/494/3 2989/489/3 2990/495/3
f 2944/492/3 2898/493/3 2899/496/3
f 2944/492/3 2899/496/3 2900/497/3
f 2896/498/3 2897/494/3 2990/495/3
f 2944/492/3 2900/497/3 2901/499/3
f 2943/500/3 2944/492/3 2901/499/3
f 2943/500/3 2901/499/3 2902/501/3
f 2895/502/3 2896/498/3 2990/495/3
f 2943/500/3 2902/501/3 2903/503/3
f 2894/504/3 2895/502/3 2990/495/3
f 2942/505/3 2943/500/3 2903/503/3
f 2942/505/3 2903/503/3 2904/506/3
f 2942/505/3 2904/506/3 2905/507/3
f 2893/508/3 2894/504/3 2990/495/3
f 2941/509/3 2942/505/3 2905/507/3
f 2941/509/3 2905/507/3 2906/510/3
f 2893/508/3 2990/495/3 2991/511/3
f 2892/512/3 2893/508/3 2991/511/3
f 2940/513/3 2941/509/3 2906/510/3
f 2940/513/3 2906/510/3 2907/514/3
f 2940/513/3 2907/514/3 2908/515/3
f 2939/516/3 2940/513/3 2908/515/3
f 2891/517/3 2892/512/3 2991/511/3
f 2939/516/3 2908/515/3 2909/518/3
f 2938/519/3 2939/516/3 2909/518/3
f 2937/520/3 2938/519/3 2909/518/3
f 2937/520/3 2909/518/3 2910/521/3
f 2890/522/3 2891/517/3 2991/511/3
f 2890/522/3 2991/511/3 2992/523/3
f 2936/524/3 2937/520/3 2910/521/3
f 2936/524/3 2910/521/3 2911/525/3
f 2935/526/3 2936/524/3 2911/525/3
f 2889/527/3 2890/522/3 2992/523/3
f 2935/526/3 2911/525/3 2912/528/3
f 2934/529/3 2935/526/3 2912/528/3
f 2934/529/3 2912/528/3 2913/530/3
f 2933/531/3 2934/529/3 2913/530/3
f 2889/527/3 2992/523/3 2993/532/3
f 2888/533/3 2889/527/3 2993/532/3
f 2932/534/3 2933/531/3 2913/530/3
f 2932/534/3 2913/530/3 2914/535/3
f 2931/536/3 2932/534/3 2914/535/3
f 2931/536/3 2914/535/3 2915/537/3
f 2930/538/3 2931/536/3 2915/537/3
f 2930/538/3 2915/537/3 2916/539/3
f 2929/540/3 2930/538/3 2916/539/3
f 2887/541/3 2888/533/3 2993/532/3
f 2929/540/3 2916/539/3 2917/542/3
f 2928/543/3 2929/540/3 2917/542/3
f 2928/543/3 2917/542/3 2918/544/3
f 2927/545/3 2928/543/3 2918/544/3
f 2926/546/3 2927/545/3 2918/544/3
f 2926/546/3 2918/544/3 2919/547/3
f 2887/541/3 2993/532/3 2994/548/3
f 2925/549/3 2926/546/3 2919/547/3
f 2925/549/3 2919/547/3 2920/550/3
f 2924/551/3 2925/549/3 2920/550/3
f 2924/551/3 2920/550/3 2921/552/3
f 2923/553/3 2924/551/3 2921/552/3
f 2923/553/3 2921/552/3 2922/554/3
f 2886/555/3 2887/541/3 2994/548/3
f 2886/555/3 2994/548/3 2995/556/3
f 2885/557/3 2886/555/3 2995/556/3
f 2884/558/3 2885/557/3 2995/556/3
f 2883/559/3 2884/558/3 2995/556/3
f 2883/559/3 2995/556/3 2996/560/3
f 2882/561/3 2883/559/3 2996/560/3
f 2881/562/3 2882/561/3 2996/560/3
f 2881/562/3 2996/560/3 2997/563/3
f 2880/564/3 2881/562/3 2997/563/3
f 2879/565/3 2880/564/3 2997/563/3
f 2878/566/3 2879/565/3 2997/563/3
f 2878/566/3 2997/563/3 2998/567/3
f 2877/568/3 2878/566/3 2998/567/3
f 2876/569/3 2877/568/3 2998/567/3
f 2876/569/3 2998/567/3 2999/570/3
f 2875/571/3 2876/569/3 2999/570/3
f 2874/572/3 2875/571/3 2999/570/3
f 2873/573/3 2874/572/3 2999/570/3
f 2873/573/3 2999/570/3 3000/574/3
f 2872/575/3 2873/573/3 3000/574/3
f 2871/576/3 2872/575/3 3000/574/3
f 2870/577/3 2871/576/3 3000/574/3
f 2870/577/3 3000/574/3 3001/578/3
f 2869/579/3 2870/577/3 3001/578/3
f 2868/580/3 2869/579/3 3001/578/3
f 2867/581/3 2868/580/3 3001/578/3
f 2867/581/3 3001/578/3 3002/582/3
f 2866/583/3 2867/581/3 3002/582/3
f 2865/584/3 2866/583/3 3002/582/3
f 2864/585/3 2865/584/3 3002/582/3
f 2863/586/3 2864/585/3 3002/582/3
f 2863/586/3 3002/582/3 3003/587/3
f 2862/588/3 2863/586/3 3003/587/3
f 2861/589/3 2862/588/3 3003/587/3
f 2860/590/3 2861/589/3 3003/587/3
f 2859/591/3 2860/590/3 3003/587/3
f 2859/591/3 3003/587/3 3004/592/3
f 2858/593/3 2859/591/3 3004/592/3
f 2857/594/3 2858/593/3 3004/592/3
f 2856/595/3 2857/594/3 3004/592/3
f 2856/595/3 3004/592/3 3005/418/3
f 2855/596/3 2856/595/3 3005/418/3
f 2854/597/3 2855/596/3 3005/418/3
f 2853/598/3 2854/597/3 3005/418/3
f 2853/598/3 3005/418/3 2646/424/3
f 2852/599/3 2853/598/3 2646/424/3
f 2851/600/3 2852/599/3 2646/424/3
f 2850/601/3 2851/600/3 2646/424/3
f 2849/602/3 2850/601/3 2646/424/3
f 2849/602/3 2646/424/3 2647/603/3
f 2848/604/3 2849/602/3 2647/603/3
f 2848/604/3 2647/603/3 2648/605/3
f 2847/606/3 2848/604/3 2648/605/3
f 2846/607/3 2847/606/3 2648/605/3
f 2846/607/3 2648/605/3 2649/608/3
f 2845/609/3 2846/607/3 2649/608/3
f 2845/609/3 2649/608/3 2650/610/3
f 2844/611/3 2845/609/3 2650/610/3
f 2844/611/3 2650/610/3 2651/612/3
f 2843/613/3 2844/611/3 2651/612/3
f 2843/613/3 2651/612/3 2652/614/3
f 2842/615/3 2843/613/3 2652/614/3
f 2842/615/3 2652/614/3 2653/616/3
f 2841/617/3 2842/615/3 2653/616/3
f 2841/617/3 2653/616/3 2654/618/3
f 2840/619/3 2841/617/3 2654/618/3
f 2840/619/3 2654/618/3 2655/620/3
f 2839/621/3 2840/619/3 2655/620/3
f 2839/621/3 2655/620/3 2656/622/3
f 2839/621/3 2656/622/3 2657/623/3
f 2838/624/3 2839/621/3 2657/623/3
f 2838/624/3 2657/623/3 2658/625/3
f 2837/626/3 2838/624/3 2658/625/3
f 2837/626/3 2658/625/3 2659/627/3
f 2836/628/3 2837/626/3 2659/627/3
f 2836/628/3 2659/627/3 2660/629/3
f 2835/630/3 2836/628/3 2660/629/3
f 2835/630/3 2660/629/3 2661/631/3
f 2834/632/3 2835/630/3 2661/631/3
f 2833/633/3 2834/632/3 2661/631/3
f 2833/633/3 2661/631/3 2662/634/3
f 2832/635/3 2833/633/3 2662/634/3
f 2831/636/3 2832/635/3 2662/634/3
f 2831/636/3 2662/634/3 2663/637/3
f 2830/638/3 2831/636/3 2663/637/3
f 2829/639/3 2830/638/3 2663/637/3
f 2828/640/3 2829/639/3 2663/637/3
f 2827/641/3 2828/640/3 2663/637/3
f 2826/642/3 2827/641/3 2663/637/3
f 2826/642/3 2663/637/3 2664/643/3
f 2825/644/3 2826/642/3 2664/643/3
f 2824/645/3 2825/644/3 2664/643/3
f 2823/646/3 2824/645/3 2664/643/3
f 2823/646/3 2664/643/3 2665/647/3
f 2822/648/3 2823/646/3 2665/647/3
f 2821/649/3 2822/648/3 2665/647/3
f 2821/649/3 2665/647/3 2666/650/3
f 2820/651/3 2821/649/3 2666/650/3
f 2819/652/3 2820/651/3 2666/650/3
f 2819/652/3 2666/650/3 2667/653/3
f 2818/654/3 2819/652/3 2667/653/3
f 2818/654/3 2667/653/3 2668/655/3
f 2817/656/3 2818/654/3 2668/655/3
f 2817/656/3 2668/655/3 2669/657/3
f 2816/658/3 2817/656/3 2669/657/3
f 2815/659/3 2816/658/3 2669/657/3
f 2815/659/3 2669/657/3 2670/660/3
f 2814/661/3 2815/659/3 2670/660/3
f 2814/661/3 2670/660/3 2671/662/3
f 2814/661/3 2671/662/3 2672/663/3
f 2753/664/3 2754/666/3 2755/665/3
f 2813/667/3 2814/661/3 2672/663/3
f 2752/668/3 2753/664/3 2755/665/3
f 2752/668/3 2755/665/3 2756/669/3
f 2751/670/3 2752/668/3 2756/669/3
f 2751/670/3 2756/669/3 2757/671/3
f 2750/672/3 2751/670/3 2757/671/3
f 2750/672/3 2757/671/3 2758/673/3
f 2749/674/3 2750/672/3 2758/673/3
f 2749/674/3 2758/673/3 2759/675/3
f 2748/676/3 2749/674/3 2759/675/3
f 2747/677/3 2748/676/3 2759/675/3
f 2747/677/3 2759/675/3 2760/678/3
f 2746/679/3 2747/677/3 2760/678/3
f 2746/679/3 2760/678/3 2761/680/3
f 2812/681/3 2813/667/3 2672/663/3
f 2745/682/3 2746/679/3 2761/680/3
f 2745/682/3 2761/680/3 2762/683/3
f 2744/684/3 2745/682/3 2762/683/3
f 2744/684/3 2762/683/3 2763/685/3
f 2743/686/3 2744/684/3 2763/685/3
f 2811/687/3 2812/681/3 2672/663/3
f 2743/686/3 2763/685/3 2764/688/3
f 2742/689/3 2743/686/3 2764/688/3
f 2811/687/3 2672/663/3 2673/690/3
f 2741/691/3 2742/689/3 2764/688/3
f 2741/691/3 2764/688/3 2765/692/3
f 2810/693/3 2811/687/3 2673/690/3
f 2740/694/3 2741/691/3 2765/692/3
f 2740/694/3 2765/692/3 2766/695/3
f 2739/696/3 2740/694/3 2766/695/3
f 2739/696/3 2766/695/3 2767/697/3
f 2809/698/3 2810/693/3 2673/690/3
f 2738/699/3 2739/696/3 2767/697/3
f 2737/700/3 2738/699/3 2767/697/3
f 2808/701/3 2809/698/3 2673/690/3
f 2808/701/3 2673/690/3 2674/702/3
f 2737/700/3 2767/697/3 2768/703/3
f 2736/704/3 2737/700/3 2768/703/3
f 2807/705/3 2808/701/3 2674/702/3
f 2735/706/3 2736/704/3 2768/703/3
f 2735/706/3 2768/703/3 2769/707/3
f 2734/708/3 2735/706/3 2769/707/3
f 2806/709/3 2807/705/3 2674/702/3
f 2734/708/3 2769/707/3 2770/710/3
f 2733/711/3 2734/708/3 2770/710/3
f 2806/709/3 2674/702/3 2675/712/3
f 2805/713/3 2806/709/3 2675/712/3
f 2733/711/3 2770/710/3 2771/714/3
f 2732/715/3 2733/711/3 2771/714/3
f 2804/716/3 2805/713/3 2675/712/3
f 2732/715/3 2771/714/3 2772/717/3
f 2731/718/3 2732/715/3 2772/717/3
f 2731/718/3 2772/717/3 2773/719/3
f 2803/720/3 2804/716/3 2675/712/3
f 2730/721/3 2731/718/3 2773/719/3
f 2730/721/3 2773/719/3 2774/722/3
f 2803/720/3 2675/712/3 2676/723/3
f 2729/724/3 2730/721/3 2774/722/3
f 2802/725/3 2803/720/3 2676/723/3
f 2729/724/3 2774/722/3 2775/726/3
f 2728/727/3 2729/724/3 2775/726/3
f 2727/728/3 2728/727/3 2775/726/3
f 2727/728/3 2775/726/3 2776/729/3
f 2801/730/3 2802/725/3 2676/723/3
f 2726/731/3 2727/728/3 2776/729/3
f 2726/731/3 2776/729/3 2777/732/3
f 2726/731/3 2777/732/3 2778/733/3
f 2725/734/3 2726/731/3 2778/733/3
f 2725/734/3 2778/733/3 2779/735/3
f 2800/736/3 2801/730/3 2676/723/3
f 2724/737/3 2725/734/3 2779/735/3
f 2723/738/3 2724/737/3 2779/735/3
f 2723/738/3 2779/735/3 2780/739/3
f 2800/736/3 2676/723/3 2677/740/3
f 2722/741/3 2723/738/3 2780/739/3
f 2799/742/3 2800/736/3 2677/740/3
f 2721/743/3 2722/741/3 2780/739/3
f 2721/743/3 2780/739/3 2781/744/3
f 2720/745/3 2721/743/3 2781/744/3
f 2798/746/3 2799/742/3 2677/740/3
f 2719/747/3 2720/745/3 2781/744/3
f 2719/747/3 2781/744/3 2782/748/3
f 2718/749/3 2719/747/3 2782/748/3
f 2797/750/3 2798/746/3 2677/740/3
f 2718/749/3 2782/748/3 2783/751/3
f 2717/752/3 2718/749/3 2783/751/3
f 2796/753/3 2797/750/3 2677/740/3
f 2717/752/3 2783/751/3 2784/754/3
f 2795/755/3 2796/753/3 2677/740/3
f 2717/752/3 2784/754/3 2785/756/3
f 2795/755/3 2677/740/3 2678/757/3
f 2794/758/3 2795/755/3 2678/757/3
f 2717/752/3 2785/756/3 2786/759/3
f 2793/760/3 2794/758/3 2678/757/3
f 2717/752/3 2786/759/3 2787/761/3
f 2792/762/3 2793/760/3 2678/757/3
f 2717/752/3 2787/761/3 2788/763/3
f 2791/764/3 2792/762/3 2678/757/3
f 2717/752/3 2788/763/3 2789/765/3
f 2790/766/3 2791/764/3 2678/757/3
f 2717/752/3 2789/765/3 2790/766/3
f 2717/752/3 2790/766/3 2678/757/3
f 2716/767/3 2717/752/3 2678/757/3
f 2716/767/3 2678/757/3 2679/768/3
f 2715/769/3 2716/767/3 2679/768/3
f 2715/769/3 2679/768/3 2680/770/3
f 2714/771/3 2715/769/3 2680/770/3
f 2713/772/3 2714/771/3 2680/770/3
f 2713/772/3 2680/770/3 2681/773/3
f 2712/774/3 2713/772/3 2681/773/3
f 2712/774/3 2681/773/3 2682/775/3
f 2711/776/3 2712/774/3 2682/775/3
f 2711/776/3 2682/775/3 2683/777/3
f 2710/778/3 2711/776/3 2683/777/3
f 2709/779/3 2710/778/3 2683/777/3
f 2709/779/3 2683/777/3 2684/780/3
f 2708/781/3 2709/779/3 2684/780/3
f 2708/781/3 2684/780/3 2685/782/3
f 2707/783/3 2708/781/3 2685/782/3
f 2707/783/3 2685/782/3 2686/784/3
f 2706/785/3 2707/783/3 2686/784/3
f 2705/786/3 2706/785/3 2686/784/3
f 2705/786/3 2686/784/3 2687/787/3
f 2704/788/3 2705/786/3 2687/787/3
f 2704/788/3 2687/787/3 2688/789/3
f 2703/790/3 2704/788/3 2688/789/3
f 2702/791/3 2703/790/3 2688/789/3
f 2702/791/3 2688/789/3 2689/792/3
f 2701/793/3 2702/791/3 2689/792/3
f 2701/793/3 2689/792/3 2690/794/3
f 2700/795/3 2701/793/3 2690/794/3
f 2699/796/3 2700/795/3 2690/794/3
f 2699/796/3 2690/794/3 2691/797/3
f 2698/798/3 2699/796/3 2691/797/3
f 2698/798/3 2691/797/3 2692/799/3
f 2697/800/3 2698/798/3 2692/799/3
f 2696/801/3 2697/800/3 2692/799/3
f 2696/801/3 2692/799/3 2693/802/3
f 2695/803/3 2696/801/3 2693/802/3
f 2695/803/3 2693/802/3 2694/804/3
f 3065/805/3 3066/807/3 3067/806/3
f 3065/805/3 3067/806/3 3068/808/3
f 3064/809/3 3065/805/3 3068/808/3
f 3064/809/3 3068/808/3 3069/810/3
f 3063/811/3 3064/809/3 3069/810/3
f 3063/811/3 3069/810/3 3070/812/3
f 3062/813/3 3063/811/3 3070/812/3
f 3062/813/3 3070/812/3 3071/814/3
f 3061/815/3 3062/813/3 3071/814/3
f 3061/815/3 3071/814/3 3072/816/3
f 3060/817/3 3061/815/3 3072/816/3
f 3060/817/3 3072/816/3 3073/818/3
f 3059/819/3 3060/817/3 3073/818/3
f 3059/819/3 3073/818/3 3074/820/3
f 3058/821/3 3059/819/3 3074/820/3
f 3058/821/3 3074/820/3 3075/822/3
f 3057/823/3 3058/821/3 3075/822/3
f 3057/823/3 3075/822/3 3076/824/3
f 3056/825/3 3057/823/3 3076/824/3
f 3056/825/3 3076/824/3 3077/826/3
f 3055/827/3 3056/825/3 3077/826/3
f 3055/827/3 3077/826/3 3078/828/3
f 3054/829/3 3055/827/3 3078/828/3
f 3054/829/3 3078/828/3 3114/830/3
f 3114/830/3 3078/828/3 3079/831/3
f 3053/832/3 3054/829/3 3115/833/3
f 3115/833/3 3054/829/3 3114/830/3
f 3113/834/3 3114/830/3 3079/831/3
f 3112/835/3 3113/834/3 3079/831/3
f 3053/832/3 3115/833/3 3116/836/3
f 3111/837/3 3112/835/3 3079/831/3
f 3111/837/3 3079/831/3 3080/838/3
f 3053/832/3 3116/836/3 3117/839/3
f 3110/840/3 3111/837/3 3080/838/3
f 3053/832/3 3117/839/3 3118/841/3
f 3109/842/3 3110/840/3 3080/838/3
f 3053/832/3 3118/841/3 3119/843/3
f 3108/844/3 3109/842/3 3080/838/3
f 3053/832/3 3119/843/3 3120/845/3
f 3107/846/3 3108/844/3 3080/838/3
f 3052/847/3 3053/832/3 3120/845/3
f 3107/846/3 3080/838/3 3081/848/3
f 3052/847/3 3120/845/3 3121/849/3
f 3106/850/3 3107/846/3 3081/848/3
f 3105/851/3 3106/850/3 3081/848/3
f 3052/847/3 3121/849/3 3122/852/3
f 3104/853/3 3105/851/3 3081/848/3
f 3052/847/3 3122/852/3 3123/854/3
f 3051/855/3 3052/847/3 3123/854/3
f 3104/853/3 3081/848/3 3082/856/3
f 3103/857/3 3104/853/3 3082/856/3
f 3051/855/3 3123/854/3 3124/858/3
f 3102/859/3 3103/857/3 3082/856/3
f 3102/859/3 3082/856/3 3083/860/3
f 3050/861/3 3051/855/3 3124/858/3
f 3050/861/3 3124/858/3 3125/862/3
f 3197/418/3 3102/859/3 3083/860/3
f 3050/861/3 3125/862/3 3126/863/3
f 3196/864/3 3197/418/3 3083/860/3
f 3196/864/3 3083/860/3 3084/865/3
f 3049/866/3 3050/861/3 3126/863/3
f 3049/866/3 3126/863/3 3127/867/3
f 3195/868/3 3196/864/3 3084/865/3
f 3049/866/3 3127/867/3 3128/869/3
f 3194/870/3 3195/868/3 3084/865/3
f 3194/870/3 3084/865/3 3085/871/3
f 3048/872/3 3049/866/3 3128/869/3
f 3048/872/3 3128/869/3 3129/873/3
f 3193/874/3 3194/870/3 3085/871/3
f 3193/874/3 3085/871/3 3086/875/3
f 3047/876/3 3048/872/3 3129/873/3
f 3047/876/3 3129/873/3 3130/877/3
f 3192/878/3 3193/874/3 3086/875/3
f 3047/876/3 3130/877/3 3131/879/3
f 3192/878/3 3086/875/3 3087/880/3
f 3191/881/3 3192/878/3 3087/880/3
f 3046/882/3 3047/876/3 3131/879/3
f 3046/882/3 3131/879/3 3132/883/3
f 3190/884/3 3191/881/3 3087/880/3
f 3190/884/3 3087/880/3 3088/885/3
f 3046/882/3 3132/883/3 3133/886/3
f 3045/887/3 3046/882/3 3133/886/3
f 3189/888/3 3190/884/3 3088/885/3
f 3045/887/3 3133/886/3 3134/889/3
f 3189/888/3 3088/885/3 3089/890/3
f 3044/891/3 3045/887/3 3134/889/3
f 3188/892/3 3189/888/3 3089/890/3
f 3044/891/3 3134/889/3 3135/893/3
f 3044/891/3 3135/893/3 3136/894/3
f 3188/892/3 3089/890/3 3090/895/3
f 3187/896/3 3188/892/3 3090/895/3
f 3043/897/3 3044/891/3 3136/894/3
f 3043/897/3 3136/894/3 3137/898/3
f 3186/899/3 3187/896/3 3090/895/3
f 3186/899/3 3090/895/3 3091/900/3
f 3042/901/3 3043/897/3 3137/898/3
f 3042/901/3 3137/898/3 3138/902/3
f 3185/903/3 3186/899/3 3091/900/3
f 3042/901/3 3138/902/3 3139/904/3
f 3041/905/3 3042/901/3 3139/904/3
f 3185/903/3 3091/900/3 3092/906/3
f 3184/907/3 3185/903/3 3092/906/3
f 3041/905/3 3139/904/3 3140/908/3
f 3040/909/3 3041/905/3 3140/908/3
f 3040/909/3 3140/908/3 3141/910/3
f 3183/911/3 3184/907/3 3092/906/3
f 3183/911/3 3092/906/3 3093/912/3
f 3040/909/3 3141/910/3 3142/913/3
f 3039/914/3 3040/909/3 3142/913/3
f 3182/915/3 3183/911/3 3093/912/3
f 3039/914/3 3142/913/3 3143/916/3
f 3182/915/3 3093/912/3 3094/917/3
f 3181/918/3 3182/915/3 3094/917/3
f 3038/919/3 3039/914/3 3143/916/3
f 3038/919/3 3143/916/3 3144/920/3
f 3180/921/3 3181/918/3 3094/917/3
f 3038/919/3 3144/920/3 3145/922/3
f 3037/923/3 3038/919/3 3145/922/3
f 3180/921/3 3094/917/3 3095/924/3
f 3037/923/3 3145/922/3 3146/925/3
f 3179/926/3 3180/921/3 3095/924/3
f 3036/927/3 3037/923/3 3146/925/3
f 3036/927/3 3146/925/3 3147/928/3
f 3179/926/3 3095/924/3 3096/929/3
f 3178/930/3 3179/926/3 3096/929/3
f 3036/927/3 3147/928/3 3148/931/3
f 3035/932/3 3036/927/3 3148/931/3
f 3177/933/3 3178/930/3 3096/929/3
f 3035/932/3 3148/931/3 3149/934/3
f 3177/933/3 3096/929/3 3097/935/3
f 3035/932/3 3149/934/3 3150/936/3
f 3176/937/3 3177/933/3 3097/935/3
f 3034/938/3 3035/932/3 3150/936/3
f 3034/938/3 3150/936/3 3151/939/3
f 3175/940/3 3176/937/3 3097/935/3
f 3175/940/3 3097/935/3 3098/941/3
f 3033/942/3 3034/938/3 3151/939/3
f 3033/942/3 3151/939/3 3152/943/3
f 3174/944/3 3175/940/3 3098/941/3
f 3173/945/3 3174/944/3 3098/941/3
f 3033/942/3 3152/943/3 3153/946/3
f 3032/947/3 3033/942/3 3153/946/3
f 3173/945/3 3098/941/3 3099/948/3
f 3172/949/3 3173/945/3 3099/948/3
f 3032/947/3 3153/946/3 3154/950/3
f 3171/951/3 3172/949/3 3099/948/3
f 3031/952/3 3032/947/3 3154/950/3
f 3031/952/3 3154/950/3 3155/953/3
f 3171/951/3 3099/948/3 3100/954/3
f 3170/955/3 3171/951/3 3100/954/3
f 3031/952/3 3155/953/3 3156/956/3
f 3169/957/3 3170/955/3 3100/954/3
f 3030/958/3 3031/952/3 3156/956/3
f 3030/958/3 3156/956/3 3157/959/3
f 3168/960/3 3169/957/3 3100/954/3
f 3168/960/3 3100/954/3 3101/961/3
f 3167/962/3 3168/960/3 3101/961/3
f 3030/958/3 3157/959/3 3158/963/3
f 3029/964/3 3030/958/3 3158/963/3
f 3166/965/3 3167/962/3 3101/961/3
f 3029/964/3 3158/963/3 3159/966/3
f 3165/967/3 3166/965/3 3101/961/3
f 3029/964/3 3159/966/3 3160/968/3
f 3164/969/3 3165/967/3 3101/961/3
f 3029/964/3 3160/968/3 3161/970/3
f 3163/971/3 3164/969/3 3101/961/3
f 3163/971/3 3101/961/3 3006/424/3
f 3029/964/3 3161/970/3 3162/972/3
f 3162/972/3 3163/971/3 3006/424/3
f 3029/964/3 3162/972/3 3006/424/3
f 3028/973/3 3029/964/3 3006/424/3
f 3028/973/3 3006/424/3 3007/974/3
f 3027/975/3 3028/973/3 3007/974/3
f 3027/975/3 3007/974/3 3008/976/3
f 3026/977/3 3027/975/3 3008/976/3
f 3026/977/3 3008/976/3 3009/978/3
f 3025/979/3 3026/977/3 3009/978/3
f 3025/979/3 3009/978/3 3010/980/3
f 3025/979/3 3010/980/3 3011/981/3
f 3024/982/3 3025/979/3 3011/981/3
f 3024/982/3 3011/981/3 3012/983/3
f 3023/984/3 3024/982/3 3012/983/3
f 3023/984/3 3012/983/3 3013/985/3
f 3022/986/3 3023/984/3 3013/985/3
f 3022/986/3 3013/985/3 3014/987/3
f 3021/988/3 3022/986/3 3014/987/3
f 3021/988/3 3014/987/3 3015/989/3
f 3020/990/3 3021/988/3 3015/989/3
f 3020/990/3 3015/989/3 3016/991/3
f 3019/992/3 3020/990/3 3016/991/3
f 3019/992/3 3016/991/3 3017/993/3
f 3018/994/3 3019/992/3 3017/993/3
f 3257/805/3 3258/807/3 3259/806/3
f 3257/805/3 3259/806/3 3260/808/3
f 3256/809/3 3257/805/3 3260/808/3
f 3256/809/3 3260/808/3 3261/810/3
f 3255/811/3 3256/809/3 3261/810/3
f 3255/811/3 3261/810/3 3262/812/3
f 3254/813/3 3255/811/3 3262/812/3
f 3254/813/3 3262/812/3 3263/814/3
f 3253/815/3 3254/813/3 3263/814/3
f 3253/815/3 3263/814/3 3264/816/3
f 3252/817/3 3253/815/3 3264/816/3
f 3252/817/3 3264/816/3 3265/818/3
f 3251/819/3 3252/817/3 3265/818/3
f 3251/819/3 3265/818/3 3266/820/3
f 3250/821/3 3251/819/3 3266/820/3
f 3250/821/3 3266/820/3 3267/822/3
f 3249/823/3 3250/821/3 3267/822/3
f 3249/823/3 3267/822/3 3268/824/3
f 3248/825/3 3249/823/3 3268/824/3
f 3248/825/3 3268/824/3 3269/826/3
f 3247/827/3 3248/825/3 3269/826/3
f 3247/827/3 3269/826/3 3270/828/3
f 3246/829/3 3247/827/3 3270/828/3
f 3246/829/3 3270/828/3 3306/830/3
f 3306/830/3 3270/828/3 3271/831/3
f 3245/832/3 3246/829/3 3307/833/3
f 3307/833/3 3246/829/3 3306/830/3
f 3305/834/3 3306/830/3 3271/831/3
f 3304/835/3 3305/834/3 3271/831/3
f 3245/832/3 3307/833/3 3308/836/3
f 3303/837/3 3304/835/3 3271/831/3
f 3303/837/3 3271/831/3 3272/838/3
f 3245/832/3 3308/836/3 3309/839/3
f 3302/840/3 3303/837/3 3272/838/3
f 3245/832/3 3309/839/3 3310/841/3
f 3301/842/3 3302/840/3 3272/838/3
f 3245/832/3 3310/841/3 3311/843/3
f 3300/844/3 3301/842/3 3272/838/3
f 3245/832/3 3311/843/3 3312/845/3
f 3299/846/3 3300/844/3 3272/838/3
f 3244/847/3 3245/832/3 3312/845/3
f 3299/846/3 3272/838/3 3273/848/3
f 3244/847/3 3312/845/3 3313/849/3
f 3298/850/3 3299/846/3 3273/848/3
f 3297/851/3 3298/850/3 3273/848/3
f 3244/847/3 3313/849/3 3314/852/3
f 3296/853/3 3297/851/3 3273/848/3
f 3244/847/3 3314/852/3 3315/854/3
f 3243/855/3 3244/847/3 3315/854/3
f 3296/853/3 3273/848/3 3274/856/3
f 3295/857/3 3296/853/3 3274/856/3
f 3243/855/3 3315/854/3 3316/858/3
f 3294/859/3 3295/857/3 3274/856/3
f 3294/859/3 3274/856/3 3275/860/3
f 3242/861/3 3243/855/3 3316/858/3
f 3242/861/3 3316/858/3 3317/862/3
f 3389/418/3 3294/859/3 3275/860/3
f 3242/861/3 3317/862/3 3318/863/3
f 3388/864/3 3389/418/3 3275/860/3
f 3388/864/3 3275/860/3 3276/865/3
f 3241/866/3 3242/861/3 3318/863/3
f 3241/866/3 3318/863/3 3319/867/3
f 3387/868/3 3388/864/3 3276/865/3
f 3241/866/3 3319/867/3 3320/869/3
f 3386/870/3 3387/868/3 3276/865/3
f 3386/870/3 3276/865/3 3277/871/3
f 3240/872/3 3241/866/3 3320/869/3
f 3240/872/3 3320/869/3 3321/873/3
f 3385/874/3 3386/870/3 3277/871/3
f 3385/874/3 3277/871/3 3278/875/3
f 3239/876/3 3240/872/3 3321/873/3
f 3239/876/3 3321/873/3 3322/877/3
f 3384/878/3 3385/874/3 3278/875/3
f 3239/876/3 3322/877/3 3323/879/3
f 3384/878/3 3278/875/3 3279/880/3
f 3383/881/3 3384/878/3 3279/880/3
f 3238/882/3 3239/876/3 3323/879/3
f 3238/882/3 3323/879/3 3324/883/3
f 3382/884/3 3383/881/3 3279/880/3
f 3382/884/3 3279/880/3 3280/885/3
f 3238/882/3 3324/883/3 3325/886/3
f 3237/887/3 3238/882/3 3325/886/3
f 3381/888/3 3382/884/3 3280/885/3
f 3237/887/3 3325/886/3 3326/889/3
f 3381/888/3 3280/885/3 3281/890/3
f 3236/891/3 3237/887/3 3326/889/3
f 3380/892/3 3381/888/3 3281/890/3
f 3236/891/3 3326/889/3 3327/893/3
f 3236/891/3 3327/893/3 3328/894/3
f 3380/892/3 3281/890/3 3282/895/3
f 3379/896/3 3380/892/3 3282/895/3
f 3235/897/3 3236/891/3 3328/894/3
f 3235/897/3 3328/894/3 3329/898/3
f 3378/899/3 3379/896/3 3282/895/3
f 3378/899/3 3282/895/3 3283/900/3
f 3234/901/3 3235/897/3 3329/898/3
f 3234/901/3 3329/898/3 3330/902/3
f 3377/903/3 3378/899/3 3283/900/3
f 3234/901/3 3330/902/3 3331/904/3
f 3233/905/3 3234/901/3 3331/904/3
f 3377/903/3 3283/900/3 3284/906/3
f 3376/907/3 3377/903/3 3284/906/3
f 3233/905/3 3331/904/3 3332/908/3
f 3232/909/3 3233/905/3 3332/908/3
f 3232/909/3 3332/908/3 3333/910/3
f 3375/911/3 3376/907/3 3284/906/3
f 3375/911/3 3284/906/3 3285/912/3
f 3232/909/3 3333/910/3 3334/913/3
f 3231/914/3 3232/909/3 3334/913/3
f 3374/915/3 3375/911/3 3285/912/3
f 3231/914/3 3334/913/3 3335/916/3
f 3374/915/3 3285/912/3 3286/917/3
f 3373/918/3 3374/915/3 3286/917/3
f 3230/919/3 3231/914/3 3335/916/3
f 3230/919/3 3335/916/3 3336/920/3
f 3372/921/3 3373/918/3 3286/917/3
f 3230/919/3 3336/920/3 3337/922/3
f 3229/923/3 3230/919/3 3337/922/3
f 3372/921/3 3286/917/3 3287/924/3
f 3229/923/3 3337/922/3 3338/925/3
f 3371/926/3 3372/921/3 3287/924/3
f 3228/927/3 3229/923/3 3338/925/3
f 3228/927/3 3338/925/3 3339/928/3
f 3371/926/3 3287/924/3 3288/929/3
f 3370/930/3 3371/926/3 3288/929/3
f 3228/927/3 3339/928/3 3340/931/3
f 3227/932/3 3228/927/3 3340/931/3
f 3369/933/3 3370/930/3 3288/929/3
f 3227/932/3 3340/931/3 3341/934/3
f 3369/933/3 3288/929/3 3289/935/3
f 3227/932/3 3341/934/3 3342/936/3
f 3368/937/3 3369/933/3 3289/935/3
f 3226/938/3 3227/932/3 3342/936/3
f 3226/938/3 3342/936/3 3343/939/3
f 3367/940/3 3368/937/3 3289/935/3
f 3367/940/3 3289/935/3 3290/941/3
f 3225/942/3 3226/938/3 3343/939/3
f 3225/942/3 3343/939/3 3344/943/3
f 3366/944/3 3367/940/3 3290/941/3
f 3365/945/3 3366/944/3 3290/941/3
f 3225/942/3 3344/943/3 3345/946/3
f 3224/947/3 3225/942/3 3345/946/3
f 3365/945/3 3290/941/3 3291/948/3
f 3364/949/3 3365/945/3 3291/948/3
f 3224/947/3 3345/946/3 3346/950/3
f 3363/951/3 3364/949/3 3291/948/3
f 3223/952/3 3224/947/3 3346/950/3
f 3223/952/3 3346/950/3 3347/953/3
f 3363/951/3 3291/948/3 3292/954/3
f 3362/955/3 3363/951/3 3292/954/3
f 3223/952/3 3347/953/3 3348/956/3
f 3361/957/3 3362/955/3 3292/954/3
f 3222/958/3 3223/952/3 3348/956/3
f 3222/958/3 3348/956/3 3349/959/3
f 3360/960/3 3361/957/3 3292/954/3
f 3360/960/3 3292/954/3 3293/961/3
f 3359/962/3 3360/960/3 3293/961/3
f 3222/958/3 3349/959/3 3350/963/3
f 3221/964/3 3222/958/3 3350/963/3
f 3358/965/3 3359/962/3 3293/961/3
f 3221/964/3 3350/963/3 3351/966/3
f 3357/967/3 3358/965/3 3293/961/3
f 3221/964/3 3351/966/3 3352/968/3
f 3356/969/3 3357/967/3 3293/961/3
f 3221/964/3 3352/968/3 3353/970/3
f 3355/971/3 3356/969/3 3293/961/3
f 3355/971/3 3293/961/3 3198/424/3
f 3221/964/3 3353/970/3 3354/972/3
f 3354/972/3 3355/971/3 3198/424/3
f 3221/964/3 3354/972/3 3198/424/3
f 3220/973/3 3221/964/3 3198/424/3
f 3220/973/3 3198/424/3 3199/974/3
f 3219/975/3 3220/973/3 3199/974/3
f 3219/975/3 3199/974/3 3200/976/3
f 3218/977/3 3219/975/3 3200/976/3
f 3218/977/3 3200/976/3 3201/978/3
f 3217/979/3 3218/977/3 3201/978/3
f 3217/979/3 3201/978/3 3202/980/3
f 3217/979/3 3202/980/3 3203/981/3
f 3216/982/3 3217/979/3 3203/981/3
f 3216/982/3 3203/981/3 3204/983/3
f 3215/984/3 3216/982/3 3204/983/3
f 3215/984/3 3204/983/3 3205/985/3
f 3214/986/3 3215/984/3 3205/985/3
f 3214/986/3 3205/985/3 3206/987/3
f 3213/988/3 3214/986/3 3206/987/3
f 3213/988/3 3206/987/3 3207/989/3
f 3212/990/3 3213/988/3 3207/989/3
f 3212/990/3 3207/989/3 3208/991/3
f 3211/992/3 3212/990/3 3208/991/3
f 3211/992/3 3208/991/3 3209/993/3
f 3210/994/3 3211/992/3 3209/993/3
f 3521/995/3 3522/997/3 3523/996/3
f 3521/995/3 3523/996/3 3524/998/3
f 3520/999/3 3521/995/3 3524/998/3
f 3520/999/3 3524/998/3 3525/1000/3
f 3520/999/3 3525/1000/3 3526/1001/3
f 3519/1002/3 3520/999/3 3526/1001/3
f 3519/1002/3 3526/1001/3 3527/1003/3
f 3518/1004/3 3519/1002/3 3527/1003/3
f 3518/1004/3 3527/1003/3 3528/1005/3
f 3518/1004/3 3528/1005/3 3529/1006/3
f 3517/1007/3 3518/1004/3 3529/1006/3
f 3517/1007/3 3529/1006/3 3530/1008/3
f 3517/1007/3 3530/1008/3 3531/1009/3
f 3516/1010/3 3517/1007/3 3531/1009/3
f 3516/1010/3 3531/1009/3 3532/1011/3
f 3515/1012/3 3516/1010/3 3532/1011/3
f 3515/1012/3 3532/1011/3 3533/1013/3
f 3677/1014/3 3678/1016/3 3679/1015/3
f 3677/1014/3 3679/1015/3 3680/1017/3
f 3676/1018/3 3677/1014/3 3680/1017/3
f 3676/1018/3 3680/1017/3 3681/1019/3
f 3675/1020/3 3676/1018/3 3681/1019/3
f 3515/1012/3 3533/1013/3 3534/1021/3
f 3675/1020/3 3681/1019/3 3682/1022/3
f 3514/1023/3 3515/1012/3 3534/1021/3
f 3674/1024/3 3675/1020/3 3682/1022/3
f 3674/1024/3 3682/1022/3 3683/1025/3
f 3673/1026/3 3674/1024/3 3683/1025/3
f 3514/1023/3 3534/1021/3 3535/1027/3
f 3673/1026/3 3683/1025/3 3684/1028/3
f 3672/1029/3 3673/1026/3 3684/1028/3
f 3672/1029/3 3684/1028/3 3685/1030/3
f 3513/1031/3 3514/1023/3 3535/1027/3
f 3513/1031/3 3535/1027/3 3536/1032/3
f 3672/1029/3 3685/1030/3 3686/1033/3
f 3671/1034/3 3672/1029/3 3686/1033/3
f 3513/1031/3 3536/1032/3 3537/1035/3
f 3671/1034/3 3686/1033/3 3687/1036/3
f 3670/1037/3 3671/1034/3 3687/1036/3
f 3512/1038/3 3513/1031/3 3537/1035/3
f 3670/1037/3 3687/1036/3 3688/1039/3
f 3512/1038/3 3537/1035/3 3538/1040/3
f 3669/1041/3 3670/1037/3 3688/1039/3
f 3669/1041/3 3688/1039/3 3689/1042/3
f 3512/1038/3 3538/1040/3 3539/1043/3
f 3511/1044/3 3512/1038/3 3539/1043/3
f 3668/1045/3 3669/1041/3 3689/1042/3
f 3668/1045/3 3689/1042/3 3690/1046/3
f 3511/1044/3 3539/1043/3 3540/1047/3
f 3667/1048/3 3668/1045/3 3690/1046/3
f 3667/1048/3 3690/1046/3 3691/1049/3
f 3510/1050/3 3511/1044/3 3540/1047/3
f 3510/1050/3 3540/1047/3 3541/1051/3
f 3667/1048/3 3691/1049/3 3692/1052/3
f 3666/1053/3 3667/1048/3 3692/1052/3
f 3510/1050/3 3541/1051/3 3542/1054/3
f 3666/1053/3 3692/1052/3 3693/1055/3
f 3509/1056/3 3510/1050/3 3542/1054/3
f 3509/1056/3 3542/1054/3 3543/1057/3
f 3665/1058/3 3666/1053/3 3693/1055/3
f 3665/1058/3 3693/1055/3 3694/1059/3
f 3665/1058/3 3694/1059/3 3695/1060/3
f 3509/1056/3 3543/1057/3 3544/1061/3
f 3664/1062/3 3665/1058/3 3695/1060/3
f 3508/1063/3 3509/1056/3 3544/1061/3
f 3664/1062/3 3695/1060/3 3696/1064/3
f 3663/1065/3 3664/1062/3 3696/1064/3
f 3508/1063/3 3544/1061/3 3545/1066/3
f 3663/1065/3 3696/1064/3 3697/1067/3
f 3507/1068/3 3508/1063/3 3545/1066/3
f 3662/1069/3 3663/1065/3 3697/1067/3
f 3662/1069/3 3697/1067/3 3698/1070/3
f 3507/1068/3 3545/1066/3 3546/1071/3
f 3506/1072/3 3507/1068/3 3546/1071/3
f 3662/1069/3 3698/1070/3 3699/1073/3
f 3661/1074/3 3662/1069/3 3699/1073/3
f 3506/1072/3 3546/1071/3 3547/1075/3
f 3661/1074/3 3699/1073/3 3700/1076/3
f 3660/1077/3 3661/1074/3 3700/1076/3
f 3505/1078/3 3506/1072/3 3547/1075/3
f 3505/1078/3 3547/1075/3 3548/1079/3
f 3660/1077/3 3700/1076/3 3701/1080/3
f 3659/1081/3 3660/1077/3 3701/1080/3
f 3659/1081/3 3701/1080/3 3702/1082/3
f 3505/1078/3 3548/1079/3 3549/1083/3
f 3504/1084/3 3505/1078/3 3549/1083/3
f 3658/1085/3 3659/1081/3 3702/1082/3
f 3658/1085/3 3702/1082/3 3703/1086/3
f 3504/1084/3 3549/1083/3 3550/1087/3
f 3503/1088/3 3504/1084/3 3550/1087/3
f 3657/1089/3 3658/1085/3 3703/1086/3
f 3656/1090/3 3657/1089/3 3703/1086/3
f 3503/1088/3 3550/1087/3 3551/1091/3
f 3502/1092/3 3503/1088/3 3551/1091/3
f 3655/1093/3 3656/1090/3 3703/1086/3
f 3502/1092/3 3551/1091/3 3552/1094/3
f 3501/1095/3 3502/1092/3 3552/1094/3
f 3654/1096/3 3655/1093/3 3703/1086/3
f 3653/1097/3 3654/1096/3 3703/1086/3
f 3500/1098/3 3501/1095/3 3552/1094/3
f 3500/1098/3 3552/1094/3 3553/1099/3
f 3499/1100/3 3500/1098/3 3553/1099/3
f 3499/1100/3 3553/1099/3 3554/1101/3
f 3653/1097/3 3703/1086/3 3704/1102/3
f 3498/1103/3 3499/1100/3 3554/1101/3
f 3498/1103/3 3554/1101/3 3555/1104/3
f 3497/1105/3 3498/1103/3 3555/1104/3
f 3496/1106/3 3497/1105/3 3555/1104/3
f 3496/1106/3 3555/1104/3 3556/1107/3
f 3495/1108/3 3496/1106/3 3556/1107/3
f 3494/1109/3 3495/1108/3 3556/1107/3
f 3494/1109/3 3556/1107/3 3557/1110/3
f 3652/1111/3 3653/1097/3 3704/1102/3
f 3493/1112/3 3494/1109/3 3557/1110/3
f 3492/1113/3 3493/1112/3 3557/1110/3
f 3652/1111/3 3704/1102/3 3705/1114/3
f 3492/1113/3 3557/1110/3 3558/1115/3
f 3491/1116/3 3492/1113/3 3558/1115/3
f 3490/1117/3 3491/1116/3 3558/1115/3
f 3490/1117/3 3558/1115/3 3559/1118/3
f 3489/1119/3 3490/1117/3 3559/1118/3
f 3488/1120/3 3489/1119/3 3559/1118/3
f 3488/1120/3 3559/1118/3 3560/1121/3
f 3487/1122/3 3488/1120/3 3560/1121/3
f 3651/1123/3 3652/1111/3 3705/1114/3
f 3487/1122/3 3560/1121/3 3561/1124/3
f 3651/1123/3 3705/1114/3 3706/1125/3
f 3486/1126/3 3487/1122/3 3561/1124/3
f 3486/1126/3 3561/1124/3 3562/1127/3
f 3485/1128/3 3486/1126/3 3562/1127/3
f 3484/1129/3 3485/1128/3 3562/1127/3
f 3484/1129/3 3562/1127/3 3563/1130/3
f 3483/1131/3 3484/1129/3 3563/1130/3
f 3483/1131/3 3563/1130/3 3564/1132/3
f 3482/1133/3 3483/1131/3 3564/1132/3
f 3651/1123/3 3706/1125/3 3707/1134/3
f 3650/1135/3 3651/1123/3 3707/1134/3
f 3482/1133/3 3564/1132/3 3565/1136/3
f 3481/1137/3 3482/1133/3 3565/1136/3
f 3480/1138/3 3481/1137/3 3565/1136/3
f 3480/1138/3 3565/1136/3 3566/1139/3
f 3479/1140/3 3480/1138/3 3566/1139/3
f 3479/1140/3 3566/1139/3 3567/1141/3
f 3478/1142/3 3479/1140/3 3567/1141/3
f 3478/1142/3 3567/1141/3 3568/1143/3
f 3477/1144/3 3478/1142/3 3568/1143/3
f 3476/1145/3 3477/1144/3 3568/1143/3
f 3650/1135/3 3707/1134/3 3708/1146/3
f 3476/1145/3 3568/1143/3 3569/1147/3
f 3475/1148/3 3476/1145/3 3569/1147/3
f 3649/1149/3 3650/1135/3 3708/1146/3
f 3475/1148/3 3569/1147/3 3570/1150/3
f 3474/1151/3 3475/1148/3 3570/1150/3
f 3473/1152/3 3474/1151/3 3570/1150/3
f 3473/1152/3 3570/1150/3 3571/1153/3
f 3472/1154/3 3473/1152/3 3571/1153/3
f 3472/1154/3 3571/1153/3 3572/1155/3
f 3471/1156/3 3472/1154/3 3572/1155/3
f 3471/1156/3 3572/1155/3 3573/1157/3
f 3470/1158/3 3471/1156/3 3573/1157/3
f 3470/1158/3 3573/1157/3 3574/1159/3
f 3649/1149/3 3708/1146/3 3709/1160/3
f 3469/1161/3 3470/1158/3 3574/1159/3
f 3469/1161/3 3574/1159/3 3575/1162/3
f 3648/1163/3 3649/1149/3 3709/1160/3
f 3468/1164/3 3469/1161/3 3575/1162/3
f 3468/1164/3 3575/1162/3 3576/1165/3
f 3467/1166/3 3468/1164/3 3576/1165/3
f 3467/1166/3 3576/1165/3 3577/1167/3
f 3466/1168/3 3467/1166/3 3577/1167/3
f 3466/1168/3 3577/1167/3 3578/1169/3
f 3648/1163/3 3709/1160/3 3710/1170/3
f 3465/1171/3 3466/1168/3 3578/1169/3
f 3465/1171/3 3578/1169/3 3579/1172/3
f 3464/1173/3 3465/1171/3 3579/1172/3
f 3464/1173/3 3579/1172/3 3580/1174/3
f 3647/1175/3 3648/1163/3 3710/1170/3
f 3463/1176/3 3464/1173/3 3580/1174/3
f 3463/1176/3 3580/1174/3 3581/1177/3
f 3462/1178/3 3463/1176/3 3581/1177/3
f 3462/1178/3 3581/1177/3 3582/1179/3
f 3647/1175/3 3710/1170/3 3711/1180/3
f 3461/1181/3 3462/1178/3 3582/1179/3
f 3461/1181/3 3582/1179/3 3583/1182/3
f 3646/1183/3 3647/1175/3 3711/1180/3
f 3460/1184/3 3461/1181/3 3583/1182/3
f 3460/1184/3 3583/1182/3 3584/1185/3
f 3646/1183/3 3711/1180/3 3712/1186/3
f 3459/1187/3 3460/1184/3 3584/1185/3
f 3459/1187/3 3584/1185/3 3585/1188/3
f 3458/1189/3 3459/1187/3 3585/1188/3
f 3458/1189/3 3585/1188/3 3586/1190/3
f 3457/1191/3 3458/1189/3 3586/1190/3
f 3457/1191/3 3586/1190/3 3587/1192/3
f 3645/1193/3 3646/1183/3 3712/1186/3
f 3456/1194/3 3457/1191/3 3587/1192/3
f 3456/1194/3 3587/1192/3 3588/1195/3
f 3645/1193/3 3712/1186/3 3713/418/3
f 3455/1196/3 3456/1194/3 3588/1195/3
f 3455/1196/3 3588/1195/3 3589/1197/3
f 3454/1198/3 3455/1196/3 3589/1197/3
f 3454/1198/3 3589/1197/3 3590/1199/3
f 3453/1200/3 3454/1198/3 3590/1199/3
f 3453/1200/3 3590/1199/3 3591/1201/3
f 3644/1202/3 3645/1193/3 3713/418/3
f 3644/1202/3 3713/418/3 3390/424/3
f 3452/1203/3 3453/1200/3 3591/1201/3
f 3452/1203/3 3591/1201/3 3592/1204/3
f 3451/1205/3 3452/1203/3 3592/1204/3
f 3451/1205/3 3592/1204/3 3593/1206/3
f 3450/1207/3 3451/1205/3 3593/1206/3
f 3450/1207/3 3593/1206/3 3594/1208/3
f 3449/1209/3 3450/1207/3 3594/1208/3
f 3449/1209/3 3594/1208/3 3595/1210/3
f 3644/1202/3 3390/424/3 3391/1211/3
f 3643/1212/3 3644/1202/3 3391/1211/3
f 3449/1209/3 3595/1210/3 3596/1213/3
f 3449/1209/3 3596/1213/3 3597/1214/3
f 3642/1215/3 3643/1212/3 3391/1211/3
f 3642/1215/3 3391/1211/3 3392/1216/3
f 3449/1209/3 3597/1214/3 3598/1217/3
f 3448/1218/3 3449/1209/3 3598/1217/3
f 3641/1219/3 3642/1215/3 3392/1216/3
f 3448/1218/3 3598/1217/3 3599/1220/3
f 3641/1219/3 3392/1216/3 3393/1221/3
f 3448/1218/3 3599/1220/3 3600/1222/3
f 3448/1218/3 3600/1222/3 3601/1223/3
f 3447/1224/3 3448/1218/3 3601/1223/3
f 3640/1225/3 3641/1219/3 3393/1221/3
f 3640/1225/3 3393/1221/3 3394/1226/3
f 3447/1224/3 3601/1223/3 3602/1227/3
f 3447/1224/3 3602/1227/3 3603/1228/3
f 3447/1224/3 3603/1228/3 3604/1229/3
f 3640/1225/3 3394/1226/3 3395/1230/3
f 3639/1231/3 3640/1225/3 3395/1230/3
f 3446/1232/3 3447/1224/3 3604/1229/3
f 3446/1232/3 3604/1229/3 3605/1233/3
f 3446/1232/3 3605/1233/3 3606/1234/3
f 3639/1231/3 3395/1230/3 3396/1235/3
f 3446/1232/3 3606/1234/3 3607/1236/3
f 3638/1237/3 3639/1231/3 3396/1235/3
f 3445/1238/3 3446/1232/3 3607/1236/3
f 3445/1238/3 3607/1236/3 3608/1239/3
f 3638/1237/3 3396/1235/3 3397/1240/3
f 3445/1238/3 3608/1239/3 3609/1241/3
f 3637/1242/3 3638/1237/3 3397/1240/3
f 3445/1238/3 3609/1241/3 3610/1243/3
f 3637/1242/3 3397/1240/3 3398/1244/3
f 3444/1245/3 3445/1238/3 3610/1243/3
f 3444/1245/3 3610/1243/3 3611/1246/3
f 3636/1247/3 3637/1242/3 3398/1244/3
f 3444/1245/3 3611/1246/3 3612/1248/3
f 3636/1247/3 3398/1244/3 3399/1249/3
f 3444/1245/3 3612/1248/3 3613/1250/3
f 3635/1251/3 3636/1247/3 3399/1249/3
f 3443/1252/3 3444/1245/3 3613/1250/3
f 3443/1252/3 3613/1250/3 3614/1253/3
f 3635/1251/3 3399/1249/3 3400/1254/3
f 3443/1252/3 3614/1253/3 3615/1255/3
f 3634/1256/3 3635/1251/3 3400/1254/3
f 3443/1252/3 3615/1255/3 3616/1257/3
f 3443/1252/3 3616/1257/3 3617/1258/3
f 3442/1259/3 3443/1252/3 3617/1258/3
f 3634/1256/3 3400/1254/3 3401/1260/3
f 3633/1261/3 3634/1256/3 3401/1260/3
f 3442/1259/3 3617/1258/3 3618/1262/3
f 3442/1259/3 3618/1262/3 3619/1263/3
f 3442/1259/3 3619/1263/3 3620/1264/3
f 3632/1265/3 3633/1261/3 3401/1260/3
f 3442/1259/3 3620/1264/3 3621/1266/3
f 3442/1259/3 3621/1266/3 3622/1267/3
f 3442/1259/3 3622/1267/3 3623/1268/3
f 3442/1259/3 3623/1268/3 3624/1269/3
f 3631/1270/3 3632/1265/3 3401/1260/3
f 3631/1270/3 3401/1260/3 3402/1271/3
f 3442/1259/3 3624/1269/3 3625/1272/3
f 3442/1259/3 3625/1272/3 3626/1273/3
f 3442/1259/3 3626/1273/3 3627/1274/3
f 3442/1259/3 3627/1274/3 3628/1275/3
f 3630/1276/3 3631/1270/3 3402/1271/3
f 3442/1259/3 3628/1275/3 3629/1277/3
f 3442/1259/3 3629/1277/3 3630/1276/3
f 3442/1259/3 3630/1276/3 3402/1271/3
f 3441/1278/3 3442/1259/3 3402/1271/3
f 3441/1278/3 3402/1271/3 3403/1279/3
f 3441/1278/3 3403/1279/3 3404/1280/3
f 3440/1281/3 3441/1278/3 3404/1280/3
f 3440/1281/3 3404/1280/3 3405/1282/3
f 3440/1281/3 3405/1282/3 3406/1283/3
f 3440/1281/3 3406/1283/3 3407/1284/3
f 3439/1285/3 3440/1281/3 3407/1284/3
f 3439/1285/3 3407/1284/3 3408/1286/3
f 3439/1285/3 3408/1286/3 3409/1287/3
f 3439/1285/3 3409/1287/3 3410/1288/3
f 3438/1289/3 3439/1285/3 3410/1288/3
f 3438/1289/3 3410/1288/3 3411/1290/3
f 3438/1289/3 3411/1290/3 3412/1291/3
f 3438/1289/3 3412/1291/3 3413/1292/3
f 3437/1293/3 3438/1289/3 3413/1292/3
f 3437/1293/3 3413/1292/3 3414/1294/3
f 3436/1295/3 3437/1293/3 3414/1294/3
f 3436/1295/3 3414/1294/3 3415/1296/3
f 3435/1297/3 3436/1295/3 3415/1296/3
f 3435/1297/3 3415/1296/3 3416/1298/3
f 3435/1297/3 3416/1298/3 3417/1299/3
f 3434/1300/3 3435/1297/3 3417/1299/3
f 3434/1300/3 3417/1299/3 3418/1301/3
f 3433/1302/3 3434/1300/3 3418/1301/3
f 3433/1302/3 3418/1301/3 3419/1303/3
f 3432/1304/3 3433/1302/3 3419/1303/3
f 3432/1304/3 3419/1303/3 3420/1305/3
f 3431/1306/3 3432/1304/3 3420/1305/3
f 3431/1306/3 3420/1305/3 3421/1307/3
f 3430/1308/3 3431/1306/3 3421/1307/3
f 3430/1308/3 3421/1307/3 3422/1309/3
f 3429/1310/3 3430/1308/3 3422/1309/3
f 3429/1310/3 3422/1309/3 3423/1311/3
f 3428/1312/3 3429/1310/3 3423/1311/3
f 3428/1312/3 3423/1311/3 3424/1313/3
f 3427/1314/3 3428/1312/3 3424/1313/3
f 3427/1314/3 3424/1313/3 3425/1315/3
f 3426/1316/3 3427/1314/3 3425/1315/3
f 3809/961/3 3810/859/3 3811/857/3
f 3808/954/3 3809/961/3 3811/857/3
f 3808/954/3 3811/857/3 3812/853/3
f 3807/948/3 3808/954/3 3812/853/3
f 3807/948/3 3812/853/3 3813/851/3
f 3806/941/3 3807/948/3 3813/851/3
f 3806/941/3 3813/851/3 3814/850/3
f 3805/935/3 3806/941/3 3814/850/3
f 3805/935/3 3814/850/3 3815/846/3
f 3804/929/3 3805/935/3 3815/846/3
f 3804/929/3 3815/846/3 3816/844/3
f 3803/924/3 3804/929/3 3816/844/3
f 3803/924/3 3816/844/3 3817/842/3
f 3802/917/3 3803/924/3 3817/842/3
f 3802/917/3 3817/842/3 3818/840/3
f 3801/912/3 3802/917/3 3818/840/3
f 3801/912/3 3818/840/3 3819/837/3
f 3800/906/3 3801/912/3 3819/837/3
f 3800/906/3 3819/837/3 3820/835/3
f 3799/900/3 3800/906/3 3820/835/3
f 3799/900/3 3820/835/3 3821/834/3
f 3798/895/3 3799/900/3 3821/834/3
f 3798/895/3 3821/834/3 3822/830/3
f 3797/890/3 3798/895/3 3822/830/3
f 3797/890/3 3822/830/3 3823/833/3
f 3796/885/3 3797/890/3 3823/833/3
f 3796/885/3 3823/833/3 3824/836/3
f 3795/880/3 3796/885/3 3824/836/3
f 3795/880/3 3824/836/3 3825/839/3
f 3794/875/3 3795/880/3 3825/839/3
f 3794/875/3 3825/839/3 3826/841/3
f 3793/871/3 3794/875/3 3826/841/3
f 3793/871/3 3826/841/3 3827/843/3
f 3792/865/3 3793/871/3 3827/843/3
f 3792/865/3 3827/843/3 3828/845/3
f 3791/860/3 3792/865/3 3828/845/3
f 3791/860/3 3828/845/3 3829/849/3
f 3790/856/3 3791/860/3 3829/849/3
f 3790/856/3 3829/849/3 3830/852/3
f 3789/848/3 3790/856/3 3830/852/3
f 3789/848/3 3830/852/3 3831/854/3
f 3788/838/3 3789/848/3 3831/854/3
f 3788/838/3 3831/854/3 3832/858/3
f 3787/831/3 3788/838/3 3832/858/3
f 3787/831/3 3832/858/3 3833/862/3
f 3786/828/3 3787/831/3 3833/862/3
f 3786/828/3 3833/862/3 3834/863/3
f 3785/826/3 3786/828/3 3834/863/3
f 3785/826/3 3834/863/3 3835/867/3
f 3784/824/3 3785/826/3 3835/867/3
f 3784/824/3 3835/867/3 3836/869/3
f 3783/822/3 3784/824/3 3836/869/3
f 3783/822/3 3836/869/3 3837/873/3
f 3782/820/3 3783/822/3 3837/873/3
f 3782/820/3 3837/873/3 3838/877/3
f 3781/818/3 3782/820/3 3838/877/3
f 3781/818/3 3838/877/3 3839/879/3
f 3780/816/3 3781/818/3 3839/879/3
f 3780/816/3 3839/879/3 3840/883/3
f 3779/814/3 3780/816/3 3840/883/3
f 3779/814/3 3840/883/3 3841/886/3
f 3778/812/3 3779/814/3 3841/886/3
f 3778/812/3 3841/886/3 3842/889/3
f 3777/810/3 3778/812/3 3842/889/3
f 3777/810/3 3842/889/3 3843/893/3
f 3776/808/3 3777/810/3 3843/893/3
f 3776/808/3 3843/893/3 3844/894/3
f 3775/806/3 3776/808/3 3844/894/3
f 3775/806/3 3844/894/3 3845/898/3
f 3774/807/3 3775/806/3 3845/898/3
f 3774/807/3 3845/898/3 3846/902/3
f 3773/805/3 3774/807/3 3846/902/3
f 3773/805/3 3846/902/3 3847/904/3
f 3773/805/3 3847/904/3 3848/908/3
f 3773/805/3 3848/908/3 3849/910/3
f 3772/809/3 3773/805/3 3849/910/3
f 3772/809/3 3849/910/3 3850/913/3
f 3772/809/3 3850/913/3 3851/916/3
f 3772/809/3 3851/916/3 3852/920/3
f 3771/811/3 3772/809/3 3852/920/3
f 3771/811/3 3852/920/3 3853/922/3
f 3881/945/3 3882/944/3 3883/940/3
f 3880/949/3 3881/945/3 3883/940/3
f 3879/951/3 3880/949/3 3883/940/3
f 3771/811/3 3853/922/3 3854/925/3
f 3879/951/3 3883/940/3 3884/937/3
f 3878/955/3 3879/951/3 3884/937/3
f 3877/957/3 3878/955/3 3884/937/3
f 3876/960/3 3877/957/3 3884/937/3
f 3876/960/3 3884/937/3 3885/933/3
f 3875/962/3 3876/960/3 3885/933/3
f 3874/965/3 3875/962/3 3885/933/3
f 3874/965/3 3885/933/3 3886/930/3
f 3873/967/3 3874/965/3 3886/930/3
f 3872/969/3 3873/967/3 3886/930/3
f 3871/971/3 3872/969/3 3886/930/3
f 3871/971/3 3886/930/3 3887/926/3
f 3870/972/3 3871/971/3 3887/926/3
f 3869/970/3 3870/972/3 3887/926/3
f 3770/813/3 3771/811/3 3854/925/3
f 3869/970/3 3887/926/3 3888/921/3
f 3869/970/3 3888/921/3 3889/918/3
f 3869/970/3 3889/918/3 3890/915/3
f 3869/970/3 3890/915/3 3891/911/3
f 3770/813/3 3854/925/3 3855/928/3
f 3868/968/3 3869/970/3 3891/911/3
f 3868/968/3 3891/911/3 3892/907/3
f 3868/968/3 3892/907/3 3893/903/3
f 3868/968/3 3893/903/3 3894/899/3
f 3867/966/3 3868/968/3 3894/899/3
f 3769/815/3 3770/813/3 3855/928/3
f 3769/815/3 3855/928/3 3856/931/3
f 3867/966/3 3894/899/3 3895/896/3
f 3867/966/3 3895/896/3 3896/892/3
f 3866/963/3 3867/966/3 3896/892/3
f 3866/963/3 3896/892/3 3897/888/3
f 3866/963/3 3897/888/3 3898/884/3
f 3865/959/3 3866/963/3 3898/884/3
f 3769/815/3 3856/931/3 3857/934/3
f 3865/959/3 3898/884/3 3899/881/3
f 3768/817/3 3769/815/3 3857/934/3
f 3864/956/3 3865/959/3 3899/881/3
f 3864/956/3 3899/881/3 3900/878/3
f 3864/956/3 3900/878/3 3901/874/3
f 3863/953/3 3864/956/3 3901/874/3
f 3768/817/3 3857/934/3 3858/936/3
f 3863/953/3 3901/874/3 3902/870/3
f 3862/950/3 3863/953/3 3902/870/3
f 3862/950/3 3902/870/3 3903/868/3
f 3767/819/3 3768/817/3 3858/936/3
f 3861/946/3 3862/950/3 3903/868/3
f 3861/946/3 3903/868/3 3904/864/3
f 3860/943/3 3861/946/3 3904/864/3
f 3859/939/3 3860/943/3 3904/864/3
f 3859/939/3 3904/864/3 3905/418/3
f 3858/936/3 3859/939/3 3905/418/3
f 3767/819/3 3858/936/3 3905/418/3
f 3767/819/3 3905/418/3 3714/424/3
f 3766/821/3 3767/819/3 3714/424/3
f 3766/821/3 3714/424/3 3715/974/3
f 3765/823/3 3766/821/3 3715/974/3
f 3765/823/3 3715/974/3 3716/976/3
f 3765/823/3 3716/976/3 3717/978/3
f 3764/825/3 3765/823/3 3717/978/3
f 3763/827/3 3764/825/3 3717/978/3
f 3763/827/3 3717/978/3 3718/980/3
f 3761/832/4 3762/829/4 3763/827/4
f 3761/832/3 3763/827/3 3718/980/3
f 3761/832/3 3718/980/3 3719/981/3
f 3761/832/3 3719/981/3 3720/983/3
f 3761/832/3 3720/983/3 3721/985/3
f 3760/847/3 3761/832/3 3721/985/3
f 3760/847/3 3721/985/3 3722/987/3
f 3760/847/3 3722/987/3 3723/989/3
f 3760/847/3 3723/989/3 3724/991/3
f 3759/855/3 3760/847/3 3724/991/3
f 3759/855/3 3724/991/3 3725/993/3
f 3759/855/3 3725/993/3 3726/994/3
f 3759/855/3 3726/994/3 3727/992/3
f 3759/855/3 3727/992/3 3728/990/3
f 3758/861/3 3759/855/3 3728/990/3
f 3758/861/3 3728/990/3 3729/988/3
f 3758/861/3 3729/988/3 3730/986/3
f 3758/861/3 3730/986/3 3731/984/3
f 3757/866/3 3758/861/3 3731/984/3
f 3757/866/3 3731/984/3 3732/982/3
f 3757/866/3 3732/982/3 3733/979/3
f 3757/866/3 3733/979/3 3734/977/3
f 3756/872/3 3757/866/3 3734/977/3
f 3756/872/3 3734/977/3 3735/975/3
f 3756/872/3 3735/975/3 3736/973/3
f 3755/876/3 3756/872/3 3736/973/3
f 3755/876/3 3736/973/3 3737/964/3
f 3755/876/3 3737/964/3 3738/958/3
f 3755/876/3 3738/958/3 3739/952/3
f 3754/882/3 3755/876/3 3739/952/3
f 3754/882/3 3739/952/3 3740/947/3
f 3754/882/3 3740/947/3 3741/942/3
f 3753/887/3 3754/882/3 3741/942/3
f 3753/887/3 3741/942/3 3742/938/3
f 3753/887/3 3742/938/3 3743/932/3
f 3752/891/3 3753/887/3 3743/932/3
f 3752/891/3 3743/932/3 3744/927/3
f 3752/891/3 3744/927/3 3745/923/3
f 3752/891/3 3745/923/3 3746/919/3
f 3751/897/3 3752/891/3 3746/919/3
f 3751/897/3 3746/919/3 3747/914/3
f 3751/897/3 3747/914/3 3748/909/3
f 3750/901/3 3751/897/3 3748/909/3
f 3750/901/3 3748/909/3 3749/905/3
f 4253/1317/3 4254/1319/3 4255/1318/3
f 4252/1320/3 4253/1317/3 4255/1318/3
f 4252/1320/3 4255/1318/3 4256/1321/3
f 4251/1322/3 4252/1320/3 4256/1321/3
f 4251/1322/3 4256/1321/3 4257/1323/3
f 4250/1324/3 4251/1322/3 4257/1323/3
f 4250/1324/3 4257/1323/3 4258/1325/3
f 4249/1326/3 4250/1324/3 4258/1325/3
f 4249/1326/3 4258/1325/3 4259/1327/3
f 4248/1328/3 4249/1326/3 4259/1327/3
f 4248/1328/3 4259/1327/3 4260/1329/3
f 4374/1330/3 4375/1332/3 4376/1331/3
f 4374/1330/3 4376/1331/3 4377/1333/3
f 4373/1334/3 4374/1330/3 4377/1333/3
f 4373/1334/3 4377/1333/3 4378/1335/3
f 4373/1334/3 4378/1335/3 4379/1336/3
f 4247/1337/3 4248/1328/3 4260/1329/3
f 4247/1337/3 4260/1329/3 4261/1338/3
f 4372/1339/3 4373/1334/3 4379/1336/3
f 4372/1339/3 4379/1336/3 4380/1340/3
f 4246/1341/3 4247/1337/3 4261/1338/3
f 4246/1341/3 4261/1338/3 4262/1342/3
f 4372/1339/3 4380/1340/3 4381/1343/3
f 4371/1344/3 4372/1339/3 4381/1343/3
f 4371/1344/3 4381/1343/3 4382/1345/3
f 4245/1346/3 4246/1341/3 4262/1342/3
f 4245/1346/3 4262/1342/3 4263/1347/3
f 4371/1344/3 4382/1345/3 4383/1348/3
f 4370/1349/3 4371/1344/3 4383/1348/3
f 4244/1350/3 4245/1346/3 4263/1347/3
f 4244/1350/3 4263/1347/3 4264/1351/3
f 4370/1349/3 4383/1348/3 4384/1352/3
f 4243/1353/3 4244/1350/3 4264/1351/3
f 4243/1353/3 4264/1351/3 4265/1354/3
f 4370/1349/3 4384/1352/3 4385/1355/3
f 4369/1356/3 4370/1349/3 4385/1355/3
f 4369/1356/3 4385/1355/3 4386/1357/3
f 4242/1358/3 4243/1353/3 4265/1354/3
f 4242/1358/3 4265/1354/3 4266/1359/3
f 4369/1356/3 4386/1357/3 4387/1360/3
f 4368/1361/3 4369/1356/3 4387/1360/3
f 4241/1362/3 4242/1358/3 4266/1359/3
f 4241/1362/3 4266/1359/3 4267/1363/3
f 4368/1361/3 4387/1360/3 4388/1364/3
f 4240/1365/3 4241/1362/3 4267/1363/3
f 4240/1365/3 4267/1363/3 4268/1366/3
f 4368/1361/3 4388/1364/3 4389/1367/3
f 4367/1368/3 4368/1361/3 4389/1367/3
f 4239/1369/3 4240/1365/3 4268/1366/3
f 4239/1369/3 4268/1366/3 4269/1370/3
f 4367/1368/3 4389/1367/3 4390/1371/3
f 4238/1372/3 4239/1369/3 4269/1370/3
f 4238/1372/3 4269/1370/3 4270/1373/3
f 4366/1374/3 4367/1368/3 4390/1371/3
f 4366/1374/3 4390/1371/3 4391/1375/3
f 4237/1376/3 4238/1372/3 4270/1373/3
f 4237/1376/3 4270/1373/3 4271/1377/3
f 4366/1374/3 4391/1375/3 4392/1378/3
f 4236/1379/3 4237/1376/3 4271/1377/3
f 4236/1379/3 4271/1377/3 4272/1380/3
f 4365/1381/3 4366/1374/3 4392/1378/3
f 4365/1381/3 4392/1378/3 4393/1382/3
f 4235/1383/3 4236/1379/3 4272/1380/3
f 4235/1383/3 4272/1380/3 4273/1384/3
f 4365/1381/3 4393/1382/3 4394/1385/3
f 4234/1386/3 4235/1383/3 4273/1384/3
f 4234/1386/3 4273/1384/3 4274/1387/3
f 4364/1388/3 4365/1381/3 4394/1385/3
f 4364/1388/3 4394/1385/3 4395/1389/3
f 4233/1390/3 4234/1386/3 4274/1387/3
f 4233/1390/3 4274/1387/3 4275/1391/3
f 4364/1388/3 4395/1389/3 4396/1392/3
f 4232/1393/3 4233/1390/3 4275/1391/3
f 4232/1393/3 4275/1391/3 4276/1394/3
f 4364/1388/3 4396/1392/3 4397/1395/3
f 4363/1396/3 4364/1388/3 4397/1395/3
f 4231/1397/3 4232/1393/3 4276/1394/3
f 4231/1397/3 4276/1394/3 4277/1398/3
f 4363/1396/3 4397/1395/3 4398/418/3
f 4230/1399/3 4231/1397/3 4277/1398/3
f 4230/1399/3 4277/1398/3 4278/1400/3
f 4363/1396/3 4398/418/3 3906/424/3
f 4362/1401/3 4363/1396/3 3906/424/3
f 4229/1402/3 4230/1399/3 4278/1400/3
f 4229/1402/3 4278/1400/3 4279/1403/3
f 4362/1401/3 3906/424/3 3907/1404/3
f 4362/1401/3 3907/1404/3 3908/1405/3
f 4362/1401/3 3908/1405/3 3909/1406/3
f 4229/1402/3 4279/1403/3 4280/1407/3
f 4362/1401/3 3909/1406/3 3910/1408/3
f 4361/1409/3 4362/1401/3 3910/1408/3
f 4361/1409/3 3910/1408/3 3911/1410/3
f 4361/1409/3 3911/1410/3 3912/1411/3
f 4361/1409/3 3912/1411/3 3913/1412/3
f 4228/1413/3 4229/1402/3 4280/1407/3
f 4361/1409/3 3913/1412/3 3914/1414/3
f 4361/1409/3 3914/1414/3 3915/1415/3
f 4228/1413/3 4280/1407/3 4281/1416/3
f 4361/1409/3 3915/1415/3 3916/1417/3
f 4361/1409/3 3916/1417/3 3917/1418/3
f 4360/1419/3 4361/1409/3 3917/1418/3
f 4360/1419/3 3917/1418/3 3918/1420/3
f 4360/1419/3 3918/1420/3 3919/1421/3
f 4228/1413/3 4281/1416/3 4282/1422/3
f 4227/1423/3 4228/1413/3 4282/1422/3
f 4359/1424/3 4360/1419/3 3919/1421/3
f 4359/1424/3 3919/1421/3 3920/1425/3
f 4227/1423/3 4282/1422/3 4283/1426/3
f 4359/1424/3 3920/1425/3 3921/1427/3
f 4358/1428/3 4359/1424/3 3921/1427/3
f 4358/1428/3 3921/1427/3 3922/1429/3
f 4226/1430/3 4227/1423/3 4283/1426/3
f 4226/1430/3 4283/1426/3 4284/1431/3
f 4357/1432/3 4358/1428/3 3922/1429/3
f 4357/1432/3 3922/1429/3 3923/1433/3
f 4356/1434/3 4357/1432/3 3923/1433/3
f 4356/1434/3 3923/1433/3 3924/1435/3
f 4226/1430/3 4284/1431/3 4285/1436/3
f 4225/1437/3 4226/1430/3 4285/1436/3
f 4356/1434/3 3924/1435/3 3925/1438/3
f 4355/1439/3 4356/1434/3 3925/1438/3
f 4225/1437/3 4285/1436/3 4286/1440/3
f 4355/1439/3 3925/1438/3 3926/1441/3
f 4354/1442/3 4355/1439/3 3926/1441/3
f 4354/1442/3 3926/1441/3 3927/1443/3
f 4224/1444/3 4225/1437/3 4286/1440/3
f 4354/1442/3 3927/1443/3 3928/1445/3
f 4224/1444/3 4286/1440/3 4287/1446/3
f 4353/1447/3 4354/1442/3 3928/1445/3
f 4353/1447/3 3928/1445/3 3929/1448/3
f 4352/1449/3 4353/1447/3 3929/1448/3
f 4352/1449/3 3929/1448/3 3930/1450/3
f 4224/1444/3 4287/1446/3 4288/1451/3
f 4223/1452/3 4224/1444/3 4288/1451/3
f 4352/1449/3 3930/1450/3 3931/1453/3
f 4351/1454/3 4352/1449/3 3931/1453/3
f 4351/1454/3 3931/1453/3 3932/1455/3
f 4351/1454/3 3932/1455/3 3933/1456/3
f 4350/1457/3 4351/1454/3 3933/1456/3
f 4350/1457/3 3933/1456/3 3934/1458/3
f 4223/1452/3 4288/1451/3 4289/1459/3
f 4350/1457/3 3934/1458/3 3935/1460/3
f 4350/1457/3 3935/1460/3 3936/1461/3
f 4222/1462/3 4223/1452/3 4289/1459/3
f 4350/1457/3 3936/1461/3 3937/1463/3
f 4222/1462/3 4289/1459/3 4290/1464/3
f 4350/1457/3 3937/1463/3 3938/1465/3
f 4350/1457/3 3938/1465/3 3939/1466/3
f 4350/1457/3 3939/1466/3 3940/1467/3
f 4349/1468/3 4350/1457/3 3940/1467/3
f 4221/1469/3 4222/1462/3 4290/1464/3
f 4221/1469/3 4290/1464/3 4291/1470/3
f 4349/1468/3 3940/1467/3 3941/1471/3
f 4349/1468/3 3941/1471/3 3942/1472/3
f 4349/1468/3 3942/1472/3 3943/1473/3
f 4221/1469/3 4291/1470/3 4292/1474/3
f 4349/1468/3 3943/1473/3 3944/1475/3
f 4220/1476/3 4221/1469/3 4292/1474/3
f 4348/1477/3 4349/1468/3 3944/1475/3
f 4348/1477/3 3944/1475/3 3945/1478/3
f 4348/1477/3 3945/1478/3 3946/1479/3
f 4220/1476/3 4292/1474/3 4293/1480/3
f 4348/1477/3 3946/1479/3 3947/1481/3
f 4348/1477/3 3947/1481/3 3948/1482/3
f 4220/1476/3 4293/1480/3 4294/1483/3
f 4348/1477/3 3948/1482/3 3949/1484/3
f 4219/1485/3 4220/1476/3 4294/1483/3
f 4348/1477/3 3949/1484/3 3950/1486/3
f 4347/1487/3 4348/1477/3 3950/1486/3
f 4347/1487/3 3950/1486/3 3951/1488/3
f 4347/1487/3 3951/1488/3 3952/1489/3
f 4219/1485/3 4294/1483/3 4295/1490/3
f 4347/1487/3 3952/1489/3 3953/1491/3
f 4347/1487/3 3953/1491/3 3954/1492/3
f 4347/1487/3 3954/1492/3 3955/1493/3
f 4219/1485/3 4295/1490/3 4296/1494/3
f 4218/1495/3 4219/1485/3 4296/1494/3
f 4346/1496/3 4347/1487/3 3955/1493/3
f 4346/1496/3 3955/1493/3 3956/1497/3
f 4218/1495/3 4296/1494/3 4297/1498/3
f 4346/1496/3 3956/1497/3 3957/1499/3
f 4218/1495/3 4297/1498/3 4298/1500/3
f 4345/1501/3 4346/1496/3 3957/1499/3
f 4217/1502/3 4218/1495/3 4298/1500/3
f 4345/1501/3 3957/1499/3 3958/1503/3
f 4217/1502/3 4298/1500/3 4299/1504/3
f 4345/1501/3 3958/1503/3 3959/1505/3
f 4344/1506/3 4345/1501/3 3959/1505/3
f 4217/1502/3 4299/1504/3 4300/1507/3
f 4216/1508/3 4217/1502/3 4300/1507/3
f 4216/1508/3 4300/1507/3 4301/1509/3
f 4344/1506/3 3959/1505/3 3960/1510/3
f 4343/1511/3 4344/1506/3 3960/1510/3
f 4216/1508/3 4301/1509/3 4302/1512/3
f 4343/1511/3 3960/1510/3 3961/1513/3
f 4216/1508/3 4302/1512/3 4303/1514/3
f 4216/1508/3 4303/1514/3 4304/1515/3
f 4342/1516/3 4343/1511/3 3961/1513/3
f 4216/1508/3 4304/1515/3 4305/1517/3
f 4215/1518/3 4216/1508/3 4305/1517/3
f 4215/1518/3 4305/1517/3 4306/1519/3
f 4342/1516/3 3961/1513/3 3962/1520/3
f 4215/1518/3 4306/1519/3 4307/1521/3
f 4215/1518/3 4307/1521/3 4308/1522/3
f 4341/1523/3 4342/1516/3 3962/1520/3
f 4215/1518/3 4308/1522/3 4309/1524/3
f 4215/1518/3 4309/1524/3 4310/1525/3
f 4341/1523/3 3962/1520/3 3963/1526/3
f 4214/1527/3 4215/1518/3 4310/1525/3
f 4340/1528/3 4341/1523/3 3963/1526/3
f 4214/1527/3 4310/1525/3 4311/1529/3
f 4214/1527/3 4311/1529/3 4312/1530/3
f 4339/1531/3 4340/1528/3 3963/1526/3
f 4339/1531/3 3963/1526/3 3964/1532/3
f 4214/1527/3 4312/1530/3 4313/1533/3
f 4338/1534/3 4339/1531/3 3964/1532/3
f 4337/1535/3 4338/1534/3 3964/1532/3
f 4336/1536/3 4337/1535/3 3964/1532/3
f 4335/1537/3 4336/1536/3 3964/1532/3
f 4214/1527/3 4313/1533/3 4314/1538/3
f 4213/1539/3 4214/1527/3 4314/1538/3
f 4334/1540/3 4335/1537/3 3964/1532/3
f 4333/1541/3 4334/1540/3 3964/1532/3
f 4332/1542/3 4333/1541/3 3964/1532/3
f 4213/1539/3 4314/1538/3 4315/1543/3
f 4331/1544/3 4332/1542/3 3964/1532/3
f 4331/1544/3 3964/1532/3 3965/1545/3
f 4330/1546/3 4331/1544/3 3965/1545/3
f 4213/1539/3 4315/1543/3 4316/1547/3
f 4329/1548/3 4330/1546/3 3965/1545/3
f 4328/1549/3 4329/1548/3 3965/1545/3
f 4213/1539/3 4316/1547/3 4317/1550/3
f 4327/1551/3 4328/1549/3 3965/1545/3
f 4212/1552/3 4213/1539/3 4317/1550/3
f 4326/1553/3 4327/1551/3 3965/1545/3
f 4212/1552/3 4317/1550/3 4318/1554/3
f 4326/1553/3 3965/1545/3 3966/1555/3
f 4212/1552/3 4318/1554/3 4319/1556/3
f 4212/1552/3 4319/1556/3 4320/1557/3
f 4211/1558/3 4212/1552/3 4320/1557/3
f 4211/1558/3 4320/1557/3 4321/1559/3
f 4326/1553/3 3966/1555/3 3967/1560/3
f 4211/1558/3 4321/1559/3 4322/1561/3
f 4211/1558/3 4322/1561/3 4323/1562/3
f 4211/1558/3 4323/1562/3 4324/1563/3
f 4211/1558/3 4324/1563/3 4325/1564/3
f 4210/1565/3 4211/1558/3 4325/1564/3
f 4210/1565/3 4325/1564/3 4326/1553/3
f 4326/1553/3 3967/1560/3 3968/1566/3
f 4210/1565/3 4326/1553/3 3968/1566/3
f 4209/1567/3 4210/1565/3 3968/1566/3
f 4209/1567/3 3968/1566/3 3969/1568/3
f 4208/1569/3 4209/1567/3 3969/1568/3
f 4208/1569/3 3969/1568/3 3970/1570/3
f 4207/1571/3 4208/1569/3 3970/1570/3
f 4207/1571/3 3970/1570/3 3971/1572/3
f 4206/1573/3 4207/1571/3 3971/1572/3
f 4206/1573/3 3971/1572/3 3972/1574/3
f 4205/1575/3 4206/1573/3 3972/1574/3
f 4205/1575/3 3972/1574/3 4086/1576/3
f 4086/1576/3 3972/1574/3 3973/1577/3
f 4204/1578/3 4205/1575/3 4086/1576/3
f 4204/1578/3 4086/1576/3 4087/1579/3
f 4085/1580/3 4086/1576/3 3973/1577/3
f 4204/1578/3 4087/1579/3 4088/1581/3
f 4204/1578/3 4088/1581/3 4089/1582/3
f 4204/1578/3 4089/1582/3 4090/1583/3
f 4085/1580/3 3973/1577/3 3974/1584/3
f 4084/1585/3 4085/1580/3 3974/1584/3
f 4203/1586/3 4204/1578/3 4090/1583/3
f 4203/1586/3 4090/1583/3 4091/1587/3
f 4203/1586/3 4091/1587/3 4092/1588/3
f 4083/1589/3 4084/1585/3 3974/1584/3
f 4203/1586/3 4092/1588/3 4093/1590/3
f 4203/1586/3 4093/1590/3 4094/1591/3
f 4082/1592/3 4083/1589/3 3974/1584/3
f 4203/1586/3 4094/1591/3 4095/1593/3
f 4082/1592/3 3974/1584/3 3975/1594/3
f 4202/1595/3 4203/1586/3 4095/1593/3
f 4202/1595/3 4095/1593/3 4096/1596/3
f 4081/1597/3 4082/1592/3 3975/1594/3
f 4202/1595/3 4096/1596/3 4097/1598/3
f 4080/1599/3 4081/1597/3 3975/1594/3
f 4202/1595/3 4097/1598/3 4098/1600/3
f 4079/1601/3 4080/1599/3 3975/1594/3
f 4079/1601/3 3975/1594/3 3976/1602/3
f 4202/1595/3 4098/1600/3 4099/1603/3
f 4201/1604/3 4202/1595/3 4099/1603/3
f 4201/1604/3 4099/1603/3 4100/1605/3
f 4078/1606/3 4079/1601/3 3976/1602/3
f 4201/1604/3 4100/1605/3 4101/1607/3
f 4077/1608/3 4078/1606/3 3976/1602/3
f 4201/1604/3 4101/1607/3 4102/1609/3
f 4077/1608/3 3976/1602/3 3977/1610/3
f 4201/1604/3 4102/1609/3 4103/1611/3
f 4076/1612/3 4077/1608/3 3977/1610/3
f 4200/1613/3 4201/1604/3 4103/1611/3
f 4200/1613/3 4103/1611/3 4104/1614/3
f 4075/1615/3 4076/1612/3 3977/1610/3
f 4200/1613/3 4104/1614/3 4105/1616/3
f 4075/1615/3 3977/1610/3 3978/1617/3
f 4200/1613/3 4105/1616/3 4106/1618/3
f 4074/1619/3 4075/1615/3 3978/1617/3
f 4200/1613/3 4106/1618/3 4107/1620/3
f 4199/1621/3 4200/1613/3 4107/1620/3
f 4073/1622/3 4074/1619/3 3978/1617/3
f 4073/1622/3 3978/1617/3 3979/1623/3
f 4199/1621/3 4107/1620/3 4108/1624/3
f 4199/1621/3 4108/1624/3 4109/1625/3
f 4073/1622/3 3979/1623/3 3980/1626/3
f 4072/1627/3 4073/1622/3 3980/1626/3
f 4199/1621/3 4109/1625/3 4110/1628/3
f 4199/1621/3 4110/1628/3 4111/1629/3
f 4198/1630/3 4199/1621/3 4111/1629/3
f 4072/1627/3 3980/1626/3 3981/1631/3
f 4071/1632/3 4072/1627/3 3981/1631/3
f 4198/1630/3 4111/1629/3 4112/1633/3
f 4071/1632/3 3981/1631/3 3982/1634/3
f 4070/1635/3 4071/1632/3 3982/1634/3
f 4198/1630/3 4112/1633/3 4113/1636/3
f 4197/1637/3 4198/1630/3 4113/1636/3
f 4070/1635/3 3982/1634/3 3983/1638/3
f 4069/1639/3 4070/1635/3 3983/1638/3
f 4197/1637/3 4113/1636/3 4114/1640/3
f 4069/1639/3 3983/1638/3 3984/1641/3
f 4068/1642/3 4069/1639/3 3984/1641/3
f 4197/1637/3 4114/1640/3 4115/1643/3
f 4196/1644/3 4197/1637/3 4115/1643/3
f 4068/1642/3 3984/1641/3 3985/1645/3
f 4067/1646/3 4068/1642/3 3985/1645/3
f 4196/1644/3 4115/1643/3 4116/1647/3
f 4195/1648/3 4196/1644/3 4116/1647/3
f 4067/1646/3 3985/1645/3 3986/1649/3
f 4195/1648/3 4116/1647/3 4117/1650/3
f 4066/1651/3 4067/1646/3 3986/1649/3
f 4195/1648/3 4117/1650/3 4118/1652/3
f 4066/1651/3 3986/1649/3 3987/1653/3
f 4065/1654/3 4066/1651/3 3987/1653/3
f 4194/1655/3 4195/1648/3 4118/1652/3
f 4065/1654/3 3987/1653/3 3988/1656/3
f 4194/1655/3 4118/1652/3 4119/1657/3
f 4064/1658/3 4065/1654/3 3988/1656/3
f 4064/1658/3 3988/1656/3 3989/1659/3
f 4194/1655/3 4119/1657/3 4120/1660/3
f 4063/1661/3 4064/1658/3 3989/1659/3
f 4193/1662/3 4194/1655/3 4120/1660/3
f 4063/1661/3 3989/1659/3 3990/1663/3
f 4062/1664/3 4063/1661/3 3990/1663/3
f 4193/1662/3 4120/1660/3 4121/1665/3
f 4192/1666/3 4193/1662/3 4121/1665/3
f 4062/1664/3 3990/1663/3 3991/1667/3
f 4061/1668/3 4062/1664/3 3991/1667/3
f 4192/1666/3 4121/1665/3 4122/1669/3
f 4191/1670/3 4192/1666/3 4122/1669/3
f 4061/1668/3 3991/1667/3 3992/1671/3
f 4060/1672/3 4061/1668/3 3992/1671/3
f 4191/1670/3 4122/1669/3 4123/1673/3
f 4060/1672/3 3992/1671/3 3993/1674/3
f 4059/1675/3 4060/1672/3 3993/1674/3
f 4190/1676/3 4191/1670/3 4123/1673/3
f 4190/1676/3 4123/1673/3 4124/1677/3
f 4059/1675/3 3993/1674/3 3994/1678/3
f 4058/1679/3 4059/1675/3 3994/1678/3
f 4190/1676/3 4124/1677/3 4125/1680/3
f 4189/1681/3 4190/1676/3 4125/1680/3
f 4058/1679/3 3994/1678/3 3995/1682/3
f 4057/1683/3 4058/1679/3 3995/1682/3
f 4189/1681/3 4125/1680/3 4126/1684/3
f 4188/1685/3 4189/1681/3 4126/1684/3
f 4057/1683/3 3995/1682/3 3996/1686/3
f 4056/1687/3 4057/1683/3 3996/1686/3
f 4188/1685/3 4126/1684/3 4127/1688/3
f 4056/1687/3 3996/1686/3 3997/1689/3
f 4055/1690/3 4056/1687/3 3997/1689/3
f 4187/1691/3 4188/1685/3 4127/1688/3
f 4187/1691/3 4127/1688/3 4128/1692/3
f 4055/1690/3 3997/1689/3 3998/1693/3
f 4054/1694/3 4055/1690/3 3998/1693/3
f 4187/1691/3 4128/1692/3 4129/1695/3
f 4186/1696/3 4187/1691/3 4129/1695/3
f 4054/1694/3 3998/1693/3 3999/1697/3
f 4053/1698/3 4054/1694/3 3999/1697/3
f 4186/1696/3 4129/1695/3 4130/1699/3
f 4053/1698/3 3999/1697/3 4000/1700/3
f 4185/1701/3 4186/1696/3 4130/1699/3
f 4052/1702/3 4053/1698/3 4000/1700/3
f 4052/1702/3 4000/1700/3 4001/1703/3
f 4185/1701/3 4130/1699/3 4131/1704/3
f 4051/1705/3 4052/1702/3 4001/1703/3
f 4184/1706/3 4185/1701/3 4131/1704/3
f 4051/1705/3 4001/1703/3 4002/1707/3
f 4050/1708/3 4051/1705/3 4002/1707/3
f 4184/1706/3 4131/1704/3 4132/1709/3
f 4050/1708/3 4002/1707/3 4003/1710/3
f 4049/1711/3 4050/1708/3 4003/1710/3
f 4183/1712/3 4184/1706/3 4132/1709/3
f 4183/1712/3 4132/1709/3 4133/1713/3
f 4049/1711/3 4003/1710/3 4004/1714/3
f 4048/1715/3 4049/1711/3 4004/1714/3
f 4048/1715/3 4004/1714/3 4005/1716/3
f 4047/1717/3 4048/1715/3 4005/1716/3
f 4182/1718/3 4183/1712/3 4133/1713/3
f 4182/1718/3 4133/1713/3 4134/1719/3
f 4047/1717/3 4005/1716/3 4006/1720/3
f 4046/1721/3 4047/1717/3 4006/1720/3
f 4046/1721/3 4006/1720/3 4007/1722/3
f 4045/1723/3 4046/1721/3 4007/1722/3
f 4181/1724/3 4182/1718/3 4134/1719/3
f 4181/1724/3 4134/1719/3 4135/1725/3
f 4045/1723/3 4007/1722/3 4008/1726/3
f 4044/1727/3 4045/1723/3 4008/1726/3
f 4180/1728/3 4181/1724/3 4135/1725/3
f 4180/1728/3 4135/1725/3 4136/1729/3
f 4044/1727/3 4008/1726/3 4009/1730/3
f 4043/1731/3 4044/1727/3 4009/1730/3
f 4179/1732/3 4180/1728/3 4136/1729/3
f 4179/1732/3 4136/1729/3 4137/1733/3
f 4043/1731/3 4009/1730/3 4010/1734/3
f 4042/1735/3 4043/1731/3 4010/1734/3
f 4178/1736/3 4179/1732/3 4137/1733/3
f 4178/1736/3 4137/1733/3 4138/1737/3
f 4042/1735/3 4010/1734/3 4011/1738/3
f 4041/1739/3 4042/1735/3 4011/1738/3
f 4041/1739/3 4011/1738/3 4012/1740/3
f 4040/1741/3 4041/1739/3 4012/1740/3
f 4177/1742/3 4178/1736/3 4138/1737/3
f 4177/1742/3 4138/1737/3 4139/1743/3
f 4040/1741/3 4012/1740/3 4013/1744/3
f 4039/1745/3 4040/1741/3 4013/1744/3
f 4176/1746/3 4177/1742/3 4139/1743/3
f 4176/1746/3 4139/1743/3 4140/1747/3
f 4039/1745/3 4013/1744/3 4014/1748/3
f 4038/1749/3 4039/1745/3 4014/1748/3
f 4175/1750/3 4176/1746/3 4140/1747/3
f 4175/1750/3 4140/1747/3 4141/1751/3
f 4038/1749/3 4014/1748/3 4015/1752/3
f 4037/1753/3 4038/1749/3 4015/1752/3
f 4174/1754/3 4175/1750/3 4141/1751/3
f 4174/1754/3 4141/1751/3 4142/1755/3
f 4037/1753/3 4015/1752/3 4016/1756/3
f 4036/1757/3 4037/1753/3 4016/1756/3
f 4036/1757/3 4016/1756/3 4017/1758/3
f 4173/1759/3 4174/1754/3 4142/1755/3
f 4173/1759/3 4142/1755/3 4143/1760/3
f 4035/1761/3 4036/1757/3 4017/1758/3
f 4035/1761/3 4017/1758/3 4018/1762/3
f 4034/1763/3 4035/1761/3 4018/1762/3
f 4172/1764/3 4173/1759/3 4143/1760/3
f 4172/1764/3 4143/1760/3 4144/1765/3
f 4034/1763/3 4018/1762/3 4019/1766/3
f 4033/1767/3 4034/1763/3 4019/1766/3
f 4033/1767/3 4019/1766/3 4020/1768/3
f 4032/1769/3 4033/1767/3 4020/1768/3
f 4171/1770/3 4172/1764/3 4144/1765/3
f 4171/1770/3 4144/1765/3 4145/1771/3
f 4032/1769/3 4020/1768/3 4021/1772/3
f 4031/1773/3 4032/1769/3 4021/1772/3
f 4031/1773/3 4021/1772/3 4022/1774/3
f 4030/1775/3 4031/1773/3 4022/1774/3
f 4170/1776/3 4171/1770/3 4145/1771/3
f 4170/1776/3 4145/1771/3 4146/1777/3
f 4030/1775/3 4022/1774/3 4023/1778/3
f 4029/1779/3 4030/1775/3 4023/1778/3
f 4029/1779/3 4023/1778/3 4024/1780/3
f 4028/1781/3 4029/1779/3 4024/1780/3
f 4028/1781/3 4024/1780/3 4025/1782/3
f 4027/1783/3 4028/1781/3 4025/1782/3
f 4027/1783/3 4025/1782/3 4026/1784/3
f 4169/1785/3 4170/1776/3 4146/1777/3
f 4169/1785/3 4146/1777/3 4147/1786/3
f 4168/1787/3 4169/1785/3 4147/1786/3
f 4168/1787/3 4147/1786/3 4148/1788/3
f 4167/1789/3 4168/1787/3 4148/1788/3
f 4167/1789/3 4148/1788/3 4149/1790/3
f 4166/1791/3 4167/1789/3 4149/1790/3
f 4166/1791/3 4149/1790/3 4150/1792/3
f 4165/1793/3 4166/1791/3 4150/1792/3
f 4165/1793/3 4150/1792/3 4151/1794/3
f 4164/1795/3 4165/1793/3 4151/1794/3
f 4164/1795/3 4151/1794/3 4152/1796/3
f 4163/1797/3 4164/1795/3 4152/1796/3
f 4163/1797/3 4152/1796/3 4153/1798/3
f 4162/1799/3 4163/1797/3 4153/1798/3
f 4162/1799/3 4153/1798/3 4154/1800/3
f 4161/1801/3 4162/1799/3 4154/1800/3
f 4161/1801/3 4154/1800/3 4155/1802/3
f 4160/1803/3 4161/1801/3 4155/1802/3
f 4160/1803/3 4155/1802/3 4156/1804/3
f 4159/1805/3 4160/1803/3 4156/1804/3
f 4159/1805/3 4156/1804/3 4157/1806/3
f 4158/1807/3 4159/1805/3 4157/1806/3
s 1
f 4400/1808/5 4402/1809/6 4401/1810/6 4399/424/5
f 4402/1809/6 4404/1811/7 4403/1812/7 4401/1810/6
f 4404/1811/7 4406/1813/8 4405/1814/8 4403/1812/7
f 4406/1813/8 4408/1815/9 4407/1816/9 4405/1814/8
f 4408/1815/9 4410/1817/10 4409/1818/10 4407/1816/9
f 4410/1817/10 4412/1819/11 4411/1820/11 4409/1818/10
f 4412/1819/11 4414/1821/12 4413/1822/12 4411/1820/11
f 4414/1821/12 4416/1823/13 4415/1824/13 4413/1822/12
f 4416/1823/13 4418/1825/14 4417/1826/14 4415/1824/13
f 4418/1825/14 4420/1827/15 4419/1828/15 4417/1826/14
f 4420/1827/15 4422/1829/16 4421/1830/16 4419/1828/15
f 4422/1829/16 4424/1831/17 4423/1832/17 4421/1830/16
f 4424/1831/17 4426/1833/18 4425/1834/18 4423/1832/17
f 4426/1833/18 4428/1835/19 4427/1836/19 4425/1834/18
f 4428/1835/19 4430/1837/20 4429/1838/20 4427/1836/19
f 4430/1837/20 4432/1839/14 4431/1840/14 4429/1838/20
f 4432/1839/14 4434/1841/21 4433/1842/21 4431/1840/14
f 4434/1841/21 4436/1843/22 4435/1844/22 4433/1842/21
f 4436/1843/22 4438/1845/23 4437/1846/23 4435/1844/22
f 4438/1845/23 4440/1847/24 4439/1848/24 4437/1846/23
f 4440/1847/24 4442/1849/25 4441/1850/25 4439/1848/24
f 4442/1849/25 4444/1851/26 4443/1852/26 4441/1850/25
f 4444/1851/26 4446/1853/27 4445/1854/27 4443/1852/26
f 4446/1853/27 4448/1855/28 4447/1856/28 4445/1854/27
f 4448/1855/28 4450/1857/29 4449/1858/29 4447/1856/28
f 4450/1857/29 4452/1859/30 4451/1860/30 4449/1858/29
f 4452/1859/30 4454/1861/31 4453/1862/31 4451/1860/30
f 4454/1861/31 4456/1863/32 4455/1864/32 4453/1862/31
f 4456/1863/32 4458/1865/33 4457/1287/33 4455/1864/32
f 4458/1865/33 4460/1866/34 4459/1867/34 4457/1287/33
f 4460/1866/34 4462/1868/35 4461/1869/35 4459/1867/34
f 4462/1868/35 4464/1870/36 4463/1871/36 4461/1869/35
f 4464/1870/36 4466/1872/37 4465/1873/37 4463/1871/36
f 4466/1872/37 4468/1874/38 4467/1875/38 4465/1873/37
f 4468/1874/38 4470/1876/39 4469/1877/39 4467/1875/38
f 4470/1876/39 4472/1878/40 4471/1879/40 4469/1877/39
f 4472/1878/40 4474/1880/39 4473/1881/39 4471/1879/40
f 4474/1880/39 4476/1882/38 4475/1883/38 4473/1881/39
f 4476/1882/38 4478/1884/37 4477/1885/37 4475/1883/38
f 4478/1884/37 4480/1886/36 4479/1887/36 4477/1885/37
f 4480/1886/36 4482/1888/35 4481/1889/35 4479/1887/36
f 4482/1888/35 4484/1890/34 4483/1891/34 4481/1889/35
f 4484/1890/34 4486/1892/33 4485/1893/33 4483/1891/34
f 4486/1892/33 4488/1894/32 4487/1895/32 4485/1893/33
f 4488/1894/32 4490/1896/31 4489/1897/31 4487/1895/32
f 4490/1896/31 4492/1898/30 4491/1899/30 4489/1897/31
f 4492/1898/30 4494/1900/29 4493/1901/29 4491/1899/30
f 4494/1900/29 4496/1902/41 4495/1903/41 4493/1901/29
f 4496/1902/41 4498/1904/42 4497/1905/42 4495/1903/41
f 4498/1904/42 4500/1906/43 4499/1907/43 4497/1905/42
f 4500/1906/43 4502/1908/44 4501/1909/44 4499/1907/43
f 4502/1908/44 4504/1910/45 4503/1911/45 4501/1909/44
f 4504/1910/45 4506/1912/46 4505/1913/46 4503/1911/45
f 4506/1912/46 4508/1914/47 4507/1915/47 4505/1913/46
f 4508/1914/47 4510/1916/48 4509/1917/48 4507/1915/47
f 4510/1916/48 4512/1918/49 4511/1919/49 4509/1917/48
f 4512/1918/49 4514/1920/50 4513/1921/50 4511/1919/49
f 4514/1920/50 4516/1922/51 4515/1312/51 4513/1921/50
f 4516/1922/51 4518/1923/52 4517/1924/52 4515/1312/51
f 4518/1923/52 4520/1925/53 4519/1926/53 4517/1924/52
f 4520/1925/53 4522/1927/52 4521/1928/52 4519/1926/53
f 4522/1927/52 4524/1929/51 4523/1930/51 4521/1928/52
f 4524/1929/51 4526/1931/50 4525/1932/50 4523/1930/51
f 4526/1931/50 4528/1933/49 4527/1934/49 4525/1932/50
f 4528/1933/49 4530/1935/48 4529/1936/48 4527/1934/49
f 4530/1935/48 4532/1937/47 4531/1938/47 4529/1936/48
f 4532/1937/47 4534/1939/46 4533/1940/46 4531/1938/47
f 4534/1939/46 4536/1941/45 4535/1942/45 4533/1940/46
f 4536/1941/45 4538/1943/44 4537/1944/44 4535/1942/45
f 4538/1943/44 4540/1945/43 4539/1946/43 4537/1944/44
f 4540/1945/43 4542/1947/42 4541/1948/42 4539/1946/43
f 4542/1947/42 4544/1949/54 4543/1950/54 4541/1948/42
f 4544/1949/54 4546/1951/55 4545/1952/55 4543/1950/54
f 4546/1951/55 4548/1953/56 4547/1954/56 4545/1952/55
f 4548/1953/56 4550/1955/57 4549/1956/57 4547/1954/56
f 4550/1955/57 4552/1957/58 4551/1958/58 4549/1956/57
f 4552/1957/58 4554/1959/59 4553/1960/59 4551/1958/58
f 4554/1959/59 4556/1961/60 4555/1962/60 4553/1960/59
f 4556/1961/60 4558/1963/61 4557/1964/61 4555/1962/60
f 4558/1963/61 4560/1965/62 4559/1966/62 4557/1964/61
f 4560/1965/62 4562/1967/63 4561/1968/63 4559/1966/62
f 4562/1967/63 4564/1969/64 4563/1970/64 4561/1968/63
f 4564/1969/64 4566/1971/65 4565/1972/65 4563/1970/64
f 4566/1971/65 4568/1973/66 4567/1974/66 4565/1972/65
f 4568/1973/66 4570/1975/65 4569/1976/65 4567/1974/66
f 4570/1975/65 4572/1977/64 4571/1978/64 4569/1976/65
f 4572/1977/64 4574/1979/63 4573/1224/63 4571/1978/64
f 4574/1979/63 4576/1980/62 4575/1981/62 4573/1224/63
f 4576/1980/62 4578/1982/67 4577/1983/67 4575/1981/62
f 4578/1982/67 4580/1984/60 4579/1985/60 4577/1983/67
f 4580/1984/60 4582/1986/59 4581/1987/59 4579/1985/60
f 4582/1986/59 4584/1988/58 4583/1989/58 4581/1987/59
f 4584/1988/58 4586/1990/57 4585/1991/57 4583/1989/58
f 4586/1990/57 4588/1992/56 4587/1993/56 4585/1991/57
f 4588/1992/56 4590/1994/55 4589/1995/55 4587/1993/56
f 4590/1994/55 4592/1996/68 4591/1997/68 4589/1995/55
f 4592/1996/68 4594/1998/69 4593/1999/69 4591/1997/68
f 4594/1998/69 4596/2000/70 4595/2001/70 4593/1999/69
f 4596/2000/70 4598/2002/71 4597/2003/71 4595/2001/70
f 4598/2002/71 4600/2004/72 4599/2005/72 4597/2003/71
f 4600/2004/72 4602/2006/73 4601/2007/73 4599/2005/72
f 4602/2006/73 4604/2008/74 4603/2009/74 4601/2007/73
f 4604/2008/74 4606/2010/75 4605/2011/75 4603/2009/74
f 4606/2010/75 4608/2012/76 4607/2013/76 4605/2011/75
f 4608/2012/76 4610/2014/77 4609/2015/77 4607/2013/76
f 4610/2014/77 4612/2016/78 4611/2017/78 4609/2015/77
f 4612/2016/78 4614/2018/79 4613/2019/79 4611/2017/78
f 4614/2018/79 4616/2020/80 4615/2021/80 4613/2019/79
f 4616/2020/80 4618/2022/81 4617/2023/81 4615/2021/80
f 4618/2022/81 4620/2024/82 4619/2025/82 4617/2023/81
f 4620/2024/82 4622/2026/83 4621/2027/83 4619/2025/82
f 4622/2026/83 4624/2028/84 4623/2029/84 4621/2027/83
f 4624/2028/84 4626/2030/85 4625/2031/85 4623/2029/84
f 4626/2030/85 4628/2032/86 4627/2033/86 4625/2031/85
f 4628/2032/86 4630/2034/87 4629/2035/87 4627/2033/86
f 4630/2034/87 4632/2036/88 4631/1168/88 4629/2035/87
f 4632/2036/88 4634/2037/89 4633/2038/89 4631/1168/88
f 4634/2037/89 4636/2039/90 4635/2040/90 4633/2038/89
f 4636/2039/90 4638/2041/91 4637/2042/91 4635/2040/90
f 4638/2041/91 4640/2043/92 4639/2044/92 4637/2042/91
f 4640/2043/92 4642/2045/93 4641/2046/93 4639/2044/92
f 4642/2045/93 4644/2047/94 4643/2048/94 4641/2046/93
f 4644/2047/94 4646/2049/95 4645/2050/95 4643/2048/94
f 4646/2049/95 4648/2051/96 4647/2052/96 4645/2050/95
f 4648/2051/96 4650/2053/97 4649/2054/97 4647/2052/96
f 4650/2053/97 4652/2055/98 4651/2056/98 4649/2054/97
f 4652/2055/98 4654/2057/99 4653/2058/99 4651/2056/98
f 4654/2057/99 4656/2059/100 4655/2060/100 4653/2058/99
f 4656/2059/100 4658/2061/101 4657/2062/101 4655/2060/100
f 4658/2061/101 4660/2063/102 4659/2064/102 4657/2062/101
f 4660/2063/102 4662/2065/103 4661/2066/103 4659/2064/102
f 4662/2065/103 4664/2067/104 4663/2068/104 4661/2066/103
f 4664/2067/104 4666/2069/105 4665/2070/105 4663/2068/104
f 4666/2069/105 4668/2071/106 4667/2072/106 4665/2070/105
f 4668/2071/106 4670/2073/107 4669/2074/107 4667/2072/106
f 4670/2073/107 4672/2075/108 4671/2076/108 4669/2074/107
f 4672/2075/108 4674/2077/109 4673/2078/109 4671/2076/108
f 4674/2077/109 4676/2079/110 4675/2080/110 4673/2078/109
f 4676/2079/110 4678/2081/111 4677/2082/111 4675/2080/110
f 4678/2081/111 4680/2083/112 4679/2084/112 4677/2082/111
f 4680/2083/112 4682/2085/113 4681/2086/113 4679/2084/112
f 4682/2085/113 4684/2087/114 4683/2088/114 4681/2086/113
f 4684/2087/114 4686/2089/115 4685/2090/115 4683/2088/114
f 4686/2089/115 4688/2091/116 4687/2092/116 4685/2090/115
f 4688/2091/116 4690/2093/117 4689/1128/117 4687/2092/116
f 4690/2093/117 4692/2094/118 4691/2095/118 4689/1128/117
f 4692/2094/118 4694/2096/119 4693/2097/119 4691/2095/118
f 4694/2096/119 4696/2098/120 4695/2099/120 4693/2097/119
f 4696/2098/120 4698/2100/121 4697/2101/121 4695/2099/120
f 4698/2100/121 4700/2102/122 4699/2103/122 4697/2101/121
f 4700/2102/122 4702/2104/123 4701/2105/123 4699/2103/122
f 4702/2104/123 4704/2106/124 4703/2107/124 4701/2105/123
f 4704/2106/124 4706/2108/125 4705/2109/125 4703/2107/124
f 4706/2108/125 4708/2110/126 4707/2111/126 4705/2109/125
f 4708/2110/126 4710/2112/127 4709/2113/127 4707/2111/126
f 4710/2112/127 4712/2114/128 4711/2115/128 4709/2113/127
f 4712/2114/128 4714/2116/127 4713/2117/127 4711/2115/128
f 4714/2116/127 4716/2118/126 4715/2119/126 4713/2117/127
f 4716/2118/126 4718/2120/125 4717/2121/125 4715/2119/126
f 4718/2120/125 4720/2122/124 4719/2123/124 4717/2121/125
f 4720/2122/124 4722/2124/123 4721/2125/123 4719/2123/124
f 4722/2124/123 4724/2126/122 4723/2127/122 4721/2125/123
f 4724/2126/122 4726/2128/121 4725/2129/121 4723/2127/122
f 4726/2128/121 4728/2130/120 4727/2131/120 4725/2129/121
f 4728/2130/120 4730/2132/119 4729/2133/119 4727/2131/120
f 4730/2132/119 4732/2134/118 4731/2135/118 4729/2133/119
f 4732/2134/118 4734/2136/117 4733/2137/117 4731/2135/118
f 4734/2136/117 4736/2138/129 4735/2139/129 4733/2137/117
f 4736/2138/129 4738/2140/130 4737/2141/130 4735/2139/129
f 4738/2140/130 4740/2142/131 4739/2143/131 4737/2141/130
f 4740/2142/131 4742/2144/132 4741/2145/132 4739/2143/131
f 4742/2144/132 4744/2146/133 4743/2147/133 4741/2145/132
f 4744/2146/133 4746/2148/134 4745/2149/134 4743/2147/133
f 4746/2148/134 4748/2150/135 4747/1084/135 4745/2149/134
f 4748/2150/135 4750/2151/136 4749/2152/136 4747/1084/135
f 4750/2151/136 4752/2153/137 4751/2154/137 4749/2152/136
f 4752/2153/137 4754/2155/138 4753/2156/138 4751/2154/137
f 4754/2155/138 4756/2157/139 4755/2158/139 4753/2156/138
f 4756/2157/139 4758/2159/140 4757/2160/140 4755/2158/139
f 4758/2159/140 4760/2161/141 4759/2162/141 4757/2160/140
f 4760/2161/141 4762/2163/142 4761/2164/142 4759/2162/141
f 4762/2163/142 4764/2165/143 4763/2166/143 4761/2164/142
f 4764/2165/143 4766/2167/144 4765/2168/144 4763/2166/143
f 4766/2167/144 4768/2169/145 4767/2170/145 4765/2168/144
f 4768/2169/145 4770/2171/146 4769/2172/146 4767/2170/145
f 4770/2171/146 4772/2173/147 4771/2174/147 4769/2172/146
f 4772/2173/147 4774/2175/148 4773/2176/148 4771/2174/147
f 4774/2175/148 4776/2177/149 4775/2178/149 4773/2176/148
f 4776/2177/149 4778/2179/150 4777/2180/150 4775/2178/149
f 4778/2179/150 4780/2181/151 4779/2182/151 4777/2180/150
f 4780/2181/151 4782/2183/152 4781/2184/152 4779/2182/151
f 4782/2183/152 4784/2185/153 4783/2186/153 4781/2184/152
f 4784/2185/153 4786/2187/154 4785/2188/154 4783/2186/153
f 4786/2187/154 4788/2189/155 4787/2190/155 4785/2188/154
f 4788/2189/155 4790/2191/156 4789/2192/156 4787/2190/155
f 4790/2191/156 4792/2193/157 4791/2194/157 4789/2192/156
f 4792/2193/157 4794/2195/158 4793/2196/158 4791/2194/157
f 4794/2195/158 4796/2197/159 4795/2198/159 4793/2196/158
f 4796/2197/159 4798/2199/160 4797/2200/160 4795/2198/159
f 4798/2199/160 4800/2201/161 4799/2202/161 4797/2200/160
f 4800/2201/161 4802/2203/162 4801/2204/162 4799/2202/161
f 4802/2203/162 4804/2205/163 4803/2206/163 4801/2204/162
f 4804/2205/163 4806/2207/164 4805/996/164 4803/2206/163
f 4806/2207/164 4808/2208/165 4807/2209/165 4805/996/164
f 4808/2208/165 4810/2210/166 4809/2211/166 4807/2209/165
f 4810/2210/166 4812/2212/167 4811/2213/167 4809/2211/166
f 4812/2212/167 4814/2214/168 4813/2215/168 4811/2213/167
f 4814/2214/168 4816/2216/169 4815/2217/169 4813/2215/168
f 4816/2216/169 4818/2218/170 4817/2219/170 4815/2217/169
f 4818/2218/170 4820/2220/171 4819/2221/171 4817/2219/170
f 4820/2220/171 4822/2222/172 4821/2223/172 4819/2221/171
f 4822/2222/172 4824/2224/173 4823/2225/173 4821/2223/172
f 4824/2224/173 4826/2226/174 4825/2227/174 4823/2225/173
f 4826/2226/174 4828/2228/175 4827/2229/175 4825/2227/174
f 4828/2228/175 4830/2230/176 4829/2231/176 4827/2229/175
f 4830/2230/176 4832/2232/177 4831/2233/177 4829/2231/176
f 4832/2232/177 4834/2234/178 4833/2235/178 4831/2233/177
f 4834/2234/178 4836/2236/179 4835/2237/179 4833/2235/178
f 4836/2236/179 4838/2238/180 4837/2239/180 4835/2237/179
f 4838/2238/180 4840/2240/169 4839/2241/169 4837/2239/180
f 4840/2240/169 4842/2242/181 4841/2243/181 4839/2241/169
f 4842/2242/181 4844/2244/182 4843/2245/182 4841/2243/181
f 4844/2244/182 4846/2246/183 4845/2247/183 4843/2245/182
f 4846/2246/183 4848/2248/184 4847/2249/184 4845/2247/183
f 4848/2248/184 4850/2250/185 4849/2251/185 4847/2249/184
f 4850/2250/185 4852/2252/186 4851/2253/186 4849/2251/185
f 4852/2252/186 4854/2254/187 4853/2255/187 4851/2253/186
f 4854/2254/187 4856/2256/188 4855/2257/188 4853/2255/187
f 4856/2256/188 4858/2258/69 4857/2259/69 4855/2257/188
f 4858/2258/69 4860/2260/189 4859/2261/189 4857/2259/69
f 4860/2260/189 4862/2262/71 4861/2263/71 4859/2261/189
f 4862/2262/71 4864/2264/72 4863/1054/72 4861/2263/71
f 4864/2264/72 4866/2265/73 4865/2266/73 4863/1054/72
f 4866/2265/73 4868/2267/74 4867/2268/74 4865/2266/73
f 4868/2267/74 4870/2269/75 4869/2270/75 4867/2268/74
f 4870/2269/75 4872/2271/76 4871/2272/76 4869/2270/75
f 4872/2271/76 4874/2273/77 4873/2274/77 4871/2272/76
f 4874/2273/77 4876/2275/78 4875/2276/78 4873/2274/77
f 4876/2275/78 4878/2277/79 4877/2278/79 4875/2276/78
f 4878/2277/79 4880/2279/80 4879/2280/80 4877/2278/79
f 4880/2279/80 4882/2281/81 4881/2282/81 4879/2280/80
f 4882/2281/81 4884/2283/82 4883/2284/82 4881/2282/81
f 4884/2283/82 4886/2285/83 4885/2286/83 4883/2284/82
f 4886/2285/83 4888/2287/84 4887/2288/84 4885/2286/83
f 4888/2287/84 4890/2289/190 4889/2290/190 4887/2288/84
f 4890/2289/190 4892/2291/86 4891/2292/86 4889/2290/190
f 4892/2291/86 4894/2293/87 4893/2294/87 4891/2292/86
f 4894/2293/87 4896/2295/88 4895/2296/88 4893/2294/87
f 4896/2295/88 4898/2297/89 4897/2298/89 4895/2296/88
f 4898/2297/89 4900/2299/90 4899/2300/90 4897/2298/89
f 4900/2299/90 4902/2301/91 4901/2302/91 4899/2300/90
f 4902/2301/91 4904/2303/191 4903/2304/191 4901/2302/91
f 4904/2303/191 4906/2305/192 4905/2306/192 4903/2304/191
f 4906/2305/192 4908/2307/193 4907/2308/193 4905/2306/192
f 4908/2307/193 4910/2309/194 4909/2310/194 4907/2308/193
f 4910/2309/194 4912/2311/195 4911/2312/195 4909/2310/194
f 4912/2311/195 4914/2313/196 4913/2314/196 4911/2312/195
f 4914/2313/196 4916/2315/197 4915/2316/197 4913/2314/196
f 4916/2315/197 4918/2317/198 4917/2318/198 4915/2316/197
f 4918/2317/198 4920/2319/199 4919/2320/199 4917/2318/198
f 4920/2319/199 4922/2321/200 4921/1124/200 4919/2320/199
f 4922/2321/200 4924/2322/201 4923/2323/201 4921/1124/200
f 4924/2322/201 4926/2324/202 4925/2325/202 4923/2323/201
f 4926/2324/202 4928/2326/203 4927/2327/203 4925/2325/202
f 4928/2326/203 4930/2328/204 4929/2329/204 4927/2327/203
f 4930/2328/204 4932/2330/205 4931/2331/205 4929/2329/204
f 4932/2330/205 4934/2332/206 4933/2333/206 4931/2331/205
f 4934/2332/206 4936/2334/207 4935/2335/207 4933/2333/206
f 4936/2334/207 4938/2336/208 4937/2337/208 4935/2335/207
f 4938/2336/208 4940/2338/209 4939/2339/209 4937/2337/208
f 4940/2338/209 4942/2340/210 4941/2341/210 4939/2339/209
f 4942/2340/210 4944/2342/211 4943/2343/211 4941/2341/210
f 4944/2342/211 4946/2344/212 4945/2345/212 4943/2343/211
f 4946/2344/212 4948/2346/213 4947/2347/213 4945/2345/212
f 4948/2346/213 4950/2348/214 4949/2349/214 4947/2347/213
f 4950/2348/214 4952/2350/215 4951/2351/215 4949/2349/214
f 4952/2350/215 4954/2352/216 4953/2353/216 4951/2351/215
f 4954/2352/216 4956/2354/217 4955/2355/217 4953/2353/216
f 4956/2354/217 4958/2356/218 4957/2357/218 4955/2355/217
f 4958/2356/218 4960/2358/219 4959/2359/219 4957/2357/218
f 4960/2358/219 4962/2360/220 4961/2361/220 4959/2359/219
f 4962/2360/220 4964/2362/221 4963/2363/221 4961/2361/220
f 4964/2362/221 4966/2364/222 4965/2365/222 4963/2363/221
f 4966/2364/222 4968/2366/223 4967/2367/223 4965/2365/222
f 4968/2366/223 4970/2368/224 4969/2369/224 4967/2367/223
f 4970/2368/224 4972/2370/225 4971/2371/225 4969/2369/224
f 4972/2370/225 4974/2372/226 4973/2373/226 4971/2371/225
f 4974/2372/226 4976/2374/227 4975/2375/227 4973/2373/226
f 4976/2374/227 4978/2376/226 4977/2377/226 4975/2375/227
f 4978/2376/226 4980/2378/225 4979/1174/225 4977/2377/226
f 4980/2378/225 4982/2379/224 4981/2380/224 4979/1174/225
f 4982/2379/224 4984/2381/223 4983/2382/223 4981/2380/224
f 4984/2381/223 4986/2383/222 4985/2384/222 4983/2382/223
f 4986/2383/222 4988/2385/221 4987/2386/221 4985/2384/222
f 4988/2385/221 4990/2387/220 4989/2388/220 4987/2386/221
f 4990/2387/220 4992/2389/219 4991/2390/219 4989/2388/220
f 4992/2389/219 4994/2391/218 4993/2392/218 4991/2390/219
f 4994/2391/218 4996/2393/217 4995/2394/217 4993/2392/218
f 4996/2393/217 4998/2395/216 4997/2396/216 4995/2394/217
f 4998/2395/216 5000/2397/228 4999/2398/228 4997/2396/216
f 5000/2397/228 5002/2399/229 5001/2400/229 4999/2398/228
f 5002/2399/229 5004/2401/230 5003/2402/230 5001/2400/229
f 5004/2401/230 5006/2403/132 5005/2404/132 5003/2402/230
f 5006/2403/132 5008/2405/231 5007/2406/231 5005/2404/132
f 5008/2405/231 5010/2407/232 5009/2408/232 5007/2406/231
f 5010/2407/232 5012/2409/233 5011/2410/233 5009/2408/232
f 5012/2409/233 5014/2411/234 5013/2412/234 5011/2410/233
f 5014/2411/234 5016/2413/235 5015/2414/235 5013/2412/234
f 5016/2413/235 5018/2415/236 5017/2416/236 5015/2414/235
f 5018/2415/236 5020/2417/237 5019/2418/237 5017/2416/236
f 5020/2417/237 5022/2419/238 5021/2420/238 5019/2418/237
f 5022/2419/238 5024/2421/239 5023/2422/239 5021/2420/238
f 5024/2421/239 5026/2423/238 5025/2424/238 5023/2422/239
f 5026/2423/238 5028/2425/237 5027/2426/237 5025/2424/238
f 5028/2425/237 5030/2427/236 5029/2428/236 5027/2426/237
f 5030/2427/236 5032/2429/235 5031/2430/235 5029/2428/236
f 5032/2429/235 5034/2431/234 5033/2432/234 5031/2430/235
f 5034/2431/234 5036/2433/233 5035/2434/233 5033/2432/234
f 5036/2433/233 5038/2435/232 5037/1220/232 5035/2434/233
f 5038/2435/232 5040/2436/231 5039/2437/231 5037/1220/232
f 5040/2436/231 5042/2438/132 5041/2439/132 5039/2437/231
f 5042/2438/132 5044/2440/230 5043/2441/230 5041/2439/132
f 5044/2440/230 5046/2442/229 5045/2443/229 5043/2441/230
f 5046/2442/229 5048/2444/240 5047/2445/240 5045/2443/229
f 5048/2444/240 5050/2446/241 5049/2447/241 5047/2445/240
f 5050/2446/241 5052/2448/242 5051/2449/242 5049/2447/241
f 5052/2448/242 5054/2450/243 5053/2451/243 5051/2449/242
f 5054/2450/243 5056/2452/244 5055/2453/244 5053/2451/243
f 5056/2452/244 5058/2454/245 5057/2455/245 5055/2453/244
f 5058/2454/245 5060/2456/246 5059/2457/246 5057/2455/245
f 5060/2456/246 5062/2458/247 5061/2459/247 5059/2457/246
f 5062/2458/247 5064/2460/248 5063/2461/248 5061/2459/247
f 5064/2460/248 5066/2462/249 5065/2463/249 5063/2461/248
f 5066/2462/249 5068/2464/250 5067/2465/250 5065/2463/249
f 5068/2464/250 5070/2466/251 5069/2467/251 5067/2465/250
f 5070/2466/251 5072/2468/252 5071/2469/252 5069/2467/251
f 5072/2468/252 5074/2470/253 5073/2471/253 5071/2469/252
f 5074/2470/253 5076/2472/254 5075/2473/254 5073/2471/253
f 5076/2472/254 5078/2474/255 5077/2475/255 5075/2473/254
f 5078/2474/255 5080/2476/256 5079/2477/256 5077/2475/255
f 5080/2476/256 5082/2478/257 5081/2479/257 5079/2477/256
f 5082/2478/257 5084/2480/258 5083/2481/258 5081/2479/257
f 5084/2480/258 5086/2482/259 5085/2483/259 5083/2481/258
f 5086/2482/259 5088/2484/260 5087/2485/260 5085/2483/259
f 5088/2484/260 5090/2486/261 5089/2487/261 5087/2485/260
f 5090/2486/261 5092/2488/262 5091/2489/262 5089/2487/261
f 5092/2488/262 5094/2490/263 5093/2491/263 5091/2489/262
f 5094/2490/263 5096/2492/264 5095/1262/264 5093/2491/263
f 5096/2492/264 5098/2493/265 5097/2494/265 5095/1262/264
f 5098/2493/265 5100/2495/266 5099/2496/266 5097/2494/265
f 5100/2495/266 5102/2497/267 5101/2498/267 5099/2496/266
f 5102/2497/267 5104/2499/268 5103/2500/268 5101/2498/267
f 5104/2499/268 5106/2501/269 5105/2502/269 5103/2500/268
f 5106/2501/269 5108/2503/270 5107/2504/270 5105/2502/269
f 5108/2503/270 5110/2505/271 5109/2506/271 5107/2504/270
f 5110/2505/271 5112/2507/272 5111/2508/272 5109/2506/271
f 5112/2507/272 5114/2509/273 5113/2510/273 5111/2508/272
f 5114/2509/273 5116/2511/274 5115/2512/274 5113/2510/273
f 5116/2511/274 5118/2513/275 5117/2514/275 5115/2512/274
f 5118/2513/275 5120/2515/276 5119/2516/276 5117/2514/275
f 5120/2515/276 5122/2517/277 5121/2518/277 5119/2516/276
f 5122/2517/277 5124/2519/278 5123/2520/278 5121/2518/277
f 5124/2519/278 5126/2521/279 5125/2522/279 5123/2520/278
f 5126/2521/279 5128/2523/280 5127/2524/280 5125/2522/279
f 5128/2523/280 5130/2525/281 5129/2526/281 5127/2524/280
f 5130/2525/281 5132/2527/282 5131/2528/282 5129/2526/281
f 5132/2527/282 5134/2529/283 5133/2530/283 5131/2528/282
f 5134/2529/283 5136/2531/284 5135/2532/284 5133/2530/283
f 5136/2531/284 5138/2533/285 5137/2534/285 5135/2532/284
f 5138/2533/285 5140/2535/286 5139/2536/286 5137/2534/285
f 5140/2535/286 5142/2537/287 5141/2538/287 5139/2536/286
f 5142/2537/287 5144/2539/288 5143/2540/288 5141/2538/287
f 5144/2539/288 5146/2541/289 5145/2542/289 5143/2540/288
f 5146/2541/289 5148/2543/290 5147/2544/290 5145/2542/289
f 5148/2543/290 5150/2545/291 5149/2546/291 5147/2544/290
f 5150/2545/291 5152/2547/292 5151/2548/292 5149/2546/291
f 5152/2547/292 5154/2549/293 5153/1242/293 5151/2548/292
f 5154/2549/293 5156/2550/294 5155/2551/294 5153/1242/293
f 5156/2550/294 5158/2552/295 5157/2553/295 5155/2551/294
f 5158/2552/295 5160/2554/296 5159/2555/296 5157/2553/295
f 5160/2554/296 5162/2556/297 5161/2557/297 5159/2555/296
f 5162/2556/297 5164/2558/298 5163/2559/298 5161/2557/297
f 5164/2558/298 5166/2560/299 5165/2561/299 5163/2559/298
f 5166/2560/299 5168/2562/300 5167/2563/300 5165/2561/299
f 5168/2562/300 5170/2564/299 5169/2565/299 5167/2563/300
f 5170/2564/299 5172/2566/298 5171/2567/298 5169/2565/299
f 5172/2566/298 5174/2568/297 5173/2569/297 5171/2567/298
f 5174/2568/297 5176/2570/296 5175/2571/296 5173/2569/297
f 5176/2570/296 5178/2572/295 5177/2573/295 5175/2571/296
f 5178/2572/295 5180/2574/294 5179/2575/294 5177/2573/295
f 5180/2574/294 5182/2576/293 5181/2577/293 5179/2575/294
f 5182/2576/293 5184/2578/292 5183/2579/292 5181/2577/293
f 5184/2578/292 5186/2580/291 5185/2581/291 5183/2579/292
f 5186/2580/291 5188/2582/290 5187/2583/290 5185/2581/291
f 5188/2582/290 5190/2584/289 5189/2585/289 5187/2583/290
f 5190/2584/289 5192/2586/301 5191/2587/301 5189/2585/289
f 5192/2586/301 5194/2588/302 5193/2589/302 5191/2587/301
f 5194/2588/302 5196/2590/300 5195/2591/300 5193/2589/302
f 5196/2590/300 5198/2592/303 5197/2593/303 5195/2591/300
f 5198/2592/303 5200/2594/304 5199/2595/304 5197/2593/303
f 5200/2594/304 5202/2596/305 5201/2597/305 5199/2595/304
f 5202/2596/305 5204/2598/306 5203/2599/306 5201/2597/305
f 5204/2598/306 5206/2600/307 5205/2601/307 5203/2599/306
f 5206/2600/307 5208/2602/308 5207/2603/308 5205/2601/307
f 5208/2602/308 5210/2604/309 5209/2605/309 5207/2603/308
f 5210/2604/309 5212/2606/40 5211/1090/40 5209/2605/309
f 5212/2606/40 5214/2607/310 5213/2608/310 5211/1090/40
f 5214/2607/310 5216/2609/311 5215/2610/311 5213/2608/310
f 5216/2609/311 5218/2611/312 5217/2612/312 5215/2610/311
f 5218/2611/312 5220/2613/313 5219/2614/313 5217/2612/312
f 5220/2613/313 5222/2615/314 5221/2616/314 5219/2614/313
f 5222/2615/314 5224/2617/305 5223/2618/305 5221/2616/314
f 5224/2617/305 5226/2619/315 5225/2620/315 5223/2618/305
f 5226/2619/315 5228/2621/316 5227/2622/316 5225/2620/315
f 5228/2621/316 5230/2623/317 5229/2624/317 5227/2622/316
f 5230/2623/317 5232/2625/318 5231/2626/318 5229/2624/317
f 5232/2625/318 5234/2627/319 5233/2628/319 5231/2626/318
f 5234/2627/319 5236/2629/320 5235/2630/320 5233/2628/319
f 5236/2629/320 5238/2631/55 5237/2632/55 5235/2630/320
f 5238/2631/55 5240/2633/321 5239/2634/321 5237/2632/55
f 5240/2633/321 5242/2635/322 5241/2636/322 5239/2634/321
f 5242/2635/322 5244/2637/323 5243/2638/323 5241/2636/322
f 5244/2637/323 5246/2639/324 5245/2640/324 5243/2638/323
f 5246/2639/324 5248/2641/325 5247/2642/325 5245/2640/324
f 5248/2641/325 5250/2643/326 5249/2644/326 5247/2642/325
f 5250/2643/326 5252/2645/327 5251/2646/327 5249/2644/326
f 5252/2645/327 5254/2647/328 5253/2648/328 5251/2646/327
f 5254/2647/328 5256/2649/329 5255/2650/329 5253/2648/328
f 5256/2649/329 5258/2651/330 5257/2652/330 5255/2650/329
f 5258/2651/330 5260/2653/331 5259/2654/331 5257/2652/330
f 5260/2653/331 5262/2655/332 5261/2656/332 5259/2654/331
f 5262/2655/332 5264/2657/333 5263/2658/333 5261/2656/332
f 5264/2657/333 5266/2659/334 5265/2660/334 5263/2658/333
f 5266/2659/334 5268/2661/335 5267/2662/335 5265/2660/334
f 5268/2661/335 5270/2663/336 5269/1020/336 5267/2662/335
f 5270/2663/336 5272/2664/337 5271/2665/337 5269/1020/336
f 5272/2664/337 5274/2666/338 5273/2667/338 5271/2665/337
f 5274/2666/338 5276/2668/339 5275/2669/339 5273/2667/338
f 5276/2668/339 5278/2670/139 5277/2671/139 5275/2669/339
f 5278/2670/139 5280/2672/340 5279/2673/340 5277/2671/139
f 5280/2672/340 5282/2674/341 5281/2675/341 5279/2673/340
f 5282/2674/341 5284/2676/342 5283/2677/342 5281/2675/341
f 5284/2676/342 5286/2678/343 5285/2679/343 5283/2677/342
f 5286/2678/343 5288/2680/344 5287/2681/344 5285/2679/343
f 5288/2680/344 5290/2682/345 5289/2683/345 5287/2681/344
f 5290/2682/345 5292/2684/346 5291/2685/346 5289/2683/345
f 5292/2684/346 5294/2686/347 5293/2687/347 5291/2685/346
f 5294/2686/347 5296/2688/348 5295/2689/348 5293/2687/347
f 5296/2688/348 5298/2690/349 5297/2691/349 5295/2689/348
f 5298/2690/349 5300/2692/350 5299/2693/350 5297/2691/349
f 5300/2692/350 5302/2694/351 5301/2695/351 5299/2693/350
f 5302/2694/351 5304/2696/352 5303/2697/352 5301/2695/351
f 5304/2696/352 5306/2698/353 5305/2699/353 5303/2697/352
f 5306/2698/353 5308/2700/354 5307/2701/354 5305/2699/353
f 5308/2700/354 5310/2702/355 5309/2703/355 5307/2701/354
f 5310/2702/355 5312/2704/356 5311/2705/356 5309/2703/355
f 5312/2704/356 5314/2706/357 5313/2707/357 5311/2705/356
f 5314/2706/357 5316/2708/358 5315/2709/358 5313/2707/357
f 5316/2708/358 5318/2710/359 5317/2711/359 5315/2709/358
f 5318/2710/359 5320/2712/360 5319/2713/360 5317/2711/359
f 5320/2712/360 5322/2714/361 5321/2715/361 5319/2713/360
f 5322/2714/361 5324/2716/362 5323/2717/362 5321/2715/361
f 5324/2716/362 5326/2718/363 5325/2719/363 5323/2717/362
f 5326/2718/363 5328/2720/364 5327/1059/364 5325/2719/363
f 5328/2720/364 5330/2721/365 5329/2722/365 5327/1059/364
f 5330/2721/365 5332/2723/366 5331/2724/366 5329/2722/365
f 5332/2723/366 5334/2725/367 5333/2726/367 5331/2724/366
f 5334/2725/367 5336/2727/368 5335/2728/368 5333/2726/367
f 5336/2727/368 5338/2729/369 5337/2730/369 5335/2728/368
f 5338/2729/369 5340/2731/370 5339/2732/370 5337/2730/369
f 5340/2731/370 5342/2733/371 5341/2734/371 5339/2732/370
f 5342/2733/371 5344/2735/372 5343/2736/372 5341/2734/371
f 5344/2735/372 5346/2737/373 5345/2738/373 5343/2736/372
f 5346/2737/373 5348/2739/374 5347/2740/374 5345/2738/373
f 5348/2739/374 5350/2741/375 5349/2742/375 5347/2740/374
f 5350/2741/375 5352/2743/376 5351/2744/376 5349/2742/375
f 5352/2743/376 5354/2745/377 5353/2746/377 5351/2744/376
f 5354/2745/377 5356/2747/378 5355/2748/378 5353/2746/377
f 5356/2747/378 5358/2749/379 5357/2750/379 5355/2748/378
f 5358/2749/379 5360/2751/380 5359/2752/380 5357/2750/379
f 5360/2751/380 5362/2753/381 5361/2754/381 5359/2752/380
f 5362/2753/381 5364/2755/382 5363/2756/382 5361/2754/381
f 5364/2755/382 5366/2757/383 5365/2758/383 5363/2756/382
f 5366/2757/383 5368/2759/384 5367/2760/384 5365/2758/383
f 5368/2759/384 5370/2761/385 5369/2762/385 5367/2760/384
f 5370/2761/385 5372/2763/386 5371/2764/386 5369/2762/385
f 5372/2763/386 5374/2765/387 5373/2766/387 5371/2764/386
f 5374/2765/387 5376/2767/388 5375/2768/388 5373/2766/387
f 5376/2767/388 5378/2769/389 5377/2770/389 5375/2768/388
f 5378/2769/389 5380/2771/390 5379/2772/390 5377/2770/389
f 5380/2771/390 5382/2773/391 5381/2774/391 5379/2772/390
f 5382/2773/391 5384/2775/392 5383/2776/392 5381/2774/391
f 5384/2775/392 4400/2777/5 4399/418/5 5383/2776/392
f 5386/1808/393 5388/2778/394 5387/2779/394 5385/424/393
f 5388/2778/394 5390/2780/395 5389/2781/395 5387/2779/394
f 5390/2780/395 5392/2782/396 5391/2783/396 5389/2781/395
f 5392/2782/396 5394/2784/397 5393/2785/397 5391/2783/396
f 5394/2784/397 5396/2786/398 5395/2787/398 5393/2785/397
f 5396/2786/398 5398/2788/399 5397/2789/399 5395/2787/398
f 5398/2788/399 5400/2790/400 5399/2791/400 5397/2789/399
f 5400/2790/400 5402/2792/401 5401/2793/401 5399/2791/400
f 5402/2792/401 5404/2794/402 5403/2795/402 5401/2793/401
f 5404/2794/402 5406/2796/403 5405/2797/403 5403/2795/402
f 5406/2796/403 5408/2798/404 5407/2799/404 5405/2797/403
f 5408/2798/404 5410/2800/405 5409/2801/405 5407/2799/404
f 5410/2800/405 5412/2802/406 5411/2803/406 5409/2801/405
f 5412/2802/406 5414/2804/407 5413/2805/407 5411/2803/406
f 5414/2804/407 5416/2806/408 5415/2807/408 5413/2805/407
f 5416/2806/408 5418/2808/409 5417/1481/409 5415/2807/408
f 5418/2808/409 5420/2809/410 5419/2810/410 5417/1481/409
f 5420/2809/410 5422/2811/411 5421/2812/411 5419/2810/410
f 5422/2811/411 5424/2813/412 5423/2814/412 5421/2812/411
f 5424/2813/412 5426/2815/413 5425/2816/413 5423/2814/412
f 5426/2815/413 5428/2817/414 5427/2818/414 5425/2816/413
f 5428/2817/414 5430/2819/415 5429/2820/415 5427/2818/414
f 5430/2819/415 5432/2821/416 5431/2822/416 5429/2820/415
f 5432/2821/416 5434/2823/417 5433/2824/417 5431/2822/416
f 5434/2823/417 5436/2825/418 5435/2826/418 5433/2824/417
f 5436/2825/418 5438/2827/419 5437/2828/419 5435/2826/418
f 5438/2827/419 5440/2829/420 5439/2830/420 5437/2828/419
f 5440/2829/420 5442/2831/421 5441/2832/421 5439/2830/420
f 5442/2831/421 5444/2833/422 5443/2834/422 5441/2832/421
f 5444/2833/422 5446/2835/423 5445/2836/423 5443/2834/422
f 5446/2835/423 5448/2837/424 5447/2838/424 5445/2836/423
f 5448/2837/424 5450/2839/425 5449/1656/425 5447/2838/424
f 5450/2839/425 5452/2840/426 5451/2841/426 5449/1656/425
f 5452/2840/426 5454/2842/427 5453/2843/427 5451/2841/426
f 5454/2842/427 5456/2844/428 5455/2845/428 5453/2843/427
f 5456/2844/428 5458/2846/429 5457/2847/429 5455/2845/428
f 5458/2846/429 5460/2848/430 5459/2849/430 5457/2847/429
f 5460/2848/430 5462/2850/431 5461/2851/431 5459/2849/430
f 5462/2850/431 5464/2852/432 5463/2853/432 5461/2851/431
f 5464/2852/432 5466/2854/433 5465/2855/433 5463/2853/432
f 5466/2854/433 5468/2856/434 5467/2857/434 5465/2855/433
f 5468/2856/434 5470/2858/435 5469/2859/435 5467/2857/434
f 5470/2858/435 5472/2860/436 5471/2861/436 5469/2859/435
f 5472/2860/436 5474/2862/437 5473/2863/437 5471/2861/436
f 5474/2862/437 5476/2864/438 5475/2865/438 5473/2863/437
f 5476/2864/438 5478/2866/439 5477/2867/439 5475/2865/438
f 5478/2866/439 5480/2868/440 5479/2869/440 5477/2867/439
f 5480/2868/440 5482/2870/441 5481/1779/441 5479/2869/440
f 5482/2870/441 5484/2871/442 5483/2872/442 5481/1779/441
f 5484/2871/442 5486/2873/443 5485/2874/443 5483/2872/442
f 5486/2873/443 5488/2875/444 5487/2876/444 5485/2874/443
f 5488/2875/444 5490/2877/445 5489/2878/445 5487/2876/444
f 5490/2877/445 5492/2879/446 5491/2880/446 5489/2878/445
f 5492/2879/446 5494/2881/447 5493/2882/447 5491/2880/446
f 5494/2881/447 5496/2883/448 5495/2884/448 5493/2882/447
f 5496/2883/448 5498/2885/449 5497/2886/449 5495/2884/448
f 5498/2885/449 5500/2887/450 5499/2888/450 5497/2886/449
f 5500/2887/450 5502/2889/451 5501/2890/451 5499/2888/450
f 5502/2889/451 5504/2891/452 5503/2892/452 5501/2890/451
f 5504/2891/452 5506/2893/453 5505/2894/453 5503/2892/452
f 5506/2893/453 5508/2895/454 5507/2896/454 5505/2894/453
f 5508/2895/454 5510/2897/455 5509/2898/455 5507/2896/454
f 5510/2897/455 5512/2899/456 5511/2900/456 5509/2898/455
f 5512/2899/456 5514/2901/457 5513/1635/457 5511/2900/456
f 5514/2901/457 5516/2902/458 5515/2903/458 5513/1635/457
f 5516/2902/458 5518/2904/459 5517/2905/459 5515/2903/458
f 5518/2904/459 5520/2906/460 5519/2907/460 5517/2905/459
f 5520/2906/460 5522/2908/461 5521/2909/461 5519/2907/460
f 5522/2908/461 5524/2910/462 5523/2911/462 5521/2909/461
f 5524/2910/462 5526/2912/463 5525/2913/463 5523/2911/462
f 5526/2912/463 5528/2914/464 5527/2915/464 5525/2913/463
f 5528/2914/464 5530/2916/465 5529/2917/465 5527/2915/464
f 5530/2916/465 5532/2918/466 5531/2919/466 5529/2917/465
f 5532/2918/466 5534/2920/467 5533/2921/467 5531/2919/466
f 5534/2920/467 5536/2922/468 5535/2923/468 5533/2921/467
f 5536/2922/468 5538/2924/469 5537/2925/469 5535/2923/468
f 5538/2924/469 5540/2926/470 5539/2927/470 5537/2925/469
f 5540/2926/470 5542/2928/471 5541/2929/471 5539/2927/470
f 5542/2928/471 5544/2930/472 5543/2931/472 5541/2929/471
f 5544/2930/472 5546/2932/473 5545/1629/473 5543/2931/472
f 5546/2932/473 5548/2933/474 5547/2934/474 5545/1629/473
f 5548/2933/474 5550/2935/475 5549/2936/475 5547/2934/474
f 5550/2935/475 5552/2937/476 5551/2938/476 5549/2936/475
f 5552/2937/476 5554/2939/477 5553/2940/477 5551/2938/476
f 5554/2939/477 5556/2941/478 5555/2942/478 5553/2940/477
f 5556/2941/478 5558/2943/479 5557/2944/479 5555/2942/478
f 5558/2943/479 5560/2945/480 5559/2946/480 5557/2944/479
f 5560/2945/480 5562/2947/481 5561/2948/481 5559/2946/480
f 5562/2947/481 5564/2949/482 5563/2950/482 5561/2948/481
f 5564/2949/482 5566/2951/483 5565/2952/483 5563/2950/482
f 5566/2951/483 5568/2953/484 5567/2954/484 5565/2952/483
f 5568/2953/484 5570/2955/485 5569/2956/485 5567/2954/484
f 5570/2955/485 5572/2957/486 5571/2958/486 5569/2956/485
f 5572/2957/486 5574/2959/487 5573/2960/487 5571/2958/486
f 5574/2959/487 5576/2961/488 5575/2962/488 5573/2960/487
f 5576/2961/488 5578/2963/264 5577/1796/264 5575/2962/488
f 5578/2963/264 5580/2964/489 5579/2965/489 5577/1796/264
f 5580/2964/489 5582/2966/490 5581/2967/490 5579/2965/489
f 5582/2966/490 5584/2968/491 5583/2969/491 5581/2967/490
f 5584/2968/491 5586/2970/492 5585/2971/492 5583/2969/491
f 5586/2970/492 5588/2972/493 5587/2973/493 5585/2971/492
f 5588/2972/493 5590/2974/494 5589/2975/494 5587/2973/493
f 5590/2974/494 5592/2976/495 5591/2977/495 5589/2975/494
f 5592/2976/495 5594/2978/496 5593/2979/496 5591/2977/495
f 5594/2978/496 5596/2980/497 5595/2981/497 5593/2979/496
f 5596/2980/497 5598/2982/498 5597/2983/498 5595/2981/497
f 5598/2982/498 5600/2984/499 5599/2985/499 5597/2983/498
f 5600/2984/499 5602/2986/500 5601/2987/500 5599/2985/499
f 5602/2986/500 5604/2988/501 5603/2989/501 5601/2987/500
f 5604/2988/501 5606/2990/502 5605/2991/502 5603/2989/501
f 5606/2990/502 5608/2992/503 5607/2993/503 5605/2991/502
f 5608/2992/503 5610/2994/504 5609/1662/504 5607/2993/503
f 5610/2994/504 5612/2995/505 5611/2996/505 5609/1662/504
f 5612/2995/505 5614/2997/506 5613/2998/506 5611/2996/505
f 5614/2997/506 5616/2999/507 5615/3000/507 5613/2998/506
f 5616/2999/507 5618/3001/508 5617/3002/508 5615/3000/507
f 5618/3001/508 5620/3003/509 5619/3004/509 5617/3002/508
f 5620/3003/509 5622/3005/510 5621/3006/510 5619/3004/509
f 5622/3005/510 5624/3007/511 5623/3008/511 5621/3006/510
f 5624/3007/511 5626/3009/512 5625/3010/512 5623/3008/511
f 5626/3009/512 5628/3011/513 5627/3012/513 5625/3010/512
f 5628/3011/513 5630/3013/514 5629/3014/514 5627/3012/513
f 5630/3013/514 5632/3015/515 5631/3016/515 5629/3014/514
f 5632/3015/515 5634/3017/516 5633/3018/516 5631/3016/515
f 5634/3017/516 5636/3019/517 5635/3020/517 5633/3018/516
f 5636/3019/517 5638/3021/30 5637/3022/30 5635/3020/517
f 5638/3021/30 5640/3023/518 5639/3024/518 5637/3022/30
f 5640/3023/518 5642/3025/183 5641/1386/183 5639/3024/518
f 5642/3025/183 5644/3026/519 5643/3027/519 5641/1386/183
f 5644/3026/519 5646/3028/520 5645/3029/520 5643/3027/519
f 5646/3028/520 5648/3030/521 5647/3031/521 5645/3029/520
f 5648/3030/521 5650/3032/522 5649/3033/522 5647/3031/521
f 5650/3032/522 5652/3034/523 5651/3035/523 5649/3033/522
f 5652/3034/523 5654/3036/524 5653/3037/524 5651/3035/523
f 5654/3036/524 5656/3038/525 5655/3039/525 5653/3037/524
f 5656/3038/525 5658/3040/526 5657/3041/526 5655/3039/525
f 5658/3040/526 5660/3042/527 5659/3043/527 5657/3041/526
f 5660/3042/527 5662/3044/528 5661/3045/528 5659/3043/527
f 5662/3044/528 5664/3046/529 5663/3047/529 5661/3045/528
f 5664/3046/529 5666/3048/530 5665/3049/530 5663/3047/529
f 5666/3048/530 5668/3050/531 5667/3051/531 5665/3049/530
f 5668/3050/531 5670/3052/532 5669/3053/532 5667/3051/531
f 5670/3052/532 5672/3054/533 5671/3055/533 5669/3053/532
f 5672/3054/533 5674/3056/534 5673/1391/534 5671/3055/533
f 5674/3056/534 5676/3057/535 5675/3058/535 5673/1391/534
f 5676/3057/535 5678/3059/536 5677/3060/536 5675/3058/535
f 5678/3059/536 5680/3061/537 5679/3062/537 5677/3060/536
f 5680/3061/537 5682/3063/538 5681/3064/538 5679/3062/537
f 5682/3063/538 5684/3065/539 5683/3066/539 5681/3064/538
f 5684/3065/539 5686/3067/540 5685/3068/540 5683/3066/539
f 5686/3067/540 5688/3069/541 5687/3070/541 5685/3068/540
f 5688/3069/541 5690/3071/542 5689/3072/542 5687/3070/541
f 5690/3071/542 5692/3073/543 5691/3074/543 5689/3072/542
f 5692/3073/543 5694/3075/544 5693/3076/544 5691/3074/543
f 5694/3075/544 5696/3077/545 5695/3078/545 5693/3076/544
f 5696/3077/545 5698/3079/546 5697/3080/546 5695/3078/545
f 5698/3079/546 5700/3081/547 5699/3082/547 5697/3080/546
f 5700/3081/547 5702/3083/548 5701/3084/548 5699/3082/547
f 5702/3083/548 5704/3085/549 5703/3086/549 5701/3084/548
f 5704/3085/549 5706/3087/550 5705/1547/550 5703/3086/549
f 5706/3087/550 5708/3088/551 5707/3089/551 5705/1547/550
f 5708/3088/551 5710/3090/552 5709/3091/552 5707/3089/551
f 5710/3090/552 5712/3092/553 5711/3093/553 5709/3091/552
f 5712/3092/553 5714/3094/554 5713/3095/554 5711/3093/553
f 5714/3094/554 5716/3096/555 5715/3097/555 5713/3095/554
f 5716/3096/555 5718/3098/556 5717/3099/556 5715/3097/555
f 5718/3098/556 5720/3100/557 5719/3101/557 5717/3099/556
f 5720/3100/557 5722/3102/558 5721/3103/558 5719/3101/557
f 5722/3102/558 5724/3104/559 5723/3105/559 5721/3103/558
f 5724/3104/559 5726/3106/560 5725/3107/560 5723/3105/559
f 5726/3106/560 5728/3108/561 5727/3109/561 5725/3107/560
f 5728/3108/561 5730/3110/562 5729/3111/562 5727/3109/561
f 5730/3110/562 5732/3112/563 5731/3113/563 5729/3111/562
f 5732/3112/563 5734/3114/564 5733/3115/564 5731/3113/563
f 5734/3114/564 5736/3116/565 5735/3117/565 5733/3115/564
f 5736/3116/565 5738/3118/566 5737/1432/566 5735/3117/565
f 5738/3118/566 5740/3119/567 5739/3120/567 5737/1432/566
f 5740/3119/567 5742/3121/568 5741/3122/568 5739/3120/567
f 5742/3121/568 5744/3123/569 5743/3124/569 5741/3122/568
f 5744/3123/569 5746/3125/570 5745/3126/570 5743/3124/569
f 5746/3125/570 5748/3127/571 5747/3128/571 5745/3126/570
f 5748/3127/571 5750/3129/572 5749/3130/572 5747/3128/571
f 5750/3129/572 5752/3131/573 5751/3132/573 5749/3130/572
f 5752/3131/573 5754/3133/574 5753/3134/574 5751/3132/573
f 5754/3133/574 5756/3135/575 5755/3136/575 5753/3134/574
f 5756/3135/575 5758/3137/576 5757/3138/576 5755/3136/575
f 5758/3137/576 5760/3139/577 5759/3140/577 5757/3138/576
f 5760/3139/577 5762/3141/578 5761/3142/578 5759/3140/577
f 5762/3141/578 5764/3143/579 5763/3144/579 5761/3142/578
f 5764/3143/579 5766/3145/580 5765/3146/580 5763/3144/579
f 5766/3145/580 5768/3147/581 5767/3148/581 5765/3146/580
f 5768/3147/581 5386/2777/393 5385/418/393 5767/3148/581
f 5770/1808/582 5772/3149/583 5771/3150/583 5769/424/582
f 5772/3149/583 5774/3151/584 5773/3152/584 5771/3150/583
f 5774/3151/584 5776/3153/585 5775/3154/585 5773/3152/584
f 5776/3153/585 5778/3155/586 5777/3156/586 5775/3154/585
f 5778/3155/586 5780/3157/587 5779/3158/587 5777/3156/586
f 5780/3157/587 5782/3159/588 5781/3160/588 5779/3158/587
f 5782/3159/588 5784/3161/589 5783/3162/589 5781/3160/588
f 5784/3161/589 5786/3163/590 5785/3164/590 5783/3162/589
f 5786/3163/590 5788/3165/591 5787/3166/591 5785/3164/590
f 5788/3165/591 5790/3167/592 5789/3168/592 5787/3166/591
f 5790/3167/592 5792/3169/593 5791/3170/593 5789/3168/592
f 5792/3169/593 5794/3171/594 5793/3172/594 5791/3170/593
f 5794/3171/594 5796/3173/595 5795/3174/595 5793/3172/594
f 5796/3173/595 5798/3175/596 5797/3176/596 5795/3174/595
f 5798/3175/596 5800/3177/597 5799/3178/597 5797/3176/596
f 5800/3177/597 5802/3179/598 5801/3180/598 5799/3178/597
f 5802/3179/598 5804/3181/599 5803/3182/599 5801/3180/598
f 5804/3181/599 5806/3183/600 5805/3184/600 5803/3182/599
f 5806/3183/600 5808/3185/601 5807/3186/601 5805/3184/600
f 5808/3185/601 5810/3187/602 5809/3188/602 5807/3186/601
f 5810/3187/602 5812/3189/603 5811/3190/603 5809/3188/602
f 5812/3189/603 5814/3191/604 5813/3192/604 5811/3190/603
f 5814/3191/604 5816/3193/605 5815/3194/605 5813/3192/604
f 5816/3193/605 5818/3195/606 5817/3196/606 5815/3194/605
f 5818/3195/606 5820/3197/607 5819/3198/607 5817/3196/606
f 5820/3197/607 5822/3199/608 5821/3200/608 5819/3198/607
f 5822/3199/608 5824/2808/609 5823/1481/609 5821/3200/608
f 5824/2808/609 5826/3201/610 5825/3202/610 5823/1481/609
f 5826/3201/610 5828/3203/611 5827/3204/611 5825/3202/610
f 5828/3203/611 5830/3205/612 5829/3206/612 5827/3204/611
f 5830/3205/612 5832/3207/613 5831/3208/613 5829/3206/612
f 5832/3207/613 5834/3209/614 5833/3210/614 5831/3208/613
f 5834/3209/614 5836/3211/615 5835/3212/615 5833/3210/614
f 5836/3211/615 5838/3213/616 5837/3214/616 5835/3212/615
f 5838/3213/616 5840/3215/617 5839/3216/617 5837/3214/616
f 5840/3215/617 5842/3217/618 5841/3218/618 5839/3216/617
f 5842/3217/618 5844/3219/619 5843/3220/619 5841/3218/618
f 5844/3219/619 5846/3221/620 5845/3222/620 5843/3220/619
f 5846/3221/620 5848/3223/621 5847/3224/621 5845/3222/620
f 5848/3223/621 5850/3225/622 5849/3226/622 5847/3224/621
f 5850/3225/622 5852/3227/623 5851/3228/623 5849/3226/622
f 5852/3227/623 5854/3229/624 5853/3230/624 5851/3228/623
f 5854/3229/624 5856/3231/625 5855/3232/625 5853/3230/624
f 5856/3231/625 5858/3233/626 5857/3234/626 5855/3232/625
f 5858/3233/626 5860/3235/627 5859/3236/627 5857/3234/626
f 5860/3235/627 5862/3237/628 5861/3238/628 5859/3236/627
f 5862/3237/628 5864/3239/629 5863/3240/629 5861/3238/628
f 5864/3239/629 5866/3241/630 5865/3242/630 5863/3240/629
f 5866/3241/630 5868/3243/631 5867/3244/631 5865/3242/630
f 5868/3243/631 5870/3245/632 5869/3246/632 5867/3244/631
f 5870/3245/632 5872/3247/633 5871/3248/633 5869/3246/632
f 5872/3247/633 5874/3249/634 5873/3250/634 5871/3248/633
f 5874/3249/634 5876/3251/635 5875/3252/635 5873/3250/634
f 5876/3251/635 5878/2839/636 5877/1656/636 5875/3252/635
f 5878/2839/636 5880/3253/637 5879/3254/637 5877/1656/636
f 5880/3253/637 5882/3255/638 5881/3256/638 5879/3254/637
f 5882/3255/638 5884/3257/639 5883/3258/639 5881/3256/638
f 5884/3257/639 5886/3259/640 5885/3260/640 5883/3258/639
f 5886/3259/640 5888/3261/641 5887/3262/641 5885/3260/640
f 5888/3261/641 5890/3263/642 5889/3264/642 5887/3262/641
f 5890/3263/642 5892/3265/643 5891/3266/643 5889/3264/642
f 5892/3265/643 5894/3267/644 5893/3268/644 5891/3266/643
f 5894/3267/644 5896/3269/645 5895/3270/645 5893/3268/644
f 5896/3269/645 5898/3271/646 5897/3272/646 5895/3270/645
f 5898/3271/646 5900/3273/647 5899/3274/647 5897/3272/646
f 5900/3273/647 5902/3275/648 5901/3276/648 5899/3274/647
f 5902/3275/648 5904/3277/339 5903/3278/339 5901/3276/648
f 5904/3277/339 5906/3279/649 5905/3280/649 5903/3278/339
f 5906/3279/649 5908/3281/650 5907/3282/650 5905/3280/649
f 5908/3281/650 5910/3283/651 5909/3284/651 5907/3282/650
f 5910/3283/651 5912/3285/652 5911/3286/652 5909/3284/651
f 5912/3285/652 5914/3287/653 5913/3288/653 5911/3286/652
f 5914/3287/653 5916/3289/652 5915/3290/652 5913/3288/653
f 5916/3289/652 5918/3291/651 5917/3292/651 5915/3290/652
f 5918/3291/651 5920/3293/650 5919/3294/650 5917/3292/651
f 5920/3293/650 5922/3295/649 5921/3296/649 5919/3294/650
f 5922/3295/649 5924/3297/339 5923/3298/339 5921/3296/649
f 5924/3297/339 5926/3299/648 5925/3300/648 5923/3298/339
f 5926/3299/648 5928/3301/647 5927/3302/647 5925/3300/648
f 5928/3301/647 5930/3303/646 5929/3304/646 5927/3302/647
f 5930/3303/646 5932/2870/645 5931/1779/645 5929/3304/646
f 5932/2870/645 5934/3305/644 5933/3306/644 5931/1779/645
f 5934/3305/644 5936/3307/643 5935/3308/643 5933/3306/644
f 5936/3307/643 5938/3309/654 5937/3310/654 5935/3308/643
f 5938/3309/654 5940/3311/655 5939/3312/655 5937/3310/654
f 5940/3311/655 5942/3313/656 5941/3314/656 5939/3312/655
f 5942/3313/656 5944/3315/657 5943/3316/657 5941/3314/656
f 5944/3315/657 5946/3317/462 5945/3318/462 5943/3316/657
f 5946/3317/462 5948/3319/658 5947/3320/658 5945/3318/462
f 5948/3319/658 5950/3321/659 5949/3322/659 5947/3320/658
f 5950/3321/659 5952/3323/660 5951/3324/660 5949/3322/659
f 5952/3323/660 5954/3325/661 5953/3326/661 5951/3324/660
f 5954/3325/661 5956/3327/460 5955/3328/460 5953/3326/661
f 5956/3327/460 5958/3329/662 5957/3330/662 5955/3328/460
f 5958/3329/662 5960/3331/217 5959/3332/217 5957/3330/662
f 5960/3331/217 5962/3333/663 5961/3334/663 5959/3332/217
f 5962/3333/663 5964/3335/664 5963/3336/664 5961/3334/663
f 5964/3335/664 5966/3337/662 5965/3338/662 5963/3336/664
f 5966/3337/662 5968/3339/460 5967/3340/460 5965/3338/662
f 5968/3339/460 5970/3341/661 5969/3342/661 5967/3340/460
f 5970/3341/661 5972/3343/660 5971/3344/660 5969/3342/661
f 5972/3343/660 5974/3345/659 5973/3346/659 5971/3344/660
f 5974/3345/659 5976/3347/658 5975/3348/658 5973/3346/659
f 5976/3347/658 5978/3349/462 5977/3350/462 5975/3348/658
f 5978/3349/462 5980/3351/657 5979/3352/657 5977/3350/462
f 5980/3351/657 5982/3353/656 5981/3354/656 5979/3352/657
f 5982/3353/656 5984/3355/655 5983/3356/655 5981/3354/656
f 5984/3355/655 5986/2901/665 5985/1635/665 5983/3356/655
f 5986/2901/665 5988/3357/666 5987/3358/666 5985/1635/665
f 5988/3357/666 5990/3359/667 5989/3360/667 5987/3358/666
f 5990/3359/667 5992/3361/668 5991/3362/668 5989/3360/667
f 5992/3361/668 5994/3363/669 5993/3364/669 5991/3362/668
f 5994/3363/669 5996/3365/670 5995/3366/670 5993/3364/669
f 5996/3365/670 5998/3367/671 5997/3368/671 5995/3366/670
f 5998/3367/671 6000/3369/672 5999/3370/672 5997/3368/671
f 6000/3369/672 6002/3371/673 6001/3372/673 5999/3370/672
f 6002/3371/673 6004/3373/674 6003/3374/674 6001/3372/673
f 6004/3373/674 6006/3375/675 6005/3376/675 6003/3374/674
f 6006/3375/675 6008/3377/676 6007/3378/676 6005/3376/675
f 6008/3377/676 6010/3379/677 6009/3380/677 6007/3378/676
f 6010/3379/677 6012/3381/678 6011/3382/678 6009/3380/677
f 6012/3381/678 6014/3383/679 6013/3384/679 6011/3382/678
f 6014/3383/679 6016/3385/680 6015/3386/680 6013/3384/679
f 6016/3385/680 6018/3387/681 6017/3388/681 6015/3386/680
f 6018/3387/681 6020/3389/682 6019/3390/682 6017/3388/681
f 6020/3389/682 6022/3391/683 6021/3392/683 6019/3390/682
f 6022/3391/683 6024/3393/684 6023/3394/684 6021/3392/683
f 6024/3393/684 6026/3395/685 6025/3396/685 6023/3394/684
f 6026/3395/685 6028/3397/686 6027/3398/686 6025/3396/685
f 6028/3397/686 6030/3399/687 6029/3400/687 6027/3398/686
f 6030/3399/687 6032/3401/688 6031/3402/688 6029/3400/687
f 6032/3401/688 6034/3403/689 6033/3404/689 6031/3402/688
f 6034/3403/689 6036/3405/690 6035/3406/690 6033/3404/689
f 6036/3405/690 6038/3407/691 6037/3408/691 6035/3406/690
f 6038/3407/691 6040/2932/692 6039/1629/692 6037/3408/691
f 6040/2932/692 6042/3409/693 6041/3410/693 6039/1629/692
f 6042/3409/693 6044/3411/694 6043/3412/694 6041/3410/693
f 6044/3411/694 6046/3413/695 6045/3414/695 6043/3412/694
f 6046/3413/695 6048/3415/696 6047/3416/696 6045/3414/695
f 6048/3415/696 6050/3417/697 6049/3418/697 6047/3416/696
f 6050/3417/697 6052/3419/698 6051/3420/698 6049/3418/697
f 6052/3419/698 6054/3421/699 6053/3422/699 6051/3420/698
f 6054/3421/699 6056/3423/700 6055/3424/700 6053/3422/699
f 6056/3423/700 6058/3425/701 6057/3426/701 6055/3424/700
f 6058/3425/701 6060/3427/702 6059/3428/702 6057/3426/701
f 6060/3427/702 6062/3429/703 6061/3430/703 6059/3428/702
f 6062/3429/703 6064/3431/704 6063/3432/704 6061/3430/703
f 6064/3431/704 6066/3433/705 6065/3434/705 6063/3432/704
f 6066/3433/705 6068/3435/706 6067/3436/706 6065/3434/705
f 6068/3435/706 6070/3437/707 6069/3438/707 6067/3436/706
f 6070/3437/707 6072/3439/708 6071/3440/708 6069/3438/707
f 6072/3439/708 6074/3441/709 6073/3442/709 6071/3440/708
f 6074/3441/709 6076/3443/710 6075/3444/710 6073/3442/709
f 6076/3443/710 6078/3445/391 6077/3446/391 6075/3444/710
f 6078/3445/391 6080/3447/711 6079/3448/711 6077/3446/391
f 6080/3447/711 6082/3449/712 6081/3450/712 6079/3448/711
f 6082/3449/712 6084/3451/713 6083/3452/713 6081/3450/712
f 6084/3451/713 6086/3453/714 6085/3454/714 6083/3452/713
f 6086/3453/714 6088/3455/715 6087/3456/715 6085/3454/714
f 6088/3455/715 6090/3457/716 6089/3458/716 6087/3456/715
f 6090/3457/716 6092/3459/717 6091/3460/717 6089/3458/716
f 6092/3459/717 6094/2963/514 6093/1796/514 6091/3460/717
f 6094/2963/514 6096/3461/718 6095/3462/718 6093/1796/514
f 6096/3461/718 6098/3463/719 6097/3464/719 6095/3462/718
f 6098/3463/719 6100/3465/720 6099/3466/720 6097/3464/719
f 6100/3465/720 6102/3467/721 6101/3468/721 6099/3466/720
f 6102/3467/721 6104/3469/722 6103/3470/722 6101/3468/721
f 6104/3469/722 6106/3471/723 6105/3472/723 6103/3470/722
f 6106/3471/723 6108/3473/722 6107/3474/722 6105/3472/723
f 6108/3473/722 6110/3475/721 6109/3476/721 6107/3474/722
f 6110/3475/721 6112/3477/720 6111/3478/720 6109/3476/721
f 6112/3477/720 6114/3479/719 6113/3480/719 6111/3478/720
f 6114/3479/719 6116/3481/724 6115/3482/724 6113/3480/719
f 6116/3481/724 6118/3483/725 6117/3484/725 6115/3482/724
f 6118/3483/725 6120/3485/726 6119/3486/726 6117/3484/725
f 6120/3485/726 6122/3487/716 6121/3488/716 6119/3486/726
f 6122/3487/716 6124/3489/715 6123/3490/715 6121/3488/716
f 6124/3489/715 6126/3491/714 6125/3492/714 6123/3490/715
f 6126/3491/714 6128/3493/727 6127/3494/727 6125/3492/714
f 6128/3493/727 6130/3495/728 6129/3496/728 6127/3494/727
f 6130/3495/728 6132/3497/729 6131/3498/729 6129/3496/728
f 6132/3497/729 6134/3499/29 6133/3500/29 6131/3498/729
f 6134/3499/29 6136/3501/730 6135/3502/730 6133/3500/29
f 6136/3501/730 6138/3503/731 6137/3504/731 6135/3502/730
f 6138/3503/731 6140/3505/732 6139/3506/732 6137/3504/731
f 6140/3505/732 6142/3507/733 6141/3508/733 6139/3506/732
f 6142/3507/733 6144/3509/734 6143/3510/734 6141/3508/733
f 6144/3509/734 6146/3511/735 6145/3512/735 6143/3510/734
f 6146/3511/735 6148/2994/736 6147/1662/736 6145/3512/735
f 6148/2994/736 6150/3513/737 6149/3514/737 6147/1662/736
f 6150/3513/737 6152/3515/738 6151/3516/738 6149/3514/737
f 6152/3515/738 6154/3517/739 6153/3518/739 6151/3516/738
f 6154/3517/739 6156/3519/738 6155/3520/738 6153/3518/739
f 6156/3519/738 6158/3521/737 6157/3522/737 6155/3520/738
f 6158/3521/737 6160/3523/736 6159/3524/736 6157/3522/737
f 6160/3523/736 6162/3525/735 6161/3526/735 6159/3524/736
f 6162/3525/735 6164/3527/734 6163/3528/734 6161/3526/735
f 6164/3527/734 6166/3529/733 6165/3530/733 6163/3528/734
f 6166/3529/733 6168/3531/732 6167/3532/732 6165/3530/733
f 6168/3531/732 6170/3533/731 6169/3534/731 6167/3532/732
f 6170/3533/731 6172/3535/730 6171/3536/730 6169/3534/731
f 6172/3535/730 6174/3537/29 6173/3538/29 6171/3536/730
f 6174/3537/29 6176/3539/729 6175/3540/729 6173/3538/29
f 6176/3539/729 6178/3541/740 6177/3542/740 6175/3540/729
f 6178/3541/740 6180/3543/741 6179/3544/741 6177/3542/740
f 6180/3543/741 6182/3545/742 6181/3546/742 6179/3544/741
f 6182/3545/742 6184/3547/511 6183/3548/511 6181/3546/742
f 6184/3547/511 6186/3549/743 6185/3550/743 6183/3548/511
f 6186/3549/743 6188/3551/744 6187/3552/744 6185/3550/743
f 6188/3551/744 6190/3553/745 6189/3554/745 6187/3552/744
f 6190/3553/745 6192/3555/746 6191/3556/746 6189/3554/745
f 6192/3555/746 6194/3557/747 6193/3558/747 6191/3556/746
f 6194/3557/747 6196/3559/748 6195/3560/748 6193/3558/747
f 6196/3559/748 6198/3561/749 6197/3562/749 6195/3560/748
f 6198/3561/749 6200/3563/578 6199/3564/578 6197/3562/749
f 6200/3563/578 6202/3025/750 6201/1386/750 6199/3564/578
f 6202/3025/750 6204/3565/751 6203/3566/751 6201/1386/750
f 6204/3565/751 6206/3567/752 6205/3568/752 6203/3566/751
f 6206/3567/752 6208/3569/753 6207/3570/753 6205/3568/752
f 6208/3569/753 6210/3571/754 6209/3572/754 6207/3570/753
f 6210/3571/754 6212/3573/755 6211/3574/755 6209/3572/754
f 6212/3573/755 6214/3575/756 6213/3576/756 6211/3574/755
f 6214/3575/756 6216/3577/757 6215/3578/757 6213/3576/756
f 6216/3577/757 6218/3579/758 6217/3580/758 6215/3578/757
f 6218/3579/758 6220/3581/759 6219/3582/759 6217/3580/758
f 6220/3581/759 6222/3583/760 6221/3584/760 6219/3582/759
f 6222/3583/760 6224/3585/761 6223/3586/761 6221/3584/760
f 6224/3585/761 6226/3587/762 6225/3588/762 6223/3586/761
f 6226/3587/762 6228/3589/763 6227/3590/763 6225/3588/762
f 6228/3589/763 6230/3591/764 6229/3592/764 6227/3590/763
f 6230/3591/764 6232/3593/765 6231/3594/765 6229/3592/764
f 6232/3593/765 6234/3595/766 6233/3596/766 6231/3594/765
f 6234/3595/766 6236/3597/767 6235/3598/767 6233/3596/766
f 6236/3597/767 6238/3599/768 6237/3600/768 6235/3598/767
f 6238/3599/768 6240/3601/769 6239/3602/769 6237/3600/768
f 6240/3601/769 6242/3603/770 6241/3604/770 6239/3602/769
f 6242/3603/770 6244/3605/771 6243/3606/771 6241/3604/770
f 6244/3605/771 6246/3607/772 6245/3608/772 6243/3606/771
f 6246/3607/772 6248/3609/773 6247/3610/773 6245/3608/772
f 6248/3609/773 6250/3611/774 6249/3612/774 6247/3610/773
f 6250/3611/774 6252/3613/775 6251/3614/775 6249/3612/774
f 6252/3613/775 6254/3615/776 6253/3616/776 6251/3614/775
f 6254/3615/776 6256/3056/777 6255/1391/777 6253/3616/776
f 6256/3056/777 6258/3617/778 6257/3618/778 6255/1391/777
f 6258/3617/778 6260/3619/779 6259/3620/779 6257/3618/778
f 6260/3619/779 6262/3621/780 6261/3622/780 6259/3620/779
f 6262/3621/780 6264/3623/781 6263/3624/781 6261/3622/780
f 6264/3623/781 6266/3625/782 6265/3626/782 6263/3624/781
f 6266/3625/782 6268/3627/783 6267/3628/783 6265/3626/782
f 6268/3627/783 6270/3629/784 6269/3630/784 6267/3628/783
f 6270/3629/784 6272/3631/785 6271/3632/785 6269/3630/784
f 6272/3631/785 6274/3633/786 6273/3634/786 6271/3632/785
f 6274/3633/786 6276/3635/787 6275/3636/787 6273/3634/786
f 6276/3635/787 6278/3637/788 6277/3638/788 6275/3636/787
f 6278/3637/788 6280/3639/789 6279/3640/789 6277/3638/788
f 6280/3639/789 6282/3641/790 6281/3642/790 6279/3640/789
f 6282/3641/790 6284/3643/791 6283/3644/791 6281/3642/790
f 6284/3643/791 6286/3645/792 6285/3646/792 6283/3644/791
f 6286/3645/792 6288/3647/793 6287/3648/793 6285/3646/792
f 6288/3647/793 6290/3649/794 6289/3650/794 6287/3648/793
f 6290/3649/794 6292/3651/458 6291/3652/458 6289/3650/794
f 6292/3651/458 6294/3653/645 6293/3654/645 6291/3652/458
f 6294/3653/645 6296/3655/795 6295/3656/795 6293/3654/645
f 6296/3655/795 6298/3657/796 6297/3658/796 6295/3656/795
f 6298/3657/796 6300/3659/797 6299/3660/797 6297/3658/796
f 6300/3659/797 6302/3661/798 6301/3662/798 6299/3660/797
f 6302/3661/798 6304/3663/799 6303/3664/799 6301/3662/798
f 6304/3663/799 6306/3665/800 6305/3666/800 6303/3664/799
f 6306/3665/800 6308/3667/801 6307/3668/801 6305/3666/800
f 6308/3667/801 6310/3087/802 6309/1547/802 6307/3668/801
f 6310/3087/802 6312/3669/803 6311/3670/803 6309/1547/802
f 6312/3669/803 6314/3671/804 6313/3672/804 6311/3670/803
f 6314/3671/804 6316/3673/805 6315/3674/805 6313/3672/804
f 6316/3673/805 6318/3675/806 6317/3676/806 6315/3674/805
f 6318/3675/806 6320/3677/807 6319/3678/807 6317/3676/806
f 6320/3677/807 6322/3679/808 6321/3680/808 6319/3678/807
f 6322/3679/808 6324/3681/809 6323/3682/809 6321/3680/808
f 6324/3681/809 6326/3683/810 6325/3684/810 6323/3682/809
f 6326/3683/810 6328/3685/811 6327/3686/811 6325/3684/810
f 6328/3685/811 6330/3687/812 6329/3688/812 6327/3686/811
f 6330/3687/812 6332/3689/813 6331/3690/813 6329/3688/812
f 6332/3689/813 6334/3691/814 6333/3692/814 6331/3690/813
f 6334/3691/814 6336/3693/815 6335/3694/815 6333/3692/814
f 6336/3693/815 6338/3695/816 6337/3696/816 6335/3694/815
f 6338/3695/816 6340/3697/817 6339/3698/817 6337/3696/816
f 6340/3697/817 6342/3699/818 6341/3700/818 6339/3698/817
f 6342/3699/818 6344/3701/819 6343/3702/819 6341/3700/818
f 6344/3701/819 6346/3703/820 6345/3704/820 6343/3702/819
f 6346/3703/820 6348/3705/821 6347/3706/821 6345/3704/820
f 6348/3705/821 6350/3707/822 6349/3708/822 6347/3706/821
f 6350/3707/822 6352/3709/823 6351/3710/823 6349/3708/822
f 6352/3709/823 6354/3711/824 6353/3712/824 6351/3710/823
f 6354/3711/824 6356/3713/825 6355/3714/825 6353/3712/824
f 6356/3713/825 6358/3715/826 6357/3716/826 6355/3714/825
f 6358/3715/826 6360/3717/827 6359/3718/827 6357/3716/826
f 6360/3717/827 6362/3719/828 6361/3720/828 6359/3718/827
f 6362/3719/828 6364/3118/829 6363/1432/829 6361/3720/828
f 6364/3118/829 6366/3721/830 6365/3722/830 6363/1432/829
f 6366/3721/830 6368/3723/831 6367/3724/831 6365/3722/830
f 6368/3723/831 6370/3725/832 6369/3726/832 6367/3724/831
f 6370/3725/832 6372/3727/833 6371/3728/833 6369/3726/832
f 6372/3727/833 6374/3729/834 6373/3730/834 6371/3728/833
f 6374/3729/834 6376/3731/835 6375/3732/835 6373/3730/834
f 6376/3731/835 6378/3733/836 6377/3734/836 6375/3732/835
f 6378/3733/836 6380/3735/837 6379/3736/837 6377/3734/836
f 6380/3735/837 6382/3737/838 6381/3738/838 6379/3736/837
f 6382/3737/838 6384/3739/839 6383/3740/839 6381/3738/838
f 6384/3739/839 6386/3741/840 6385/3742/840 6383/3740/839
f 6386/3741/840 6388/3743/841 6387/3744/841 6385/3742/840
f 6388/3743/841 6390/3745/842 6389/3746/842 6387/3744/841
f 6390/3745/842 6392/3747/843 6391/3748/843 6389/3746/842
f 6392/3747/843 6394/3749/844 6393/3750/844 6391/3748/843
f 6394/3749/844 6396/3751/845 6395/3752/845 6393/3750/844
f 6396/3751/845 6398/3753/846 6397/3754/846 6395/3752/845
f 6398/3753/846 6400/3755/45 6399/3756/45 6397/3754/846
f 6400/3755/45 6402/3757/847 6401/3758/847 6399/3756/45
f 6402/3757/847 6404/3759/848 6403/3760/848 6401/3758/847
f 6404/3759/848 6406/3761/849 6405/3762/849 6403/3760/848
f 6406/3761/849 6408/3763/176 6407/3764/176 6405/3762/849
f 6408/3763/176 6410/3765/850 6409/3766/850 6407/3764/176
f 6410/3765/850 6412/3767/851 6411/3768/851 6409/3766/850
f 6412/3767/851 6414/3769/852 6413/3770/852 6411/3768/851
f 6414/3769/852 6416/3771/853 6415/3772/853 6413/3770/852
f 6416/3771/853 5770/2777/582 5769/418/582 6415/3772/853
f 6418/1808/854 6420/2780/855 6419/2781/855 6417/424/854
f 6420/2780/855 6422/2784/856 6421/2785/856 6419/2781/855
f 6422/2784/856 6424/2788/857 6423/2789/857 6421/2785/856
f 6424/2788/857 6426/2792/858 6425/2793/858 6423/2789/857
f 6426/2792/858 6428/2796/859 6427/2797/859 6425/2793/858
f 6428/2796/859 6430/2800/860 6429/2801/860 6427/2797/859
f 6430/2800/860 6432/2804/861 6431/2805/861 6429/2801/860
f 6432/2804/861 6434/2808/862 6433/1481/862 6431/2805/861
f 6434/2808/862 6436/2811/863 6435/2812/863 6433/1481/862
f 6436/2811/863 6438/2815/864 6437/2816/864 6435/2812/863
f 6438/2815/864 6440/2819/865 6439/2820/865 6437/2816/864
f 6440/2819/865 6442/2823/866 6441/2824/866 6439/2820/865
f 6442/2823/866 6444/2827/867 6443/2828/867 6441/2824/866
f 6444/2827/867 6446/2831/868 6445/2832/868 6443/2828/867
f 6446/2831/868 6448/2835/869 6447/2836/869 6445/2832/868
f 6448/2835/869 6450/2839/870 6449/1656/870 6447/2836/869
f 6450/2839/870 6452/2842/871 6451/2843/871 6449/1656/870
f 6452/2842/871 6454/2846/872 6453/2847/872 6451/2843/871
f 6454/2846/872 6456/2850/873 6455/2851/873 6453/2847/872
f 6456/2850/873 6458/2854/874 6457/2855/874 6455/2851/873
f 6458/2854/874 6460/2858/875 6459/2859/875 6457/2855/874
f 6460/2858/875 6462/2862/876 6461/2863/876 6459/2859/875
f 6462/2862/876 6464/2866/877 6463/2867/877 6461/2863/876
f 6464/2866/877 6466/2870/878 6465/1779/878 6463/2867/877
f 6466/2870/878 6468/2873/879 6467/2874/879 6465/1779/878
f 6468/2873/879 6470/2877/880 6469/2878/880 6467/2874/879
f 6470/2877/880 6472/2881/881 6471/2882/881 6469/2878/880
f 6472/2881/881 6474/2885/882 6473/2886/882 6471/2882/881
f 6474/2885/882 6476/2889/883 6475/2890/883 6473/2886/882
f 6476/2889/883 6478/2893/884 6477/2894/884 6475/2890/883
f 6478/2893/884 6480/2897/885 6479/2898/885 6477/2894/884
f 6480/2897/885 6482/2901/886 6481/1635/886 6479/2898/885
f 6482/2901/886 6484/2904/887 6483/2905/887 6481/1635/886
f 6484/2904/887 6486/2908/888 6485/2909/888 6483/2905/887
f 6486/2908/888 6488/2912/889 6487/2913/889 6485/2909/888
f 6488/2912/889 6490/2916/890 6489/2917/890 6487/2913/889
f 6490/2916/890 6492/2920/219 6491/2921/219 6489/2917/890
f 6492/2920/219 6494/2924/891 6493/2925/891 6491/2921/219
f 6494/2924/891 6496/2928/892 6495/2929/892 6493/2925/891
f 6496/2928/892 6498/2932/893 6497/1629/893 6495/2929/892
f 6498/2932/893 6500/2935/894 6499/2936/894 6497/1629/893
f 6500/2935/894 6502/2939/895 6501/2940/895 6499/2936/894
f 6502/2939/895 6504/2943/896 6503/2944/896 6501/2940/895
f 6504/2943/896 6506/2947/897 6505/2948/897 6503/2944/896
f 6506/2947/897 6508/2951/898 6507/2952/898 6505/2948/897
f 6508/2951/898 6510/2955/899 6509/2956/899 6507/2952/898
f 6510/2955/899 6512/2959/900 6511/2960/900 6509/2956/899
f 6512/2959/900 6514/2963/901 6513/1796/901 6511/2960/900
f 6514/2963/901 6516/2966/902 6515/2967/902 6513/1796/901
f 6516/2966/902 6518/2970/903 6517/2971/903 6515/2967/902
f 6518/2970/903 6520/2974/904 6519/2975/904 6517/2971/903
f 6520/2974/904 6522/2978/905 6521/2979/905 6519/2975/904
f 6522/2978/905 6524/2982/906 6523/2983/906 6521/2979/905
f 6524/2982/906 6526/2986/907 6525/2987/907 6523/2983/906
f 6526/2986/907 6528/2990/908 6527/2991/908 6525/2987/907
f 6528/2990/908 6530/2994/909 6529/1662/909 6527/2991/908
f 6530/2994/909 6532/2997/910 6531/2998/910 6529/1662/909
f 6532/2997/910 6534/3001/911 6533/3002/911 6531/2998/910
f 6534/3001/911 6536/3005/912 6535/3006/912 6533/3002/911
f 6536/3005/912 6538/3009/913 6537/3010/913 6535/3006/912
f 6538/3009/913 6540/3013/914 6539/3014/914 6537/3010/913
f 6540/3013/914 6542/3017/915 6541/3018/915 6539/3014/914
f 6542/3017/915 6544/3021/916 6543/3022/916 6541/3018/915
f 6544/3021/916 6546/3025/917 6545/1386/917 6543/3022/916
f 6546/3025/917 6548/3028/918 6547/3029/918 6545/1386/917
f 6548/3028/918 6550/3032/919 6549/3033/919 6547/3029/918
f 6550/3032/919 6552/3036/920 6551/3037/920 6549/3033/919
f 6552/3036/920 6554/3040/921 6553/3041/921 6551/3037/920
f 6554/3040/921 6556/3044/922 6555/3045/922 6553/3041/921
f 6556/3044/922 6558/3048/923 6557/3049/923 6555/3045/922
f 6558/3048/923 6560/3052/924 6559/3053/924 6557/3049/923
f 6560/3052/924 6562/3056/925 6561/1391/925 6559/3053/924
f 6562/3056/925 6564/3059/926 6563/3060/926 6561/1391/925
f 6564/3059/926 6566/3063/927 6565/3064/927 6563/3060/926
f 6566/3063/927 6568/3067/928 6567/3068/928 6565/3064/927
f 6568/3067/928 6570/3071/929 6569/3072/929 6567/3068/928
f 6570/3071/929 6572/3075/283 6571/3076/283 6569/3072/929
f 6572/3075/283 6574/3079/930 6573/3080/930 6571/3076/283
f 6574/3079/930 6576/3083/931 6575/3084/931 6573/3080/930
f 6576/3083/931 6578/3087/932 6577/1547/932 6575/3084/931
f 6578/3087/932 6580/3090/933 6579/3091/933 6577/1547/932
f 6580/3090/933 6582/3094/934 6581/3095/934 6579/3091/933
f 6582/3094/934 6584/3098/935 6583/3099/935 6581/3095/934
f 6584/3098/935 6586/3102/936 6585/3103/936 6583/3099/935
f 6586/3102/936 6588/3106/937 6587/3107/937 6585/3103/936
f 6588/3106/937 6590/3110/938 6589/3111/938 6587/3107/937
f 6590/3110/938 6592/3114/939 6591/3115/939 6589/3111/938
f 6592/3114/939 6594/3118/940 6593/1432/940 6591/3115/939
f 6594/3118/940 6596/3121/941 6595/3122/941 6593/1432/940
f 6596/3121/941 6598/3125/942 6597/3126/942 6595/3122/941
f 6598/3125/942 6600/3129/943 6599/3130/943 6597/3126/942
f 6600/3129/943 6602/3133/944 6601/3134/944 6599/3130/943
f 6602/3133/944 6604/3137/945 6603/3138/945 6601/3134/944
f 6604/3137/945 6606/3141/946 6605/3142/946 6603/3138/945
f 6606/3141/946 6608/3145/947 6607/3146/947 6605/3142/946
f 6608/3145/947 6418/2777/854 6417/418/854 6607/3146/947
f 6610/1808/948 6612/2780/949 6611/2781/949 6609/424/948
f 6612/2780/949 6614/2784/950 6613/2785/950 6611/2781/949
f 6614/2784/950 6616/2788/951 6615/2789/951 6613/2785/950
f 6616/2788/951 6618/2792/952 6617/2793/952 6615/2789/951
f 6618/2792/952 6620/2796/953 6619/2797/953 6617/2793/952
f 6620/2796/953 6622/2800/954 6621/2801/954 6619/2797/953
f 6622/2800/954 6624/2804/955 6623/2805/955 6621/2801/954
f 6624/2804/955 6626/2808/956 6625/1481/956 6623/2805/955
f 6626/2808/956 6628/2811/957 6627/2812/957 6625/1481/956
f 6628/2811/957 6630/2815/958 6629/2816/958 6627/2812/957
f 6630/2815/958 6632/2819/959 6631/2820/959 6629/2816/958
f 6632/2819/959 6634/2823/960 6633/2824/960 6631/2820/959
f 6634/2823/960 6636/2827/961 6635/2828/961 6633/2824/960
f 6636/2827/961 6638/2831/962 6637/2832/962 6635/2828/961
f 6638/2831/962 6640/2835/963 6639/2836/963 6637/2832/962
f 6640/2835/963 6642/2839/964 6641/1656/964 6639/2836/963
f 6642/2839/964 6644/2842/965 6643/2843/965 6641/1656/964
f 6644/2842/965 6646/2846/966 6645/2847/966 6643/2843/965
f 6646/2846/966 6648/2850/967 6647/2851/967 6645/2847/966
f 6648/2850/967 6650/2854/968 6649/2855/968 6647/2851/967
f 6650/2854/968 6652/2858/969 6651/2859/969 6649/2855/968
f 6652/2858/969 6654/2862/970 6653/2863/970 6651/2859/969
f 6654/2862/970 6656/2866/971 6655/2867/971 6653/2863/970
f 6656/2866/971 6658/2870/972 6657/1779/972 6655/2867/971
f 6658/2870/972 6660/2873/973 6659/2874/973 6657/1779/972
f 6660/2873/973 6662/2877/974 6661/2878/974 6659/2874/973
f 6662/2877/974 6664/2881/975 6663/2882/975 6661/2878/974
f 6664/2881/975 6666/2885/976 6665/2886/976 6663/2882/975
f 6666/2885/976 6668/2889/977 6667/2890/977 6665/2886/976
f 6668/2889/977 6670/2893/978 6669/2894/978 6667/2890/977
f 6670/2893/978 6672/2897/979 6671/2898/979 6669/2894/978
f 6672/2897/979 6674/2901/980 6673/1635/980 6671/2898/979
f 6674/2901/980 6676/2904/981 6675/2905/981 6673/1635/980
f 6676/2904/981 6678/2908/982 6677/2909/982 6675/2905/981
f 6678/2908/982 6680/2912/983 6679/2913/983 6677/2909/982
f 6680/2912/983 6682/2916/984 6681/2917/984 6679/2913/983
f 6682/2916/984 6684/2920/985 6683/2921/985 6681/2917/984
f 6684/2920/985 6686/2924/986 6685/2925/986 6683/2921/985
f 6686/2924/986 6688/2928/987 6687/2929/987 6685/2925/986
f 6688/2928/987 6690/2932/988 6689/1629/988 6687/2929/987
f 6690/2932/988 6692/2935/989 6691/2936/989 6689/1629/988
f 6692/2935/989 6694/2939/990 6693/2940/990 6691/2936/989
f 6694/2939/990 6696/2943/991 6695/2944/991 6693/2940/990
f 6696/2943/991 6698/2947/992 6697/2948/992 6695/2944/991
f 6698/2947/992 6700/2951/993 6699/2952/993 6697/2948/992
f 6700/2951/993 6702/2955/994 6701/2956/994 6699/2952/993
f 6702/2955/994 6704/2959/995 6703/2960/995 6701/2956/994
f 6704/2959/995 6706/2963/996 6705/1796/996 6703/2960/995
f 6706/2963/996 6708/2966/997 6707/2967/997 6705/1796/996
f 6708/2966/997 6710/2970/998 6709/2971/998 6707/2967/997
f 6710/2970/998 6712/2974/999 6711/2975/999 6709/2971/998
f 6712/2974/999 6714/2978/1000 6713/2979/1000 6711/2975/999
f 6714/2978/1000 6716/2982/1001 6715/2983/1001 6713/2979/1000
f 6716/2982/1001 6718/2986/1002 6717/2987/1002 6715/2983/1001
f 6718/2986/1002 6720/2990/1003 6719/2991/1003 6717/2987/1002
f 6720/2990/1003 6722/2994/1004 6721/1662/1004 6719/2991/1003
f 6722/2994/1004 6724/2997/1005 6723/2998/1005 6721/1662/1004
f 6724/2997/1005 6726/3001/1006 6725/3002/1006 6723/2998/1005
f 6726/3001/1006 6728/3005/1007 6727/3006/1007 6725/3002/1006
f 6728/3005/1007 6730/3009/1008 6729/3010/1008 6727/3006/1007
f 6730/3009/1008 6732/3013/1009 6731/3014/1009 6729/3010/1008
f 6732/3013/1009 6734/3017/1010 6733/3018/1010 6731/3014/1009
f 6734/3017/1010 6736/3021/1011 6735/3022/1011 6733/3018/1010
f 6736/3021/1011 6738/3025/1012 6737/1386/1012 6735/3022/1011
f 6738/3025/1012 6740/3028/1013 6739/3029/1013 6737/1386/1012
f 6740/3028/1013 6742/3032/1014 6741/3033/1014 6739/3029/1013
f 6742/3032/1014 6744/3036/1015 6743/3037/1015 6741/3033/1014
f 6744/3036/1015 6746/3040/1016 6745/3041/1016 6743/3037/1015
f 6746/3040/1016 6748/3044/1017 6747/3045/1017 6745/3041/1016
f 6748/3044/1017 6750/3048/1018 6749/3049/1018 6747/3045/1017
f 6750/3048/1018 6752/3052/1019 6751/3053/1019 6749/3049/1018
f 6752/3052/1019 6754/3056/1020 6753/1391/1020 6751/3053/1019
f 6754/3056/1020 6756/3059/1021 6755/3060/1021 6753/1391/1020
f 6756/3059/1021 6758/3063/1022 6757/3064/1022 6755/3060/1021
f 6758/3063/1022 6760/3067/470 6759/3068/470 6757/3064/1022
f 6760/3067/470 6762/3071/1023 6761/3072/1023 6759/3068/470
f 6762/3071/1023 6764/3075/1024 6763/3076/1024 6761/3072/1023
f 6764/3075/1024 6766/3079/1025 6765/3080/1025 6763/3076/1024
f 6766/3079/1025 6768/3083/1026 6767/3084/1026 6765/3080/1025
f 6768/3083/1026 6770/3087/1027 6769/1547/1027 6767/3084/1026
f 6770/3087/1027 6772/3090/1028 6771/3091/1028 6769/1547/1027
f 6772/3090/1028 6774/3094/1029 6773/3095/1029 6771/3091/1028
f 6774/3094/1029 6776/3098/1030 6775/3099/1030 6773/3095/1029
f 6776/3098/1030 6778/3102/1031 6777/3103/1031 6775/3099/1030
f 6778/3102/1031 6780/3106/1032 6779/3107/1032 6777/3103/1031
f 6780/3106/1032 6782/3110/1033 6781/3111/1033 6779/3107/1032
f 6782/3110/1033 6784/3114/1034 6783/3115/1034 6781/3111/1033
f 6784/3114/1034 6786/3118/1035 6785/1432/1035 6783/3115/1034
f 6786/3118/1035 6788/3121/1036 6787/3122/1036 6785/1432/1035
f 6788/3121/1036 6790/3125/1037 6789/3126/1037 6787/3122/1036
f 6790/3125/1037 6792/3129/1038 6791/3130/1038 6789/3126/1037
f 6792/3129/1038 6794/3133/1039 6793/3134/1039 6791/3130/1038
f 6794/3133/1039 6796/3137/1040 6795/3138/1040 6793/3134/1039
f 6796/3137/1040 6798/3141/1041 6797/3142/1041 6795/3138/1040
f 6798/3141/1041 6800/3145/1042 6799/3146/1042 6797/3142/1041
f 6800/3145/1042 6610/2777/948 6609/418/948 6799/3146/1042
f 6802/1808/854 6804/2780/855 6803/2781/855 6801/424/854
f 6804/2780/855 6806/2784/1043 6805/2785/1043 6803/2781/855
f 6806/2784/1043 6808/2788/857 6807/2789/857 6805/2785/1043
f 6808/2788/857 6810/2792/858 6809/2793/858 6807/2789/857
f 6810/2792/858 6812/2796/859 6811/2797/859 6809/2793/858
f 6812/2796/859 6814/2800/860 6813/2801/860 6811/2797/859
f 6814/2800/860 6816/2804/861 6815/2805/861 6813/2801/860
f 6816/2804/861 6818/2808/862 6817/1481/862 6815/2805/861
f 6818/2808/862 6820/2811/863 6819/2812/863 6817/1481/862
f 6820/2811/863 6822/2815/864 6821/2816/864 6819/2812/863
f 6822/2815/864 6824/2819/865 6823/2820/865 6821/2816/864
f 6824/2819/865 6826/2823/866 6825/2824/866 6823/2820/865
f 6826/2823/866 6828/2827/867 6827/2828/867 6825/2824/866
f 6828/2827/867 6830/2831/868 6829/2832/868 6827/2828/867
f 6830/2831/868 6832/2835/869 6831/2836/869 6829/2832/868
f 6832/2835/869 6834/2839/870 6833/1656/870 6831/2836/869
f 6834/2839/870 6836/2842/871 6835/2843/871 6833/1656/870
f 6836/2842/871 6838/2846/872 6837/2847/872 6835/2843/871
f 6838/2846/872 6840/2850/873 6839/2851/873 6837/2847/872
f 6840/2850/873 6842/2854/874 6841/2855/874 6839/2851/873
f 6842/2854/874 6844/2858/875 6843/2859/875 6841/2855/874
f 6844/2858/875 6846/2862/876 6845/2863/876 6843/2859/875
f 6846/2862/876 6848/2866/877 6847/2867/877 6845/2863/876
f 6848/2866/877 6850/2870/878 6849/1779/878 6847/2867/877
f 6850/2870/878 6852/2873/879 6851/2874/879 6849/1779/878
f 6852/2873/879 6854/2877/880 6853/2878/880 6851/2874/879
f 6854/2877/880 6856/2881/881 6855/2882/881 6853/2878/880
f 6856/2881/881 6858/2885/882 6857/2886/882 6855/2882/881
f 6858/2885/882 6860/2889/883 6859/2890/883 6857/2886/882
f 6860/2889/883 6862/2893/884 6861/2894/884 6859/2890/883
f 6862/2893/884 6864/2897/885 6863/2898/885 6861/2894/884
f 6864/2897/885 6866/2901/886 6865/1635/886 6863/2898/885
f 6866/2901/886 6868/2904/887 6867/2905/887 6865/1635/886
f 6868/2904/887 6870/2908/888 6869/2909/888 6867/2905/887
f 6870/2908/888 6872/2912/889 6871/2913/889 6869/2909/888
f 6872/2912/889 6874/2916/890 6873/2917/890 6871/2913/889
f 6874/2916/890 6876/2920/219 6875/2921/219 6873/2917/890
f 6876/2920/219 6878/2924/891 6877/2925/891 6875/2921/219
f 6878/2924/891 6880/2928/892 6879/2929/892 6877/2925/891
f 6880/2928/892 6882/2932/893 6881/1629/893 6879/2929/892
f 6882/2932/893 6884/2935/894 6883/2936/894 6881/1629/893
f 6884/2935/894 6886/2939/895 6885/2940/895 6883/2936/894
f 6886/2939/895 6888/2943/896 6887/2944/896 6885/2940/895
f 6888/2943/896 6890/2947/897 6889/2948/897 6887/2944/896
f 6890/2947/897 6892/2951/898 6891/2952/898 6889/2948/897
f 6892/2951/898 6894/2955/899 6893/2956/899 6891/2952/898
f 6894/2955/899 6896/2959/900 6895/2960/900 6893/2956/899
f 6896/2959/900 6898/2963/901 6897/1796/901 6895/2960/900
f 6898/2963/901 6900/2966/902 6899/2967/902 6897/1796/901
f 6900/2966/902 6902/2970/903 6901/2971/903 6899/2967/902
f 6902/2970/903 6904/2974/904 6903/2975/904 6901/2971/903
f 6904/2974/904 6906/2978/905 6905/2979/905 6903/2975/904
f 6906/2978/905 6908/2982/906 6907/2983/906 6905/2979/905
f 6908/2982/906 6910/2986/907 6909/2987/907 6907/2983/906
f 6910/2986/907 6912/2990/908 6911/2991/908 6909/2987/907
f 6912/2990/908 6914/2994/909 6913/1662/909 6911/2991/908
f 6914/2994/909 6916/2997/910 6915/2998/910 6913/1662/909
f 6916/2997/910 6918/3001/911 6917/3002/911 6915/2998/910
f 6918/3001/911 6920/3005/912 6919/3006/912 6917/3002/911
f 6920/3005/912 6922/3009/913 6921/3010/913 6919/3006/912
f 6922/3009/913 6924/3013/914 6923/3014/914 6921/3010/913
f 6924/3013/914 6926/3017/915 6925/3018/915 6923/3014/914
f 6926/3017/915 6928/3021/916 6927/3022/916 6925/3018/915
f 6928/3021/916 6930/3025/917 6929/1386/917 6927/3022/916
f 6930/3025/917 6932/3028/918 6931/3029/918 6929/1386/917
f 6932/3028/918 6934/3032/919 6933/3033/919 6931/3029/918
f 6934/3032/919 6936/3036/920 6935/3037/920 6933/3033/919
f 6936/3036/920 6938/3040/921 6937/3041/921 6935/3037/920
f 6938/3040/921 6940/3044/922 6939/3045/922 6937/3041/921
f 6940/3044/922 6942/3048/923 6941/3049/923 6939/3045/922
f 6942/3048/923 6944/3052/924 6943/3053/924 6941/3049/923
f 6944/3052/924 6946/3056/925 6945/1391/925 6943/3053/924
f 6946/3056/925 6948/3059/926 6947/3060/926 6945/1391/925
f 6948/3059/926 6950/3063/927 6949/3064/927 6947/3060/926
f 6950/3063/927 6952/3067/928 6951/3068/928 6949/3064/927
f 6952/3067/928 6954/3071/929 6953/3072/929 6951/3068/928
f 6954/3071/929 6956/3075/283 6955/3076/283 6953/3072/929
f 6956/3075/283 6958/3079/930 6957/3080/930 6955/3076/283
f 6958/3079/930 6960/3083/931 6959/3084/931 6957/3080/930
f 6960/3083/931 6962/3087/932 6961/1547/932 6959/3084/931
f 6962/3087/932 6964/3090/933 6963/3091/933 6961/1547/932
f 6964/3090/933 6966/3094/934 6965/3095/934 6963/3091/933
f 6966/3094/934 6968/3098/935 6967/3099/935 6965/3095/934
f 6968/3098/935 6970/3102/936 6969/3103/936 6967/3099/935
f 6970/3102/936 6972/3106/937 6971/3107/937 6969/3103/936
f 6972/3106/937 6974/3110/938 6973/3111/938 6971/3107/937
f 6974/3110/938 6976/3114/939 6975/3115/939 6973/3111/938
f 6976/3114/939 6978/3118/940 6977/1432/940 6975/3115/939
f 6978/3118/940 6980/3121/941 6979/3122/941 6977/1432/940
f 6980/3121/941 6982/3125/942 6981/3126/942 6979/3122/941
f 6982/3125/942 6984/3129/943 6983/3130/943 6981/3126/942
f 6984/3129/943 6986/3133/944 6985/3134/944 6983/3130/943
f 6986/3133/944 6988/3137/945 6987/3138/945 6985/3134/944
f 6988/3137/945 6990/3141/946 6989/3142/946 6987/3138/945
f 6990/3141/946 6992/3145/947 6991/3146/947 6989/3142/946
f 6992/3145/947 6802/2777/854 6801/418/854 6991/3146/947
f 6994/1808/948 6996/2780/949 6995/2781/949 6993/424/948
f 6996/2780/949 6998/2784/950 6997/2785/950 6995/2781/949
f 6998/2784/950 7000/2788/1044 6999/2789/1044 6997/2785/950
f 7000/2788/1044 7002/2792/952 7001/2793/952 6999/2789/1044
f 7002/2792/952 7004/2796/953 7003/2797/953 7001/2793/952
f 7004/2796/953 7006/2800/954 7005/2801/954 7003/2797/953
f 7006/2800/954 7008/2804/955 7007/2805/955 7005/2801/954
f 7008/2804/955 7010/2808/956 7009/1481/956 7007/2805/955
f 7010/2808/956 7012/2811/957 7011/2812/957 7009/1481/956
f 7012/2811/957 7014/2815/958 7013/2816/958 7011/2812/957
f 7014/2815/958 7016/2819/959 7015/2820/959 7013/2816/958
f 7016/2819/959 7018/2823/960 7017/2824/960 7015/2820/959
f 7018/2823/960 7020/2827/961 7019/2828/961 7017/2824/960
f 7020/2827/961 7022/2831/962 7021/2832/962 7019/2828/961
f 7022/2831/962 7024/2835/963 7023/2836/963 7021/2832/962
f 7024/2835/963 7026/2839/964 7025/1656/964 7023/2836/963
f 7026/2839/964 7028/2842/965 7027/2843/965 7025/1656/964
f 7028/2842/965 7030/2846/966 7029/2847/966 7027/2843/965
f 7030/2846/966 7032/2850/967 7031/2851/967 7029/2847/966
f 7032/2850/967 7034/2854/968 7033/2855/968 7031/2851/967
f 7034/2854/968 7036/2858/969 7035/2859/969 7033/2855/968
f 7036/2858/969 7038/2862/970 7037/2863/970 7035/2859/969
f 7038/2862/970 7040/2866/971 7039/2867/971 7037/2863/970
f 7040/2866/971 7042/2870/972 7041/1779/972 7039/2867/971
f 7042/2870/972 7044/2873/973 7043/2874/973 7041/1779/972
f 7044/2873/973 7046/2877/974 7045/2878/974 7043/2874/973
f 7046/2877/974 7048/2881/975 7047/2882/975 7045/2878/974
f 7048/2881/975 7050/2885/976 7049/2886/976 7047/2882/975
f 7050/2885/976 7052/2889/977 7051/2890/977 7049/2886/976
f 7052/2889/977 7054/2893/978 7053/2894/978 7051/2890/977
f 7054/2893/978 7056/2897/979 7055/2898/979 7053/2894/978
f 7056/2897/979 7058/2901/980 7057/1635/980 7055/2898/979
f 7058/2901/980 7060/2904/981 7059/2905/981 7057/1635/980
f 7060/2904/981 7062/2908/982 7061/2909/982 7059/2905/981
f 7062/2908/982 7064/2912/983 7063/2913/983 7061/2909/982
f 7064/2912/983 7066/2916/984 7065/2917/984 7063/2913/983
f 7066/2916/984 7068/2920/985 7067/2921/985 7065/2917/984
f 7068/2920/985 7070/2924/986 7069/2925/986 7067/2921/985
f 7070/2924/986 7072/2928/987 7071/2929/987 7069/2925/986
f 7072/2928/987 7074/2932/988 7073/1629/988 7071/2929/987
f 7074/2932/988 7076/2935/989 7075/2936/989 7073/1629/988
f 7076/2935/989 7078/2939/990 7077/2940/990 7075/2936/989
f 7078/2939/990 7080/2943/991 7079/2944/991 7077/2940/990
f 7080/2943/991 7082/2947/992 7081/2948/992 7079/2944/991
f 7082/2947/992 7084/2951/993 7083/2952/993 7081/2948/992
f 7084/2951/993 7086/2955/994 7085/2956/994 7083/2952/993
f 7086/2955/994 7088/2959/995 7087/2960/995 7085/2956/994
f 7088/2959/995 7090/2963/996 7089/1796/996 7087/2960/995
f 7090/2963/996 7092/2966/997 7091/2967/997 7089/1796/996
f 7092/2966/997 7094/2970/998 7093/2971/998 7091/2967/997
f 7094/2970/998 7096/2974/999 7095/2975/999 7093/2971/998
f 7096/2974/999 7098/2978/1000 7097/2979/1000 7095/2975/999
f 7098/2978/1000 7100/2982/1001 7099/2983/1001 7097/2979/1000
f 7100/2982/1001 7102/2986/1002 7101/2987/1002 7099/2983/1001
f 7102/2986/1002 7104/2990/1003 7103/2991/1003 7101/2987/1002
f 7104/2990/1003 7106/2994/1004 7105/1662/1004 7103/2991/1003
f 7106/2994/1004 7108/2997/1005 7107/2998/1005 7105/1662/1004
f 7108/2997/1005 7110/3001/1006 7109/3002/1006 7107/2998/1005
f 7110/3001/1006 7112/3005/1007 7111/3006/1007 7109/3002/1006
f 7112/3005/1007 7114/3009/1008 7113/3010/1008 7111/3006/1007
f 7114/3009/1008 7116/3013/1009 7115/3014/1009 7113/3010/1008
f 7116/3013/1009 7118/3017/1010 7117/3018/1010 7115/3014/1009
f 7118/3017/1010 7120/3021/1011 7119/3022/1011 7117/3018/1010
f 7120/3021/1011 7122/3025/1012 7121/1386/1012 7119/3022/1011
f 7122/3025/1012 7124/3028/1013 7123/3029/1013 7121/1386/1012
f 7124/3028/1013 7126/3032/1014 7125/3033/1014 7123/3029/1013
f 7126/3032/1014 7128/3036/1015 7127/3037/1015 7125/3033/1014
f 7128/3036/1015 7130/3040/1016 7129/3041/1016 7127/3037/1015
f 7130/3040/1016 7132/3044/1017 7131/3045/1017 7129/3041/1016
f 7132/3044/1017 7134/3048/1018 7133/3049/1018 7131/3045/1017
f 7134/3048/1018 7136/3052/1019 7135/3053/1019 7133/3049/1018
f 7136/3052/1019 7138/3056/1020 7137/1391/1020 7135/3053/1019
f 7138/3056/1020 7140/3059/1021 7139/3060/1021 7137/1391/1020
f 7140/3059/1021 7142/3063/1022 7141/3064/1022 7139/3060/1021
f 7142/3063/1022 7144/3067/470 7143/3068/470 7141/3064/1022
f 7144/3067/470 7146/3071/1023 7145/3072/1023 7143/3068/470
f 7146/3071/1023 7148/3075/1024 7147/3076/1024 7145/3072/1023
f 7148/3075/1024 7150/3079/1025 7149/3080/1025 7147/3076/1024
f 7150/3079/1025 7152/3083/1026 7151/3084/1026 7149/3080/1025
f 7152/3083/1026 7154/3087/1027 7153/1547/1027 7151/3084/1026
f 7154/3087/1027 7156/3090/1028 7155/3091/1028 7153/1547/1027
f 7156/3090/1028 7158/3094/1029 7157/3095/1029 7155/3091/1028
f 7158/3094/1029 7160/3098/1030 7159/3099/1030 7157/3095/1029
f 7160/3098/1030 7162/3102/1031 7161/3103/1031 7159/3099/1030
f 7162/3102/1031 7164/3106/1032 7163/3107/1032 7161/3103/1031
f 7164/3106/1032 7166/3110/1033 7165/3111/1033 7163/3107/1032
f 7166/3110/1033 7168/3114/1034 7167/3115/1034 7165/3111/1033
f 7168/3114/1034 7170/3118/1035 7169/1432/1035 7167/3115/1034
f 7170/3118/1035 7172/3121/1036 7171/3122/1036 7169/1432/1035
f 7172/3121/1036 7174/3125/1037 7173/3126/1037 7171/3122/1036
f 7174/3125/1037 7176/3129/1038 7175/3130/1038 7173/3126/1037
f 7176/3129/1038 7178/3133/1039 7177/3134/1039 7175/3130/1038
f 7178/3133/1039 7180/3137/1040 7179/3138/1040 7177/3134/1039
f 7180/3137/1040 7182/3141/1041 7181/3142/1041 7179/3138/1040
f 7182/3141/1041 7184/3145/1042 7183/3146/1042 7181/3142/1041
f 7184/3145/1042 6994/2777/948 6993/418/948 7183/3146/1042
f 7186/1808/1045 7188/3773/1046 7187/3774/1046 7185/424/1045
f 7188/3773/1046 7190/3775/1047 7189/3776/1047 7187/3774/1046
f 7190/3775/1047 7192/3777/1048 7191/3778/1048 7189/3776/1047
f 7192/3777/1048 7194/3779/1049 7193/3780/1049 7191/3778/1048
f 7194/3779/1049 7196/3781/1050 7195/3782/1050 7193/3780/1049
f 7196/3781/1050 7198/3783/1051 7197/3784/1051 7195/3782/1050
f 7198/3783/1051 7200/3785/1052 7199/3786/1052 7197/3784/1051
f 7200/3785/1052 7202/3787/1053 7201/3788/1053 7199/3786/1052
f 7202/3787/1053 7204/3789/1054 7203/3790/1054 7201/3788/1053
f 7204/3789/1054 7206/3165/403 7205/3166/403 7203/3790/1054
f 7206/3165/403 7208/3791/1055 7207/3792/1055 7205/3166/403
f 7208/3791/1055 7210/3793/1056 7209/3794/1056 7207/3792/1055
f 7210/3793/1056 7212/3795/1057 7211/3796/1057 7209/3794/1056
f 7212/3795/1057 7214/3797/1058 7213/3798/1058 7211/3796/1057
f 7214/3797/1058 7216/2792/1059 7215/2793/1059 7213/3798/1058
f 7216/2792/1059 7218/3799/1060 7217/3800/1060 7215/2793/1059
f 7218/3799/1060 7220/3801/1061 7219/3802/1061 7217/3800/1060
f 7220/3801/1061 7222/3803/1062 7221/3804/1062 7219/3802/1061
f 7222/3803/1062 7224/3805/1063 7223/3806/1063 7221/3804/1062
f 7224/3805/1063 7226/3183/1064 7225/3184/1064 7223/3806/1063
f 7226/3183/1064 7228/3807/1065 7227/3808/1065 7225/3184/1064
f 7228/3807/1065 7230/3809/1066 7229/3810/1066 7227/3808/1065
f 7230/3809/1066 7232/3811/1067 7231/3812/1067 7229/3810/1066
f 7232/3811/1067 7234/3813/1068 7233/3814/1068 7231/3812/1067
f 7234/3813/1068 7236/3815/1069 7235/3816/1069 7233/3814/1068
f 7236/3815/1069 7238/3817/1070 7237/3818/1070 7235/3816/1069
f 7238/3817/1070 7240/3819/1071 7239/3820/1071 7237/3818/1070
f 7240/3819/1071 7242/3821/1072 7241/3822/1072 7239/3820/1071
f 7242/3821/1072 7244/3823/1073 7243/3824/1073 7241/3822/1072
f 7244/3823/1073 7246/2808/1074 7245/1481/1074 7243/3824/1073
f 7246/2808/1074 7248/3825/1075 7247/3826/1075 7245/1481/1074
f 7248/3825/1075 7250/3827/1076 7249/3828/1076 7247/3826/1075
f 7250/3827/1076 7252/3829/1077 7251/3830/1077 7249/3828/1076
f 7252/3829/1077 7254/3831/1078 7253/3832/1078 7251/3830/1077
f 7254/3831/1078 7256/3833/1079 7255/3834/1079 7253/3832/1078
f 7256/3833/1079 7258/3835/1080 7257/3836/1080 7255/3834/1079
f 7258/3835/1080 7260/3837/1081 7259/3838/1081 7257/3836/1080
f 7260/3837/1081 7262/3839/1082 7261/3840/1082 7259/3838/1081
f 7262/3839/1082 7264/3841/1083 7263/3842/1083 7261/3840/1082
f 7264/3841/1083 7266/3217/1084 7265/3218/1084 7263/3842/1083
f 7266/3217/1084 7268/3843/1085 7267/3844/1085 7265/3218/1084
f 7268/3843/1085 7270/3845/1086 7269/3846/1086 7267/3844/1085
f 7270/3845/1086 7272/3847/1087 7271/3848/1087 7269/3846/1086
f 7272/3847/1087 7274/3849/1088 7273/3850/1088 7271/3848/1087
f 7274/3849/1088 7276/2823/1089 7275/2824/1089 7273/3850/1088
f 7276/2823/1089 7278/3851/1090 7277/3852/1090 7275/2824/1089
f 7278/3851/1090 7280/3853/91 7279/3854/91 7277/3852/1090
f 7280/3853/91 7282/3855/1091 7281/3856/1091 7279/3854/91
f 7282/3855/1091 7284/3857/1092 7283/3858/1092 7281/3856/1091
f 7284/3857/1092 7286/3235/1093 7285/3236/1093 7283/3858/1092
f 7286/3235/1093 7288/3859/1094 7287/3860/1094 7285/3236/1093
f 7288/3859/1094 7290/3861/1095 7289/3862/1095 7287/3860/1094
f 7290/3861/1095 7292/3863/1096 7291/3864/1096 7289/3862/1095
f 7292/3863/1096 7294/3865/1097 7293/3866/1097 7291/3864/1096
f 7294/3865/1097 7296/3867/1098 7295/3868/1098 7293/3866/1097
f 7296/3867/1098 7298/3869/1099 7297/3870/1099 7295/3868/1098
f 7298/3869/1099 7300/3871/1100 7299/3872/1100 7297/3870/1099
f 7300/3871/1100 7302/3873/1101 7301/3874/1101 7299/3872/1100
f 7302/3873/1101 7304/3875/1102 7303/3876/1102 7301/3874/1101
f 7304/3875/1102 7306/2839/1103 7305/1656/1103 7303/3876/1102
f 7306/2839/1103 7308/3877/1104 7307/3878/1104 7305/1656/1103
f 7308/3877/1104 7310/3879/1105 7309/3880/1105 7307/3878/1104
f 7310/3879/1105 7312/3881/1106 7311/3882/1106 7309/3880/1105
f 7312/3881/1106 7314/3883/1107 7313/3884/1107 7311/3882/1106
f 7314/3883/1107 7316/3885/1108 7315/3886/1108 7313/3884/1107
f 7316/3885/1108 7318/3887/1109 7317/3888/1109 7315/3886/1108
f 7318/3887/1109 7320/3889/1110 7319/3890/1110 7317/3888/1109
f 7320/3889/1110 7322/3891/1111 7321/3892/1111 7319/3890/1110
f 7322/3891/1111 7324/3893/1112 7323/3894/1112 7321/3892/1111
f 7324/3893/1112 7326/3269/1113 7325/3270/1113 7323/3894/1112
f 7326/3269/1113 7328/3895/1114 7327/3896/1114 7325/3270/1113
f 7328/3895/1114 7330/3897/1115 7329/402/1115 7327/3896/1114
f 7330/3897/1115 7332/3898/1116 7331/3899/1116 7329/402/1115
f 7332/3898/1116 7334/3900/1117 7333/3901/1117 7331/3899/1116
f 7334/3900/1117 7336/2854/1118 7335/2855/1118 7333/3901/1117
f 7336/2854/1118 7338/3902/1119 7337/3903/1119 7335/2855/1118
f 7338/3902/1119 7340/3904/1120 7339/3905/1120 7337/3903/1119
f 7340/3904/1120 7342/3906/1121 7341/3907/1121 7339/3905/1120
f 7342/3906/1121 7344/3908/1122 7343/3909/1122 7341/3907/1121
f 7344/3908/1122 7346/3287/1123 7345/3288/1123 7343/3909/1122
f 7346/3287/1123 7348/3910/1124 7347/3911/1124 7345/3288/1123
f 7348/3910/1124 7350/3912/1125 7349/3913/1125 7347/3911/1124
f 7350/3912/1125 7352/3914/1126 7351/3915/1126 7349/3913/1125
f 7352/3914/1126 7354/3916/1127 7353/3917/1127 7351/3915/1126
f 7354/3916/1127 7356/3918/1128 7355/3919/1128 7353/3917/1127
f 7356/3918/1128 7358/3920/1129 7357/3921/1129 7355/3919/1128
f 7358/3920/1129 7360/3922/1130 7359/3923/1130 7357/3921/1129
f 7360/3922/1130 7362/3924/1131 7361/3925/1131 7359/3923/1130
f 7362/3924/1131 7364/3926/1132 7363/3927/1132 7361/3925/1131
f 7364/3926/1132 7366/2870/678 7365/1779/678 7363/3927/1132
f 7366/2870/678 7368/3928/1133 7367/3929/1133 7365/1779/678
f 7368/3928/1133 7370/3930/1134 7369/3931/1134 7367/3929/1133
f 7370/3930/1134 7372/3932/1135 7371/3933/1135 7369/3931/1134
f 7372/3932/1135 7374/3934/1136 7373/3935/1136 7371/3933/1135
f 7374/3934/1136 7376/3936/1137 7375/3937/1137 7373/3935/1136
f 7376/3936/1137 7378/3938/1138 7377/3939/1138 7375/3937/1137
f 7378/3938/1138 7380/3940/1139 7379/3941/1139 7377/3939/1138
f 7380/3940/1139 7382/3942/1140 7381/3943/1140 7379/3941/1139
f 7382/3942/1140 7384/3944/1141 7383/3945/1141 7381/3943/1140
f 7384/3944/1141 7386/3321/1142 7385/3322/1142 7383/3945/1141
f 7386/3321/1142 7388/3946/1143 7387/3947/1143 7385/3322/1142
f 7388/3946/1143 7390/3948/1144 7389/3949/1144 7387/3947/1143
f 7390/3948/1144 7392/3950/1145 7391/3951/1145 7389/3949/1144
f 7392/3950/1145 7394/3952/1146 7393/3953/1146 7391/3951/1145
f 7394/3952/1146 7396/2885/1147 7395/2886/1147 7393/3953/1146
f 7396/2885/1147 7398/3954/1148 7397/3955/1148 7395/2886/1147
f 7398/3954/1148 7400/3956/1149 7399/3957/1149 7397/3955/1148
f 7400/3956/1149 7402/3958/1150 7401/3959/1150 7399/3957/1149
f 7402/3958/1150 7404/3960/1151 7403/3961/1151 7401/3959/1150
f 7404/3960/1151 7406/3339/1152 7405/3340/1152 7403/3961/1151
f 7406/3339/1152 7408/3962/1153 7407/3963/1153 7405/3340/1152
f 7408/3962/1153 7410/3964/1154 7409/3965/1154 7407/3963/1153
f 7410/3964/1154 7412/3966/1155 7411/3967/1155 7409/3965/1154
f 7412/3966/1155 7414/3968/1156 7413/3969/1156 7411/3967/1155
f 7414/3968/1156 7416/3970/1157 7415/3971/1157 7413/3969/1156
f 7416/3970/1157 7418/3972/1158 7417/3973/1158 7415/3971/1157
f 7418/3972/1158 7420/3974/1159 7419/3975/1159 7417/3973/1158
f 7420/3974/1159 7422/3976/1160 7421/3977/1160 7419/3975/1159
f 7422/3976/1160 7424/3978/1161 7423/3979/1161 7421/3977/1160
f 7424/3978/1161 7426/2901/1162 7425/1635/1162 7423/3979/1161
f 7426/2901/1162 7428/3980/1163 7427/3981/1163 7425/1635/1162
f 7428/3980/1163 7430/3982/1164 7429/3983/1164 7427/3981/1163
f 7430/3982/1164 7432/3984/1165 7431/3985/1165 7429/3983/1164
f 7432/3984/1165 7434/3986/1166 7433/3987/1166 7431/3985/1165
f 7434/3986/1166 7436/3988/1167 7435/3989/1167 7433/3987/1166
f 7436/3988/1167 7438/3990/1168 7437/3991/1168 7435/3989/1167
f 7438/3990/1168 7440/3992/1169 7439/3993/1169 7437/3991/1168
f 7440/3992/1169 7442/3994/1170 7441/3995/1170 7439/3993/1169
f 7442/3994/1170 7444/3996/1171 7443/3997/1171 7441/3995/1170
f 7444/3996/1171 7446/3373/1172 7445/3374/1172 7443/3997/1171
f 7446/3373/1172 7448/3998/1173 7447/3999/1173 7445/3374/1172
f 7448/3998/1173 7450/4000/1174 7449/4001/1174 7447/3999/1173
f 7450/4000/1174 7452/4002/1175 7451/4003/1175 7449/4001/1174
f 7452/4002/1175 7454/4004/1176 7453/4005/1176 7451/4003/1175
f 7454/4004/1176 7456/2916/1177 7455/2917/1177 7453/4005/1176
f 7456/2916/1177 7458/4006/1178 7457/4007/1178 7455/2917/1177
f 7458/4006/1178 7460/4008/1179 7459/4009/1179 7457/4007/1178
f 7460/4008/1179 7462/4010/1180 7461/4011/1180 7459/4009/1179
f 7462/4010/1180 7464/4012/1181 7463/4013/1181 7461/4011/1180
f 7464/4012/1181 7466/3391/1182 7465/3392/1182 7463/4013/1181
f 7466/3391/1182 7468/4014/1183 7467/4015/1183 7465/3392/1182
f 7468/4014/1183 7470/4016/1184 7469/4017/1184 7467/4015/1183
f 7470/4016/1184 7472/4018/1185 7471/4019/1185 7469/4017/1184
f 7472/4018/1185 7474/4020/1186 7473/309/1186 7471/4019/1185
f 7474/4020/1186 7476/4021/1187 7475/4022/1187 7473/309/1186
f 7476/4021/1187 7478/4023/1188 7477/4024/1188 7475/4022/1187
f 7478/4023/1188 7480/4025/1189 7479/4026/1189 7477/4024/1188
f 7480/4025/1189 7482/4027/1190 7481/4028/1190 7479/4026/1189
f 7482/4027/1190 7484/4029/1191 7483/4030/1191 7481/4028/1190
f 7484/4029/1191 7486/2932/1192 7485/1629/1192 7483/4030/1191
f 7486/2932/1192 7488/4031/1193 7487/4032/1193 7485/1629/1192
f 7488/4031/1193 7490/4033/1194 7489/4034/1194 7487/4032/1193
f 7490/4033/1194 7492/4035/1195 7491/4036/1195 7489/4034/1194
f 7492/4035/1195 7494/4037/1196 7493/4038/1196 7491/4036/1195
f 7494/4037/1196 7496/4039/1197 7495/4040/1197 7493/4038/1196
f 7496/4039/1197 7498/4041/1198 7497/4042/1198 7495/4040/1197
f 7498/4041/1198 7500/4043/1199 7499/4044/1199 7497/4042/1198
f 7500/4043/1199 7502/4045/1200 7501/4046/1200 7499/4044/1199
f 7502/4045/1200 7504/4047/1201 7503/4048/1201 7501/4046/1200
f 7504/4047/1201 7506/3425/1202 7505/3426/1202 7503/4048/1201
f 7506/3425/1202 7508/4049/1203 7507/4050/1203 7505/3426/1202
f 7508/4049/1203 7510/4051/1204 7509/4052/1204 7507/4050/1203
f 7510/4051/1204 7512/4053/1205 7511/4054/1205 7509/4052/1204
f 7512/4053/1205 7514/4055/1206 7513/4056/1206 7511/4054/1205
f 7514/4055/1206 7516/2947/1207 7515/2948/1207 7513/4056/1206
f 7516/2947/1207 7518/4057/1208 7517/4058/1208 7515/2948/1207
f 7518/4057/1208 7520/4059/1209 7519/4060/1209 7517/4058/1208
f 7520/4059/1209 7522/4061/1210 7521/4062/1210 7519/4060/1209
f 7522/4061/1210 7524/4063/1211 7523/4064/1211 7521/4062/1210
f 7524/4063/1211 7526/3443/1212 7525/3444/1212 7523/4064/1211
f 7526/3443/1212 7528/4065/1213 7527/4066/1213 7525/3444/1212
f 7528/4065/1213 7530/4067/1214 7529/4068/1214 7527/4066/1213
f 7530/4067/1214 7532/4069/1215 7531/4070/1215 7529/4068/1214
f 7532/4069/1215 7534/4071/1216 7533/4072/1216 7531/4070/1215
f 7534/4071/1216 7536/4073/1217 7535/4074/1217 7533/4072/1216
f 7536/4073/1217 7538/4075/1218 7537/4076/1218 7535/4074/1217
f 7538/4075/1218 7540/4077/1219 7539/4078/1219 7537/4076/1218
f 7540/4077/1219 7542/4079/1220 7541/4080/1220 7539/4078/1219
f 7542/4079/1220 7544/4081/1221 7543/4082/1221 7541/4080/1220
f 7544/4081/1221 7546/2963/1222 7545/1796/1222 7543/4082/1221
f 7546/2963/1222 7548/4083/1223 7547/4084/1223 7545/1796/1222
f 7548/4083/1223 7550/4085/1224 7549/4086/1224 7547/4084/1223
f 7550/4085/1224 7552/4087/1225 7551/4088/1225 7549/4086/1224
f 7552/4087/1225 7554/4089/1226 7553/4090/1226 7551/4088/1225
f 7554/4089/1226 7556/4091/1227 7555/4092/1227 7553/4090/1226
f 7556/4091/1227 7558/4093/1228 7557/4094/1228 7555/4092/1227
f 7558/4093/1228 7560/4095/1229 7559/4096/1229 7557/4094/1228
f 7560/4095/1229 7562/4097/1230 7561/4098/1230 7559/4096/1229
f 7562/4097/1230 7564/4099/1231 7563/4100/1231 7561/4098/1230
f 7564/4099/1231 7566/3477/1232 7565/3478/1232 7563/4100/1231
f 7566/3477/1232 7568/4101/1233 7567/4102/1233 7565/3478/1232
f 7568/4101/1233 7570/4103/1234 7569/4104/1234 7567/4102/1233
f 7570/4103/1234 7572/4105/1235 7571/4106/1235 7569/4104/1234
f 7572/4105/1235 7574/4107/1236 7573/4108/1236 7571/4106/1235
f 7574/4107/1236 7576/2978/1237 7575/2979/1237 7573/4108/1236
f 7576/2978/1237 7578/4109/1238 7577/4110/1238 7575/2979/1237
f 7578/4109/1238 7580/4111/1239 7579/4112/1239 7577/4110/1238
f 7580/4111/1239 7582/4113/1240 7581/4114/1240 7579/4112/1239
f 7582/4113/1240 7584/4115/1241 7583/4116/1241 7581/4114/1240
f 7584/4115/1241 7586/3495/1242 7585/3496/1242 7583/4116/1241
f 7586/3495/1242 7588/4117/1243 7587/4118/1243 7585/3496/1242
f 7588/4117/1243 7590/4119/1244 7589/4120/1244 7587/4118/1243
f 7590/4119/1244 7592/4121/1245 7591/4122/1245 7589/4120/1244
f 7592/4121/1245 7594/4123/1246 7593/4124/1246 7591/4122/1245
f 7594/4123/1246 7596/4125/1247 7595/4126/1247 7593/4124/1246
f 7596/4125/1247 7598/4127/1248 7597/4128/1248 7595/4126/1247
f 7598/4127/1248 7600/4129/1249 7599/4130/1249 7597/4128/1248
f 7600/4129/1249 7602/4131/1250 7601/4132/1250 7599/4130/1249
f 7602/4131/1250 7604/4133/1251 7603/4134/1251 7601/4132/1250
f 7604/4133/1251 7606/2994/1252 7605/1662/1252 7603/4134/1251
f 7606/2994/1252 7608/4135/1253 7607/4136/1253 7605/1662/1252
f 7608/4135/1253 7610/4137/1254 7609/4138/1254 7607/4136/1253
f 7610/4137/1254 7612/4139/1255 7611/4140/1255 7609/4138/1254
f 7612/4139/1255 7614/4141/1256 7613/4142/1256 7611/4140/1255
f 7614/4141/1256 7616/4143/542 7615/4144/542 7613/4142/1256
f 7616/4143/542 7618/4145/1257 7617/67/1257 7615/4144/542
f 7618/4145/1257 7620/4146/1258 7619/4147/1258 7617/67/1257
f 7620/4146/1258 7622/4148/1259 7621/4149/1259 7619/4147/1258
f 7622/4148/1259 7624/4150/1260 7623/4151/1260 7621/4149/1259
f 7624/4150/1260 7626/3529/1261 7625/3530/1261 7623/4151/1260
f 7626/3529/1261 7628/4152/1262 7627/4153/1262 7625/3530/1261
f 7628/4152/1262 7630/4154/1263 7629/4155/1263 7627/4153/1262
f 7630/4154/1263 7632/4156/1264 7631/4157/1264 7629/4155/1263
f 7632/4156/1264 7634/4158/1265 7633/4159/1265 7631/4157/1264
f 7634/4158/1265 7636/3009/1266 7635/3010/1266 7633/4159/1265
f 7636/3009/1266 7638/4160/1267 7637/4161/1267 7635/3010/1266
f 7638/4160/1267 7640/4162/1268 7639/4163/1268 7637/4161/1267
f 7640/4162/1268 7642/4164/1269 7641/4165/1269 7639/4163/1268
f 7642/4164/1269 7644/4166/1270 7643/4167/1270 7641/4165/1269
f 7644/4166/1270 7646/3547/1271 7645/3548/1271 7643/4167/1270
f 7646/3547/1271 7648/4168/1272 7647/4169/1272 7645/3548/1271
f 7648/4168/1272 7650/4170/1273 7649/4171/1273 7647/4169/1272
f 7650/4170/1273 7652/4172/1274 7651/4173/1274 7649/4171/1273
f 7652/4172/1274 7654/4174/1275 7653/4175/1275 7651/4173/1274
f 7654/4174/1275 7656/4176/1276 7655/4177/1276 7653/4175/1275
f 7656/4176/1276 7658/4178/1277 7657/4179/1277 7655/4177/1276
f 7658/4178/1277 7660/4180/1278 7659/4181/1278 7657/4179/1277
f 7660/4180/1278 7662/4182/1279 7661/4183/1279 7659/4181/1278
f 7662/4182/1279 7664/4184/1280 7663/4185/1280 7661/4183/1279
f 7664/4184/1280 7666/3025/228 7665/1386/228 7663/4185/1280
f 7666/3025/228 7668/4186/1281 7667/4187/1281 7665/1386/228
f 7668/4186/1281 7670/4188/1282 7669/4189/1282 7667/4187/1281
f 7670/4188/1282 7672/4190/1283 7671/4191/1283 7669/4189/1282
f 7672/4190/1283 7674/4192/1284 7673/4193/1284 7671/4191/1283
f 7674/4192/1284 7676/4194/1285 7675/4195/1285 7673/4193/1284
f 7676/4194/1285 7678/4196/1286 7677/4197/1286 7675/4195/1285
f 7678/4196/1286 7680/4198/1287 7679/4199/1287 7677/4197/1286
f 7680/4198/1287 7682/4200/1288 7681/4201/1288 7679/4199/1287
f 7682/4200/1288 7684/4202/1289 7683/4203/1289 7681/4201/1288
f 7684/4202/1289 7686/3581/1290 7685/3582/1290 7683/4203/1289
f 7686/3581/1290 7688/4204/1291 7687/4205/1291 7685/3582/1290
f 7688/4204/1291 7690/4206/1292 7689/4207/1292 7687/4205/1291
f 7690/4206/1292 7692/4208/1293 7691/4209/1293 7689/4207/1292
f 7692/4208/1293 7694/4210/1294 7693/4211/1294 7691/4209/1293
f 7694/4210/1294 7696/3040/1295 7695/3041/1295 7693/4211/1294
f 7696/3040/1295 7698/4212/1296 7697/4213/1296 7695/3041/1295
f 7698/4212/1296 7700/4214/1297 7699/4215/1297 7697/4213/1296
f 7700/4214/1297 7702/4216/1298 7701/4217/1298 7699/4215/1297
f 7702/4216/1298 7704/4218/1299 7703/4219/1299 7701/4217/1298
f 7704/4218/1299 7706/3599/1300 7705/3600/1300 7703/4219/1299
f 7706/3599/1300 7708/4220/1301 7707/4221/1301 7705/3600/1300
f 7708/4220/1301 7710/4222/1302 7709/4223/1302 7707/4221/1301
f 7710/4222/1302 7712/4224/1303 7711/4225/1303 7709/4223/1302
f 7712/4224/1303 7714/4226/1304 7713/4227/1304 7711/4225/1303
f 7714/4226/1304 7716/4228/1305 7715/4229/1305 7713/4227/1304
f 7716/4228/1305 7718/4230/1306 7717/4231/1306 7715/4229/1305
f 7718/4230/1306 7720/4232/1307 7719/4233/1307 7717/4231/1306
f 7720/4232/1307 7722/4234/1308 7721/4235/1308 7719/4233/1307
f 7722/4234/1308 7724/4236/1309 7723/4237/1309 7721/4235/1308
f 7724/4236/1309 7726/3056/1310 7725/1391/1310 7723/4237/1309
f 7726/3056/1310 7728/4238/1311 7727/4239/1311 7725/1391/1310
f 7728/4238/1311 7730/4240/1312 7729/4241/1312 7727/4239/1311
f 7730/4240/1312 7732/4242/1313 7731/4243/1313 7729/4241/1312
f 7732/4242/1313 7734/4244/1314 7733/4245/1314 7731/4243/1313
f 7734/4244/1314 7736/4246/1315 7735/4247/1315 7733/4245/1314
f 7736/4246/1315 7738/4248/1316 7737/4249/1316 7735/4247/1315
f 7738/4248/1316 7740/4250/1317 7739/4251/1317 7737/4249/1316
f 7740/4250/1317 7742/4252/1318 7741/4253/1318 7739/4251/1317
f 7742/4252/1318 7744/4254/1319 7743/4255/1319 7741/4253/1318
f 7744/4254/1319 7746/3633/1320 7745/3634/1320 7743/4255/1319
f 7746/3633/1320 7748/4256/1321 7747/4257/1321 7745/3634/1320
f 7748/4256/1321 7750/4258/1322 7749/4259/1322 7747/4257/1321
f 7750/4258/1322 7752/4260/1323 7751/4261/1323 7749/4259/1322
f 7752/4260/1323 7754/4262/1324 7753/4263/1324 7751/4261/1323
f 7754/4262/1324 7756/3071/1325 7755/3072/1325 7753/4263/1324
f 7756/3071/1325 7758/4264/1326 7757/4265/1326 7755/3072/1325
f 7758/4264/1326 7760/4266/1327 7759/4267/1327 7757/4265/1326
f 7760/4266/1327 7762/4268/1328 7761/130/1328 7759/4267/1327
f 7762/4268/1328 7764/4269/1329 7763/4270/1329 7761/130/1328
f 7764/4269/1329 7766/3651/1330 7765/3652/1330 7763/4270/1329
f 7766/3651/1330 7768/4271/1331 7767/4272/1331 7765/3652/1330
f 7768/4271/1331 7770/4273/1332 7769/4274/1332 7767/4272/1331
f 7770/4273/1332 7772/4275/1333 7771/4276/1333 7769/4274/1332
f 7772/4275/1333 7774/4277/1334 7773/4278/1334 7771/4276/1333
f 7774/4277/1334 7776/4279/1335 7775/4280/1335 7773/4278/1334
f 7776/4279/1335 7778/4281/1336 7777/4282/1336 7775/4280/1335
f 7778/4281/1336 7780/4283/1337 7779/4284/1337 7777/4282/1336
f 7780/4283/1337 7782/4285/1338 7781/4286/1338 7779/4284/1337
f 7782/4285/1338 7784/4287/1339 7783/4288/1339 7781/4286/1338
f 7784/4287/1339 7786/3087/1340 7785/1547/1340 7783/4288/1339
f 7786/3087/1340 7788/4289/1341 7787/4290/1341 7785/1547/1340
f 7788/4289/1341 7790/4291/1342 7789/4292/1342 7787/4290/1341
f 7790/4291/1342 7792/4293/1343 7791/4294/1343 7789/4292/1342
f 7792/4293/1343 7794/4295/1344 7793/4296/1344 7791/4294/1343
f 7794/4295/1344 7796/4297/1345 7795/4298/1345 7793/4296/1344
f 7796/4297/1345 7798/4299/1346 7797/4300/1346 7795/4298/1345
f 7798/4299/1346 7800/4301/1347 7799/4302/1347 7797/4300/1346
f 7800/4301/1347 7802/4303/1348 7801/4304/1348 7799/4302/1347
f 7802/4303/1348 7804/4305/1349 7803/4306/1349 7801/4304/1348
f 7804/4305/1349 7806/3685/1350 7805/3686/1350 7803/4306/1349
f 7806/3685/1350 7808/4307/1351 7807/4308/1351 7805/3686/1350
f 7808/4307/1351 7810/4309/1352 7809/4310/1352 7807/4308/1351
f 7810/4309/1352 7812/4311/1353 7811/4312/1353 7809/4310/1352
f 7812/4311/1353 7814/4313/1354 7813/4314/1354 7811/4312/1353
f 7814/4313/1354 7816/3102/1355 7815/3103/1355 7813/4314/1354
f 7816/3102/1355 7818/4315/1356 7817/4316/1356 7815/3103/1355
f 7818/4315/1356 7820/4317/1357 7819/4318/1357 7817/4316/1356
f 7820/4317/1357 7822/4319/1358 7821/4320/1358 7819/4318/1357
f 7822/4319/1358 7824/4321/1359 7823/4322/1359 7821/4320/1358
f 7824/4321/1359 7826/3703/1360 7825/3704/1360 7823/4322/1359
f 7826/3703/1360 7828/4323/1361 7827/4324/1361 7825/3704/1360
f 7828/4323/1361 7830/4325/1362 7829/4326/1362 7827/4324/1361
f 7830/4325/1362 7832/4327/1363 7831/4328/1363 7829/4326/1362
f 7832/4327/1363 7834/4329/1364 7833/4330/1364 7831/4328/1363
f 7834/4329/1364 7836/4331/1365 7835/4332/1365 7833/4330/1364
f 7836/4331/1365 7838/4333/1366 7837/4334/1366 7835/4332/1365
f 7838/4333/1366 7840/4335/1367 7839/4336/1367 7837/4334/1366
f 7840/4335/1367 7842/4337/1368 7841/4338/1368 7839/4336/1367
f 7842/4337/1368 7844/4339/1369 7843/4340/1369 7841/4338/1368
f 7844/4339/1369 7846/3118/1370 7845/1432/1370 7843/4340/1369
f 7846/3118/1370 7848/4341/1371 7847/4342/1371 7845/1432/1370
f 7848/4341/1371 7850/4343/1372 7849/4344/1372 7847/4342/1371
f 7850/4343/1372 7852/4345/1373 7851/4346/1373 7849/4344/1372
f 7852/4345/1373 7854/4347/1374 7853/4348/1374 7851/4346/1373
f 7854/4347/1374 7856/4349/1375 7855/4350/1375 7853/4348/1374
f 7856/4349/1375 7858/4351/1376 7857/4352/1376 7855/4350/1375
f 7858/4351/1376 7860/4353/1377 7859/4354/1377 7857/4352/1376
f 7860/4353/1377 7862/4355/1378 7861/4356/1378 7859/4354/1377
f 7862/4355/1378 7864/4357/1379 7863/4358/1379 7861/4356/1378
f 7864/4357/1379 7866/3737/1380 7865/3738/1380 7863/4358/1379
f 7866/3737/1380 7868/4359/1381 7867/4360/1381 7865/3738/1380
f 7868/4359/1381 7870/4361/1382 7869/4362/1382 7867/4360/1381
f 7870/4361/1382 7872/4363/1383 7871/4364/1383 7869/4362/1382
f 7872/4363/1383 7874/4365/1384 7873/4366/1384 7871/4364/1383
f 7874/4365/1384 7876/3133/1385 7875/3134/1385 7873/4366/1384
f 7876/3133/1385 7878/4367/1386 7877/4368/1386 7875/3134/1385
f 7878/4367/1386 7880/4369/1387 7879/4370/1387 7877/4368/1386
f 7880/4369/1387 7882/4371/1388 7881/4372/1388 7879/4370/1387
f 7882/4371/1388 7884/4373/1389 7883/4374/1389 7881/4372/1388
f 7884/4373/1389 7886/3755/1390 7885/3756/1390 7883/4374/1389
f 7886/3755/1390 7888/4375/523 7887/4376/523 7885/3756/1390
f 7888/4375/523 7890/4377/1391 7889/4378/1391 7887/4376/523
f 7890/4377/1391 7892/4379/1392 7891/4380/1392 7889/4378/1391
f 7892/4379/1392 7894/4381/1393 7893/4382/1393 7891/4380/1392
f 7894/4381/1393 7896/4383/1394 7895/4384/1394 7893/4382/1393
f 7896/4383/1394 7898/4385/1395 7897/4386/1395 7895/4384/1394
f 7898/4385/1395 7900/4387/1396 7899/4388/1396 7897/4386/1395
f 7900/4387/1396 7902/4389/1397 7901/4390/1397 7899/4388/1396
f 7902/4389/1397 7904/4391/1398 7903/4392/1398 7901/4390/1397
f 7904/4391/1398 7186/2777/1045 7185/418/1045 7903/4392/1398
f 7906/1808/1399 7908/4393/1400 7907/4394/1400 7905/424/1399
f 7908/4393/1400 7910/4395/1401 7909/4396/1401 7907/4394/1400
f 7910/4395/1401 7912/4397/1402 7911/4398/1402 7909/4396/1401
f 7912/4397/1402 7914/4399/1403 7913/4400/1403 7911/4398/1402
f 7914/4399/1403 7916/4401/1404 7915/4402/1404 7913/4400/1403
f 7916/4401/1404 7918/4403/1405 7917/4404/1405 7915/4402/1404
f 7918/4403/1405 7920/4405/1406 7919/4406/1406 7917/4404/1405
f 7920/4405/1406 7922/4407/1407 7921/4408/1407 7919/4406/1406
f 7922/4407/1407 7924/4409/1408 7923/4410/1408 7921/4408/1407
f 7924/4409/1408 7926/4411/1409 7925/4412/1409 7923/4410/1408
f 7926/4411/1409 7928/4413/1410 7927/4414/1410 7925/4412/1409
f 7928/4413/1410 7930/4415/1411 7929/4416/1411 7927/4414/1410
f 7930/4415/1411 7932/4417/1412 7931/4418/1412 7929/4416/1411
f 7932/4417/1412 7934/4419/1413 7933/4420/1413 7931/4418/1412
f 7934/4419/1413 7936/4421/1414 7935/4422/1414 7933/4420/1413
f 7936/4421/1414 7938/4423/1415 7937/4424/1415 7935/4422/1414
f 7938/4423/1415 7940/4425/1416 7939/4426/1416 7937/4424/1415
f 7940/4425/1416 7942/4427/1417 7941/4428/1417 7939/4426/1416
f 7942/4427/1417 7944/4429/1418 7943/4430/1418 7941/4428/1417
f 7944/4429/1418 7946/4431/1419 7945/4432/1419 7943/4430/1418
f 7946/4431/1419 7948/4433/1420 7947/4434/1420 7945/4432/1419
f 7948/4433/1420 7950/4435/1421 7949/4436/1421 7947/4434/1420
f 7950/4435/1421 7952/4437/1422 7951/4438/1422 7949/4436/1421
f 7952/4437/1422 7954/4439/1423 7953/4440/1423 7951/4438/1422
f 7954/4439/1423 7956/4441/1424 7955/4442/1424 7953/4440/1423
f 7956/4441/1424 7958/4443/1425 7957/4444/1425 7955/4442/1424
f 7958/4443/1425 7960/4445/1426 7959/4446/1426 7957/4444/1425
f 7960/4445/1426 7962/4447/1427 7961/4448/1427 7959/4446/1426
f 7962/4447/1427 7964/4449/1428 7963/4450/1428 7961/4448/1427
f 7964/4449/1428 7966/4451/1429 7965/4452/1429 7963/4450/1428
f 7966/4451/1429 7968/4453/1430 7967/4454/1430 7965/4452/1429
f 7968/4453/1430 7970/4455/1431 7969/4456/1431 7967/4454/1430
f 7970/4455/1431 7972/4457/1432 7971/4458/1432 7969/4456/1431
f 7972/4457/1432 7974/4459/1433 7973/4460/1433 7971/4458/1432
f 7974/4459/1433 7976/4461/1434 7975/4462/1434 7973/4460/1433
f 7976/4461/1434 7978/4463/1435 7977/4464/1435 7975/4462/1434
f 7978/4463/1435 7980/4465/1436 7979/4466/1436 7977/4464/1435
f 7980/4465/1436 7982/4467/1437 7981/4468/1437 7979/4466/1436
f 7982/4467/1437 7984/4469/1438 7983/4470/1438 7981/4468/1437
f 7984/4469/1438 7986/4471/1439 7985/4472/1439 7983/4470/1438
f 7986/4471/1439 7988/4473/1440 7987/4474/1440 7985/4472/1439
f 7988/4473/1440 7990/4475/1441 7989/4476/1441 7987/4474/1440
f 7990/4475/1441 7992/4477/1442 7991/4478/1442 7989/4476/1441
f 7992/4477/1442 7994/4479/1443 7993/4480/1443 7991/4478/1442
f 7994/4479/1443 7996/4481/1444 7995/4482/1444 7993/4480/1443
f 7996/4481/1444 7998/4483/1445 7997/4484/1445 7995/4482/1444
f 7998/4483/1445 8000/4485/1446 7999/4486/1446 7997/4484/1445
f 8000/4485/1446 8002/4487/1447 8001/4488/1447 7999/4486/1446
f 8002/4487/1447 8004/4489/1448 8003/4490/1448 8001/4488/1447
f 8004/4489/1448 8006/4491/1449 8005/4492/1449 8003/4490/1448
f 8006/4491/1449 8008/4493/1450 8007/4494/1450 8005/4492/1449
f 8008/4493/1450 8010/4495/1451 8009/4496/1451 8007/4494/1450
f 8010/4495/1451 8012/4497/1452 8011/4498/1452 8009/4496/1451
f 8012/4497/1452 8014/4499/1453 8013/4500/1453 8011/4498/1452
f 8014/4499/1453 8016/4501/1454 8015/4502/1454 8013/4500/1453
f 8016/4501/1454 8018/4503/1455 8017/4504/1455 8015/4502/1454
f 8018/4503/1455 8020/4505/1456 8019/4506/1456 8017/4504/1455
f 8020/4505/1456 8022/4507/1457 8021/4508/1457 8019/4506/1456
f 8022/4507/1457 8024/4509/1458 8023/4510/1458 8021/4508/1457
f 8024/4509/1458 8026/4511/1459 8025/4512/1459 8023/4510/1458
f 8026/4511/1459 8028/4513/1460 8027/4514/1460 8025/4512/1459
f 8028/4513/1460 8030/4515/1461 8029/4516/1461 8027/4514/1460
f 8030/4515/1461 8032/4517/561 8031/4518/561 8029/4516/1461
f 8032/4517/561 8034/4519/1462 8033/4520/1462 8031/4518/561
f 8034/4519/1462 8036/4521/1463 8035/4522/1463 8033/4520/1462
f 8036/4521/1463 8038/4523/1464 8037/4524/1464 8035/4522/1463
f 8038/4523/1464 8040/4525/1465 8039/4526/1465 8037/4524/1464
f 8040/4525/1465 8042/4527/1466 8041/4528/1466 8039/4526/1465
f 8042/4527/1466 8044/4529/1467 8043/4530/1467 8041/4528/1466
f 8044/4529/1467 8046/4531/1468 8045/4532/1468 8043/4530/1467
f 8046/4531/1468 8048/4533/1469 8047/4534/1469 8045/4532/1468
f 8048/4533/1469 8050/4535/1470 8049/4536/1470 8047/4534/1469
f 8050/4535/1470 8052/4537/1471 8051/4538/1471 8049/4536/1470
f 8052/4537/1471 8054/4539/1472 8053/4540/1472 8051/4538/1471
f 8054/4539/1472 8056/4541/1473 8055/4542/1473 8053/4540/1472
f 8056/4541/1473 8058/4543/1474 8057/4544/1474 8055/4542/1473
f 8058/4543/1474 8060/4545/1475 8059/4546/1475 8057/4544/1474
f 8060/4545/1475 8062/4547/1476 8061/4548/1476 8059/4546/1475
f 8062/4547/1476 8064/4549/1477 8063/4550/1477 8061/4548/1476
f 8064/4549/1477 8066/4551/1478 8065/4552/1478 8063/4550/1477
f 8066/4551/1478 8068/4553/1479 8067/4554/1479 8065/4552/1478
f 8068/4553/1479 8070/4555/1480 8069/4556/1480 8067/4554/1479
f 8070/4555/1480 8072/4557/1481 8071/4558/1481 8069/4556/1480
f 8072/4557/1481 8074/4559/1482 8073/4560/1482 8071/4558/1481
f 8074/4559/1482 8076/4561/1483 8075/4562/1483 8073/4560/1482
f 8076/4561/1483 8078/4563/1484 8077/4564/1484 8075/4562/1483
f 8078/4563/1484 8080/4565/1485 8079/4566/1485 8077/4564/1484
f 8080/4565/1485 8082/4567/1486 8081/4568/1486 8079/4566/1485
f 8082/4567/1486 8084/4569/1487 8083/4570/1487 8081/4568/1486
f 8084/4569/1487 8086/4571/1488 8085/4572/1488 8083/4570/1487
f 8086/4571/1488 8088/4573/1489 8087/4574/1489 8085/4572/1488
f 8088/4573/1489 8090/4575/1490 8089/4576/1490 8087/4574/1489
f 8090/4575/1490 8092/4577/1491 8091/4578/1491 8089/4576/1490
f 8092/4577/1491 8094/4579/1492 8093/4580/1492 8091/4578/1491
f 8094/4579/1492 8096/4581/1493 8095/4582/1493 8093/4580/1492
f 8096/4581/1493 8098/4583/1494 8097/4584/1494 8095/4582/1493
f 8098/4583/1494 8100/4585/1495 8099/4586/1495 8097/4584/1494
f 8100/4585/1495 8102/4587/1496 8101/4588/1496 8099/4586/1495
f 8102/4587/1496 8104/4589/1497 8103/4590/1497 8101/4588/1496
f 8104/4589/1497 8106/4591/1498 8105/4592/1498 8103/4590/1497
f 8106/4591/1498 8108/4593/1499 8107/4594/1499 8105/4592/1498
f 8108/4593/1499 8110/4595/1500 8109/4596/1500 8107/4594/1499
f 8110/4595/1500 8112/4597/1501 8111/4598/1501 8109/4596/1500
f 8112/4597/1501 8114/4599/1502 8113/4600/1502 8111/4598/1501
f 8114/4599/1502 8116/4601/1503 8115/4602/1503 8113/4600/1502
f 8116/4601/1503 8118/4603/1504 8117/4604/1504 8115/4602/1503
f 8118/4603/1504 8120/4605/1505 8119/4606/1505 8117/4604/1504
f 8120/4605/1505 8122/4607/1506 8121/4608/1506 8119/4606/1505
f 8122/4607/1506 8124/4609/1507 8123/4610/1507 8121/4608/1506
f 8124/4609/1507 8126/4611/1508 8125/4612/1508 8123/4610/1507
f 8126/4611/1508 8128/4613/1509 8127/4614/1509 8125/4612/1508
f 8128/4613/1509 8130/4615/899 8129/4616/899 8127/4614/1509
f 8130/4615/899 8132/4617/1510 8131/4618/1510 8129/4616/899
f 8132/4617/1510 8134/4619/1511 8133/4620/1511 8131/4618/1510
f 8134/4619/1511 8136/4621/1512 8135/4622/1512 8133/4620/1511
f 8136/4621/1512 8138/4623/1513 8137/4624/1513 8135/4622/1512
f 8138/4623/1513 8140/4625/1514 8139/4626/1514 8137/4624/1513
f 8140/4625/1514 8142/4627/1515 8141/4628/1515 8139/4626/1514
f 8142/4627/1515 8144/4629/1516 8143/4630/1516 8141/4628/1515
f 8144/4629/1516 8146/4631/1517 8145/4632/1517 8143/4630/1516
f 8146/4631/1517 8148/4633/1518 8147/4634/1518 8145/4632/1517
f 8148/4633/1518 8150/4635/1519 8149/4636/1519 8147/4634/1518
f 8150/4635/1519 8152/4637/1520 8151/4638/1520 8149/4636/1519
f 8152/4637/1520 8154/4639/1521 8153/4640/1521 8151/4638/1520
f 8154/4639/1521 8156/4641/1522 8155/4642/1522 8153/4640/1521
f 8156/4641/1522 8158/4643/1523 8157/4644/1523 8155/4642/1522
f 8158/4643/1523 8160/4645/1524 8159/4646/1524 8157/4644/1523
f 8160/4645/1524 8162/4647/1525 8161/4648/1525 8159/4646/1524
f 8162/4647/1525 8164/4649/1526 8163/4650/1526 8161/4648/1525
f 8164/4649/1526 8166/4651/1527 8165/4652/1527 8163/4650/1526
f 8166/4651/1527 8168/4653/1528 8167/4654/1528 8165/4652/1527
f 8168/4653/1528 8170/4655/1529 8169/4656/1529 8167/4654/1528
f 8170/4655/1529 8172/4657/1530 8171/4658/1530 8169/4656/1529
f 8172/4657/1530 8174/4659/1531 8173/4660/1531 8171/4658/1530
f 8174/4659/1531 8176/4661/1532 8175/4662/1532 8173/4660/1531
f 8176/4661/1532 8178/4663/1533 8177/4664/1533 8175/4662/1532
f 8178/4663/1533 8180/4665/1534 8179/4666/1534 8177/4664/1533
f 8180/4665/1534 8182/4667/1535 8181/4668/1535 8179/4666/1534
f 8182/4667/1535 8184/4669/1536 8183/4670/1536 8181/4668/1535
f 8184/4669/1536 8186/4671/1537 8185/4672/1537 8183/4670/1536
f 8186/4671/1537 8188/4673/1538 8187/4674/1538 8185/4672/1537
f 8188/4673/1538 8190/4675/1539 8189/4676/1539 8187/4674/1538
f 8190/4675/1539 8192/4677/1540 8191/4678/1540 8189/4676/1539
f 8192/4677/1540 8194/4679/1541 8193/4680/1541 8191/4678/1540
f 8194/4679/1541 8196/4681/1542 8195/4682/1542 8193/4680/1541
f 8196/4681/1542 8198/4683/1543 8197/4684/1543 8195/4682/1542
f 8198/4683/1543 8200/4685/1544 8199/4686/1544 8197/4684/1543
f 8200/4685/1544 8202/4687/1545 8201/4688/1545 8199/4686/1544
f 8202/4687/1545 8204/4689/1546 8203/4690/1546 8201/4688/1545
f 8204/4689/1546 8206/4691/1547 8205/4692/1547 8203/4690/1546
f 8206/4691/1547 8208/4693/1548 8207/4694/1548 8205/4692/1547
f 8208/4693/1548 8210/4695/1549 8209/4696/1549 8207/4694/1548
f 8210/4695/1549 8212/4697/1550 8211/4698/1550 8209/4696/1549
f 8212/4697/1550 8214/4699/1551 8213/4700/1551 8211/4698/1550
f 8214/4699/1551 8216/4701/1552 8215/4702/1552 8213/4700/1551
f 8216/4701/1552 8218/4703/1553 8217/4704/1553 8215/4702/1552
f 8218/4703/1553 8220/4705/1554 8219/4706/1554 8217/4704/1553
f 8220/4705/1554 8222/4707/1555 8221/4708/1555 8219/4706/1554
f 8222/4707/1555 8224/4709/1556 8223/4710/1556 8221/4708/1555
f 8224/4709/1556 8226/4711/1557 8225/4712/1557 8223/4710/1556
f 8226/4711/1557 8228/4713/1558 8227/4714/1558 8225/4712/1557
f 8228/4713/1558 8230/4715/1559 8229/4716/1559 8227/4714/1558
f 8230/4715/1559 8232/4717/1560 8231/4718/1560 8229/4716/1559
f 8232/4717/1560 8234/4719/1561 8233/4720/1561 8231/4718/1560
f 8234/4719/1561 8236/4721/1562 8235/4722/1562 8233/4720/1561
f 8236/4721/1562 8238/4723/1563 8237/4724/1563 8235/4722/1562
f 8238/4723/1563 8240/4725/1564 8239/4726/1564 8237/4724/1563
f 8240/4725/1564 8242/4727/1565 8241/4728/1565 8239/4726/1564
f 8242/4727/1565 8244/4729/1566 8243/4730/1566 8241/4728/1565
f 8244/4729/1566 8246/4731/1567 8245/4732/1567 8243/4730/1566
f 8246/4731/1567 8248/4733/1568 8247/4734/1568 8245/4732/1567
f 8248/4733/1568 8250/4735/1569 8249/4736/1569 8247/4734/1568
f 8250/4735/1569 8252/4737/1570 8251/4738/1570 8249/4736/1569
f 8252/4737/1570 8254/4739/1571 8253/4740/1571 8251/4738/1570
f 8254/4739/1571 8256/4741/1572 8255/4742/1572 8253/4740/1571
f 8256/4741/1572 8258/4743/1573 8257/4744/1573 8255/4742/1572
f 8258/4743/1573 8260/4745/1574 8259/4746/1574 8257/4744/1573
f 8260/4745/1574 8262/4747/1575 8261/4748/1575 8259/4746/1574
f 8262/4747/1575 8264/4749/1576 8263/4750/1576 8261/4748/1575
f 8264/4749/1576 8266/4751/1577 8265/4752/1577 8263/4750/1576
f 8266/4751/1577 8268/4753/1578 8267/4754/1578 8265/4752/1577
f 8268/4753/1578 8270/4755/1579 8269/4756/1579 8267/4754/1578
f 8270/4755/1579 8272/4757/1580 8271/4758/1580 8269/4756/1579
f 8272/4757/1580 8274/4759/1581 8273/4760/1581 8271/4758/1580
f 8274/4759/1581 8276/4761/1582 8275/4762/1582 8273/4760/1581
f 8276/4761/1582 8278/4763/1583 8277/4764/1583 8275/4762/1582
f 8278/4763/1583 8280/4765/1584 8279/4766/1584 8277/4764/1583
f 8280/4765/1584 8282/4767/1585 8281/4768/1585 8279/4766/1584
f 8282/4767/1585 8284/4769/1586 8283/4770/1586 8281/4768/1585
f 8284/4769/1586 8286/4771/1587 8285/4772/1587 8283/4770/1586
f 8286/4771/1587 8288/4773/1588 8287/4774/1588 8285/4772/1587
f 8288/4773/1588 8290/4775/1589 8289/4776/1589 8287/4774/1588
f 8290/4775/1589 8292/4777/1590 8291/4778/1590 8289/4776/1589
f 8292/4777/1590 8294/4779/1591 8293/4780/1591 8291/4778/1590
f 8294/4779/1591 8296/4781/1592 8295/4782/1592 8293/4780/1591
f 8296/4781/1592 8298/4783/1593 8297/4784/1593 8295/4782/1592
f 8298/4783/1593 8300/4785/1594 8299/4786/1594 8297/4784/1593
f 8300/4785/1594 8302/4787/1595 8301/4788/1595 8299/4786/1594
f 8302/4787/1595 8304/4789/1596 8303/4790/1596 8301/4788/1595
f 8304/4789/1596 8306/4791/1597 8305/4792/1597 8303/4790/1596
f 8306/4791/1597 8308/4793/1598 8307/4794/1598 8305/4792/1597
f 8308/4793/1598 8310/4795/1599 8309/4796/1599 8307/4794/1598
f 8310/4795/1599 8312/4797/1600 8311/4798/1600 8309/4796/1599
f 8312/4797/1600 8314/4799/1601 8313/4800/1601 8311/4798/1600
f 8314/4799/1601 8316/4801/1602 8315/4802/1602 8313/4800/1601
f 8316/4801/1602 8318/4803/1603 8317/4804/1603 8315/4802/1602
f 8318/4803/1603 8320/4805/1604 8319/4806/1604 8317/4804/1603
f 8320/4805/1604 8322/4807/1605 8321/4808/1605 8319/4806/1604
f 8322/4807/1605 8324/4809/1606 8323/4810/1606 8321/4808/1605
f 8324/4809/1606 8326/4811/1607 8325/4812/1607 8323/4810/1606
f 8326/4811/1607 8328/4813/1608 8327/4814/1608 8325/4812/1607
f 8328/4813/1608 8330/4815/1609 8329/4816/1609 8327/4814/1608
f 8330/4815/1609 8332/4817/1610 8331/4818/1610 8329/4816/1609
f 8332/4817/1610 8334/4819/1611 8333/4820/1611 8331/4818/1610
f 8334/4819/1611 8336/4821/1612 8335/4822/1612 8333/4820/1611
f 8336/4821/1612 8338/4823/1613 8337/4824/1613 8335/4822/1612
f 8338/4823/1613 8340/4825/1611 8339/4826/1611 8337/4824/1613
f 8340/4825/1611 8342/4827/1614 8341/4828/1614 8339/4826/1611
f 8342/4827/1614 8344/4829/1615 8343/4830/1615 8341/4828/1614
f 8344/4829/1615 8346/4831/1616 8345/4832/1616 8343/4830/1615
f 8346/4831/1616 8348/4833/1617 8347/4834/1617 8345/4832/1616
f 8348/4833/1617 8350/4835/1618 8349/4836/1618 8347/4834/1617
f 8350/4835/1618 8352/2963/1604 8351/1796/1604 8349/4836/1618
f 8352/2963/1604 8354/4837/1619 8353/4838/1619 8351/1796/1604
f 8354/4837/1619 8356/4839/1620 8355/4840/1620 8353/4838/1619
f 8356/4839/1620 8358/4841/1621 8357/4842/1621 8355/4840/1620
f 8358/4841/1621 8360/4843/1622 8359/4844/1622 8357/4842/1621
f 8360/4843/1622 8362/4845/1623 8361/4846/1623 8359/4844/1622
f 8362/4845/1623 8364/4847/1624 8363/4848/1624 8361/4846/1623
f 8364/4847/1624 8366/4849/1625 8365/4850/1625 8363/4848/1624
f 8366/4849/1625 8368/4851/1626 8367/4852/1626 8365/4850/1625
f 8368/4851/1626 8370/4853/1627 8369/4854/1627 8367/4852/1626
f 8370/4853/1627 8372/4855/1628 8371/4856/1628 8369/4854/1627
f 8372/4855/1628 8374/4857/1629 8373/4858/1629 8371/4856/1628
f 8374/4857/1629 8376/4859/1630 8375/4860/1630 8373/4858/1629
f 8376/4859/1630 8378/4861/1631 8377/4862/1631 8375/4860/1630
f 8378/4861/1631 8380/4863/1632 8379/4864/1632 8377/4862/1631
f 8380/4863/1632 8382/4865/1633 8381/4866/1633 8379/4864/1632
f 8382/4865/1633 8384/4867/1634 8383/4868/1634 8381/4866/1633
f 8384/4867/1634 8386/4869/1635 8385/4870/1635 8383/4868/1634
f 8386/4869/1635 8388/4871/1634 8387/4872/1634 8385/4870/1635
f 8388/4871/1634 8390/4873/1633 8389/4874/1633 8387/4872/1634
f 8390/4873/1633 8392/4875/1632 8391/4876/1632 8389/4874/1633
f 8392/4875/1632 8394/4877/1631 8393/4878/1631 8391/4876/1632
f 8394/4877/1631 8396/4879/1630 8395/4880/1630 8393/4878/1631
f 8396/4879/1630 8398/4881/1629 8397/4882/1629 8395/4880/1630
f 8398/4881/1629 8400/4883/1636 8399/4884/1636 8397/4882/1629
f 8400/4883/1636 8402/4885/1637 8401/4886/1637 8399/4884/1636
f 8402/4885/1637 8404/4887/1626 8403/4888/1626 8401/4886/1637
f 8404/4887/1626 8406/4889/1625 8405/4890/1625 8403/4888/1626
f 8406/4889/1625 8408/4891/1624 8407/4892/1624 8405/4890/1625
f 8408/4891/1624 8410/4893/1638 8409/4894/1638 8407/4892/1624
f 8410/4893/1638 8412/4895/791 8411/4896/791 8409/4894/1638
f 8412/4895/791 8414/4897/1639 8413/4898/1639 8411/4896/791
f 8414/4897/1639 8416/4899/1640 8415/4900/1640 8413/4898/1639
f 8416/4899/1640 8418/4901/1641 8417/4902/1641 8415/4900/1640
f 8418/4901/1641 8420/4903/1642 8419/4904/1642 8417/4902/1641
f 8420/4903/1642 8422/4905/1643 8421/4906/1643 8419/4904/1642
f 8422/4905/1643 8424/4907/1644 8423/4908/1644 8421/4906/1643
f 8424/4907/1644 8426/4909/1645 8425/4910/1645 8423/4908/1644
f 8426/4909/1645 8428/4911/1646 8427/4912/1646 8425/4910/1645
f 8428/4911/1646 8430/4913/1647 8429/4914/1647 8427/4912/1646
f 8430/4913/1647 8432/4915/1648 8431/4916/1648 8429/4914/1647
f 8432/4915/1648 8434/4917/1649 8433/4918/1649 8431/4916/1648
f 8434/4917/1649 8436/4919/1650 8435/4920/1650 8433/4918/1649
f 8436/4919/1650 8438/4921/1651 8437/4922/1651 8435/4920/1650
f 8438/4921/1651 8440/4923/1357 8439/4924/1357 8437/4922/1651
f 8440/4923/1357 8442/4925/1652 8441/4926/1652 8439/4924/1357
f 8442/4925/1652 8444/4927/1653 8443/4928/1653 8441/4926/1652
f 8444/4927/1653 8446/4929/1654 8445/4930/1654 8443/4928/1653
f 8446/4929/1654 8448/4931/1655 8447/4932/1655 8445/4930/1654
f 8448/4931/1655 8450/4933/1656 8449/4934/1656 8447/4932/1655
f 8450/4933/1656 8452/4935/1657 8451/4936/1657 8449/4934/1656
f 8452/4935/1657 8454/4937/1658 8453/4938/1658 8451/4936/1657
f 8454/4937/1658 8456/4939/1659 8455/4940/1659 8453/4938/1658
f 8456/4939/1659 8458/4941/1660 8457/4942/1660 8455/4940/1659
f 8458/4941/1660 8460/4943/1661 8459/4944/1661 8457/4942/1660
f 8460/4943/1661 8462/4945/1662 8461/4946/1662 8459/4944/1661
f 8462/4945/1662 8464/4947/1663 8463/4948/1663 8461/4946/1662
f 8464/4947/1663 8466/4949/1664 8465/4950/1664 8463/4948/1663
f 8466/4949/1664 8468/4951/1665 8467/4952/1665 8465/4950/1664
f 8468/4951/1665 8470/4953/1666 8469/4954/1666 8467/4952/1665
f 8470/4953/1666 8472/4955/1667 8471/4956/1667 8469/4954/1666
f 8472/4955/1667 8474/4957/1668 8473/4958/1668 8471/4956/1667
f 8474/4957/1668 8476/4959/1669 8475/4960/1669 8473/4958/1668
f 8476/4959/1669 8478/4961/1670 8477/4962/1670 8475/4960/1669
f 8478/4961/1670 8480/4963/1671 8479/4964/1671 8477/4962/1670
f 8480/4963/1671 8482/4965/1672 8481/4966/1672 8479/4964/1671
f 8482/4965/1672 8484/4967/1671 8483/4968/1671 8481/4966/1672
f 8484/4967/1671 8486/4969/1670 8485/4970/1670 8483/4968/1671
f 8486/4969/1670 8488/4971/1669 8487/4972/1669 8485/4970/1670
f 8488/4971/1669 8490/4973/1668 8489/4974/1668 8487/4972/1669
f 8490/4973/1668 8492/4975/1667 8491/4976/1667 8489/4974/1668
f 8492/4975/1667 8494/4977/1666 8493/4978/1666 8491/4976/1667
f 8494/4977/1666 8496/4979/1665 8495/4980/1665 8493/4978/1666
f 8496/4979/1665 8498/4981/1664 8497/4982/1664 8495/4980/1665
f 8498/4981/1664 8500/4983/1673 8499/4984/1673 8497/4982/1664
f 8500/4983/1673 8502/4985/1662 8501/4986/1662 8499/4984/1673
f 8502/4985/1662 8504/4987/1661 8503/4988/1661 8501/4986/1662
f 8504/4987/1661 8506/4989/1674 8505/4990/1674 8503/4988/1661
f 8506/4989/1674 8508/4991/1675 8507/4992/1675 8505/4990/1674
f 8508/4991/1675 8510/4993/1676 8509/4994/1676 8507/4992/1675
f 8510/4993/1676 8512/4995/1677 8511/4996/1677 8509/4994/1676
f 8512/4995/1677 8514/4997/1678 8513/4998/1678 8511/4996/1677
f 8514/4997/1678 8516/4999/1679 8515/5000/1679 8513/4998/1678
f 8516/4999/1679 8518/5001/1680 8517/5002/1680 8515/5000/1679
f 8518/5001/1680 8520/5003/1681 8519/5004/1681 8517/5002/1680
f 8520/5003/1681 8522/5005/1682 8521/5006/1682 8519/5004/1681
f 8522/5005/1682 8524/5007/1683 8523/5008/1683 8521/5006/1682
f 8524/5007/1683 8526/5009/1684 8525/5010/1684 8523/5008/1683
f 8526/5009/1684 8528/5011/1685 8527/5012/1685 8525/5010/1684
f 8528/5011/1685 8530/5013/1686 8529/5014/1686 8527/5012/1685
f 8530/5013/1686 8532/5015/1687 8531/5016/1687 8529/5014/1686
f 8532/5015/1687 8534/5017/1688 8533/5018/1688 8531/5016/1687
f 8534/5017/1688 8536/5019/1689 8535/5020/1689 8533/5018/1688
f 8536/5019/1689 8538/5021/1690 8537/5022/1690 8535/5020/1689
f 8538/5021/1690 8540/5023/1691 8539/5024/1691 8537/5022/1690
f 8540/5023/1691 8542/5025/1692 8541/5026/1692 8539/5024/1691
f 8542/5025/1692 8544/5027/1693 8543/5028/1693 8541/5026/1692
f 8544/5027/1693 8546/5029/1694 8545/5030/1694 8543/5028/1693
f 8546/5029/1694 8548/5031/1695 8547/5032/1695 8545/5030/1694
f 8548/5031/1695 8550/5033/1696 8549/5034/1696 8547/5032/1695
f 8550/5033/1696 8552/5035/1697 8551/5036/1697 8549/5034/1696
f 8552/5035/1697 8554/5037/1698 8553/5038/1698 8551/5036/1697
f 8554/5037/1698 8556/5039/1699 8555/5040/1699 8553/5038/1698
f 8556/5039/1699 8558/5041/1700 8557/5042/1700 8555/5040/1699
f 8558/5041/1700 8560/5043/1701 8559/5044/1701 8557/5042/1700
f 8560/5043/1701 8562/5045/1702 8561/5046/1702 8559/5044/1701
f 8562/5045/1702 8564/5047/1703 8563/5048/1703 8561/5046/1702
f 8564/5047/1703 8566/5049/1704 8565/5050/1704 8563/5048/1703
f 8566/5049/1704 8568/5051/1705 8567/5052/1705 8565/5050/1704
f 8568/5051/1705 8570/5053/1706 8569/5054/1706 8567/5052/1705
f 8570/5053/1706 8572/5055/1707 8571/5056/1707 8569/5054/1706
f 8572/5055/1707 8574/5057/1708 8573/5058/1708 8571/5056/1707
f 8574/5057/1708 8576/5059/1709 8575/5060/1709 8573/5058/1708
f 8576/5059/1709 8578/5061/1710 8577/5062/1710 8575/5060/1709
f 8578/5061/1710 8580/5063/1711 8579/5064/1711 8577/5062/1710
f 8580/5063/1711 8582/5065/1712 8581/5066/1712 8579/5064/1711
f 8582/5065/1712 8584/5067/1713 8583/5068/1713 8581/5066/1712
f 8584/5067/1713 8586/5069/1714 8585/5070/1714 8583/5068/1713
f 8586/5069/1714 8588/5071/1715 8587/5072/1715 8585/5070/1714
f 8588/5071/1715 8590/5073/1716 8589/5074/1716 8587/5072/1715
f 8590/5073/1716 8592/5075/1717 8591/5076/1717 8589/5074/1716
f 8592/5075/1717 8594/5077/1718 8593/5078/1718 8591/5076/1717
f 8594/5077/1718 8596/5079/1719 8595/5080/1719 8593/5078/1718
f 8596/5079/1719 8598/5081/1720 8597/5082/1720 8595/5080/1719
f 8598/5081/1720 8600/5083/1721 8599/5084/1721 8597/5082/1720
f 8600/5083/1721 8602/5085/1722 8601/5086/1722 8599/5084/1721
f 8602/5085/1722 8604/5087/732 8603/5088/732 8601/5086/1722
f 8604/5087/732 8606/5089/1723 8605/5090/1723 8603/5088/732
f 8606/5089/1723 8608/5091/1724 8607/5092/1724 8605/5090/1723
f 8608/5091/1724 8610/5093/1725 8609/5094/1725 8607/5092/1724
f 8610/5093/1725 8612/5095/1726 8611/5096/1726 8609/5094/1725
f 8612/5095/1726 8614/5097/1727 8613/5098/1727 8611/5096/1726
f 8614/5097/1727 8616/5099/1728 8615/5100/1728 8613/5098/1727
f 8616/5099/1728 8618/5101/1729 8617/5102/1729 8615/5100/1728
f 8618/5101/1729 8620/5103/1730 8619/5104/1730 8617/5102/1729
f 8620/5103/1730 8622/5105/1731 8621/5106/1731 8619/5104/1730
f 8622/5105/1731 8624/5107/1732 8623/5108/1732 8621/5106/1731
f 8624/5107/1732 8626/5109/1733 8625/5110/1733 8623/5108/1732
f 8626/5109/1733 8628/5111/1734 8627/5112/1734 8625/5110/1733
f 8628/5111/1734 8630/5113/1735 8629/5114/1735 8627/5112/1734
f 8630/5113/1735 8632/5115/1736 8631/5116/1736 8629/5114/1735
f 8632/5115/1736 8634/5117/1737 8633/5118/1737 8631/5116/1736
f 8634/5117/1737 8636/5119/1738 8635/5120/1738 8633/5118/1737
f 8636/5119/1738 8638/5121/1739 8637/5122/1739 8635/5120/1738
f 8638/5121/1739 8640/5123/1740 8639/5124/1740 8637/5122/1739
f 8640/5123/1740 8642/5125/1741 8641/5126/1741 8639/5124/1740
f 8642/5125/1741 8644/5127/1742 8643/5128/1742 8641/5126/1741
f 8644/5127/1742 8646/5129/1743 8645/5130/1743 8643/5128/1742
f 8646/5129/1743 8648/5131/1744 8647/5132/1744 8645/5130/1743
f 8648/5131/1744 8650/5133/1745 8649/5134/1745 8647/5132/1744
f 8650/5133/1745 8652/5135/1746 8651/5136/1746 8649/5134/1745
f 8652/5135/1746 8654/5137/1747 8653/5138/1747 8651/5136/1746
f 8654/5137/1747 8656/5139/1748 8655/5140/1748 8653/5138/1747
f 8656/5139/1748 8658/5141/1749 8657/5142/1749 8655/5140/1748
f 8658/5141/1749 8660/5143/1750 8659/5144/1750 8657/5142/1749
f 8660/5143/1750 8662/5145/1751 8661/5146/1751 8659/5144/1750
f 8662/5145/1751 8664/5147/1742 8663/5148/1742 8661/5146/1751
f 8664/5147/1742 8666/5149/1752 8665/5150/1752 8663/5148/1742
f 8666/5149/1752 8668/5151/1740 8667/5152/1740 8665/5150/1752
f 8668/5151/1740 8670/5153/429 8669/5154/429 8667/5152/1740
f 8670/5153/429 8672/5155/1753 8671/5156/1753 8669/5154/429
f 8672/5155/1753 8674/5157/1754 8673/5158/1754 8671/5156/1753
f 8674/5157/1754 8676/5159/1755 8675/5160/1755 8673/5158/1754
f 8676/5159/1755 8678/5161/1756 8677/5162/1756 8675/5160/1755
f 8678/5161/1756 8680/5163/173 8679/5164/173 8677/5162/1756
f 8680/5163/173 8682/5165/522 8681/5166/522 8679/5164/173
f 8682/5165/522 8684/5167/310 8683/5168/310 8681/5166/522
f 8684/5167/310 8686/5169/1757 8685/5170/1757 8683/5168/310
f 8686/5169/1757 8688/5171/1758 8687/5172/1758 8685/5170/1757
f 8688/5171/1758 8690/5173/852 8689/5174/852 8687/5172/1758
f 8690/5173/852 8692/5175/1759 8691/5176/1759 8689/5174/852
f 8692/5175/1759 8694/5177/1760 8693/5178/1760 8691/5176/1759
f 8694/5177/1760 8696/5179/1761 8695/5180/1761 8693/5178/1760
f 8696/5179/1761 8698/5181/1762 8697/5182/1762 8695/5180/1761
f 8698/5181/1762 8700/5183/1763 8699/5184/1763 8697/5182/1762
f 8700/5183/1763 8702/5185/1764 8701/5186/1764 8699/5184/1763
f 8702/5185/1764 8704/5187/1765 8703/5188/1765 8701/5186/1764
f 8704/5187/1765 8706/5189/1766 8705/5190/1766 8703/5188/1765
f 8706/5189/1766 8708/5191/1767 8707/5192/1767 8705/5190/1766
f 8708/5191/1767 8710/5193/1768 8709/5194/1768 8707/5192/1767
f 8710/5193/1768 8712/5195/260 8711/5196/260 8709/5194/1768
f 8712/5195/260 8714/5197/1769 8713/5198/1769 8711/5196/260
f 8714/5197/1769 8716/5199/1770 8715/5200/1770 8713/5198/1769
f 8716/5199/1770 8718/5201/1771 8717/5202/1771 8715/5200/1770
f 8718/5201/1771 8720/5203/1772 8719/5204/1772 8717/5202/1771
f 8720/5203/1772 8722/5205/1695 8721/5206/1695 8719/5204/1772
f 8722/5205/1695 8724/5207/1773 8723/5208/1773 8721/5206/1695
f 8724/5207/1773 8726/5209/1774 8725/5210/1774 8723/5208/1773
f 8726/5209/1774 8728/5211/1775 8727/5212/1775 8725/5210/1774
f 8728/5211/1775 8730/5213/1776 8729/5214/1776 8727/5212/1775
f 8730/5213/1776 8732/5215/1777 8731/5216/1777 8729/5214/1776
f 8732/5215/1777 8734/5217/1778 8733/5218/1778 8731/5216/1777
f 8734/5217/1778 8736/5219/1779 8735/5220/1779 8733/5218/1778
f 8736/5219/1779 8738/5221/1780 8737/5222/1780 8735/5220/1779
f 8738/5221/1780 8740/5223/1781 8739/5224/1781 8737/5222/1780
f 8740/5223/1781 8742/5225/1782 8741/5226/1782 8739/5224/1781
f 8742/5225/1782 8744/5227/1783 8743/5228/1783 8741/5226/1782
f 8744/5227/1783 8746/5229/1784 8745/5230/1784 8743/5228/1783
f 8746/5229/1784 8748/5231/1785 8747/5232/1785 8745/5230/1784
f 8748/5231/1785 8750/5233/1786 8749/5234/1786 8747/5232/1785
f 8750/5233/1786 8752/5235/1787 8751/5236/1787 8749/5234/1786
f 8752/5235/1787 8754/5237/1788 8753/5238/1788 8751/5236/1787
f 8754/5237/1788 8756/5239/1789 8755/5240/1789 8753/5238/1788
f 8756/5239/1789 8758/5241/1790 8757/5242/1790 8755/5240/1789
f 8758/5241/1790 8760/5243/1791 8759/5244/1791 8757/5242/1790
f 8760/5243/1791 8762/5245/1792 8761/5246/1792 8759/5244/1791
f 8762/5245/1792 8764/5247/1793 8763/5248/1793 8761/5246/1792
f 8764/5247/1793 8766/5249/1794 8765/5250/1794 8763/5248/1793
f 8766/5249/1794 8768/5251/1795 8767/5252/1795 8765/5250/1794
f 8768/5251/1795 8770/5253/1796 8769/5254/1796 8767/5252/1795
f 8770/5253/1796 8772/5255/1797 8771/5256/1797 8769/5254/1796
f 8772/5255/1797 8774/5257/1798 8773/5258/1798 8771/5256/1797
f 8774/5257/1798 8776/5259/1799 8775/5260/1799 8773/5258/1798
f 8776/5259/1799 8778/5261/1800 8777/5262/1800 8775/5260/1799
f 8778/5261/1800 8780/5263/1801 8779/5264/1801 8777/5262/1800
f 8780/5263/1801 8782/5265/1802 8781/5266/1802 8779/5264/1801
f 8782/5265/1802 8784/5267/1803 8783/5268/1803 8781/5266/1802
f 8784/5267/1803 8786/5269/1804 8785/5270/1804 8783/5268/1803
f 8786/5269/1804 8788/5271/1805 8787/5272/1805 8785/5270/1804
f 8788/5271/1805 8790/5273/1806 8789/5274/1806 8787/5272/1805
f 8790/5273/1806 8792/5275/1807 8791/5276/1807 8789/5274/1806
f 8792/5275/1807 8794/5277/1808 8793/5278/1808 8791/5276/1807
f 8794/5277/1808 8796/5279/1809 8795/5280/1809 8793/5278/1808
f 8796/5279/1809 7906/2777/1399 7905/418/1399 8795/5280/1809
