# Blender 4.0.2
# www.blender.org
mtllib new_sphere.mtl
o Sphere
v 0.000000 0.998630 -0.052336
v 0.000000 0.994522 -0.104528
v 0.000000 0.978148 -0.207912
v 0.000000 0.965926 -0.258819
v 0.000000 0.933580 -0.358368
v 0.000000 0.913545 -0.406737
v 0.000000 0.891007 -0.453991
v 0.000000 0.866025 -0.500000
v 0.000000 0.838671 -0.544639
v 0.000000 0.809017 -0.587785
v 0.000000 0.743145 -0.669131
v 0.000000 0.707107 -0.707107
v 0.000000 0.669131 -0.743145
v 0.000000 0.629320 -0.777146
v 0.000000 0.544639 -0.838671
v 0.000000 0.500000 -0.866025
v 0.000000 0.453991 -0.891007
v 0.000000 0.406737 -0.913545
v 0.000000 0.358368 -0.933580
v 0.000000 0.309017 -0.951057
v 0.000000 0.258819 -0.965926
v 0.000000 0.207912 -0.978148
v 0.000000 0.156434 -0.987688
v 0.000000 0.104528 -0.994522
v 0.000000 0.000000 -1.000000
v 0.000000 -0.052336 -0.998630
v 0.000000 -0.156434 -0.987688
v 0.000000 -0.207912 -0.978148
v 0.000000 -0.258819 -0.965926
v 0.000000 -0.309017 -0.951057
v 0.000000 -0.358368 -0.933580
v 0.000000 -0.453991 -0.891007
v 0.000000 -0.500000 -0.866025
v 0.000000 -0.544639 -0.838671
v 0.000000 -0.587785 -0.809017
v 0.000000 -0.629320 -0.777146
v 0.000000 -0.669131 -0.743145
v 0.000000 -0.707107 -0.707107
v 0.000000 -0.743145 -0.669131
v 0.000000 -0.777146 -0.629320
v 0.000000 -0.809017 -0.587785
v 0.000000 -0.838671 -0.544639
v 0.000000 -0.866025 -0.500000
v 0.000000 -0.891007 -0.453991
v 0.000000 -0.913545 -0.406737
v 0.000000 -0.933580 -0.358368
v 0.000000 -0.951057 -0.309017
v 0.000000 -0.965926 -0.258819
v 0.000000 -0.978148 -0.207912
v 0.000000 -0.987688 -0.156434
v 0.000000 -0.994522 -0.104528
v 0.000000 -0.998630 -0.052336
v 0.006831 0.998630 -0.051888
v 0.013644 0.994522 -0.103634
v 0.020419 0.987688 -0.155096
v 0.027138 0.978148 -0.206133
v 0.033783 0.965926 -0.256605
v 0.040335 0.951057 -0.306373
v 0.046776 0.933580 -0.355302
v 0.053090 0.913545 -0.403257
v 0.059258 0.891007 -0.450107
v 0.065263 0.866025 -0.495722
v 0.071090 0.838671 -0.539980
v 0.076721 0.809017 -0.582757
v 0.082143 0.777146 -0.623936
v 0.087339 0.743145 -0.663406
v 0.092296 0.707107 -0.701057
v 0.097000 0.669131 -0.736787
v 0.101438 0.629320 -0.770497
v 0.105598 0.587785 -0.802096
v 0.109468 0.544639 -0.831496
v 0.113039 0.500000 -0.858616
v 0.116300 0.453991 -0.883384
v 0.119242 0.406737 -0.905730
v 0.121857 0.358368 -0.925593
v 0.124138 0.309017 -0.942920
v 0.126079 0.258819 -0.957662
v 0.127674 0.207912 -0.969779
v 0.128919 0.156434 -0.979239
v 0.129811 0.104528 -0.986014
v 0.130347 0.052336 -0.990086
v 0.130526 0.000000 -0.991445
v 0.130347 -0.052336 -0.990086
v 0.129811 -0.104528 -0.986014
v 0.128919 -0.156434 -0.979239
v 0.127674 -0.207912 -0.969779
v 0.126079 -0.258819 -0.957662
v 0.124138 -0.309017 -0.942920
v 0.121857 -0.358368 -0.925593
v 0.119242 -0.406737 -0.905730
v 0.116300 -0.453991 -0.883384
v 0.113039 -0.500000 -0.858616
v 0.109468 -0.544639 -0.831496
v 0.105598 -0.587785 -0.802096
v 0.101438 -0.629320 -0.770497
v 0.097000 -0.669131 -0.736787
v 0.092296 -0.707107 -0.701057
v 0.087339 -0.743145 -0.663406
v 0.082143 -0.777146 -0.623936
v 0.076721 -0.809017 -0.582757
v 0.071090 -0.838671 -0.539980
v 0.065263 -0.866025 -0.495722
v 0.059258 -0.891007 -0.450107
v 0.053090 -0.913545 -0.403257
v 0.046776 -0.933580 -0.355302
v 0.040335 -0.951057 -0.306373
v 0.033783 -0.965926 -0.256605
v 0.027138 -0.978148 -0.206133
v 0.020419 -0.987688 -0.155096
v 0.013644 -0.994522 -0.103634
v 0.006831 -0.998630 -0.051888
v 0.013546 0.998630 -0.050553
v 0.027054 0.994522 -0.100967
v 0.040488 0.987688 -0.151104
v 0.053812 0.978148 -0.200827
v 0.066987 0.965926 -0.250000
v 0.079979 0.951057 -0.298488
v 0.092752 0.933580 -0.346157
v 0.105271 0.913545 -0.392877
v 0.117501 0.891007 -0.438521
v 0.129410 0.866025 -0.482963
v 0.140963 0.838671 -0.526081
v 0.152130 0.809017 -0.567757
v 0.162880 0.777146 -0.607877
v 0.173184 0.743145 -0.646331
v 0.183013 0.707107 -0.683013
v 0.192340 0.669131 -0.717823
v 0.201140 0.629320 -0.750665
v 0.209389 0.587785 -0.781450
v 0.217064 0.544639 -0.810094
v 0.224144 0.500000 -0.836516
v 0.230609 0.453991 -0.860646
v 0.236443 0.406737 -0.882417
v 0.241628 0.358368 -0.901769
v 0.246152 0.309017 -0.918650
v 0.250000 0.258819 -0.933013
v 0.253163 0.207912 -0.944818
v 0.255633 0.156434 -0.954034
v 0.257401 0.104528 -0.960634
v 0.258464 0.052336 -0.964602
v 0.258819 0.000000 -0.965926
v 0.258464 -0.052336 -0.964602
v 0.257401 -0.104528 -0.960634
v 0.255633 -0.156434 -0.954034
v 0.253163 -0.207912 -0.944818
v 0.250000 -0.258819 -0.933013
v 0.246152 -0.309017 -0.918650
v 0.241628 -0.358368 -0.901769
v 0.236443 -0.406737 -0.882417
v 0.230609 -0.453991 -0.860646
v 0.224144 -0.500000 -0.836516
v 0.217064 -0.544639 -0.810094
v 0.209389 -0.587785 -0.781450
v 0.201140 -0.629320 -0.750665
v 0.192340 -0.669131 -0.717823
v 0.183013 -0.707107 -0.683013
v 0.173184 -0.743145 -0.646331
v 0.162880 -0.777146 -0.607877
v 0.152130 -0.809017 -0.567757
v 0.140963 -0.838671 -0.526081
v 0.129410 -0.866025 -0.482963
v 0.117501 -0.891007 -0.438521
v 0.105271 -0.913545 -0.392877
v 0.092752 -0.933580 -0.346157
v 0.079979 -0.951057 -0.298488
v 0.066987 -0.965926 -0.250000
v 0.053812 -0.978148 -0.200827
v 0.040488 -0.987688 -0.151104
v 0.027054 -0.994522 -0.100967
v 0.013546 -0.998630 -0.050553
v 0.020028 0.998630 -0.048352
v 0.040001 0.994522 -0.096572
v 0.059865 0.987688 -0.144527
v 0.079564 0.978148 -0.192085
v 0.099046 0.965926 -0.239118
v 0.118256 0.951057 -0.285495
v 0.137141 0.933580 -0.331089
v 0.155651 0.913545 -0.375776
v 0.173735 0.891007 -0.419433
v 0.191342 0.866025 -0.461940
v 0.208424 0.838671 -0.503181
v 0.224936 0.809017 -0.543043
v 0.240831 0.777146 -0.581416
v 0.256065 0.743145 -0.618196
v 0.270598 0.707107 -0.653282
v 0.284389 0.669131 -0.686576
v 0.297401 0.629320 -0.717989
v 0.309597 0.587785 -0.747434
v 0.320945 0.544639 -0.774831
v 0.331414 0.500000 -0.800103
v 0.340973 0.453991 -0.823183
v 0.349599 0.406737 -0.844006
v 0.357266 0.358368 -0.862516
v 0.363954 0.309017 -0.878662
v 0.369644 0.258819 -0.892399
v 0.374321 0.207912 -0.903691
v 0.377972 0.156434 -0.912505
v 0.380587 0.104528 -0.918818
v 0.382159 0.052336 -0.922614
v 0.382683 0.000000 -0.923880
v 0.382159 -0.052336 -0.922614
v 0.380587 -0.104528 -0.918818
v 0.377972 -0.156434 -0.912505
v 0.374321 -0.207912 -0.903691
v 0.369644 -0.258819 -0.892399
v 0.363954 -0.309017 -0.878662
v 0.357266 -0.358368 -0.862516
v 0.349599 -0.406737 -0.844006
v 0.340973 -0.453991 -0.823183
v 0.331414 -0.500000 -0.800103
v 0.320945 -0.544639 -0.774831
v 0.309597 -0.587785 -0.747434
v 0.297401 -0.629320 -0.717989
v 0.284389 -0.669131 -0.686576
v 0.270598 -0.707107 -0.653282
v 0.256065 -0.743145 -0.618196
v 0.240831 -0.777146 -0.581416
v 0.224936 -0.809017 -0.543043
v 0.208424 -0.838671 -0.503181
v 0.191342 -0.866025 -0.461940
v 0.173735 -0.891007 -0.419433
v 0.155651 -0.913545 -0.375776
v 0.137141 -0.933580 -0.331089
v 0.118256 -0.951057 -0.285495
v 0.099046 -0.965926 -0.239118
v 0.079564 -0.978148 -0.192085
v 0.059865 -0.987688 -0.144527
v 0.040001 -0.994522 -0.096572
v 0.020028 -0.998630 -0.048352
v 0.026168 0.998630 -0.045324
v 0.052264 0.994522 -0.090524
v 0.078217 0.987688 -0.135476
v 0.103956 0.978148 -0.180057
v 0.129410 0.965926 -0.224144
v 0.154509 0.951057 -0.267617
v 0.179184 0.933580 -0.310356
v 0.203368 0.913545 -0.352244
v 0.226995 0.891007 -0.393167
v 0.250000 0.866025 -0.433013
v 0.272320 0.838671 -0.471671
v 0.293893 0.809017 -0.509037
v 0.314660 0.777146 -0.545007
v 0.334565 0.743145 -0.579484
v 0.353553 0.707107 -0.612373
v 0.371572 0.669131 -0.643582
v 0.388573 0.629320 -0.673028
v 0.404509 0.587785 -0.700629
v 0.419335 0.544639 -0.726310
v 0.433013 0.500000 -0.750000
v 0.445503 0.453991 -0.771634
v 0.456773 0.406737 -0.791154
v 0.466790 0.358368 -0.808504
v 0.475528 0.309017 -0.823639
v 0.482963 0.258819 -0.836516
v 0.489074 0.207912 -0.847101
v 0.493844 0.156434 -0.855363
v 0.497261 0.104528 -0.861281
v 0.499315 0.052336 -0.864839
v 0.500000 0.000000 -0.866026
v 0.499315 -0.052336 -0.864839
v 0.497261 -0.104528 -0.861281
v 0.493844 -0.156434 -0.855363
v 0.489074 -0.207912 -0.847101
v 0.482963 -0.258819 -0.836516
v 0.475528 -0.309017 -0.823639
v 0.466790 -0.358368 -0.808504
v 0.456773 -0.406737 -0.791154
v 0.445503 -0.453991 -0.771634
v 0.433013 -0.500000 -0.750000
v 0.419335 -0.544639 -0.726310
v 0.404509 -0.587785 -0.700629
v 0.388573 -0.629320 -0.673028
v 0.371572 -0.669131 -0.643582
v 0.353553 -0.707107 -0.612373
v 0.334565 -0.743145 -0.579484
v 0.314660 -0.777146 -0.545007
v 0.293893 -0.809017 -0.509037
v 0.272320 -0.838671 -0.471671
v 0.250000 -0.866025 -0.433013
v 0.226995 -0.891007 -0.393167
v 0.203368 -0.913545 -0.352244
v 0.179184 -0.933580 -0.310356
v 0.154509 -0.951057 -0.267617
v 0.129410 -0.965926 -0.224144
v 0.103956 -0.978148 -0.180057
v 0.078217 -0.987688 -0.135476
v 0.052264 -0.994522 -0.090524
v 0.026168 -0.998630 -0.045324
v 0.031860 0.998630 -0.041521
v 0.063633 0.994522 -0.082928
v 0.095231 0.987688 -0.124108
v 0.126569 0.978148 -0.164947
v 0.157559 0.965926 -0.205335
v 0.188118 0.951057 -0.245160
v 0.218161 0.933580 -0.284312
v 0.247606 0.913545 -0.322686
v 0.276372 0.891007 -0.360175
v 0.304381 0.866025 -0.396677
v 0.331555 0.838671 -0.432091
v 0.357821 0.809017 -0.466321
v 0.383106 0.777146 -0.499273
v 0.407341 0.743145 -0.530857
v 0.430459 0.707107 -0.560986
v 0.452398 0.669131 -0.589576
v 0.473097 0.629320 -0.616551
v 0.492498 0.587785 -0.641836
v 0.510550 0.544639 -0.665362
v 0.527203 0.500000 -0.687064
v 0.542410 0.453991 -0.706883
v 0.556131 0.406737 -0.724764
v 0.568328 0.358368 -0.740659
v 0.578967 0.309017 -0.754524
v 0.588018 0.258819 -0.766321
v 0.595459 0.207912 -0.776017
v 0.601267 0.156434 -0.783586
v 0.605427 0.104528 -0.789007
v 0.607927 0.052336 -0.792266
v 0.608762 0.000000 -0.793353
v 0.607927 -0.052336 -0.792266
v 0.605427 -0.104528 -0.789007
v 0.601267 -0.156434 -0.783586
v 0.595459 -0.207912 -0.776017
v 0.588018 -0.258819 -0.766321
v 0.578967 -0.309017 -0.754524
v 0.568328 -0.358368 -0.740659
v 0.556131 -0.406737 -0.724764
v 0.542410 -0.453991 -0.706883
v 0.527203 -0.500000 -0.687064
v 0.510550 -0.544639 -0.665362
v 0.492498 -0.587785 -0.641836
v 0.473097 -0.629320 -0.616551
v 0.452398 -0.669131 -0.589576
v 0.430459 -0.707107 -0.560986
v 0.407341 -0.743145 -0.530857
v 0.383106 -0.777146 -0.499273
v 0.357821 -0.809017 -0.466321
v 0.331555 -0.838671 -0.432091
v 0.304381 -0.866025 -0.396677
v 0.276372 -0.891007 -0.360175
v 0.247606 -0.913545 -0.322686
v 0.218161 -0.933580 -0.284312
v 0.188118 -0.951057 -0.245160
v 0.157559 -0.965926 -0.205335
v 0.126569 -0.978148 -0.164947
v 0.095231 -0.987688 -0.124108
v 0.063633 -0.994522 -0.082928
v 0.031860 -0.998630 -0.041521
v 0.037007 0.998630 -0.037007
v 0.073913 0.994522 -0.073913
v 0.110616 0.987688 -0.110616
v 0.147016 0.978148 -0.147016
v 0.183013 0.965926 -0.183013
v 0.218508 0.951057 -0.218508
v 0.253404 0.933580 -0.253404
v 0.287606 0.913545 -0.287606
v 0.321020 0.891007 -0.321020
v 0.353553 0.866025 -0.353553
v 0.385118 0.838671 -0.385118
v 0.415627 0.809017 -0.415627
v 0.444997 0.777146 -0.444997
v 0.473147 0.743145 -0.473147
v 0.500000 0.707107 -0.500000
v 0.525483 0.669131 -0.525483
v 0.549525 0.629320 -0.549525
v 0.572061 0.587785 -0.572061
v 0.593030 0.544639 -0.593030
v 0.612373 0.500000 -0.612373
v 0.630037 0.453991 -0.630037
v 0.645974 0.406737 -0.645974
v 0.660141 0.358368 -0.660141
v 0.672499 0.309017 -0.672499
v 0.683013 0.258819 -0.683013
v 0.691655 0.207912 -0.691655
v 0.698401 0.156434 -0.698401
v 0.703233 0.104528 -0.703233
v 0.706138 0.052336 -0.706138
v 0.707107 0.000000 -0.707107
v 0.706138 -0.052336 -0.706138
v 0.703233 -0.104528 -0.703233
v 0.698401 -0.156434 -0.698401
v 0.691655 -0.207912 -0.691655
v 0.683013 -0.258819 -0.683013
v 0.672499 -0.309017 -0.672499
v 0.660141 -0.358368 -0.660141
v 0.645974 -0.406737 -0.645974
v 0.630037 -0.453991 -0.630037
v 0.612373 -0.500000 -0.612373
v 0.593030 -0.544639 -0.593030
v 0.572061 -0.587785 -0.572061
v 0.549525 -0.629320 -0.549525
v 0.525483 -0.669131 -0.525483
v 0.500000 -0.707107 -0.500000
v 0.473147 -0.743145 -0.473147
v 0.444997 -0.777146 -0.444997
v 0.415627 -0.809017 -0.415627
v 0.385118 -0.838671 -0.385118
v 0.353553 -0.866025 -0.353553
v 0.321020 -0.891007 -0.321020
v 0.287606 -0.913545 -0.287606
v 0.253404 -0.933580 -0.253404
v 0.218508 -0.951057 -0.218508
v 0.183013 -0.965926 -0.183013
v 0.147016 -0.978148 -0.147016
v 0.110616 -0.987688 -0.110616
v 0.073913 -0.994522 -0.073913
v 0.037007 -0.998630 -0.037007
v 0.041521 0.998630 -0.031860
v 0.082928 0.994522 -0.063633
v 0.124108 0.987688 -0.095231
v 0.164947 0.978148 -0.126569
v 0.205335 0.965926 -0.157559
v 0.245160 0.951057 -0.188118
v 0.284312 0.933580 -0.218161
v 0.322686 0.913545 -0.247606
v 0.360175 0.891007 -0.276372
v 0.396677 0.866025 -0.304381
v 0.432091 0.838671 -0.331555
v 0.466321 0.809017 -0.357821
v 0.499274 0.777146 -0.383106
v 0.530857 0.743145 -0.407341
v 0.560986 0.707107 -0.430459
v 0.589577 0.669131 -0.452398
v 0.616551 0.629320 -0.473097
v 0.641836 0.587785 -0.492498
v 0.665362 0.544639 -0.510550
v 0.687064 0.500000 -0.527203
v 0.706883 0.453991 -0.542411
v 0.724764 0.406737 -0.556131
v 0.740659 0.358368 -0.568328
v 0.754524 0.309017 -0.578967
v 0.766321 0.258819 -0.588018
v 0.776017 0.207912 -0.595459
v 0.783586 0.156434 -0.601267
v 0.789007 0.104528 -0.605427
v 0.792266 0.052336 -0.607927
v 0.793354 0.000000 -0.608761
v 0.792266 -0.052336 -0.607927
v 0.789007 -0.104528 -0.605427
v 0.783586 -0.156434 -0.601267
v 0.776017 -0.207912 -0.595459
v 0.766321 -0.258819 -0.588018
v 0.754524 -0.309017 -0.578967
v 0.740659 -0.358368 -0.568328
v 0.724764 -0.406737 -0.556131
v 0.706883 -0.453991 -0.542411
v 0.687064 -0.500000 -0.527203
v 0.665362 -0.544639 -0.510550
v 0.641836 -0.587785 -0.492498
v 0.616551 -0.629320 -0.473097
v 0.589577 -0.669131 -0.452398
v 0.560986 -0.707107 -0.430459
v 0.530857 -0.743145 -0.407341
v 0.499274 -0.777146 -0.383106
v 0.466321 -0.809017 -0.357821
v 0.432091 -0.838671 -0.331555
v 0.396677 -0.866025 -0.304381
v 0.360175 -0.891007 -0.276372
v 0.322686 -0.913545 -0.247606
v 0.284312 -0.933580 -0.218161
v 0.245160 -0.951057 -0.188118
v 0.205335 -0.965926 -0.157559
v 0.164947 -0.978148 -0.126569
v 0.124108 -0.987688 -0.095231
v 0.082928 -0.994522 -0.063633
v 0.041521 -0.998630 -0.031860
v 0.045324 0.998630 -0.026168
v 0.090524 0.994522 -0.052264
v 0.135476 0.987688 -0.078217
v 0.180057 0.978148 -0.103956
v 0.224144 0.965926 -0.129410
v 0.267617 0.951057 -0.154509
v 0.310356 0.933580 -0.179184
v 0.352244 0.913545 -0.203368
v 0.393167 0.891007 -0.226995
v 0.433013 0.866025 -0.250000
v 0.471671 0.838671 -0.272320
v 0.509037 0.809017 -0.293893
v 0.545008 0.777146 -0.314660
v 0.579484 0.743145 -0.334565
v 0.612373 0.707107 -0.353553
v 0.643582 0.669131 -0.371572
v 0.673028 0.629320 -0.388573
v 0.700629 0.587785 -0.404509
v 0.726310 0.544639 -0.419335
v 0.750000 0.500000 -0.433013
v 0.771634 0.453991 -0.445503
v 0.791154 0.406737 -0.456773
v 0.808504 0.358368 -0.466790
v 0.823639 0.309017 -0.475528
v 0.836516 0.258819 -0.482963
v 0.847101 0.207912 -0.489074
v 0.855363 0.156434 -0.493844
v 0.861281 0.104528 -0.497261
v 0.864839 0.052336 -0.499315
v 0.866026 0.000000 -0.500000
v 0.864839 -0.052336 -0.499315
v 0.861281 -0.104528 -0.497261
v 0.855363 -0.156434 -0.493844
v 0.847101 -0.207912 -0.489074
v 0.836516 -0.258819 -0.482963
v 0.823639 -0.309017 -0.475528
v 0.808504 -0.358368 -0.466790
v 0.791154 -0.406737 -0.456773
v 0.771634 -0.453991 -0.445503
v 0.750000 -0.500000 -0.433013
v 0.726310 -0.544639 -0.419335
v 0.700629 -0.587785 -0.404509
v 0.673028 -0.629320 -0.388573
v 0.643582 -0.669131 -0.371572
v 0.612373 -0.707107 -0.353553
v 0.579484 -0.743145 -0.334565
v 0.545008 -0.777146 -0.314660
v 0.509037 -0.809017 -0.293893
v 0.471671 -0.838671 -0.272320
v 0.433013 -0.866025 -0.250000
v 0.393167 -0.891007 -0.226995
v 0.352244 -0.913545 -0.203368
v 0.310356 -0.933580 -0.179184
v 0.267617 -0.951057 -0.154509
v 0.224144 -0.965926 -0.129410
v 0.180057 -0.978148 -0.103956
v 0.135476 -0.987688 -0.078217
v 0.090524 -0.994522 -0.052264
v 0.045324 -0.998630 -0.026168
v 0.048352 0.998630 -0.020028
v 0.096572 0.994522 -0.040001
v 0.144527 0.987688 -0.059865
v 0.192085 0.978148 -0.079564
v 0.239118 0.965926 -0.099046
v 0.285495 0.951057 -0.118256
v 0.331089 0.933580 -0.137142
v 0.375776 0.913545 -0.155651
v 0.419433 0.891007 -0.173735
v 0.461940 0.866025 -0.191342
v 0.503181 0.838671 -0.208424
v 0.543043 0.809017 -0.224936
v 0.581416 0.777146 -0.240831
v 0.618196 0.743145 -0.256065
v 0.653282 0.707107 -0.270598
v 0.686576 0.669131 -0.284389
v 0.717989 0.629320 -0.297401
v 0.747434 0.587785 -0.309597
v 0.774831 0.544639 -0.320945
v 0.800103 0.500000 -0.331414
v 0.823183 0.453991 -0.340974
v 0.844006 0.406737 -0.349599
v 0.862516 0.358368 -0.357266
v 0.878662 0.309017 -0.363954
v 0.892399 0.258819 -0.369644
v 0.903691 0.207912 -0.374321
v 0.912505 0.156434 -0.377972
v 0.918819 0.104528 -0.380587
v 0.922614 0.052336 -0.382159
v 0.923880 0.000000 -0.382683
v 0.922614 -0.052336 -0.382159
v 0.918819 -0.104528 -0.380587
v 0.912505 -0.156434 -0.377972
v 0.903691 -0.207912 -0.374321
v 0.892399 -0.258819 -0.369644
v 0.878662 -0.309017 -0.363954
v 0.862516 -0.358368 -0.357266
v 0.844006 -0.406737 -0.349599
v 0.823183 -0.453991 -0.340974
v 0.800103 -0.500000 -0.331414
v 0.774831 -0.544639 -0.320945
v 0.747434 -0.587785 -0.309597
v 0.717989 -0.629320 -0.297401
v 0.686576 -0.669131 -0.284389
v 0.653282 -0.707107 -0.270598
v 0.618196 -0.743145 -0.256065
v 0.581416 -0.777146 -0.240831
v 0.543043 -0.809017 -0.224936
v 0.503181 -0.838671 -0.208424
v 0.461940 -0.866025 -0.191342
v 0.419433 -0.891007 -0.173735
v 0.375776 -0.913545 -0.155651
v 0.331089 -0.933580 -0.137142
v 0.285495 -0.951057 -0.118256
v 0.239118 -0.965926 -0.099046
v 0.192085 -0.978148 -0.079564
v 0.144527 -0.987688 -0.059865
v 0.096572 -0.994522 -0.040001
v 0.048352 -0.998630 -0.020028
v 0.050553 0.998630 -0.013546
v 0.100967 0.994522 -0.027054
v 0.151104 0.987688 -0.040488
v 0.200827 0.978148 -0.053812
v 0.250000 0.965926 -0.066987
v 0.298488 0.951057 -0.079979
v 0.346157 0.933580 -0.092752
v 0.392878 0.913545 -0.105271
v 0.438521 0.891007 -0.117501
v 0.482963 0.866025 -0.129410
v 0.526081 0.838671 -0.140963
v 0.567757 0.809017 -0.152130
v 0.607877 0.777146 -0.162880
v 0.646331 0.743145 -0.173184
v 0.683013 0.707107 -0.183013
v 0.717823 0.669131 -0.192340
v 0.750666 0.629320 -0.201140
v 0.781451 0.587785 -0.209389
v 0.810094 0.544639 -0.217064
v 0.836517 0.500000 -0.224144
v 0.860646 0.453991 -0.230610
v 0.882417 0.406737 -0.236443
v 0.901770 0.358368 -0.241628
v 0.918650 0.309017 -0.246152
v 0.933013 0.258819 -0.250000
v 0.944818 0.207912 -0.253163
v 0.954034 0.156434 -0.255633
v 0.960635 0.104528 -0.257401
v 0.964602 0.052336 -0.258464
v 0.965926 0.000000 -0.258819
v 0.964602 -0.052336 -0.258464
v 0.960635 -0.104528 -0.257401
v 0.954034 -0.156434 -0.255633
v 0.944818 -0.207912 -0.253163
v 0.933013 -0.258819 -0.250000
v 0.918650 -0.309017 -0.246152
v 0.901770 -0.358368 -0.241628
v 0.882417 -0.406737 -0.236443
v 0.860646 -0.453991 -0.230610
v 0.836517 -0.500000 -0.224144
v 0.810094 -0.544639 -0.217064
v 0.781451 -0.587785 -0.209389
v 0.750666 -0.629320 -0.201140
v 0.717823 -0.669131 -0.192340
v 0.683013 -0.707107 -0.183013
v 0.646331 -0.743145 -0.173184
v 0.607877 -0.777146 -0.162880
v 0.567757 -0.809017 -0.152130
v 0.526081 -0.838671 -0.140963
v 0.482963 -0.866025 -0.129410
v 0.438521 -0.891007 -0.117501
v 0.392878 -0.913545 -0.105271
v 0.346157 -0.933580 -0.092752
v 0.298488 -0.951057 -0.079979
v 0.250000 -0.965926 -0.066987
v 0.200827 -0.978148 -0.053812
v 0.151104 -0.987688 -0.040488
v 0.100967 -0.994522 -0.027054
v 0.050553 -0.998630 -0.013546
v 0.051888 0.998630 -0.006831
v 0.103634 0.994522 -0.013644
v 0.155096 0.987688 -0.020419
v 0.206133 0.978148 -0.027138
v 0.256605 0.965926 -0.033783
v 0.306373 0.951057 -0.040335
v 0.355302 0.933580 -0.046776
v 0.403257 0.913545 -0.053090
v 0.450107 0.891007 -0.059258
v 0.495723 0.866025 -0.065263
v 0.539980 0.838671 -0.071090
v 0.582757 0.809017 -0.076721
v 0.623937 0.777146 -0.082143
v 0.663406 0.743145 -0.087339
v 0.701058 0.707107 -0.092296
v 0.736787 0.669131 -0.097000
v 0.770498 0.629320 -0.101438
v 0.802096 0.587785 -0.105598
v 0.831496 0.544639 -0.109469
v 0.858617 0.500000 -0.113039
v 0.883384 0.453991 -0.116300
v 0.905730 0.406737 -0.119242
v 0.925594 0.358368 -0.121857
v 0.942920 0.309017 -0.124138
v 0.957662 0.258819 -0.126079
v 0.969780 0.207912 -0.127674
v 0.979239 0.156434 -0.128919
v 0.986014 0.104528 -0.129811
v 0.990086 0.052336 -0.130347
v 0.991445 0.000000 -0.130526
v 0.990086 -0.052336 -0.130347
v 0.986014 -0.104528 -0.129811
v 0.979239 -0.156434 -0.128919
v 0.969780 -0.207912 -0.127674
v 0.957662 -0.258819 -0.126079
v 0.942920 -0.309017 -0.124138
v 0.925594 -0.358368 -0.121857
v 0.905730 -0.406737 -0.119242
v 0.883384 -0.453991 -0.116300
v 0.858617 -0.500000 -0.113039
v 0.831496 -0.544639 -0.109469
v 0.802096 -0.587785 -0.105598
v 0.770498 -0.629320 -0.101438
v 0.736787 -0.669131 -0.097000
v 0.701058 -0.707107 -0.092296
v 0.663406 -0.743145 -0.087339
v 0.623937 -0.777146 -0.082143
v 0.582757 -0.809017 -0.076721
v 0.539980 -0.838671 -0.071090
v 0.495723 -0.866025 -0.065263
v 0.450107 -0.891007 -0.059258
v 0.403257 -0.913545 -0.053090
v 0.355302 -0.933580 -0.046776
v 0.306373 -0.951057 -0.040335
v 0.256605 -0.965926 -0.033783
v 0.206133 -0.978148 -0.027138
v 0.155096 -0.987688 -0.020419
v 0.103634 -0.994522 -0.013644
v 0.051888 -0.998630 -0.006831
v 0.052336 0.998630 -0.000000
v 0.104529 0.994522 0.000000
v 0.156435 0.987688 0.000000
v 0.207912 0.978148 0.000000
v 0.258819 0.965926 0.000000
v 0.309017 0.951057 0.000000
v 0.358368 0.933580 0.000000
v 0.406737 0.913545 0.000000
v 0.453991 0.891007 0.000000
v 0.500000 0.866025 0.000000
v 0.544639 0.838671 0.000000
v 0.587785 0.809017 0.000000
v 0.629321 0.777146 0.000000
v 0.669131 0.743145 0.000000
v 0.707107 0.707107 0.000000
v 0.743145 0.669131 0.000000
v 0.777146 0.629320 0.000000
v 0.809017 0.587785 0.000000
v 0.838671 0.544639 -0.000000
v 0.866026 0.500000 0.000000
v 0.891007 0.453991 0.000000
v 0.913546 0.406737 -0.000000
v 0.933581 0.358368 0.000000
v 0.951057 0.309017 0.000000
v 0.965926 0.258819 0.000000
v 0.978148 0.207912 0.000000
v 0.987689 0.156434 0.000000
v 0.994522 0.104528 0.000000
v 0.998630 0.052336 -0.000000
v 1.000000 0.000000 0.000000
v 0.998630 -0.052336 -0.000000
v 0.994522 -0.104528 0.000000
v 0.987689 -0.156434 0.000000
v 0.978148 -0.207912 0.000000
v 0.965926 -0.258819 0.000000
v 0.951057 -0.309017 0.000000
v 0.933581 -0.358368 0.000000
v 0.913546 -0.406737 -0.000000
v 0.891007 -0.453991 0.000000
v 0.866026 -0.500000 0.000000
v 0.838671 -0.544639 -0.000000
v 0.809017 -0.587785 0.000000
v 0.777146 -0.629320 0.000000
v 0.743145 -0.669131 0.000000
v 0.707107 -0.707107 0.000000
v 0.669131 -0.743145 0.000000
v 0.629321 -0.777146 0.000000
v 0.587785 -0.809017 0.000000
v 0.544639 -0.838671 0.000000
v 0.500000 -0.866025 0.000000
v 0.453991 -0.891007 0.000000
v 0.406737 -0.913545 0.000000
v 0.358368 -0.933580 0.000000
v 0.309017 -0.951057 0.000000
v 0.258819 -0.965926 0.000000
v 0.207912 -0.978148 0.000000
v 0.156435 -0.987688 0.000000
v 0.104529 -0.994522 0.000000
v 0.052336 -0.998630 -0.000000
v 0.051888 0.998630 0.006831
v 0.103634 0.994522 0.013644
v 0.155096 0.987688 0.020419
v 0.206133 0.978148 0.027138
v 0.256605 0.965926 0.033783
v 0.306373 0.951057 0.040335
v 0.355302 0.933580 0.046776
v 0.403257 0.913545 0.053090
v 0.450107 0.891007 0.059258
v 0.495723 0.866025 0.065263
v 0.539980 0.838671 0.071090
v 0.582757 0.809017 0.076721
v 0.623937 0.777146 0.082143
v 0.663406 0.743145 0.087339
v 0.701058 0.707107 0.092296
v 0.736787 0.669131 0.097000
v 0.770498 0.629320 0.101438
v 0.802096 0.587785 0.105598
v 0.831496 0.544639 0.109469
v 0.858617 0.500000 0.113039
v 0.883384 0.453991 0.116300
v 0.905730 0.406737 0.119242
v 0.925594 0.358368 0.121857
v 0.942921 0.309017 0.124138
v 0.957663 0.258819 0.126079
v 0.969780 0.207912 0.127674
v 0.979239 0.156434 0.128919
v 0.986014 0.104528 0.129811
v 0.990086 0.052336 0.130347
v 0.991445 0.000000 0.130526
v 0.990086 -0.052336 0.130347
v 0.986014 -0.104528 0.129811
v 0.979239 -0.156434 0.128919
v 0.969780 -0.207912 0.127674
v 0.957663 -0.258819 0.126079
v 0.942921 -0.309017 0.124138
v 0.925594 -0.358368 0.121857
v 0.905730 -0.406737 0.119242
v 0.883384 -0.453991 0.116300
v 0.858617 -0.500000 0.113039
v 0.831496 -0.544639 0.109469
v 0.802096 -0.587785 0.105598
v 0.770498 -0.629320 0.101438
v 0.736787 -0.669131 0.097000
v 0.701058 -0.707107 0.092296
v 0.663406 -0.743145 0.087339
v 0.623937 -0.777146 0.082143
v 0.582757 -0.809017 0.076721
v 0.539980 -0.838671 0.071090
v 0.495723 -0.866025 0.065263
v 0.450107 -0.891007 0.059258
v 0.403257 -0.913545 0.053090
v 0.355302 -0.933580 0.046776
v 0.306373 -0.951057 0.040335
v 0.256605 -0.965926 0.033783
v 0.206133 -0.978148 0.027138
v 0.155096 -0.987688 0.020419
v 0.103634 -0.994522 0.013644
v 0.051888 -0.998630 0.006831
v 0.050553 0.998630 0.013546
v 0.100967 0.994522 0.027054
v 0.151104 0.987688 0.040488
v 0.200827 0.978148 0.053812
v 0.250000 0.965926 0.066987
v 0.298488 0.951057 0.079980
v 0.346157 0.933580 0.092753
v 0.392878 0.913545 0.105271
v 0.438521 0.891007 0.117501
v 0.482963 0.866025 0.129410
v 0.526081 0.838671 0.140963
v 0.567757 0.809017 0.152130
v 0.607877 0.777146 0.162880
v 0.646331 0.743145 0.173184
v 0.683013 0.707107 0.183013
v 0.717823 0.669131 0.192340
v 0.750666 0.629320 0.201140
v 0.781451 0.587785 0.209389
v 0.810094 0.544639 0.217064
v 0.836517 0.500000 0.224144
v 0.860647 0.453991 0.230610
v 0.882418 0.406737 0.236443
v 0.901770 0.358368 0.241628
v 0.918651 0.309017 0.246152
v 0.933013 0.258819 0.250000
v 0.944818 0.207912 0.253163
v 0.954034 0.156434 0.255633
v 0.960635 0.104528 0.257401
v 0.964602 0.052336 0.258464
v 0.965926 0.000000 0.258819
v 0.964602 -0.052336 0.258464
v 0.960635 -0.104528 0.257401
v 0.954034 -0.156434 0.255633
v 0.944818 -0.207912 0.253163
v 0.933013 -0.258819 0.250000
v 0.918651 -0.309017 0.246152
v 0.901770 -0.358368 0.241628
v 0.882418 -0.406737 0.236443
v 0.860647 -0.453991 0.230610
v 0.836517 -0.500000 0.224144
v 0.810094 -0.544639 0.217064
v 0.781451 -0.587785 0.209389
v 0.750666 -0.629320 0.201140
v 0.717823 -0.669131 0.192340
v 0.683013 -0.707107 0.183013
v 0.646331 -0.743145 0.173184
v 0.607877 -0.777146 0.162880
v 0.567757 -0.809017 0.152130
v 0.526081 -0.838671 0.140963
v 0.482963 -0.866025 0.129410
v 0.438521 -0.891007 0.117501
v 0.392878 -0.913545 0.105271
v 0.346157 -0.933580 0.092753
v 0.298488 -0.951057 0.079980
v 0.250000 -0.965926 0.066987
v 0.200827 -0.978148 0.053812
v 0.151104 -0.987688 0.040488
v 0.100967 -0.994522 0.027054
v 0.050553 -0.998630 0.013546
v 0.048352 0.998630 0.020028
v 0.096572 0.994522 0.040001
v 0.144527 0.987688 0.059865
v 0.192085 0.978148 0.079564
v 0.239118 0.965926 0.099046
v 0.285495 0.951057 0.118256
v 0.331089 0.933580 0.137142
v 0.375776 0.913545 0.155651
v 0.419433 0.891007 0.173735
v 0.461940 0.866025 0.191342
v 0.503181 0.838671 0.208424
v 0.543043 0.809017 0.224936
v 0.581417 0.777146 0.240831
v 0.618196 0.743145 0.256065
v 0.653282 0.707107 0.270598
v 0.686576 0.669131 0.284389
v 0.717989 0.629320 0.297401
v 0.747434 0.587785 0.309598
v 0.774831 0.544639 0.320946
v 0.800104 0.500000 0.331414
v 0.823183 0.453991 0.340974
v 0.844006 0.406737 0.349599
v 0.862516 0.358368 0.357266
v 0.878662 0.309017 0.363954
v 0.892399 0.258819 0.369644
v 0.903691 0.207912 0.374321
v 0.912506 0.156434 0.377972
v 0.918819 0.104528 0.380587
v 0.922614 0.052336 0.382159
v 0.923880 0.000000 0.382684
v 0.922614 -0.052336 0.382159
v 0.918819 -0.104528 0.380587
v 0.912506 -0.156434 0.377972
v 0.903691 -0.207912 0.374321
v 0.892399 -0.258819 0.369644
v 0.878662 -0.309017 0.363954
v 0.862516 -0.358368 0.357266
v 0.844006 -0.406737 0.349599
v 0.823183 -0.453991 0.340974
v 0.800104 -0.500000 0.331414
v 0.774831 -0.544639 0.320946
v 0.747434 -0.587785 0.309598
v 0.717989 -0.629320 0.297401
v 0.686576 -0.669131 0.284389
v 0.653282 -0.707107 0.270598
v 0.618196 -0.743145 0.256065
v 0.581417 -0.777146 0.240831
v 0.543043 -0.809017 0.224936
v 0.503181 -0.838671 0.208424
v 0.461940 -0.866025 0.191342
v 0.419433 -0.891007 0.173735
v 0.375776 -0.913545 0.155651
v 0.331089 -0.933580 0.137142
v 0.285495 -0.951057 0.118256
v 0.239118 -0.965926 0.099046
v 0.192085 -0.978148 0.079564
v 0.144527 -0.987688 0.059865
v 0.096572 -0.994522 0.040001
v 0.048352 -0.998630 0.020028
v 0.045324 0.998630 0.026168
v 0.090524 0.994522 0.052264
v 0.135476 0.987688 0.078217
v 0.180057 0.978148 0.103956
v 0.224144 0.965926 0.129410
v 0.267617 0.951057 0.154509
v 0.310356 0.933580 0.179184
v 0.352244 0.913545 0.203368
v 0.393167 0.891007 0.226995
v 0.433013 0.866025 0.250000
v 0.471671 0.838671 0.272320
v 0.509037 0.809017 0.293893
v 0.545008 0.777146 0.314660
v 0.579484 0.743145 0.334566
v 0.612373 0.707107 0.353554
v 0.643582 0.669131 0.371573
v 0.673028 0.629320 0.388573
v 0.700630 0.587785 0.404509
v 0.726310 0.544639 0.419336
v 0.750000 0.500000 0.433013
v 0.771635 0.453991 0.445504
v 0.791154 0.406737 0.456773
v 0.808505 0.358368 0.466790
v 0.823640 0.309017 0.475529
v 0.836517 0.258819 0.482963
v 0.847101 0.207912 0.489074
v 0.855364 0.156434 0.493845
v 0.861281 0.104528 0.497261
v 0.864839 0.052336 0.499315
v 0.866026 0.000000 0.500000
v 0.864839 -0.052336 0.499315
v 0.861281 -0.104528 0.497261
v 0.855364 -0.156434 0.493845
v 0.847101 -0.207912 0.489074
v 0.836517 -0.258819 0.482963
v 0.823640 -0.309017 0.475529
v 0.808505 -0.358368 0.466790
v 0.791154 -0.406737 0.456773
v 0.771635 -0.453991 0.445504
v 0.750000 -0.500000 0.433013
v 0.726310 -0.544639 0.419336
v 0.700630 -0.587785 0.404509
v 0.673028 -0.629320 0.388573
v 0.643582 -0.669131 0.371573
v 0.612373 -0.707107 0.353554
v 0.579484 -0.743145 0.334566
v 0.545008 -0.777146 0.314660
v 0.509037 -0.809017 0.293893
v 0.471671 -0.838671 0.272320
v 0.433013 -0.866025 0.250000
v 0.393167 -0.891007 0.226995
v 0.352244 -0.913545 0.203368
v 0.310356 -0.933580 0.179184
v 0.267617 -0.951057 0.154509
v 0.224144 -0.965926 0.129410
v 0.180057 -0.978148 0.103956
v 0.135476 -0.987688 0.078217
v 0.090524 -0.994522 0.052264
v 0.045324 -0.998630 0.026168
v 0.041521 0.998630 0.031860
v 0.082928 0.994522 0.063633
v 0.124108 0.987688 0.095231
v 0.164948 0.978148 0.126569
v 0.205335 0.965926 0.157559
v 0.245160 0.951057 0.188118
v 0.284313 0.933580 0.218161
v 0.322686 0.913545 0.247606
v 0.360175 0.891007 0.276372
v 0.396677 0.866025 0.304381
v 0.432091 0.838671 0.331555
v 0.466322 0.809017 0.357821
v 0.499274 0.777146 0.383106
v 0.530857 0.743145 0.407341
v 0.560986 0.707107 0.430460
v 0.589577 0.669131 0.452398
v 0.616552 0.629320 0.473097
v 0.641837 0.587785 0.492499
v 0.665362 0.544639 0.510551
v 0.687065 0.500000 0.527203
v 0.706883 0.453991 0.542411
v 0.724765 0.406737 0.556131
v 0.740659 0.358368 0.568328
v 0.754524 0.309017 0.578967
v 0.766321 0.258819 0.588019
v 0.776017 0.207912 0.595459
v 0.783586 0.156434 0.601267
v 0.789007 0.104528 0.605427
v 0.792266 0.052336 0.607927
v 0.793354 0.000000 0.608762
v 0.792266 -0.052336 0.607927
v 0.789007 -0.104528 0.605427
v 0.783586 -0.156434 0.601267
v 0.776017 -0.207912 0.595459
v 0.766321 -0.258819 0.588019
v 0.754524 -0.309017 0.578967
v 0.740659 -0.358368 0.568328
v 0.724765 -0.406737 0.556131
v 0.706883 -0.453991 0.542411
v 0.687065 -0.500000 0.527203
v 0.665362 -0.544639 0.510551
v 0.641837 -0.587785 0.492499
v 0.616552 -0.629320 0.473097
v 0.589577 -0.669131 0.452398
v 0.560986 -0.707107 0.430460
v 0.530857 -0.743145 0.407341
v 0.499274 -0.777146 0.383106
v 0.466322 -0.809017 0.357821
v 0.432091 -0.838671 0.331555
v 0.396677 -0.866025 0.304381
v 0.360175 -0.891007 0.276372
v 0.322686 -0.913545 0.247606
v 0.284313 -0.933580 0.218161
v 0.245160 -0.951057 0.188118
v 0.205335 -0.965926 0.157559
v 0.164948 -0.978148 0.126569
v 0.124108 -0.987688 0.095231
v 0.082928 -0.994522 0.063633
v 0.041521 -0.998630 0.031860
v 0.037007 0.998630 0.037007
v 0.073913 0.994522 0.073913
v 0.110616 0.987688 0.110616
v 0.147016 0.978148 0.147016
v 0.183013 0.965926 0.183013
v 0.218508 0.951057 0.218508
v 0.253405 0.933580 0.253405
v 0.287606 0.913545 0.287606
v 0.321020 0.891007 0.321020
v 0.353554 0.866025 0.353554
v 0.385118 0.838671 0.385118
v 0.415627 0.809017 0.415627
v 0.444997 0.777146 0.444997
v 0.473147 0.743145 0.473147
v 0.500000 0.707107 0.500000
v 0.525483 0.669131 0.525483
v 0.549525 0.629320 0.549525
v 0.572062 0.587785 0.572062
v 0.593030 0.544639 0.593030
v 0.612373 0.500000 0.612373
v 0.630037 0.453991 0.630037
v 0.645975 0.406737 0.645975
v 0.660141 0.358368 0.660141
v 0.672499 0.309017 0.672499
v 0.683013 0.258819 0.683013
v 0.691655 0.207912 0.691655
v 0.698401 0.156434 0.698402
v 0.703233 0.104528 0.703234
v 0.706138 0.052336 0.706138
v 0.707107 0.000000 0.707107
v 0.706138 -0.052336 0.706138
v 0.703233 -0.104528 0.703234
v 0.698401 -0.156434 0.698402
v 0.691655 -0.207912 0.691655
v 0.683013 -0.258819 0.683013
v 0.672499 -0.309017 0.672499
v 0.660141 -0.358368 0.660141
v 0.645975 -0.406737 0.645975
v 0.630037 -0.453991 0.630037
v 0.612373 -0.500000 0.612373
v 0.593030 -0.544639 0.593030
v 0.572062 -0.587785 0.572062
v 0.549525 -0.629320 0.549525
v 0.525483 -0.669131 0.525483
v 0.500000 -0.707107 0.500000
v 0.473147 -0.743145 0.473147
v 0.444997 -0.777146 0.444997
v 0.415627 -0.809017 0.415627
v 0.385118 -0.838671 0.385118
v 0.353554 -0.866025 0.353554
v 0.321020 -0.891007 0.321020
v 0.287606 -0.913545 0.287606
v 0.253405 -0.933580 0.253405
v 0.218508 -0.951057 0.218508
v 0.183013 -0.965926 0.183013
v 0.147016 -0.978148 0.147016
v 0.110616 -0.987688 0.110616
v 0.073913 -0.994522 0.073913
v 0.037007 -0.998630 0.037007
v 0.031860 0.998630 0.041521
v 0.063633 0.994522 0.082928
v 0.095231 0.987688 0.124108
v 0.126569 0.978148 0.164948
v 0.157559 0.965926 0.205335
v 0.188118 0.951057 0.245160
v 0.218161 0.933580 0.284313
v 0.247606 0.913545 0.322686
v 0.276372 0.891007 0.360175
v 0.304381 0.866025 0.396677
v 0.331555 0.838671 0.432091
v 0.357821 0.809017 0.466322
v 0.383106 0.777146 0.499274
v 0.407341 0.743145 0.530858
v 0.430459 0.707107 0.560986
v 0.452398 0.669131 0.589577
v 0.473097 0.629320 0.616552
v 0.492499 0.587785 0.641837
v 0.510551 0.544639 0.665363
v 0.527203 0.500000 0.687065
v 0.542411 0.453991 0.706883
v 0.556132 0.406737 0.724765
v 0.568328 0.358368 0.740659
v 0.578967 0.309017 0.754524
v 0.588019 0.258819 0.766321
v 0.595459 0.207912 0.776017
v 0.601267 0.156434 0.783587
v 0.605427 0.104528 0.789008
v 0.607927 0.052336 0.792266
v 0.608762 0.000000 0.793354
v 0.607927 -0.052336 0.792266
v 0.605427 -0.104528 0.789008
v 0.601267 -0.156434 0.783587
v 0.595459 -0.207912 0.776017
v 0.588019 -0.258819 0.766321
v 0.578967 -0.309017 0.754524
v 0.568328 -0.358368 0.740659
v 0.556132 -0.406737 0.724765
v 0.542411 -0.453991 0.706883
v 0.527203 -0.500000 0.687065
v 0.510551 -0.544639 0.665363
v 0.492499 -0.587785 0.641837
v 0.473097 -0.629320 0.616552
v 0.452398 -0.669131 0.589577
v 0.430459 -0.707107 0.560986
v 0.407341 -0.743145 0.530858
v 0.383106 -0.777146 0.499274
v 0.357821 -0.809017 0.466322
v 0.331555 -0.838671 0.432091
v 0.304381 -0.866025 0.396677
v 0.276372 -0.891007 0.360175
v 0.247606 -0.913545 0.322686
v 0.218161 -0.933580 0.284313
v 0.188118 -0.951057 0.245160
v 0.157559 -0.965926 0.205335
v 0.126569 -0.978148 0.164948
v 0.095231 -0.987688 0.124108
v 0.063633 -0.994522 0.082928
v 0.031860 -0.998630 0.041521
v 0.026168 0.998630 0.045324
v 0.052264 0.994522 0.090524
v 0.078217 0.987688 0.135476
v 0.103956 0.978148 0.180057
v 0.129410 0.965926 0.224144
v 0.154509 0.951057 0.267617
v 0.179184 0.933580 0.310356
v 0.203368 0.913545 0.352244
v 0.226995 0.891007 0.393167
v 0.250000 0.866025 0.433013
v 0.272320 0.838671 0.471671
v 0.293893 0.809017 0.509037
v 0.314660 0.777146 0.545008
v 0.334565 0.743145 0.579485
v 0.353553 0.707107 0.612373
v 0.371573 0.669131 0.643583
v 0.388573 0.629320 0.673028
v 0.404509 0.587785 0.700630
v 0.419336 0.544639 0.726311
v 0.433013 0.500000 0.750000
v 0.445504 0.453991 0.771635
v 0.456773 0.406737 0.791154
v 0.466790 0.358368 0.808505
v 0.475529 0.309017 0.823640
v 0.482963 0.258819 0.836517
v 0.489074 0.207912 0.847101
v 0.493844 0.156434 0.855364
v 0.497261 0.104528 0.861282
v 0.499315 0.052336 0.864839
v 0.500000 0.000000 0.866026
v 0.499315 -0.052336 0.864839
v 0.497261 -0.104528 0.861282
v 0.493844 -0.156434 0.855364
v 0.489074 -0.207912 0.847101
v 0.482963 -0.258819 0.836517
v 0.475529 -0.309017 0.823640
v 0.466790 -0.358368 0.808505
v 0.456773 -0.406737 0.791154
v 0.445504 -0.453991 0.771635
v 0.433013 -0.500000 0.750000
v 0.419336 -0.544639 0.726311
v 0.404509 -0.587785 0.700630
v 0.388573 -0.629320 0.673028
v 0.371573 -0.669131 0.643583
v 0.353553 -0.707107 0.612373
v 0.334565 -0.743145 0.579485
v 0.314660 -0.777146 0.545008
v 0.293893 -0.809017 0.509037
v 0.272320 -0.838671 0.471671
v 0.250000 -0.866025 0.433013
v 0.226995 -0.891007 0.393167
v 0.203368 -0.913545 0.352244
v 0.179184 -0.933580 0.310356
v 0.154509 -0.951057 0.267617
v 0.129410 -0.965926 0.224144
v 0.103956 -0.978148 0.180057
v 0.078217 -0.987688 0.135476
v 0.052264 -0.994522 0.090524
v 0.026168 -0.998630 0.045324
v 0.020028 0.998630 0.048352
v 0.040001 0.994522 0.096572
v 0.059865 0.987688 0.144527
v 0.079564 0.978148 0.192086
v 0.099046 0.965926 0.239118
v 0.118256 0.951057 0.285495
v 0.137142 0.933580 0.331089
v 0.155651 0.913545 0.375776
v 0.173735 0.891007 0.419433
v 0.191342 0.866025 0.461940
v 0.208424 0.838671 0.503181
v 0.224936 0.809017 0.543043
v 0.240831 0.777146 0.581417
v 0.256065 0.743145 0.618197
v 0.270598 0.707107 0.653282
v 0.284389 0.669131 0.686577
v 0.297401 0.629320 0.717990
v 0.309597 0.587785 0.747435
v 0.320946 0.544639 0.774831
v 0.331414 0.500000 0.800104
v 0.340974 0.453991 0.823183
v 0.349599 0.406737 0.844007
v 0.357266 0.358368 0.862516
v 0.363954 0.309017 0.878662
v 0.369644 0.258819 0.892400
v 0.374321 0.207912 0.903691
v 0.377972 0.156434 0.912506
v 0.380587 0.104528 0.918819
v 0.382159 0.052336 0.922614
v 0.382684 0.000000 0.923880
v 0.382159 -0.052336 0.922614
v 0.380587 -0.104528 0.918819
v 0.377972 -0.156434 0.912506
v 0.374321 -0.207912 0.903691
v 0.369644 -0.258819 0.892400
v 0.363954 -0.309017 0.878662
v 0.357266 -0.358368 0.862516
v 0.349599 -0.406737 0.844007
v 0.340974 -0.453991 0.823183
v 0.331414 -0.500000 0.800104
v 0.320946 -0.544639 0.774831
v 0.309597 -0.587785 0.747435
v 0.297401 -0.629320 0.717990
v 0.284389 -0.669131 0.686577
v 0.270598 -0.707107 0.653282
v 0.256065 -0.743145 0.618197
v 0.240831 -0.777146 0.581417
v 0.224936 -0.809017 0.543043
v 0.208424 -0.838671 0.503181
v 0.191342 -0.866025 0.461940
v 0.173735 -0.891007 0.419433
v 0.155651 -0.913545 0.375776
v 0.137142 -0.933580 0.331089
v 0.118256 -0.951057 0.285495
v 0.099046 -0.965926 0.239118
v 0.079564 -0.978148 0.192086
v 0.059865 -0.987688 0.144527
v 0.040001 -0.994522 0.096572
v 0.020028 -0.998630 0.048352
v 0.013546 0.998630 0.050553
v 0.027054 0.994522 0.100967
v 0.040488 0.987688 0.151104
v 0.053811 0.978148 0.200827
v 0.066987 0.965926 0.250000
v 0.079979 0.951057 0.298488
v 0.092752 0.933580 0.346157
v 0.105271 0.913545 0.392878
v 0.117501 0.891007 0.438521
v 0.129410 0.866025 0.482963
v 0.140963 0.838671 0.526081
v 0.152130 0.809017 0.567757
v 0.162880 0.777146 0.607877
v 0.173184 0.743145 0.646331
v 0.183013 0.707107 0.683013
v 0.192340 0.669131 0.717823
v 0.201140 0.629320 0.750666
v 0.209389 0.587785 0.781451
v 0.217064 0.544639 0.810094
v 0.224144 0.500000 0.836517
v 0.230610 0.453991 0.860647
v 0.236443 0.406737 0.882418
v 0.241628 0.358368 0.901770
v 0.246152 0.309017 0.918651
v 0.250000 0.258819 0.933013
v 0.253163 0.207912 0.944819
v 0.255633 0.156434 0.954034
v 0.257401 0.104528 0.960635
v 0.258465 0.052336 0.964603
v 0.258819 0.000000 0.965927
v 0.258465 -0.052336 0.964603
v 0.257401 -0.104528 0.960635
v 0.255633 -0.156434 0.954034
v 0.253163 -0.207912 0.944819
v 0.250000 -0.258819 0.933013
v 0.246152 -0.309017 0.918651
v 0.241628 -0.358368 0.901770
v 0.236443 -0.406737 0.882418
v 0.230610 -0.453991 0.860647
v 0.224144 -0.500000 0.836517
v 0.217064 -0.544639 0.810094
v 0.209389 -0.587785 0.781451
v 0.201140 -0.629320 0.750666
v 0.192340 -0.669131 0.717823
v 0.183013 -0.707107 0.683013
v 0.173184 -0.743145 0.646331
v 0.162880 -0.777146 0.607877
v 0.152130 -0.809017 0.567757
v 0.140963 -0.838671 0.526081
v 0.129410 -0.866025 0.482963
v 0.117501 -0.891007 0.438521
v 0.105271 -0.913545 0.392878
v 0.092752 -0.933580 0.346157
v 0.079979 -0.951057 0.298488
v 0.066987 -0.965926 0.250000
v 0.053811 -0.978148 0.200827
v 0.040488 -0.987688 0.151104
v 0.027054 -0.994522 0.100967
v 0.013546 -0.998630 0.050553
v 0.006831 0.998630 0.051888
v 0.013644 0.994522 0.103634
v 0.020419 0.987688 0.155096
v 0.027138 0.978148 0.206133
v 0.033783 0.965926 0.256605
v 0.040335 0.951057 0.306373
v 0.046776 0.933580 0.355302
v 0.053090 0.913545 0.403257
v 0.059258 0.891007 0.450107
v 0.065263 0.866025 0.495723
v 0.071090 0.838671 0.539980
v 0.076721 0.809017 0.582757
v 0.082143 0.777146 0.623937
v 0.087339 0.743145 0.663407
v 0.092296 0.707107 0.701058
v 0.097000 0.669131 0.736787
v 0.101438 0.629320 0.770498
v 0.105598 0.587785 0.802096
v 0.109469 0.544639 0.831496
v 0.113039 0.500000 0.858617
v 0.116300 0.453991 0.883384
v 0.119242 0.406737 0.905731
v 0.121857 0.358368 0.925594
v 0.124138 0.309017 0.942921
v 0.126079 0.258819 0.957663
v 0.127674 0.207912 0.969780
v 0.128919 0.156434 0.979239
v 0.129811 0.104528 0.986014
v 0.130347 0.052336 0.990087
v 0.130526 0.000000 0.991446
v 0.130347 -0.052336 0.990087
v 0.129811 -0.104528 0.986014
v 0.128919 -0.156434 0.979239
v 0.127674 -0.207912 0.969780
v 0.126079 -0.258819 0.957663
v 0.124138 -0.309017 0.942921
v 0.121857 -0.358368 0.925594
v 0.119242 -0.406737 0.905731
v 0.116300 -0.453991 0.883384
v 0.113039 -0.500000 0.858617
v 0.109469 -0.544639 0.831496
v 0.105598 -0.587785 0.802096
v 0.101438 -0.629320 0.770498
v 0.097000 -0.669131 0.736787
v 0.092296 -0.707107 0.701058
v 0.087339 -0.743145 0.663407
v 0.082143 -0.777146 0.623937
v 0.076721 -0.809017 0.582757
v 0.071090 -0.838671 0.539980
v 0.065263 -0.866025 0.495723
v 0.059258 -0.891007 0.450107
v 0.053090 -0.913545 0.403257
v 0.046776 -0.933580 0.355302
v 0.040335 -0.951057 0.306373
v 0.033783 -0.965926 0.256605
v 0.027138 -0.978148 0.206133
v 0.020419 -0.987688 0.155096
v 0.013644 -0.994522 0.103634
v 0.006831 -0.998630 0.051888
v -0.000000 0.998630 0.052336
v -0.000000 0.994522 0.104529
v -0.000000 0.987688 0.156435
v -0.000000 0.978148 0.207912
v -0.000000 0.965926 0.258819
v -0.000000 0.951057 0.309017
v -0.000000 0.933580 0.358368
v -0.000000 0.913545 0.406737
v -0.000000 0.891007 0.453991
v -0.000000 0.866025 0.500000
v -0.000000 0.838671 0.544639
v -0.000000 0.809017 0.587786
v -0.000000 0.777146 0.629321
v -0.000000 0.743145 0.669131
v -0.000000 0.707107 0.707107
v 0.000000 0.669131 0.743145
v -0.000000 0.629320 0.777146
v -0.000000 0.587785 0.809017
v -0.000000 0.544639 0.838671
v 0.000000 0.500000 0.866026
v -0.000000 0.453991 0.891007
v -0.000000 0.406737 0.913546
v -0.000000 0.358368 0.933581
v -0.000000 0.309017 0.951057
v -0.000000 0.258819 0.965927
v -0.000000 0.207912 0.978148
v -0.000000 0.156434 0.987689
v -0.000000 0.104528 0.994522
v 0.000000 0.052336 0.998630
v -0.000000 0.000000 1.000001
v 0.000000 -0.052336 0.998630
v -0.000000 -0.104528 0.994522
v -0.000000 -0.156434 0.987689
v -0.000000 -0.207912 0.978148
v -0.000000 -0.258819 0.965927
v -0.000000 -0.309017 0.951057
v -0.000000 -0.358368 0.933581
v -0.000000 -0.406737 0.913546
v -0.000000 -0.453991 0.891007
v 0.000000 -0.500000 0.866026
v -0.000000 -0.544639 0.838671
v -0.000000 -0.587785 0.809017
v -0.000000 -0.629320 0.777146
v 0.000000 -0.669131 0.743145
v -0.000000 -0.707107 0.707107
v -0.000000 -0.743145 0.669131
v -0.000000 -0.777146 0.629321
v -0.000000 -0.809017 0.587786
v -0.000000 -0.838671 0.544639
v -0.000000 -0.866025 0.500000
v -0.000000 -0.891007 0.453991
v -0.000000 -0.913545 0.406737
v -0.000000 -0.933580 0.358368
v -0.000000 -0.951057 0.309017
v -0.000000 -0.965926 0.258819
v -0.000000 -0.978148 0.207912
v -0.000000 -0.987688 0.156435
v -0.000000 -0.994522 0.104529
v -0.000000 -0.998630 0.052336
v -0.006831 0.998630 0.051888
v -0.013644 0.994522 0.103634
v -0.020419 0.987688 0.155096
v -0.027138 0.978148 0.206133
v -0.033783 0.965926 0.256605
v -0.040335 0.951057 0.306374
v -0.046776 0.933580 0.355302
v -0.053090 0.913545 0.403257
v -0.059258 0.891007 0.450107
v -0.065263 0.866025 0.495723
v -0.071090 0.838671 0.539980
v -0.076721 0.809017 0.582757
v -0.082143 0.777146 0.623937
v -0.087339 0.743145 0.663407
v -0.092296 0.707107 0.701058
v -0.097000 0.669131 0.736787
v -0.101438 0.629320 0.770498
v -0.105598 0.587785 0.802096
v -0.109469 0.544639 0.831496
v -0.113039 0.500000 0.858617
v -0.116300 0.453991 0.883385
v -0.119242 0.406737 0.905731
v -0.121857 0.358368 0.925594
v -0.124138 0.309017 0.942921
v -0.126079 0.258819 0.957663
v -0.127674 0.207912 0.969780
v -0.128919 0.156434 0.979239
v -0.129811 0.104528 0.986014
v -0.130347 0.052336 0.990087
v -0.130526 0.000000 0.991446
v -0.130347 -0.052336 0.990087
v -0.129811 -0.104528 0.986014
v -0.128919 -0.156434 0.979239
v -0.127674 -0.207912 0.969780
v -0.126079 -0.258819 0.957663
v -0.124138 -0.309017 0.942921
v -0.121857 -0.358368 0.925594
v -0.119242 -0.406737 0.905731
v -0.116300 -0.453991 0.883385
v -0.113039 -0.500000 0.858617
v -0.109469 -0.544639 0.831496
v -0.105598 -0.587785 0.802096
v -0.101438 -0.629320 0.770498
v -0.097000 -0.669131 0.736787
v -0.092296 -0.707107 0.701058
v -0.087339 -0.743145 0.663407
v -0.082143 -0.777146 0.623937
v -0.076721 -0.809017 0.582757
v -0.071090 -0.838671 0.539980
v -0.065263 -0.866025 0.495723
v -0.059258 -0.891007 0.450107
v -0.053090 -0.913545 0.403257
v -0.046776 -0.933580 0.355302
v -0.040335 -0.951057 0.306374
v -0.033783 -0.965926 0.256605
v -0.027138 -0.978148 0.206133
v -0.020419 -0.987688 0.155096
v -0.013644 -0.994522 0.103634
v -0.006831 -0.998630 0.051888
v -0.013546 0.998630 0.050553
v -0.027054 0.994522 0.100967
v -0.040488 0.987688 0.151104
v -0.053812 0.978148 0.200827
v -0.066987 0.965926 0.250000
v -0.079980 0.951057 0.298488
v -0.092753 0.933580 0.346157
v -0.105271 0.913545 0.392878
v -0.117502 0.891007 0.438521
v -0.129410 0.866025 0.482963
v -0.140963 0.838671 0.526081
v -0.152130 0.809017 0.567757
v -0.162880 0.777146 0.607877
v -0.173184 0.743145 0.646331
v -0.183013 0.707107 0.683013
v -0.192340 0.669131 0.717823
v -0.201140 0.629320 0.750666
v -0.209389 0.587785 0.781451
v -0.217064 0.544639 0.810094
v -0.224144 0.500000 0.836517
v -0.230610 0.453991 0.860647
v -0.236443 0.406737 0.882418
v -0.241629 0.358368 0.901770
v -0.246152 0.309017 0.918651
v -0.250000 0.258819 0.933013
v -0.253164 0.207912 0.944819
v -0.255633 0.156434 0.954035
v -0.257401 0.104528 0.960635
v -0.258465 0.052336 0.964603
v -0.258819 0.000000 0.965927
v -0.258465 -0.052336 0.964603
v -0.257401 -0.104528 0.960635
v -0.255633 -0.156434 0.954035
v -0.253164 -0.207912 0.944819
v -0.250000 -0.258819 0.933013
v -0.246152 -0.309017 0.918651
v -0.241629 -0.358368 0.901770
v -0.236443 -0.406737 0.882418
v -0.230610 -0.453991 0.860647
v -0.224144 -0.500000 0.836517
v -0.217064 -0.544639 0.810094
v -0.209389 -0.587785 0.781451
v -0.201140 -0.629320 0.750666
v -0.192340 -0.669131 0.717823
v -0.183013 -0.707107 0.683013
v -0.173184 -0.743145 0.646331
v -0.162880 -0.777146 0.607877
v -0.152130 -0.809017 0.567757
v -0.140963 -0.838671 0.526081
v -0.129410 -0.866025 0.482963
v -0.117502 -0.891007 0.438521
v -0.105271 -0.913545 0.392878
v -0.092753 -0.933580 0.346157
v -0.079980 -0.951057 0.298488
v -0.066987 -0.965926 0.250000
v -0.053812 -0.978148 0.200827
v -0.040488 -0.987688 0.151104
v -0.027054 -0.994522 0.100967
v -0.013546 -0.998630 0.050553
v -0.020028 0.998630 0.048352
v -0.040001 0.994522 0.096572
v -0.059865 0.987688 0.144527
v -0.079564 0.978148 0.192086
v -0.099046 0.965926 0.239118
v -0.118256 0.951057 0.285495
v -0.137142 0.933580 0.331089
v -0.155652 0.913545 0.375776
v -0.173735 0.891007 0.419433
v -0.191342 0.866025 0.461940
v -0.208424 0.838671 0.503181
v -0.224936 0.809017 0.543043
v -0.240831 0.777146 0.581417
v -0.256066 0.743145 0.618197
v -0.270598 0.707107 0.653282
v -0.284389 0.669131 0.686577
v -0.297401 0.629320 0.717990
v -0.309598 0.587785 0.747435
v -0.320946 0.544639 0.774831
v -0.331414 0.500000 0.800104
v -0.340974 0.453991 0.823183
v -0.349599 0.406737 0.844007
v -0.357266 0.358368 0.862516
v -0.363954 0.309017 0.878662
v -0.369644 0.258819 0.892400
v -0.374321 0.207912 0.903691
v -0.377972 0.156434 0.912506
v -0.380587 0.104528 0.918819
v -0.382159 0.052336 0.922614
v -0.382684 0.000000 0.923880
v -0.382159 -0.052336 0.922614
v -0.380587 -0.104528 0.918819
v -0.377972 -0.156434 0.912506
v -0.374321 -0.207912 0.903691
v -0.369644 -0.258819 0.892400
v -0.363954 -0.309017 0.878662
v -0.357266 -0.358368 0.862516
v -0.349599 -0.406737 0.844007
v -0.340974 -0.453991 0.823183
v -0.331414 -0.500000 0.800104
v -0.320946 -0.544639 0.774831
v -0.309598 -0.587785 0.747435
v -0.297401 -0.629320 0.717990
v -0.284389 -0.669131 0.686577
v -0.270598 -0.707107 0.653282
v -0.256066 -0.743145 0.618197
v -0.240831 -0.777146 0.581417
v -0.224936 -0.809017 0.543043
v -0.208424 -0.838671 0.503181
v -0.191342 -0.866025 0.461940
v -0.173735 -0.891007 0.419433
v -0.155652 -0.913545 0.375776
v -0.137142 -0.933580 0.331089
v -0.118256 -0.951057 0.285495
v -0.099046 -0.965926 0.239118
v -0.079564 -0.978148 0.192086
v -0.059865 -0.987688 0.144527
v -0.040001 -0.994522 0.096572
v -0.020028 -0.998630 0.048352
v -0.026168 0.998630 0.045324
v -0.052264 0.994522 0.090524
v -0.078217 0.987688 0.135476
v -0.103956 0.978148 0.180057
v -0.129410 0.965926 0.224144
v -0.154509 0.951057 0.267617
v -0.179184 0.933580 0.310356
v -0.203369 0.913545 0.352245
v -0.226995 0.891007 0.393168
v -0.250000 0.866025 0.433013
v -0.272320 0.838671 0.471671
v -0.293893 0.809017 0.509037
v -0.314661 0.777146 0.545008
v -0.334566 0.743145 0.579485
v -0.353554 0.707107 0.612373
v -0.371573 0.669131 0.643583
v -0.388573 0.629320 0.673028
v -0.404509 0.587785 0.700630
v -0.419336 0.544639 0.726311
v -0.433013 0.500000 0.750001
v -0.445504 0.453991 0.771635
v -0.456773 0.406737 0.791154
v -0.466790 0.358368 0.808505
v -0.475529 0.309017 0.823640
v -0.482964 0.258819 0.836517
v -0.489074 0.207912 0.847101
v -0.493845 0.156434 0.855364
v -0.497261 0.104528 0.861282
v -0.499315 0.052336 0.864839
v -0.500001 0.000000 0.866026
v -0.499315 -0.052336 0.864839
v -0.497261 -0.104528 0.861282
v -0.493845 -0.156434 0.855364
v -0.489074 -0.207912 0.847101
v -0.482964 -0.258819 0.836517
v -0.475529 -0.309017 0.823640
v -0.466790 -0.358368 0.808505
v -0.456773 -0.406737 0.791154
v -0.445504 -0.453991 0.771635
v -0.433013 -0.500000 0.750001
v -0.419336 -0.544639 0.726311
v -0.404509 -0.587785 0.700630
v -0.388573 -0.629320 0.673028
v -0.371573 -0.669131 0.643583
v -0.353554 -0.707107 0.612373
v -0.334566 -0.743145 0.579485
v -0.314661 -0.777146 0.545008
v -0.293893 -0.809017 0.509037
v -0.272320 -0.838671 0.471671
v -0.250000 -0.866025 0.433013
v -0.226995 -0.891007 0.393168
v -0.203369 -0.913545 0.352245
v -0.179184 -0.933580 0.310356
v -0.154509 -0.951057 0.267617
v -0.129410 -0.965926 0.224144
v -0.103956 -0.978148 0.180057
v -0.078217 -0.987688 0.135476
v -0.052264 -0.994522 0.090524
v -0.026168 -0.998630 0.045324
v -0.031860 0.998630 0.041521
v -0.063633 0.994522 0.082928
v -0.095231 0.987688 0.124108
v -0.126569 0.978148 0.164948
v -0.157559 0.965926 0.205335
v -0.188118 0.951057 0.245160
v -0.218161 0.933580 0.284313
v -0.247606 0.913545 0.322686
v -0.276372 0.891007 0.360175
v -0.304381 0.866025 0.396677
v -0.331555 0.838671 0.432091
v -0.357821 0.809017 0.466322
v -0.383107 0.777146 0.499274
v -0.407342 0.743145 0.530858
v -0.430460 0.707107 0.560986
v -0.452398 0.669131 0.589577
v -0.473097 0.629320 0.616552
v -0.492499 0.587785 0.641837
v -0.510551 0.544639 0.665363
v -0.527203 0.500000 0.687065
v -0.542411 0.453991 0.706884
v -0.556132 0.406737 0.724765
v -0.568328 0.358368 0.740660
v -0.578967 0.309017 0.754524
v -0.588019 0.258819 0.766321
v -0.595459 0.207912 0.776017
v -0.601267 0.156434 0.783587
v -0.605427 0.104528 0.789007
v -0.607928 0.052336 0.792267
v -0.608762 0.000000 0.793354
v -0.607928 -0.052336 0.792267
v -0.605427 -0.104528 0.789007
v -0.601267 -0.156434 0.783587
v -0.595459 -0.207912 0.776017
v -0.588019 -0.258819 0.766321
v -0.578967 -0.309017 0.754524
v -0.568328 -0.358368 0.740660
v -0.556132 -0.406737 0.724765
v -0.542411 -0.453991 0.706884
v -0.527203 -0.500000 0.687065
v -0.510551 -0.544639 0.665363
v -0.492499 -0.587785 0.641837
v -0.473097 -0.629320 0.616552
v -0.452398 -0.669131 0.589577
v -0.430460 -0.707107 0.560986
v -0.407342 -0.743145 0.530858
v -0.383107 -0.777146 0.499274
v -0.357821 -0.809017 0.466322
v -0.331555 -0.838671 0.432091
v -0.304381 -0.866025 0.396677
v -0.276372 -0.891007 0.360175
v -0.247606 -0.913545 0.322686
v -0.218161 -0.933580 0.284313
v -0.188118 -0.951057 0.245160
v -0.157559 -0.965926 0.205335
v -0.126569 -0.978148 0.164948
v -0.095231 -0.987688 0.124108
v -0.063633 -0.994522 0.082928
v -0.031860 -0.998630 0.041521
v -0.037007 0.998630 0.037007
v -0.073913 0.994522 0.073913
v -0.110616 0.987688 0.110616
v -0.147016 0.978148 0.147016
v -0.183013 0.965926 0.183013
v -0.218508 0.951057 0.218508
v -0.253405 0.933580 0.253405
v -0.287607 0.913545 0.287606
v -0.321020 0.891007 0.321020
v -0.353554 0.866025 0.353554
v -0.385118 0.838671 0.385118
v -0.415627 0.809017 0.415627
v -0.444997 0.777146 0.444997
v -0.473147 0.743145 0.473147
v -0.500000 0.707107 0.500000
v -0.525483 0.669131 0.525483
v -0.549526 0.629320 0.549525
v -0.572062 0.587785 0.572062
v -0.593030 0.544639 0.593030
v -0.612373 0.500000 0.612373
v -0.630037 0.453991 0.630037
v -0.645975 0.406737 0.645975
v -0.660141 0.358368 0.660141
v -0.672499 0.309017 0.672499
v -0.683013 0.258819 0.683013
v -0.691655 0.207912 0.691655
v -0.698402 0.156434 0.698402
v -0.703234 0.104528 0.703233
v -0.706138 0.052336 0.706138
v -0.707108 0.000000 0.707107
v -0.706138 -0.052336 0.706138
v -0.703234 -0.104528 0.703233
v -0.698402 -0.156434 0.698402
v -0.691655 -0.207912 0.691655
v -0.683013 -0.258819 0.683013
v -0.672499 -0.309017 0.672499
v -0.660141 -0.358368 0.660141
v -0.645975 -0.406737 0.645975
v -0.630037 -0.453991 0.630037
v -0.612373 -0.500000 0.612373
v -0.593030 -0.544639 0.593030
v -0.572062 -0.587785 0.572062
v -0.549526 -0.629320 0.549525
v -0.525483 -0.669131 0.525483
v -0.500000 -0.707107 0.500000
v -0.473147 -0.743145 0.473147
v -0.444997 -0.777146 0.444997
v -0.415627 -0.809017 0.415627
v -0.385118 -0.838671 0.385118
v -0.353554 -0.866025 0.353554
v -0.321020 -0.891007 0.321020
v -0.287607 -0.913545 0.287606
v -0.253405 -0.933580 0.253405
v -0.218508 -0.951057 0.218508
v -0.183013 -0.965926 0.183013
v -0.147016 -0.978148 0.147016
v -0.110616 -0.987688 0.110616
v -0.073913 -0.994522 0.073913
v -0.037007 -0.998630 0.037007
v -0.041521 0.998630 0.031860
v -0.082928 0.994522 0.063633
v -0.124108 0.987688 0.095231
v -0.164948 0.978148 0.126569
v -0.205335 0.965926 0.157559
v -0.245160 0.951057 0.188118
v -0.284313 0.933580 0.218161
v -0.322686 0.913545 0.247606
v -0.360175 0.891007 0.276372
v -0.396677 0.866025 0.304381
v -0.432091 0.838671 0.331555
v -0.466322 0.809017 0.357821
v -0.499274 0.777146 0.383106
v -0.530858 0.743145 0.407341
v -0.560986 0.707107 0.430460
v -0.589577 0.669131 0.452398
v -0.616552 0.629320 0.473097
v -0.641837 0.587785 0.492499
v -0.665363 0.544639 0.510551
v -0.687065 0.500000 0.527203
v -0.706884 0.453991 0.542411
v -0.724765 0.406737 0.556132
v -0.740660 0.358368 0.568328
v -0.754525 0.309017 0.578967
v -0.766321 0.258819 0.588019
v -0.776017 0.207912 0.595459
v -0.783587 0.156434 0.601267
v -0.789008 0.104528 0.605427
v -0.792267 0.052336 0.607928
v -0.793354 0.000000 0.608762
v -0.792267 -0.052336 0.607928
v -0.789008 -0.104528 0.605427
v -0.783587 -0.156434 0.601267
v -0.776017 -0.207912 0.595459
v -0.766321 -0.258819 0.588019
v -0.754525 -0.309017 0.578967
v -0.740660 -0.358368 0.568328
v -0.724765 -0.406737 0.556132
v -0.706884 -0.453991 0.542411
v -0.687065 -0.500000 0.527203
v -0.665363 -0.544639 0.510551
v -0.641837 -0.587785 0.492499
v -0.616552 -0.629320 0.473097
v -0.589577 -0.669131 0.452398
v -0.560986 -0.707107 0.430460
v -0.530858 -0.743145 0.407341
v -0.499274 -0.777146 0.383106
v -0.466322 -0.809017 0.357821
v -0.432091 -0.838671 0.331555
v -0.396677 -0.866025 0.304381
v -0.360175 -0.891007 0.276372
v -0.322686 -0.913545 0.247606
v -0.284313 -0.933580 0.218161
v -0.245160 -0.951057 0.188118
v -0.205335 -0.965926 0.157559
v -0.164948 -0.978148 0.126569
v -0.124108 -0.987688 0.095231
v -0.082928 -0.994522 0.063633
v -0.041521 -0.998630 0.031860
v 0.000000 1.000000 0.000000
v -0.045324 0.998630 0.026168
v -0.090524 0.994522 0.052264
v -0.135476 0.987688 0.078217
v -0.180057 0.978148 0.103956
v -0.224144 0.965926 0.129410
v -0.267617 0.951057 0.154509
v -0.310356 0.933580 0.179184
v -0.352245 0.913545 0.203368
v -0.393168 0.891007 0.226995
v -0.433013 0.866025 0.250000
v -0.471671 0.838671 0.272320
v -0.509037 0.809017 0.293893
v -0.545008 0.777146 0.314661
v -0.579485 0.743145 0.334566
v -0.612373 0.707107 0.353554
v -0.643583 0.669131 0.371573
v -0.673029 0.629320 0.388573
v -0.700630 0.587785 0.404509
v -0.726311 0.544639 0.419336
v -0.750001 0.500000 0.433013
v -0.771635 0.453991 0.445504
v -0.791155 0.406737 0.456773
v -0.808505 0.358368 0.466790
v -0.823640 0.309017 0.475529
v -0.836517 0.258819 0.482963
v -0.847101 0.207912 0.489074
v -0.855364 0.156434 0.493845
v -0.861282 0.104528 0.497261
v -0.864839 0.052336 0.499315
v -0.866026 0.000000 0.500000
v -0.864839 -0.052336 0.499315
v -0.861282 -0.104528 0.497261
v -0.855364 -0.156434 0.493845
v -0.847101 -0.207912 0.489074
v -0.836517 -0.258819 0.482963
v -0.823640 -0.309017 0.475529
v -0.808505 -0.358368 0.466790
v -0.791155 -0.406737 0.456773
v -0.771635 -0.453991 0.445504
v -0.750001 -0.500000 0.433013
v -0.726311 -0.544639 0.419336
v -0.700630 -0.587785 0.404509
v -0.673029 -0.629320 0.388573
v -0.643583 -0.669131 0.371573
v -0.612373 -0.707107 0.353554
v -0.579485 -0.743145 0.334566
v -0.545008 -0.777146 0.314661
v -0.509037 -0.809017 0.293893
v -0.471671 -0.838671 0.272320
v -0.433013 -0.866025 0.250000
v -0.393168 -0.891007 0.226995
v -0.352245 -0.913545 0.203368
v -0.310356 -0.933580 0.179184
v -0.267617 -0.951057 0.154509
v -0.224144 -0.965926 0.129410
v -0.180057 -0.978148 0.103956
v -0.135476 -0.987688 0.078217
v -0.090524 -0.994522 0.052264
v -0.045324 -0.998630 0.026168
v -0.048352 0.998630 0.020028
v -0.096572 0.994522 0.040001
v -0.144527 0.987688 0.059865
v -0.192086 0.978148 0.079564
v -0.239118 0.965926 0.099046
v -0.285495 0.951057 0.118256
v -0.331089 0.933580 0.137142
v -0.375776 0.913545 0.155651
v -0.419433 0.891007 0.173735
v -0.461940 0.866025 0.191342
v -0.503181 0.838671 0.208424
v -0.543043 0.809017 0.224936
v -0.581417 0.777146 0.240831
v -0.618197 0.743145 0.256065
v -0.653282 0.707107 0.270598
v -0.686577 0.669131 0.284389
v -0.717990 0.629320 0.297401
v -0.747435 0.587785 0.309598
v -0.774831 0.544639 0.320946
v -0.800104 0.500000 0.331414
v -0.823183 0.453991 0.340974
v -0.844007 0.406737 0.349599
v -0.862516 0.358368 0.357266
v -0.878663 0.309017 0.363954
v -0.892400 0.258819 0.369644
v -0.903691 0.207912 0.374321
v -0.912506 0.156434 0.377972
v -0.918819 0.104528 0.380587
v -0.922614 0.052336 0.382159
v -0.923881 0.000000 0.382684
v -0.922614 -0.052336 0.382159
v -0.918819 -0.104528 0.380587
v -0.912506 -0.156434 0.377972
v -0.903691 -0.207912 0.374321
v -0.892400 -0.258819 0.369644
v -0.878663 -0.309017 0.363954
v -0.862516 -0.358368 0.357266
v -0.844007 -0.406737 0.349599
v -0.823183 -0.453991 0.340974
v -0.800104 -0.500000 0.331414
v -0.774831 -0.544639 0.320946
v -0.747435 -0.587785 0.309598
v -0.717990 -0.629320 0.297401
v -0.686577 -0.669131 0.284389
v -0.653282 -0.707107 0.270598
v -0.618197 -0.743145 0.256065
v -0.581417 -0.777146 0.240831
v -0.543043 -0.809017 0.224936
v -0.503181 -0.838671 0.208424
v -0.461940 -0.866025 0.191342
v -0.419433 -0.891007 0.173735
v -0.375776 -0.913545 0.155651
v -0.331089 -0.933580 0.137142
v -0.285495 -0.951057 0.118256
v -0.239118 -0.965926 0.099046
v -0.192086 -0.978148 0.079564
v -0.144527 -0.987688 0.059865
v -0.096572 -0.994522 0.040001
v -0.048352 -0.998630 0.020028
v -0.050553 0.998630 0.013546
v -0.100967 0.994522 0.027054
v -0.151104 0.987688 0.040488
v -0.200828 0.978148 0.053812
v -0.250000 0.965926 0.066987
v -0.298488 0.951057 0.079979
v -0.346157 0.933580 0.092753
v -0.392878 0.913545 0.105271
v -0.438522 0.891007 0.117501
v -0.482963 0.866025 0.129410
v -0.526081 0.838671 0.140963
v -0.567757 0.809017 0.152130
v -0.607878 0.777146 0.162880
v -0.646331 0.743145 0.173184
v -0.683013 0.707107 0.183013
v -0.717823 0.669131 0.192340
v -0.750666 0.629320 0.201140
v -0.781451 0.587785 0.209389
v -0.810095 0.544639 0.217064
v -0.836517 0.500000 0.224144
v -0.860647 0.453991 0.230610
v -0.882418 0.406737 0.236443
v -0.901770 0.358368 0.241628
v -0.918651 0.309017 0.246152
v -0.933014 0.258819 0.250000
v -0.944819 0.207912 0.253163
v -0.954035 0.156434 0.255633
v -0.960635 0.104528 0.257401
v -0.964603 0.052336 0.258465
v -0.965927 0.000000 0.258819
v -0.964603 -0.052336 0.258465
v -0.960635 -0.104528 0.257401
v -0.954035 -0.156434 0.255633
v -0.944819 -0.207912 0.253163
v -0.933014 -0.258819 0.250000
v -0.918651 -0.309017 0.246152
v -0.901770 -0.358368 0.241628
v -0.882418 -0.406737 0.236443
v -0.860647 -0.453991 0.230610
v -0.836517 -0.500000 0.224144
v -0.810095 -0.544639 0.217064
v -0.781451 -0.587785 0.209389
v -0.750666 -0.629320 0.201140
v -0.717823 -0.669131 0.192340
v -0.683013 -0.707107 0.183013
v -0.646331 -0.743145 0.173184
v -0.607878 -0.777146 0.162880
v -0.567757 -0.809017 0.152130
v -0.526081 -0.838671 0.140963
v -0.482963 -0.866025 0.129410
v -0.438522 -0.891007 0.117501
v -0.392878 -0.913545 0.105271
v -0.346157 -0.933580 0.092753
v -0.298488 -0.951057 0.079979
v -0.250000 -0.965926 0.066987
v -0.200828 -0.978148 0.053812
v -0.151104 -0.987688 0.040488
v -0.100967 -0.994522 0.027054
v -0.050553 -0.998630 0.013546
v -0.051888 0.998630 0.006831
v -0.103634 0.994522 0.013644
v -0.155096 0.987688 0.020419
v -0.206133 0.978148 0.027138
v -0.256605 0.965926 0.033783
v -0.306374 0.951057 0.040335
v -0.355302 0.933580 0.046776
v -0.403257 0.913545 0.053090
v -0.450107 0.891007 0.059258
v -0.495723 0.866025 0.065263
v -0.539980 0.838671 0.071090
v -0.582757 0.809017 0.076721
v -0.623937 0.777146 0.082143
v -0.663407 0.743145 0.087339
v -0.701058 0.707107 0.092296
v -0.736788 0.669131 0.097000
v -0.770498 0.629320 0.101438
v -0.802097 0.587785 0.105598
v -0.831497 0.544639 0.109469
v -0.858617 0.500000 0.113039
v -0.883385 0.453991 0.116300
v -0.905731 0.406737 0.119242
v -0.925594 0.358368 0.121857
v -0.942921 0.309017 0.124138
v -0.957663 0.258819 0.126079
v -0.969780 0.207912 0.127674
v -0.979240 0.156434 0.128919
v -0.986014 0.104528 0.129811
v -0.990087 0.052336 0.130347
v -0.991446 0.000000 0.130526
v -0.990087 -0.052336 0.130347
v -0.986014 -0.104528 0.129811
v -0.979240 -0.156434 0.128919
v -0.969780 -0.207912 0.127674
v -0.957663 -0.258819 0.126079
v -0.942921 -0.309017 0.124138
v -0.925594 -0.358368 0.121857
v -0.905731 -0.406737 0.119242
v -0.883385 -0.453991 0.116300
v -0.858617 -0.500000 0.113039
v -0.831497 -0.544639 0.109469
v -0.802097 -0.587785 0.105598
v -0.770498 -0.629320 0.101438
v -0.736788 -0.669131 0.097000
v -0.701058 -0.707107 0.092296
v -0.663407 -0.743145 0.087339
v -0.623937 -0.777146 0.082143
v -0.582757 -0.809017 0.076721
v -0.539980 -0.838671 0.071090
v -0.495723 -0.866025 0.065263
v -0.450107 -0.891007 0.059258
v -0.403257 -0.913545 0.053090
v -0.355302 -0.933580 0.046776
v -0.306374 -0.951057 0.040335
v -0.256605 -0.965926 0.033783
v -0.206133 -0.978148 0.027138
v -0.155096 -0.987688 0.020419
v -0.103634 -0.994522 0.013644
v -0.051888 -0.998630 0.006831
v -0.052336 0.998630 -0.000000
v -0.104529 0.994522 -0.000000
v -0.156435 0.987688 -0.000000
v -0.207912 0.978148 -0.000000
v -0.258819 0.965926 -0.000000
v -0.309017 0.951057 -0.000000
v -0.358368 0.933580 -0.000000
v -0.406737 0.913545 -0.000000
v -0.453991 0.891007 -0.000000
v -0.500001 0.866025 -0.000000
v -0.544639 0.838671 -0.000000
v -0.587786 0.809017 -0.000000
v -0.629321 0.777146 -0.000000
v -0.669132 0.743145 -0.000000
v -0.707107 0.707107 -0.000000
v -0.743145 0.669131 -0.000000
v -0.777147 0.629320 -0.000000
v -0.809018 0.587785 -0.000000
v -0.838672 0.544639 -0.000000
v -0.866026 0.500000 -0.000000
v -0.891007 0.453991 -0.000000
v -0.913547 0.406737 -0.000000
v -0.933581 0.358368 -0.000000
v -0.951058 0.309017 -0.000000
v -0.965927 0.258819 -0.000000
v -0.978148 0.207912 -0.000000
v -0.987689 0.156434 -0.000000
v -0.994522 0.104528 -0.000000
v -0.998631 0.052336 -0.000000
v -1.000001 0.000000 -0.000000
v -0.998631 -0.052336 -0.000000
v -0.994522 -0.104528 -0.000000
v -0.987689 -0.156434 -0.000000
v -0.978148 -0.207912 -0.000000
v -0.965927 -0.258819 -0.000000
v -0.951058 -0.309017 -0.000000
v -0.933581 -0.358368 -0.000000
v -0.913547 -0.406737 -0.000000
v -0.891007 -0.453991 -0.000000
v -0.866026 -0.500000 -0.000000
v -0.838672 -0.544639 -0.000000
v -0.809018 -0.587785 -0.000000
v -0.777147 -0.629320 -0.000000
v -0.743145 -0.669131 -0.000000
v -0.707107 -0.707107 -0.000000
v -0.669132 -0.743145 -0.000000
v -0.629321 -0.777146 -0.000000
v -0.587786 -0.809017 -0.000000
v -0.544639 -0.838671 -0.000000
v -0.500001 -0.866025 -0.000000
v -0.453991 -0.891007 -0.000000
v -0.406737 -0.913545 -0.000000
v -0.358368 -0.933580 -0.000000
v -0.309017 -0.951057 -0.000000
v -0.258819 -0.965926 -0.000000
v -0.207912 -0.978148 -0.000000
v -0.156435 -0.987688 -0.000000
v -0.104529 -0.994522 -0.000000
v -0.052336 -0.998630 -0.000000
v -0.051888 0.998630 -0.006831
v -0.103634 0.994522 -0.013644
v -0.155096 0.987688 -0.020419
v -0.206133 0.978148 -0.027138
v -0.256605 0.965926 -0.033783
v -0.306374 0.951057 -0.040335
v -0.355302 0.933580 -0.046776
v -0.403257 0.913545 -0.053090
v -0.450107 0.891007 -0.059258
v -0.495723 0.866025 -0.065263
v -0.539980 0.838671 -0.071090
v -0.582757 0.809017 -0.076722
v -0.623937 0.777146 -0.082143
v -0.663407 0.743145 -0.087339
v -0.701058 0.707107 -0.092296
v -0.736788 0.669131 -0.097000
v -0.770498 0.629320 -0.101438
v -0.802097 0.587785 -0.105598
v -0.831497 0.544639 -0.109469
v -0.858617 0.500000 -0.113039
v -0.883385 0.453991 -0.116300
v -0.905731 0.406737 -0.119242
v -0.925594 0.358368 -0.121857
v -0.942921 0.309017 -0.124138
v -0.957663 0.258819 -0.126079
v -0.969780 0.207912 -0.127674
v -0.979240 0.156434 -0.128919
v -0.986014 0.104528 -0.129811
v -0.990087 0.052336 -0.130348
v -0.991446 0.000000 -0.130526
v -0.990087 -0.052336 -0.130348
v -0.986014 -0.104528 -0.129811
v -0.979240 -0.156434 -0.128919
v -0.969780 -0.207912 -0.127674
v -0.957663 -0.258819 -0.126079
v -0.942921 -0.309017 -0.124138
v -0.925594 -0.358368 -0.121857
v -0.905731 -0.406737 -0.119242
v -0.883385 -0.453991 -0.116300
v -0.858617 -0.500000 -0.113039
v -0.831497 -0.544639 -0.109469
v -0.802097 -0.587785 -0.105598
v -0.770498 -0.629320 -0.101438
v -0.736788 -0.669131 -0.097000
v -0.701058 -0.707107 -0.092296
v -0.663407 -0.743145 -0.087339
v -0.623937 -0.777146 -0.082143
v -0.582757 -0.809017 -0.076722
v -0.539980 -0.838671 -0.071090
v -0.495723 -0.866025 -0.065263
v -0.450107 -0.891007 -0.059258
v -0.403257 -0.913545 -0.053090
v -0.355302 -0.933580 -0.046776
v -0.306374 -0.951057 -0.040335
v -0.256605 -0.965926 -0.033783
v -0.206133 -0.978148 -0.027138
v -0.155096 -0.987688 -0.020419
v -0.103634 -0.994522 -0.013644
v -0.051888 -0.998630 -0.006831
v -0.050553 0.998630 -0.013546
v -0.100967 0.994522 -0.027054
v -0.151104 0.987688 -0.040488
v -0.200828 0.978148 -0.053812
v -0.250000 0.965926 -0.066987
v -0.298488 0.951057 -0.079980
v -0.346157 0.933580 -0.092753
v -0.392878 0.913545 -0.105271
v -0.438522 0.891007 -0.117502
v -0.482963 0.866025 -0.129410
v -0.526081 0.838671 -0.140963
v -0.567757 0.809017 -0.152130
v -0.607878 0.777146 -0.162880
v -0.646331 0.743145 -0.173184
v -0.683013 0.707107 -0.183013
v -0.717823 0.669131 -0.192340
v -0.750666 0.629320 -0.201141
v -0.781451 0.587785 -0.209389
v -0.810095 0.544639 -0.217064
v -0.836517 0.500000 -0.224144
v -0.860647 0.453991 -0.230610
v -0.882418 0.406737 -0.236443
v -0.901770 0.358368 -0.241629
v -0.918651 0.309017 -0.246152
v -0.933014 0.258819 -0.250001
v -0.944819 0.207912 -0.253164
v -0.954035 0.156434 -0.255633
v -0.960635 0.104528 -0.257402
v -0.964603 0.052336 -0.258465
v -0.965927 0.000000 -0.258819
v -0.964603 -0.052336 -0.258465
v -0.960635 -0.104528 -0.257402
v -0.954035 -0.156434 -0.255633
v -0.944819 -0.207912 -0.253164
v -0.933014 -0.258819 -0.250001
v -0.918651 -0.309017 -0.246152
v -0.901770 -0.358368 -0.241629
v -0.882418 -0.406737 -0.236443
v -0.860647 -0.453991 -0.230610
v -0.836517 -0.500000 -0.224144
v -0.810095 -0.544639 -0.217064
v -0.781451 -0.587785 -0.209389
v -0.750666 -0.629320 -0.201141
v -0.717823 -0.669131 -0.192340
v -0.683013 -0.707107 -0.183013
v -0.646331 -0.743145 -0.173184
v -0.607878 -0.777146 -0.162880
v -0.567757 -0.809017 -0.152130
v -0.526081 -0.838671 -0.140963
v -0.482963 -0.866025 -0.129410
v -0.438522 -0.891007 -0.117502
v -0.392878 -0.913545 -0.105271
v -0.346157 -0.933580 -0.092753
v -0.298488 -0.951057 -0.079980
v -0.250000 -0.965926 -0.066987
v -0.200828 -0.978148 -0.053812
v -0.151104 -0.987688 -0.040488
v -0.100967 -0.994522 -0.027054
v -0.050553 -0.998630 -0.013546
v -0.048352 0.998630 -0.020028
v -0.096572 0.994522 -0.040001
v -0.144527 0.987688 -0.059865
v -0.192086 0.978148 -0.079565
v -0.239118 0.965926 -0.099046
v -0.285495 0.951057 -0.118256
v -0.331089 0.933580 -0.137142
v -0.375776 0.913545 -0.155652
v -0.419433 0.891007 -0.173735
v -0.461940 0.866025 -0.191342
v -0.503181 0.838671 -0.208425
v -0.543043 0.809017 -0.224936
v -0.581417 0.777146 -0.240831
v -0.618197 0.743145 -0.256066
v -0.653282 0.707107 -0.270598
v -0.686577 0.669131 -0.284389
v -0.717990 0.629320 -0.297401
v -0.747435 0.587785 -0.309598
v -0.774831 0.544639 -0.320946
v -0.800104 0.500000 -0.331414
v -0.823183 0.453991 -0.340974
v -0.844007 0.406737 -0.349599
v -0.862517 0.358368 -0.357266
v -0.878663 0.309017 -0.363954
v -0.892400 0.258819 -0.369644
v -0.903691 0.207912 -0.374321
v -0.912506 0.156434 -0.377973
v -0.918819 0.104528 -0.380588
v -0.922615 0.052336 -0.382160
v -0.923881 0.000000 -0.382684
v -0.922615 -0.052336 -0.382160
v -0.918819 -0.104528 -0.380588
v -0.912506 -0.156434 -0.377973
v -0.903691 -0.207912 -0.374321
v -0.892400 -0.258819 -0.369644
v -0.878663 -0.309017 -0.363954
v -0.862517 -0.358368 -0.357266
v -0.844007 -0.406737 -0.349599
v -0.823183 -0.453991 -0.340974
v -0.800104 -0.500000 -0.331414
v -0.774831 -0.544639 -0.320946
v -0.747435 -0.587785 -0.309598
v -0.717990 -0.629320 -0.297401
v -0.686577 -0.669131 -0.284389
v -0.653282 -0.707107 -0.270598
v -0.618197 -0.743145 -0.256066
v -0.581417 -0.777146 -0.240831
v -0.543043 -0.809017 -0.224936
v -0.503181 -0.838671 -0.208425
v -0.461940 -0.866025 -0.191342
v -0.419433 -0.891007 -0.173735
v -0.375776 -0.913545 -0.155652
v -0.331089 -0.933580 -0.137142
v -0.285495 -0.951057 -0.118256
v -0.239118 -0.965926 -0.099046
v -0.192086 -0.978148 -0.079565
v -0.144527 -0.987688 -0.059865
v -0.096572 -0.994522 -0.040001
v -0.048352 -0.998630 -0.020028
v -0.045324 0.998630 -0.026168
v -0.090524 0.994522 -0.052264
v -0.135476 0.987688 -0.078217
v -0.180057 0.978148 -0.103956
v -0.224144 0.965926 -0.129410
v -0.267617 0.951057 -0.154509
v -0.310356 0.933580 -0.179184
v -0.352245 0.913545 -0.203369
v -0.393168 0.891007 -0.226996
v -0.433013 0.866025 -0.250000
v -0.471672 0.838671 -0.272320
v -0.509037 0.809017 -0.293893
v -0.545008 0.777146 -0.314661
v -0.579485 0.743145 -0.334566
v -0.612373 0.707107 -0.353554
v -0.643583 0.669131 -0.371573
v -0.673029 0.629320 -0.388573
v -0.700630 0.587785 -0.404509
v -0.726311 0.544639 -0.419336
v -0.750001 0.500000 -0.433013
v -0.771635 0.453991 -0.445504
v -0.791155 0.406737 -0.456773
v -0.808505 0.358368 -0.466791
v -0.823640 0.309017 -0.475529
v -0.836517 0.258819 -0.482964
v -0.847101 0.207912 -0.489074
v -0.855364 0.156434 -0.493845
v -0.861282 0.104528 -0.497261
v -0.864840 0.052336 -0.499316
v -0.866026 0.000000 -0.500001
v -0.864840 -0.052336 -0.499316
v -0.861282 -0.104528 -0.497261
v -0.855364 -0.156434 -0.493845
v -0.847101 -0.207912 -0.489074
v -0.836517 -0.258819 -0.482964
v -0.823640 -0.309017 -0.475529
v -0.808505 -0.358368 -0.466791
v -0.791155 -0.406737 -0.456773
v -0.771635 -0.453991 -0.445504
v -0.750001 -0.500000 -0.433013
v -0.726311 -0.544639 -0.419336
v -0.700630 -0.587785 -0.404509
v -0.673029 -0.629320 -0.388573
v -0.643583 -0.669131 -0.371573
v -0.612373 -0.707107 -0.353554
v -0.579485 -0.743145 -0.334566
v -0.545008 -0.777146 -0.314661
v -0.509037 -0.809017 -0.293893
v -0.471672 -0.838671 -0.272320
v -0.433013 -0.866025 -0.250000
v -0.393168 -0.891007 -0.226996
v -0.352245 -0.913545 -0.203369
v -0.310356 -0.933580 -0.179184
v -0.267617 -0.951057 -0.154509
v -0.224144 -0.965926 -0.129410
v -0.180057 -0.978148 -0.103956
v -0.135476 -0.987688 -0.078217
v -0.090524 -0.994522 -0.052264
v -0.045324 -0.998630 -0.026168
v -0.041521 0.998630 -0.031860
v -0.082928 0.994522 -0.063633
v -0.124108 0.987688 -0.095231
v -0.164948 0.978148 -0.126569
v -0.205335 0.965926 -0.157559
v -0.245160 0.951057 -0.188118
v -0.284313 0.933580 -0.218161
v -0.322686 0.913545 -0.247606
v -0.360175 0.891007 -0.276372
v -0.396677 0.866025 -0.304381
v -0.432091 0.838671 -0.331556
v -0.466322 0.809017 -0.357821
v -0.499274 0.777146 -0.383107
v -0.530858 0.743145 -0.407342
v -0.560986 0.707107 -0.430460
v -0.589577 0.669131 -0.452398
v -0.616552 0.629320 -0.473097
v -0.641837 0.587785 -0.492499
v -0.665363 0.544639 -0.510551
v -0.687065 0.500000 -0.527204
v -0.706884 0.453991 -0.542411
v -0.724765 0.406737 -0.556132
v -0.740660 0.358368 -0.568328
v -0.754525 0.309017 -0.578968
v -0.766321 0.258819 -0.588019
v -0.776017 0.207912 -0.595459
v -0.783587 0.156434 -0.601267
v -0.789008 0.104528 -0.605427
v -0.792267 0.052336 -0.607928
v -0.793354 0.000000 -0.608762
v -0.792267 -0.052336 -0.607928
v -0.789008 -0.104528 -0.605427
v -0.783587 -0.156434 -0.601267
v -0.776017 -0.207912 -0.595459
v -0.766321 -0.258819 -0.588019
v -0.754525 -0.309017 -0.578968
v -0.740660 -0.358368 -0.568328
v -0.724765 -0.406737 -0.556132
v -0.706884 -0.453991 -0.542411
v -0.687065 -0.500000 -0.527204
v -0.665363 -0.544639 -0.510551
v -0.641837 -0.587785 -0.492499
v -0.616552 -0.629320 -0.473097
v -0.589577 -0.669131 -0.452398
v -0.560986 -0.707107 -0.430460
v -0.530858 -0.743145 -0.407342
v -0.499274 -0.777146 -0.383107
v -0.466322 -0.809017 -0.357821
v -0.432091 -0.838671 -0.331556
v -0.396677 -0.866025 -0.304381
v -0.360175 -0.891007 -0.276372
v -0.322686 -0.913545 -0.247606
v -0.284313 -0.933580 -0.218161
v -0.245160 -0.951057 -0.188118
v -0.205335 -0.965926 -0.157559
v -0.164948 -0.978148 -0.126569
v -0.124108 -0.987688 -0.095231
v -0.082928 -0.994522 -0.063633
v -0.041521 -0.998630 -0.031860
v -0.037007 0.998630 -0.037007
v -0.073913 0.994522 -0.073913
v -0.110616 0.987688 -0.110616
v -0.147016 0.978148 -0.147016
v -0.183013 0.965926 -0.183013
v -0.218508 0.951057 -0.218508
v -0.253405 0.933580 -0.253405
v -0.287607 0.913545 -0.287607
v -0.321020 0.891007 -0.321020
v -0.353554 0.866025 -0.353554
v -0.385118 0.838671 -0.385118
v -0.415627 0.809017 -0.415627
v -0.444997 0.777146 -0.444998
v -0.473147 0.743145 -0.473148
v -0.500000 0.707107 -0.500001
v -0.525483 0.669131 -0.525483
v -0.549526 0.629320 -0.549526
v -0.572062 0.587785 -0.572062
v -0.593030 0.544639 -0.593031
v -0.612373 0.500000 -0.612373
v -0.630037 0.453991 -0.630037
v -0.645975 0.406737 -0.645975
v -0.660142 0.358368 -0.660142
v -0.672499 0.309017 -0.672500
v -0.683013 0.258819 -0.683014
v -0.691655 0.207912 -0.691656
v -0.698402 0.156434 -0.698402
v -0.703233 0.104528 -0.703234
v -0.706139 0.052336 -0.706139
v -0.707107 0.000000 -0.707108
v -0.706139 -0.052336 -0.706139
v -0.703233 -0.104528 -0.703234
v -0.698402 -0.156434 -0.698402
v -0.691655 -0.207912 -0.691656
v -0.683013 -0.258819 -0.683014
v -0.672499 -0.309017 -0.672500
v -0.660142 -0.358368 -0.660142
v -0.645975 -0.406737 -0.645975
v -0.630037 -0.453991 -0.630037
v -0.612373 -0.500000 -0.612373
v -0.593030 -0.544639 -0.593031
v -0.572062 -0.587785 -0.572062
v -0.549526 -0.629320 -0.549526
v -0.525483 -0.669131 -0.525483
v -0.500000 -0.707107 -0.500001
v -0.473147 -0.743145 -0.473148
v -0.444997 -0.777146 -0.444998
v -0.415627 -0.809017 -0.415627
v -0.385118 -0.838671 -0.385118
v -0.353554 -0.866025 -0.353554
v -0.321020 -0.891007 -0.321020
v -0.287607 -0.913545 -0.287607
v -0.253405 -0.933580 -0.253405
v -0.218508 -0.951057 -0.218508
v -0.183013 -0.965926 -0.183013
v -0.147016 -0.978148 -0.147016
v -0.110616 -0.987688 -0.110616
v -0.073913 -0.994522 -0.073913
v -0.037007 -0.998630 -0.037007
v -0.031860 0.998630 -0.041521
v -0.063633 0.994522 -0.082928
v -0.095231 0.987688 -0.124108
v -0.126569 0.978148 -0.164948
v -0.157559 0.965926 -0.205335
v -0.188118 0.951057 -0.245160
v -0.218161 0.933580 -0.284313
v -0.247606 0.913545 -0.322686
v -0.276372 0.891007 -0.360175
v -0.304381 0.866025 -0.396677
v -0.331555 0.838671 -0.432092
v -0.357821 0.809017 -0.466322
v -0.383107 0.777146 -0.499274
v -0.407341 0.743145 -0.530858
v -0.430460 0.707107 -0.560986
v -0.452398 0.669131 -0.589577
v -0.473097 0.629320 -0.616552
v -0.492499 0.587785 -0.641837
v -0.510551 0.544639 -0.665363
v -0.527203 0.500000 -0.687065
v -0.542411 0.453991 -0.706884
v -0.556132 0.406737 -0.724766
v -0.568328 0.358368 -0.740660
v -0.578967 0.309017 -0.754525
v -0.588019 0.258819 -0.766322
v -0.595459 0.207912 -0.776018
v -0.601267 0.156434 -0.783587
v -0.605427 0.104528 -0.789008
v -0.607928 0.052336 -0.792267
v -0.608762 0.000000 -0.793354
v -0.607928 -0.052336 -0.792267
v -0.605427 -0.104528 -0.789008
v -0.601267 -0.156434 -0.783587
v -0.595459 -0.207912 -0.776018
v -0.588019 -0.258819 -0.766322
v -0.578967 -0.309017 -0.754525
v -0.568328 -0.358368 -0.740660
v -0.556132 -0.406737 -0.724766
v -0.542411 -0.453991 -0.706884
v -0.527203 -0.500000 -0.687065
v -0.510551 -0.544639 -0.665363
v -0.492499 -0.587785 -0.641837
v -0.473097 -0.629320 -0.616552
v -0.452398 -0.669131 -0.589577
v -0.430460 -0.707107 -0.560986
v -0.407341 -0.743145 -0.530858
v -0.383107 -0.777146 -0.499274
v -0.357821 -0.809017 -0.466322
v -0.331555 -0.838671 -0.432092
v -0.304381 -0.866025 -0.396677
v -0.276372 -0.891007 -0.360175
v -0.247606 -0.913545 -0.322686
v -0.218161 -0.933580 -0.284313
v -0.188118 -0.951057 -0.245160
v -0.157559 -0.965926 -0.205335
v -0.126569 -0.978148 -0.164948
v -0.095231 -0.987688 -0.124108
v -0.063633 -0.994522 -0.082928
v -0.031860 -0.998630 -0.041521
v -0.026168 0.998630 -0.045324
v -0.052264 0.994522 -0.090524
v -0.078217 0.987688 -0.135476
v -0.103956 0.978148 -0.180057
v -0.129410 0.965926 -0.224144
v -0.154509 0.951057 -0.267617
v -0.179184 0.933580 -0.310356
v -0.203369 0.913545 -0.352245
v -0.226995 0.891007 -0.393168
v -0.250000 0.866025 -0.433013
v -0.272320 0.838671 -0.471672
v -0.293893 0.809017 -0.509037
v -0.314661 0.777146 -0.545009
v -0.334566 0.743145 -0.579485
v -0.353554 0.707107 -0.612373
v -0.371573 0.669131 -0.643583
v -0.388573 0.629320 -0.673029
v -0.404509 0.587785 -0.700630
v -0.419336 0.544639 -0.726311
v -0.433013 0.500000 -0.750001
v -0.445504 0.453991 -0.771635
v -0.456773 0.406737 -0.791155
v -0.466790 0.358368 -0.808505
v -0.475529 0.309017 -0.823640
v -0.482963 0.258819 -0.836518
v -0.489074 0.207912 -0.847102
v -0.493845 0.156434 -0.855364
v -0.497261 0.104528 -0.861282
v -0.499315 0.052336 -0.864840
v -0.500000 0.000000 -0.866027
v -0.499315 -0.052336 -0.864840
v -0.497261 -0.104528 -0.861282
v -0.493845 -0.156434 -0.855364
v -0.489074 -0.207912 -0.847102
v -0.482963 -0.258819 -0.836518
v -0.475529 -0.309017 -0.823640
v -0.466790 -0.358368 -0.808505
v -0.456773 -0.406737 -0.791155
v -0.445504 -0.453991 -0.771635
v -0.433013 -0.500000 -0.750001
v -0.419336 -0.544639 -0.726311
v -0.404509 -0.587785 -0.700630
v -0.388573 -0.629320 -0.673029
v -0.371573 -0.669131 -0.643583
v -0.353554 -0.707107 -0.612373
v -0.334566 -0.743145 -0.579485
v -0.314661 -0.777146 -0.545009
v -0.293893 -0.809017 -0.509037
v -0.272320 -0.838671 -0.471672
v -0.250000 -0.866025 -0.433013
v -0.226995 -0.891007 -0.393168
v -0.203369 -0.913545 -0.352245
v -0.179184 -0.933580 -0.310356
v -0.154509 -0.951057 -0.267617
v -0.129410 -0.965926 -0.224144
v -0.103956 -0.978148 -0.180057
v -0.078217 -0.987688 -0.135476
v -0.052264 -0.994522 -0.090524
v -0.026168 -0.998630 -0.045324
v -0.020028 0.998630 -0.048352
v -0.040001 0.994522 -0.096572
v -0.059865 0.987688 -0.144527
v -0.079564 0.978148 -0.192086
v -0.099046 0.965926 -0.239118
v -0.118256 0.951057 -0.285495
v -0.137142 0.933580 -0.331089
v -0.155652 0.913545 -0.375776
v -0.173735 0.891007 -0.419433
v -0.191342 0.866025 -0.461940
v -0.208424 0.838671 -0.503181
v -0.224936 0.809017 -0.543043
v -0.240831 0.777146 -0.581417
v -0.256065 0.743145 -0.618197
v -0.270598 0.707107 -0.653282
v -0.284389 0.669131 -0.686577
v -0.297401 0.629320 -0.717990
v -0.309598 0.587785 -0.747435
v -0.320946 0.544639 -0.774832
v -0.331414 0.500000 -0.800104
v -0.340974 0.453991 -0.823183
v -0.349599 0.406737 -0.844007
v -0.357266 0.358368 -0.862517
v -0.363954 0.309017 -0.878663
v -0.369644 0.258819 -0.892400
v -0.374321 0.207912 -0.903692
v -0.377972 0.156434 -0.912506
v -0.380587 0.104528 -0.918819
v -0.382159 0.052336 -0.922615
v -0.382684 0.000000 -0.923881
v -0.382159 -0.052336 -0.922615
v -0.380587 -0.104528 -0.918819
v -0.377972 -0.156434 -0.912506
v -0.374321 -0.207912 -0.903692
v -0.369644 -0.258819 -0.892400
v -0.363954 -0.309017 -0.878663
v -0.357266 -0.358368 -0.862517
v -0.349599 -0.406737 -0.844007
v -0.340974 -0.453991 -0.823183
v -0.331414 -0.500000 -0.800104
v -0.320946 -0.544639 -0.774832
v -0.309598 -0.587785 -0.747435
v -0.297401 -0.629320 -0.717990
v -0.284389 -0.669131 -0.686577
v -0.270598 -0.707107 -0.653282
v -0.256065 -0.743145 -0.618197
v -0.240831 -0.777146 -0.581417
v -0.224936 -0.809017 -0.543043
v -0.208424 -0.838671 -0.503181
v -0.191342 -0.866025 -0.461940
v -0.173735 -0.891007 -0.419433
v -0.155652 -0.913545 -0.375776
v -0.137142 -0.933580 -0.331089
v -0.118256 -0.951057 -0.285495
v -0.099046 -0.965926 -0.239118
v -0.079564 -0.978148 -0.192086
v -0.059865 -0.987688 -0.144527
v -0.040001 -0.994522 -0.096572
v -0.020028 -0.998630 -0.048352
v -0.013546 0.998630 -0.050553
v -0.027054 0.994522 -0.100967
v -0.040488 0.987688 -0.151104
v -0.053812 0.978148 -0.200828
v -0.066987 0.965926 -0.250000
v -0.079980 0.951057 -0.298488
v -0.092753 0.933580 -0.346157
v -0.105271 0.913545 -0.392878
v -0.117501 0.891007 -0.438522
v -0.129410 0.866025 -0.482964
v -0.140963 0.838671 -0.526081
v -0.152130 0.809017 -0.567757
v -0.162880 0.777146 -0.607878
v -0.173184 0.743145 -0.646332
v -0.183013 0.707107 -0.683013
v -0.192340 0.669131 -0.717824
v -0.201140 0.629320 -0.750666
v -0.209389 0.587785 -0.781451
v -0.217064 0.544639 -0.810095
v -0.224144 0.500000 -0.836517
v -0.230610 0.453991 -0.860647
v -0.236443 0.406737 -0.882419
v -0.241628 0.358368 -0.901770
v -0.246152 0.309017 -0.918651
v -0.250000 0.258819 -0.933014
v -0.253163 0.207912 -0.944819
v -0.255633 0.156434 -0.954035
v -0.257401 0.104528 -0.960635
v -0.258465 0.052336 -0.964603
v -0.258819 0.000000 -0.965927
v -0.258465 -0.052336 -0.964603
v -0.257401 -0.104528 -0.960635
v -0.255633 -0.156434 -0.954035
v -0.253163 -0.207912 -0.944819
v -0.250000 -0.258819 -0.933014
v -0.246152 -0.309017 -0.918651
v -0.241628 -0.358368 -0.901770
v -0.236443 -0.406737 -0.882419
v -0.230610 -0.453991 -0.860647
v -0.224144 -0.500000 -0.836517
v -0.217064 -0.544639 -0.810095
v -0.209389 -0.587785 -0.781451
v -0.201140 -0.629320 -0.750666
v -0.192340 -0.669131 -0.717824
v -0.183013 -0.707107 -0.683013
v -0.173184 -0.743145 -0.646332
v -0.162880 -0.777146 -0.607878
v -0.152130 -0.809017 -0.567757
v -0.140963 -0.838671 -0.526081
v -0.129410 -0.866025 -0.482964
v -0.117501 -0.891007 -0.438522
v -0.105271 -0.913545 -0.392878
v -0.092753 -0.933580 -0.346157
v -0.079980 -0.951057 -0.298488
v -0.066987 -0.965926 -0.250000
v -0.053812 -0.978148 -0.200828
v -0.040488 -0.987688 -0.151104
v -0.027054 -0.994522 -0.100967
v -0.013546 -0.998630 -0.050553
v -0.006831 0.998630 -0.051888
v -0.013644 0.994522 -0.103634
v -0.020419 0.987688 -0.155096
v -0.027138 0.978148 -0.206133
v -0.033783 0.965926 -0.256605
v -0.040335 0.951057 -0.306374
v -0.046776 0.933580 -0.355302
v -0.053090 0.913545 -0.403258
v -0.059258 0.891007 -0.450107
v -0.065263 0.866025 -0.495723
v -0.071090 0.838671 -0.539980
v -0.076721 0.809017 -0.582757
v -0.082143 0.777146 -0.623938
v -0.087339 0.743145 -0.663407
v -0.092296 0.707107 -0.701058
v -0.097000 0.669131 -0.736788
v -0.101438 0.629320 -0.770498
v -0.105598 0.587785 -0.802097
v -0.109468 0.544639 -0.831497
v -0.113039 0.500000 -0.858618
v -0.116300 0.453991 -0.883385
v -0.119242 0.406737 -0.905732
v -0.121857 0.358368 -0.925594
v -0.124138 0.309017 -0.942922
v -0.126079 0.258819 -0.957664
v -0.127674 0.207912 -0.969780
v -0.128919 0.156434 -0.979240
v -0.129811 0.104528 -0.986014
v -0.130347 0.052336 -0.990088
v -0.130526 0.000000 -0.991446
v -0.130347 -0.052336 -0.990088
v -0.129811 -0.104528 -0.986014
v -0.128919 -0.156434 -0.979240
v -0.127674 -0.207912 -0.969780
v -0.126079 -0.258819 -0.957664
v -0.124138 -0.309017 -0.942922
v -0.121857 -0.358368 -0.925594
v -0.119242 -0.406737 -0.905732
v -0.116300 -0.453991 -0.883385
v -0.113039 -0.500000 -0.858618
v -0.109468 -0.544639 -0.831497
v -0.105598 -0.587785 -0.802097
v -0.101438 -0.629320 -0.770498
v -0.097000 -0.669131 -0.736788
v -0.092296 -0.707107 -0.701058
v -0.087339 -0.743145 -0.663407
v -0.082143 -0.777146 -0.623938
v -0.076721 -0.809017 -0.582757
v -0.071090 -0.838671 -0.539980
v -0.065263 -0.866025 -0.495723
v -0.059258 -0.891007 -0.450107
v -0.053090 -0.913545 -0.403258
v -0.046776 -0.933580 -0.355302
v -0.040335 -0.951057 -0.306374
v -0.033783 -0.965926 -0.256605
v -0.027138 -0.978148 -0.206133
v -0.020419 -0.987688 -0.155096
v -0.013644 -0.994522 -0.103634
v -0.006831 -0.998630 -0.051888
v 0.000000 -1.000000 0.000000
v 0.000000 0.987688 -0.156435
v 0.000000 0.951057 -0.309017
v 0.000000 0.777146 -0.629322
v 0.000000 0.587785 -0.809018
v 0.000000 0.052336 -0.998631
v 0.000000 -0.104528 -0.994523
v 0.000000 -0.406737 -0.913547
vn -0.0000 0.2077 -0.9782
vn -0.0000 0.2585 -0.9660
vn 0.1261 0.2585 -0.9577
vn 0.1277 0.2077 -0.9698
vn -0.0000 -0.9332 -0.3593
vn -0.0000 -0.9131 -0.4076
vn 0.0532 -0.9131 -0.4042
vn 0.0469 -0.9332 -0.3562
vn -0.0000 0.1563 -0.9877
vn 0.1289 0.1563 -0.9793
vn -0.0000 0.9986 -0.0534
vn -0.0000 1.0000 -0.0000
vn 0.0070 0.9986 -0.0530
vn -0.0000 -0.9507 -0.3100
vn 0.0405 -0.9507 -0.3074
vn -0.0000 0.1044 -0.9945
vn 0.1298 0.1044 -0.9860
vn -0.0000 0.9944 -0.1056
vn 0.0138 0.9944 -0.1047
vn -0.0000 -0.9657 -0.2598
vn 0.0339 -0.9657 -0.2576
vn -0.0000 0.0523 -0.9986
vn 0.1304 0.0523 -0.9901
vn -0.0000 0.9875 -0.1575
vn 0.0206 0.9875 -0.1562
vn -0.0000 -0.9779 -0.2090
vn 0.0273 -0.9779 -0.2072
vn -0.0000 -0.0000 -1.0000
vn 0.1305 -0.0000 -0.9914
vn -0.0000 0.9779 -0.2090
vn 0.0273 0.9779 -0.2072
vn -0.0000 -0.9875 -0.1575
vn 0.0206 -0.9875 -0.1562
vn -0.0000 -0.0523 -0.9986
vn 0.1303 -0.0523 -0.9901
vn -0.0000 0.9657 -0.2598
vn 0.0339 0.9657 -0.2576
vn -0.0000 -0.9944 -0.1056
vn 0.0138 -0.9944 -0.1047
vn -0.0000 -0.1044 -0.9945
vn 0.1298 -0.1044 -0.9860
vn -0.0000 0.9507 -0.3100
vn 0.0405 0.9507 -0.3074
vn -0.0000 -0.9986 -0.0534
vn 0.0070 -0.9986 -0.0530
vn -0.0000 -0.1563 -0.9877
vn 0.1289 -0.1563 -0.9793
vn -0.0000 0.9332 -0.3593
vn 0.0469 0.9332 -0.3562
vn -0.0000 -1.0000 -0.0000
vn -0.0000 -0.2077 -0.9782
vn 0.1277 -0.2077 -0.9698
vn -0.0000 0.9131 -0.4076
vn 0.0532 0.9131 -0.4042
vn -0.0000 -0.2585 -0.9660
vn 0.1261 -0.2585 -0.9577
vn -0.0000 0.8906 -0.4549
vn 0.0594 0.8906 -0.4510
vn -0.0000 -0.3087 -0.9512
vn 0.1242 -0.3087 -0.9430
vn -0.0000 0.8656 -0.5008
vn 0.0654 0.8656 -0.4965
vn -0.0000 -0.3580 -0.9337
vn 0.1219 -0.3580 -0.9257
vn -0.0000 0.8382 -0.5454
vn 0.0712 0.8382 -0.5407
vn -0.0000 -0.4063 -0.9137
vn 0.1193 -0.4063 -0.9059
vn -0.0000 0.8085 -0.5885
vn 0.0768 0.8085 -0.5835
vn -0.0000 -0.4536 -0.8912
vn 0.1163 -0.4536 -0.8836
vn -0.0000 0.7766 -0.6300
vn 0.0822 0.7766 -0.6246
vn -0.0000 -0.4995 -0.8663
vn 0.1131 -0.4995 -0.8589
vn -0.0000 0.7426 -0.6697
vn 0.0874 0.7426 -0.6640
vn -0.0000 -0.5441 -0.8390
vn 0.1095 -0.5441 -0.8318
vn -0.0000 0.7066 -0.7077
vn 0.0924 0.7066 -0.7016
vn -0.0000 -0.5873 -0.8094
vn 0.1056 -0.5873 -0.8025
vn -0.0000 0.6686 -0.7436
vn 0.0971 0.6686 -0.7373
vn -0.0000 -0.6288 -0.7776
vn 0.1015 -0.6288 -0.7709
vn -0.0000 0.6288 -0.7776
vn 0.1015 0.6288 -0.7709
vn -0.0000 -0.6686 -0.7436
vn 0.0971 -0.6686 -0.7373
vn -0.0000 0.5873 -0.8094
vn 0.1056 0.5873 -0.8025
vn -0.0000 -0.7066 -0.7077
vn 0.0924 -0.7066 -0.7016
vn -0.0000 0.5441 -0.8390
vn 0.1095 0.5441 -0.8318
vn -0.0000 -0.7426 -0.6697
vn 0.0874 -0.7426 -0.6640
vn -0.0000 0.4995 -0.8663
vn 0.1131 0.4995 -0.8589
vn -0.0000 -0.7766 -0.6300
vn 0.0822 -0.7766 -0.6246
vn -0.0000 0.4536 -0.8912
vn 0.1163 0.4536 -0.8836
vn -0.0000 -0.8085 -0.5885
vn 0.0768 -0.8085 -0.5835
vn -0.0000 0.4063 -0.9137
vn 0.1193 0.4063 -0.9059
vn -0.0000 -0.8382 -0.5454
vn 0.0712 -0.8382 -0.5407
vn -0.0000 0.3580 -0.9337
vn 0.1219 0.3580 -0.9257
vn -0.0000 -0.8656 -0.5008
vn 0.0654 -0.8656 -0.4965
vn -0.0000 0.3087 -0.9512
vn 0.1242 0.3087 -0.9430
vn -0.0000 -0.8906 -0.4549
vn 0.0594 -0.8906 -0.4510
vn 0.1925 -0.6686 -0.7183
vn 0.1832 -0.7066 -0.6835
vn 0.2095 0.5873 -0.7818
vn 0.2171 0.5441 -0.8104
vn 0.1733 -0.7426 -0.6469
vn 0.2242 0.4995 -0.8368
vn 0.1631 -0.7766 -0.6085
vn 0.2307 0.4536 -0.8609
vn 0.1523 -0.8085 -0.5684
vn 0.2365 0.4063 -0.8826
vn 0.1412 -0.8382 -0.5268
vn 0.2417 0.3580 -0.9019
vn 0.1296 -0.8656 -0.4838
vn 0.2462 0.3087 -0.9188
vn 0.1177 -0.8906 -0.4394
vn 0.2500 0.2585 -0.9331
vn 0.1055 -0.9131 -0.3938
vn 0.2532 0.2077 -0.9449
vn 0.0930 -0.9332 -0.3471
vn 0.2556 0.1563 -0.9541
vn 0.0138 0.9986 -0.0516
vn 0.0802 -0.9507 -0.2994
vn 0.2574 0.1044 -0.9606
vn 0.0273 0.9944 -0.1020
vn 0.0673 -0.9657 -0.2510
vn 0.2585 0.0523 -0.9646
vn 0.0408 0.9875 -0.1521
vn 0.0541 -0.9779 -0.2018
vn 0.2588 -0.0000 -0.9659
vn 0.0541 0.9779 -0.2018
vn 0.0408 -0.9875 -0.1521
vn 0.2585 -0.0523 -0.9646
vn 0.0673 0.9657 -0.2510
vn 0.0273 -0.9944 -0.1020
vn 0.2574 -0.1044 -0.9606
vn 0.0802 0.9507 -0.2994
vn 0.0138 -0.9986 -0.0516
vn 0.2556 -0.1563 -0.9541
vn 0.0930 0.9332 -0.3471
vn 0.2532 -0.2077 -0.9449
vn 0.1055 0.9131 -0.3938
vn 0.2500 -0.2585 -0.9331
vn 0.1177 0.8906 -0.4394
vn 0.2462 -0.3087 -0.9188
vn 0.1296 0.8656 -0.4838
vn 0.2417 -0.3580 -0.9019
vn 0.1412 0.8382 -0.5268
vn 0.2365 -0.4063 -0.8826
vn 0.1523 0.8085 -0.5684
vn 0.2307 -0.4536 -0.8609
vn 0.1631 0.7766 -0.6085
vn 0.2242 -0.4995 -0.8368
vn 0.1733 0.7426 -0.6469
vn 0.2171 -0.5441 -0.8104
vn 0.1832 0.7066 -0.6835
vn 0.2095 -0.5873 -0.7818
vn 0.1925 0.6686 -0.7183
vn 0.2013 -0.6288 -0.7511
vn 0.2013 0.6288 -0.7511
vn 0.1186 -0.9507 -0.2864
vn 0.0994 -0.9657 -0.2401
vn 0.3806 0.1044 -0.9188
vn 0.3822 0.0523 -0.9226
vn 0.0404 0.9944 -0.0976
vn 0.0603 0.9875 -0.1455
vn 0.0800 -0.9779 -0.1930
vn 0.3827 -0.0000 -0.9239
vn 0.0800 0.9779 -0.1930
vn 0.0603 -0.9875 -0.1455
vn 0.3822 -0.0523 -0.9226
vn 0.0994 0.9657 -0.2401
vn 0.0404 -0.9944 -0.0976
vn 0.3806 -0.1044 -0.9188
vn 0.1186 0.9507 -0.2864
vn 0.0204 -0.9986 -0.0494
vn 0.3780 -0.1563 -0.9125
vn 0.1375 0.9332 -0.3320
vn 0.3743 -0.2077 -0.9037
vn 0.1560 0.9131 -0.3766
vn 0.3697 -0.2585 -0.8925
vn 0.1741 0.8906 -0.4202
vn 0.3640 -0.3087 -0.8788
vn 0.1917 0.8656 -0.4627
vn 0.3573 -0.3580 -0.8626
vn 0.2087 0.8382 -0.5039
vn 0.3497 -0.4063 -0.8442
vn 0.2252 0.8085 -0.5437
vn 0.3411 -0.4536 -0.8234
vn 0.2411 0.7766 -0.5820
vn 0.3315 -0.4995 -0.8004
vn 0.2563 0.7426 -0.6188
vn 0.3211 -0.5441 -0.7751
vn 0.2708 0.7066 -0.6538
vn 0.3097 -0.5873 -0.7478
vn 0.2846 0.6686 -0.6870
vn 0.2976 -0.6288 -0.7184
vn 0.2976 0.6288 -0.7184
vn 0.2846 -0.6686 -0.6870
vn 0.3097 0.5873 -0.7478
vn 0.2708 -0.7066 -0.6538
vn 0.3211 0.5441 -0.7751
vn 0.2563 -0.7426 -0.6188
vn 0.3315 0.4995 -0.8004
vn 0.2411 -0.7766 -0.5820
vn 0.3411 0.4535 -0.8234
vn 0.2252 -0.8085 -0.5437
vn 0.3497 0.4063 -0.8442
vn 0.2087 -0.8382 -0.5039
vn 0.3573 0.3580 -0.8626
vn 0.1917 -0.8656 -0.4627
vn 0.3640 0.3087 -0.8788
vn 0.1741 -0.8906 -0.4202
vn 0.3697 0.2585 -0.8925
vn 0.1560 -0.9131 -0.3766
vn 0.3743 0.2077 -0.9037
vn 0.1375 -0.9332 -0.3320
vn 0.3780 0.1563 -0.9125
vn 0.0204 0.9986 -0.0494
vn 0.4569 -0.4063 -0.7913
vn 0.4456 -0.4536 -0.7718
vn 0.2942 0.8085 -0.5097
vn 0.3150 0.7766 -0.5456
vn 0.4331 -0.4995 -0.7502
vn 0.3349 0.7426 -0.5800
vn 0.4195 -0.5441 -0.7266
vn 0.3538 0.7066 -0.6128
vn 0.4047 -0.5873 -0.7010
vn 0.3718 0.6686 -0.6440
vn 0.3888 -0.6288 -0.6734
vn 0.3888 0.6288 -0.6734
vn 0.3718 -0.6686 -0.6440
vn 0.4047 0.5873 -0.7010
vn 0.3538 -0.7066 -0.6128
vn 0.4195 0.5441 -0.7266
vn 0.3349 -0.7426 -0.5800
vn 0.4331 0.4995 -0.7502
vn 0.3150 -0.7766 -0.5456
vn 0.4456 0.4536 -0.7718
vn 0.2942 -0.8085 -0.5097
vn 0.4569 0.4063 -0.7913
vn 0.2727 -0.8382 -0.4723
vn 0.4669 0.3580 -0.8086
vn 0.2504 -0.8656 -0.4337
vn 0.4756 0.3087 -0.8237
vn 0.2274 -0.8906 -0.3939
vn 0.4830 0.2585 -0.8366
vn 0.2038 -0.9131 -0.3530
vn 0.4891 0.2077 -0.8471
vn 0.1797 -0.9332 -0.3112
vn 0.4939 0.1563 -0.8554
vn 0.0267 0.9986 -0.0463
vn 0.1550 -0.9507 -0.2685
vn 0.4973 0.1044 -0.8613
vn 0.0528 0.9944 -0.0915
vn 0.1299 -0.9657 -0.2250
vn 0.4993 0.0523 -0.8648
vn 0.0787 0.9875 -0.1364
vn 0.1045 -0.9779 -0.1810
vn 0.5000 -0.0000 -0.8660
vn 0.1045 0.9779 -0.1810
vn 0.0788 -0.9875 -0.1364
vn 0.4993 -0.0523 -0.8648
vn 0.1299 0.9657 -0.2250
vn 0.0528 -0.9944 -0.0915
vn 0.4973 -0.1044 -0.8613
vn 0.1550 0.9507 -0.2685
vn 0.0267 -0.9986 -0.0463
vn 0.4939 -0.1563 -0.8554
vn 0.1797 0.9332 -0.3112
vn 0.4891 -0.2077 -0.8471
vn 0.2038 0.9131 -0.3530
vn 0.4830 -0.2585 -0.8366
vn 0.2274 0.8906 -0.3939
vn 0.4756 -0.3087 -0.8237
vn 0.2504 0.8656 -0.4337
vn 0.4669 -0.3580 -0.8086
vn 0.2727 0.8382 -0.4723
vn 0.3583 -0.8085 -0.4669
vn 0.3320 -0.8382 -0.4327
vn 0.5562 0.4063 -0.7249
vn 0.5684 0.3580 -0.7408
vn 0.3049 -0.8656 -0.3973
vn 0.5790 0.3087 -0.7546
vn 0.2769 -0.8906 -0.3609
vn 0.5881 0.2585 -0.7664
vn 0.2482 -0.9131 -0.3234
vn 0.5955 0.2077 -0.7761
vn 0.2187 -0.9332 -0.2851
vn 0.6013 0.1563 -0.7836
vn 0.0325 0.9986 -0.0424
vn 0.1887 -0.9507 -0.2459
vn 0.6054 0.1044 -0.7890
vn 0.0643 0.9944 -0.0838
vn 0.1582 -0.9657 -0.2061
vn 0.6079 0.0523 -0.7923
vn 0.0959 0.9875 -0.1250
vn 0.1272 -0.9779 -0.1658
vn 0.6088 -0.0000 -0.7934
vn 0.1272 0.9779 -0.1658
vn 0.0959 -0.9875 -0.1250
vn 0.6079 -0.0523 -0.7923
vn 0.1582 0.9657 -0.2061
vn 0.0643 -0.9944 -0.0838
vn 0.6054 -0.1044 -0.7890
vn 0.1887 0.9507 -0.2459
vn 0.0325 -0.9986 -0.0424
vn 0.6013 -0.1563 -0.7836
vn 0.2187 0.9332 -0.2851
vn 0.5955 -0.2077 -0.7761
vn 0.2482 0.9131 -0.3234
vn 0.5881 -0.2585 -0.7664
vn 0.2769 0.8906 -0.3609
vn 0.5790 -0.3087 -0.7546
vn 0.3049 0.8656 -0.3973
vn 0.5684 -0.3580 -0.7408
vn 0.3320 0.8382 -0.4327
vn 0.5562 -0.4063 -0.7249
vn 0.3583 0.8085 -0.4669
vn 0.5425 -0.4536 -0.7071
vn 0.3835 0.7766 -0.4998
vn 0.5274 -0.4995 -0.6873
vn 0.4077 0.7426 -0.5313
vn 0.5107 -0.5441 -0.6656
vn 0.4308 0.7066 -0.5614
vn 0.4927 -0.5873 -0.6421
vn 0.4527 0.6686 -0.5900
vn 0.4734 -0.6288 -0.6169
vn 0.4734 0.6288 -0.6169
vn 0.4527 -0.6686 -0.5900
vn 0.4927 0.5873 -0.6421
vn 0.4308 -0.7066 -0.5614
vn 0.5107 0.5441 -0.6656
vn 0.4077 -0.7426 -0.5313
vn 0.5274 0.4995 -0.6873
vn 0.3835 -0.7766 -0.4998
vn 0.5425 0.4536 -0.7071
vn 0.1837 0.9657 -0.1837
vn 0.2192 0.9507 -0.2192
vn 0.0747 -0.9944 -0.0747
vn 0.0378 -0.9986 -0.0378
vn 0.7032 -0.1044 -0.7032
vn 0.6984 -0.1563 -0.6984
vn 0.2541 0.9332 -0.2541
vn 0.6917 -0.2077 -0.6917
vn 0.2882 0.9131 -0.2882
vn 0.6831 -0.2585 -0.6831
vn 0.3216 0.8906 -0.3216
vn 0.6726 -0.3087 -0.6726
vn 0.3541 0.8656 -0.3541
vn 0.6602 -0.3580 -0.6602
vn 0.3857 0.8382 -0.3857
vn 0.6461 -0.4063 -0.6461
vn 0.4161 0.8085 -0.4161
vn 0.6302 -0.4536 -0.6302
vn 0.4455 0.7766 -0.4455
vn 0.6126 -0.4995 -0.6126
vn 0.4736 0.7426 -0.4736
vn 0.5933 -0.5441 -0.5933
vn 0.5004 0.7066 -0.5004
vn 0.5723 -0.5873 -0.5723
vn 0.5258 0.6686 -0.5258
vn 0.5498 -0.6288 -0.5498
vn 0.5498 0.6288 -0.5498
vn 0.5258 -0.6686 -0.5258
vn 0.5723 0.5873 -0.5723
vn 0.5004 -0.7066 -0.5004
vn 0.5933 0.5441 -0.5933
vn 0.4736 -0.7426 -0.4736
vn 0.6126 0.4995 -0.6126
vn 0.4455 -0.7766 -0.4455
vn 0.6302 0.4535 -0.6302
vn 0.4161 -0.8085 -0.4161
vn 0.6461 0.4063 -0.6461
vn 0.3857 -0.8382 -0.3857
vn 0.6602 0.3580 -0.6602
vn 0.3541 -0.8656 -0.3541
vn 0.6726 0.3087 -0.6726
vn 0.3216 -0.8906 -0.3216
vn 0.6831 0.2585 -0.6831
vn 0.2882 -0.9131 -0.2882
vn 0.6917 0.2077 -0.6917
vn 0.2541 -0.9332 -0.2541
vn 0.6984 0.1563 -0.6984
vn 0.0378 0.9986 -0.0378
vn 0.2192 -0.9507 -0.2192
vn 0.7032 0.1044 -0.7032
vn 0.0747 0.9944 -0.0747
vn 0.1837 -0.9657 -0.1837
vn 0.7061 0.0523 -0.7061
vn 0.1114 0.9875 -0.1114
vn 0.1478 -0.9779 -0.1478
vn 0.7071 -0.0000 -0.7071
vn 0.1478 0.9779 -0.1478
vn 0.1114 -0.9875 -0.1114
vn 0.7061 -0.0523 -0.7061
vn 0.5614 0.7066 -0.4308
vn 0.5900 0.6686 -0.4527
vn 0.6421 -0.5873 -0.4927
vn 0.6169 -0.6288 -0.4734
vn 0.6169 0.6288 -0.4734
vn 0.5900 -0.6686 -0.4527
vn 0.6421 0.5873 -0.4927
vn 0.5614 -0.7066 -0.4308
vn 0.6656 0.5441 -0.5107
vn 0.5313 -0.7426 -0.4077
vn 0.6873 0.4995 -0.5274
vn 0.4998 -0.7766 -0.3835
vn 0.7071 0.4536 -0.5425
vn 0.4669 -0.8085 -0.3583
vn 0.7249 0.4063 -0.5562
vn 0.4327 -0.8382 -0.3320
vn 0.7408 0.3580 -0.5684
vn 0.3973 -0.8656 -0.3049
vn 0.7546 0.3087 -0.5790
vn 0.3609 -0.8906 -0.2769
vn 0.7664 0.2585 -0.5881
vn 0.3234 -0.9131 -0.2482
vn 0.7761 0.2077 -0.5955
vn 0.2851 -0.9332 -0.2187
vn 0.7836 0.1563 -0.6013
vn 0.0424 0.9986 -0.0325
vn 0.2459 -0.9507 -0.1887
vn 0.7890 0.1044 -0.6054
vn 0.0838 0.9944 -0.0643
vn 0.2061 -0.9657 -0.1582
vn 0.7923 0.0523 -0.6079
vn 0.1250 0.9875 -0.0959
vn 0.1658 -0.9779 -0.1272
vn 0.7934 -0.0000 -0.6088
vn 0.1658 0.9779 -0.1272
vn 0.1250 -0.9875 -0.0959
vn 0.7923 -0.0523 -0.6079
vn 0.2061 0.9657 -0.1582
vn 0.0838 -0.9944 -0.0643
vn 0.7890 -0.1044 -0.6054
vn 0.2459 0.9507 -0.1887
vn 0.0424 -0.9986 -0.0325
vn 0.7836 -0.1563 -0.6013
vn 0.2851 0.9332 -0.2187
vn 0.7761 -0.2077 -0.5955
vn 0.3234 0.9131 -0.2482
vn 0.7664 -0.2585 -0.5881
vn 0.3609 0.8906 -0.2769
vn 0.7546 -0.3087 -0.5790
vn 0.3973 0.8656 -0.3049
vn 0.7408 -0.3580 -0.5684
vn 0.4327 0.8382 -0.3320
vn 0.7249 -0.4063 -0.5562
vn 0.4669 0.8085 -0.3583
vn 0.7071 -0.4536 -0.5425
vn 0.4998 0.7766 -0.3835
vn 0.6873 -0.4995 -0.5274
vn 0.5313 0.7426 -0.4077
vn 0.6656 -0.5441 -0.5107
vn 0.8366 0.2585 -0.4830
vn 0.8471 0.2077 -0.4891
vn 0.3530 -0.9131 -0.2038
vn 0.3112 -0.9332 -0.1797
vn 0.8554 0.1563 -0.4939
vn 0.0463 0.9986 -0.0267
vn 0.2685 -0.9507 -0.1550
vn 0.8613 0.1044 -0.4973
vn 0.0915 0.9944 -0.0528
vn 0.2250 -0.9657 -0.1299
vn 0.8648 0.0523 -0.4993
vn 0.1364 0.9875 -0.0787
vn 0.1810 -0.9779 -0.1045
vn 0.8660 -0.0000 -0.5000
vn 0.1810 0.9779 -0.1045
vn 0.1364 -0.9875 -0.0787
vn 0.8648 -0.0523 -0.4993
vn 0.2250 0.9657 -0.1299
vn 0.0915 -0.9944 -0.0528
vn 0.8613 -0.1044 -0.4973
vn 0.2685 0.9507 -0.1550
vn 0.0463 -0.9986 -0.0267
vn 0.8554 -0.1563 -0.4939
vn 0.3112 0.9332 -0.1797
vn 0.8471 -0.2077 -0.4891
vn 0.3530 0.9131 -0.2038
vn 0.8366 -0.2585 -0.4830
vn 0.3939 0.8906 -0.2274
vn 0.8237 -0.3087 -0.4756
vn 0.4337 0.8656 -0.2504
vn 0.8086 -0.3580 -0.4669
vn 0.4723 0.8382 -0.2727
vn 0.7913 -0.4063 -0.4569
vn 0.5097 0.8085 -0.2942
vn 0.7718 -0.4536 -0.4456
vn 0.5456 0.7766 -0.3150
vn 0.7502 -0.4995 -0.4331
vn 0.5800 0.7426 -0.3349
vn 0.7266 -0.5441 -0.4195
vn 0.6128 0.7066 -0.3538
vn 0.7010 -0.5873 -0.4047
vn 0.6440 0.6686 -0.3718
vn 0.6734 -0.6288 -0.3888
vn 0.6734 0.6288 -0.3888
vn 0.6440 -0.6686 -0.3718
vn 0.7010 0.5873 -0.4047
vn 0.6128 -0.7066 -0.3538
vn 0.7266 0.5441 -0.4195
vn 0.5800 -0.7426 -0.3349
vn 0.7502 0.4995 -0.4331
vn 0.5456 -0.7766 -0.3150
vn 0.7718 0.4536 -0.4456
vn 0.5097 -0.8085 -0.2942
vn 0.7913 0.4063 -0.4569
vn 0.4723 -0.8382 -0.2727
vn 0.8086 0.3580 -0.4669
vn 0.4337 -0.8656 -0.2504
vn 0.8237 0.3087 -0.4756
vn 0.3939 -0.8906 -0.2274
vn 0.8925 -0.2585 -0.3697
vn 0.8788 -0.3087 -0.3640
vn 0.4202 0.8906 -0.1741
vn 0.4627 0.8656 -0.1917
vn 0.8626 -0.3580 -0.3573
vn 0.5039 0.8382 -0.2087
vn 0.8442 -0.4063 -0.3497
vn 0.5437 0.8085 -0.2252
vn 0.8234 -0.4536 -0.3411
vn 0.5820 0.7766 -0.2411
vn 0.8004 -0.4995 -0.3315
vn 0.6188 0.7426 -0.2563
vn 0.7751 -0.5441 -0.3211
vn 0.6538 0.7066 -0.2708
vn 0.7478 -0.5873 -0.3097
vn 0.6870 0.6686 -0.2846
vn 0.7184 -0.6288 -0.2976
vn 0.7184 0.6288 -0.2976
vn 0.6870 -0.6686 -0.2846
vn 0.7478 0.5873 -0.3097
vn 0.6538 -0.7066 -0.2708
vn 0.7751 0.5441 -0.3211
vn 0.6188 -0.7426 -0.2563
vn 0.8004 0.4995 -0.3315
vn 0.5820 -0.7766 -0.2411
vn 0.8234 0.4536 -0.3411
vn 0.5437 -0.8085 -0.2252
vn 0.8442 0.4063 -0.3497
vn 0.5039 -0.8382 -0.2087
vn 0.8626 0.3580 -0.3573
vn 0.4627 -0.8656 -0.1917
vn 0.8788 0.3087 -0.3640
vn 0.4202 -0.8906 -0.1741
vn 0.8925 0.2585 -0.3697
vn 0.3766 -0.9131 -0.1560
vn 0.9037 0.2077 -0.3743
vn 0.3320 -0.9332 -0.1375
vn 0.9125 0.1563 -0.3780
vn 0.0494 0.9986 -0.0204
vn 0.2864 -0.9507 -0.1186
vn 0.9188 0.1044 -0.3806
vn 0.0976 0.9944 -0.0404
vn 0.2401 -0.9657 -0.0994
vn 0.9226 0.0523 -0.3822
vn 0.1455 0.9875 -0.0603
vn 0.1930 -0.9779 -0.0800
vn 0.9239 -0.0000 -0.3827
vn 0.1930 0.9779 -0.0800
vn 0.1455 -0.9875 -0.0603
vn 0.9226 -0.0523 -0.3822
vn 0.2401 0.9657 -0.0994
vn 0.0976 -0.9944 -0.0404
vn 0.9188 -0.1044 -0.3806
vn 0.2864 0.9507 -0.1186
vn 0.0494 -0.9986 -0.0204
vn 0.9125 -0.1563 -0.3780
vn 0.3320 0.9332 -0.1375
vn 0.9037 -0.2077 -0.3743
vn 0.3766 0.9131 -0.1560
vn 0.6835 -0.7066 -0.1832
vn 0.6469 -0.7426 -0.1733
vn 0.8104 0.5441 -0.2171
vn 0.8368 0.4995 -0.2242
vn 0.6085 -0.7766 -0.1631
vn 0.8609 0.4536 -0.2307
vn 0.5684 -0.8085 -0.1523
vn 0.8826 0.4063 -0.2365
vn 0.5268 -0.8382 -0.1412
vn 0.9019 0.3580 -0.2417
vn 0.4838 -0.8656 -0.1296
vn 0.9188 0.3087 -0.2462
vn 0.4394 -0.8906 -0.1177
vn 0.9331 0.2585 -0.2500
vn 0.3938 -0.9131 -0.1055
vn 0.9449 0.2077 -0.2532
vn 0.3471 -0.9332 -0.0930
vn 0.9541 0.1563 -0.2556
vn 0.0516 0.9986 -0.0138
vn 0.2994 -0.9507 -0.0802
vn 0.9606 0.1044 -0.2574
vn 0.1020 0.9944 -0.0273
vn 0.2510 -0.9657 -0.0673
vn 0.9646 0.0523 -0.2585
vn 0.1521 0.9875 -0.0408
vn 0.2018 -0.9779 -0.0541
vn 0.9659 -0.0000 -0.2588
vn 0.2018 0.9779 -0.0541
vn 0.1521 -0.9875 -0.0408
vn 0.9646 -0.0523 -0.2585
vn 0.2510 0.9657 -0.0673
vn 0.1020 -0.9944 -0.0273
vn 0.9606 -0.1044 -0.2574
vn 0.2994 0.9507 -0.0802
vn 0.0516 -0.9986 -0.0138
vn 0.9541 -0.1563 -0.2556
vn 0.3471 0.9332 -0.0930
vn 0.9449 -0.2077 -0.2532
vn 0.3938 0.9131 -0.1055
vn 0.9331 -0.2585 -0.2500
vn 0.4394 0.8906 -0.1177
vn 0.9188 -0.3087 -0.2462
vn 0.4838 0.8656 -0.1296
vn 0.9019 -0.3580 -0.2417
vn 0.5268 0.8382 -0.1412
vn 0.8826 -0.4063 -0.2365
vn 0.5684 0.8085 -0.1523
vn 0.8609 -0.4536 -0.2307
vn 0.6085 0.7766 -0.1631
vn 0.8368 -0.4995 -0.2242
vn 0.6469 0.7426 -0.1733
vn 0.8104 -0.5441 -0.2171
vn 0.6835 0.7066 -0.1832
vn 0.7818 -0.5873 -0.2095
vn 0.7183 0.6686 -0.1925
vn 0.7511 -0.6288 -0.2013
vn 0.7511 0.6288 -0.2013
vn 0.7183 -0.6686 -0.1925
vn 0.7818 0.5873 -0.2095
vn 0.2576 -0.9657 -0.0339
vn 0.2072 -0.9779 -0.0273
vn 0.9901 0.0523 -0.1303
vn 0.9914 -0.0000 -0.1305
vn 0.1562 0.9875 -0.0206
vn 0.2072 0.9779 -0.0273
vn 0.1562 -0.9875 -0.0206
vn 0.9901 -0.0523 -0.1303
vn 0.2576 0.9657 -0.0339
vn 0.1047 -0.9944 -0.0138
vn 0.9860 -0.1044 -0.1298
vn 0.3074 0.9507 -0.0405
vn 0.0530 -0.9986 -0.0070
vn 0.9793 -0.1563 -0.1289
vn 0.3562 0.9332 -0.0469
vn 0.9698 -0.2077 -0.1277
vn 0.4042 0.9131 -0.0532
vn 0.9577 -0.2585 -0.1261
vn 0.4510 0.8906 -0.0594
vn 0.9430 -0.3087 -0.1242
vn 0.4965 0.8656 -0.0654
vn 0.9257 -0.3580 -0.1219
vn 0.5407 0.8382 -0.0712
vn 0.9059 -0.4063 -0.1193
vn 0.5835 0.8085 -0.0768
vn 0.8836 -0.4536 -0.1163
vn 0.6246 0.7766 -0.0822
vn 0.8589 -0.4995 -0.1131
vn 0.6640 0.7426 -0.0874
vn 0.8318 -0.5441 -0.1095
vn 0.7016 0.7066 -0.0924
vn 0.8025 -0.5873 -0.1056
vn 0.7373 0.6686 -0.0971
vn 0.7709 -0.6288 -0.1015
vn 0.7709 0.6288 -0.1015
vn 0.7373 -0.6686 -0.0971
vn 0.8025 0.5873 -0.1056
vn 0.7016 -0.7066 -0.0924
vn 0.8318 0.5441 -0.1095
vn 0.6640 -0.7426 -0.0874
vn 0.8589 0.4995 -0.1131
vn 0.6246 -0.7766 -0.0822
vn 0.8836 0.4536 -0.1163
vn 0.5835 -0.8085 -0.0768
vn 0.9059 0.4063 -0.1193
vn 0.5407 -0.8382 -0.0712
vn 0.9257 0.3580 -0.1219
vn 0.4965 -0.8656 -0.0654
vn 0.9430 0.3087 -0.1242
vn 0.4510 -0.8906 -0.0594
vn 0.9577 0.2585 -0.1261
vn 0.4042 -0.9131 -0.0532
vn 0.9698 0.2077 -0.1277
vn 0.3562 -0.9332 -0.0469
vn 0.9793 0.1563 -0.1289
vn 0.0530 0.9986 -0.0070
vn 0.3074 -0.9507 -0.0405
vn 0.9860 0.1044 -0.1298
vn 0.1047 0.9944 -0.0138
vn 0.8912 -0.4536 -0.0000
vn 0.8663 -0.4995 -0.0000
vn 0.6300 0.7766 -0.0000
vn 0.6697 0.7426 -0.0000
vn 0.8390 -0.5441 -0.0000
vn 0.7077 0.7066 -0.0000
vn 0.8094 -0.5873 -0.0000
vn 0.7436 0.6686 -0.0000
vn 0.7776 -0.6288 -0.0000
vn 0.7776 0.6288 -0.0000
vn 0.7436 -0.6686 -0.0000
vn 0.8094 0.5873 -0.0000
vn 0.7077 -0.7066 -0.0000
vn 0.8390 0.5441 -0.0000
vn 0.6697 -0.7426 -0.0000
vn 0.8663 0.4995 -0.0000
vn 0.6300 -0.7766 -0.0000
vn 0.8912 0.4536 -0.0000
vn 0.5885 -0.8085 -0.0000
vn 0.9137 0.4063 -0.0000
vn 0.5454 -0.8382 -0.0000
vn 0.9337 0.3580 -0.0000
vn 0.5008 -0.8656 -0.0000
vn 0.9512 0.3087 -0.0000
vn 0.4549 -0.8906 -0.0000
vn 0.9660 0.2585 -0.0000
vn 0.4076 -0.9131 -0.0000
vn 0.9782 0.2077 -0.0000
vn 0.3593 -0.9332 -0.0000
vn 0.9877 0.1563 -0.0000
vn 0.0534 0.9986 -0.0000
vn 0.3100 -0.9507 -0.0000
vn 0.9945 0.1044 -0.0000
vn 0.1056 0.9944 -0.0000
vn 0.2598 -0.9657 -0.0000
vn 0.9986 0.0523 -0.0000
vn 0.1575 0.9875 -0.0000
vn 0.2090 -0.9779 -0.0000
vn 1.0000 -0.0000 -0.0000
vn 0.2090 0.9779 -0.0000
vn 0.1575 -0.9875 -0.0000
vn 0.9986 -0.0523 -0.0000
vn 0.2598 0.9657 -0.0000
vn 0.1056 -0.9944 -0.0000
vn 0.9945 -0.1044 -0.0000
vn 0.3100 0.9507 -0.0000
vn 0.0534 -0.9986 -0.0000
vn 0.9877 -0.1563 -0.0000
vn 0.3593 0.9332 -0.0000
vn 0.9782 -0.2077 -0.0000
vn 0.4076 0.9131 -0.0000
vn 0.9660 -0.2585 -0.0000
vn 0.4549 0.8906 -0.0000
vn 0.9512 -0.3087 -0.0000
vn 0.5008 0.8656 -0.0000
vn 0.9337 -0.3580 -0.0000
vn 0.5454 0.8382 -0.0000
vn 0.9137 -0.4063 -0.0000
vn 0.5885 0.8085 -0.0000
vn 0.5407 -0.8382 0.0712
vn 0.4965 -0.8656 0.0654
vn 0.9257 0.3580 0.1219
vn 0.9430 0.3087 0.1242
vn 0.4510 -0.8906 0.0594
vn 0.9577 0.2585 0.1261
vn 0.4042 -0.9131 0.0532
vn 0.9698 0.2077 0.1277
vn 0.3562 -0.9332 0.0469
vn 0.9793 0.1563 0.1289
vn 0.0530 0.9986 0.0070
vn 0.3074 -0.9507 0.0405
vn 0.9860 0.1044 0.1298
vn 0.1047 0.9944 0.0138
vn 0.2576 -0.9657 0.0339
vn 0.9901 0.0523 0.1303
vn 0.1562 0.9875 0.0206
vn 0.2072 -0.9779 0.0273
vn 0.9914 -0.0000 0.1305
vn 0.2072 0.9779 0.0273
vn 0.1562 -0.9875 0.0206
vn 0.9901 -0.0523 0.1303
vn 0.2576 0.9657 0.0339
vn 0.1047 -0.9944 0.0138
vn 0.9860 -0.1044 0.1298
vn 0.3074 0.9507 0.0405
vn 0.0530 -0.9986 0.0070
vn 0.9793 -0.1563 0.1289
vn 0.3562 0.9332 0.0469
vn 0.9698 -0.2077 0.1277
vn 0.4042 0.9131 0.0532
vn 0.9577 -0.2585 0.1261
vn 0.4510 0.8906 0.0594
vn 0.9430 -0.3087 0.1242
vn 0.4965 0.8656 0.0654
vn 0.9257 -0.3580 0.1219
vn 0.5407 0.8382 0.0712
vn 0.9059 -0.4063 0.1193
vn 0.5835 0.8085 0.0768
vn 0.8836 -0.4536 0.1163
vn 0.6246 0.7766 0.0822
vn 0.8589 -0.4995 0.1131
vn 0.6640 0.7426 0.0874
vn 0.8318 -0.5441 0.1095
vn 0.7016 0.7066 0.0924
vn 0.8025 -0.5873 0.1056
vn 0.7373 0.6686 0.0971
vn 0.7709 -0.6288 0.1015
vn 0.7709 0.6288 0.1015
vn 0.7373 -0.6686 0.0971
vn 0.8025 0.5873 0.1056
vn 0.7016 -0.7066 0.0924
vn 0.8318 0.5441 0.1095
vn 0.6640 -0.7426 0.0874
vn 0.8589 0.4995 0.1131
vn 0.6246 -0.7766 0.0822
vn 0.8836 0.4536 0.1163
vn 0.5835 -0.8085 0.0768
vn 0.9059 0.4063 0.1193
vn 0.0516 -0.9986 0.0138
vn 0.9541 -0.1563 0.2556
vn 0.9449 -0.2077 0.2532
vn 0.3471 0.9332 0.0930
vn 0.3938 0.9131 0.1055
vn 0.9331 -0.2585 0.2500
vn 0.4394 0.8906 0.1177
vn 0.9188 -0.3087 0.2462
vn 0.4838 0.8656 0.1296
vn 0.9019 -0.3580 0.2417
vn 0.5268 0.8382 0.1412
vn 0.8826 -0.4063 0.2365
vn 0.5684 0.8085 0.1523
vn 0.8609 -0.4536 0.2307
vn 0.6085 0.7766 0.1631
vn 0.8368 -0.4995 0.2242
vn 0.6469 0.7426 0.1733
vn 0.8104 -0.5441 0.2171
vn 0.6835 0.7066 0.1832
vn 0.7818 -0.5873 0.2095
vn 0.7183 0.6686 0.1925
vn 0.7511 -0.6288 0.2013
vn 0.7511 0.6288 0.2013
vn 0.7183 -0.6686 0.1925
vn 0.7818 0.5873 0.2095
vn 0.6835 -0.7066 0.1832
vn 0.8104 0.5441 0.2171
vn 0.6469 -0.7426 0.1733
vn 0.8368 0.4995 0.2242
vn 0.6085 -0.7766 0.1631
vn 0.8609 0.4536 0.2307
vn 0.5684 -0.8085 0.1523
vn 0.8826 0.4063 0.2365
vn 0.5268 -0.8382 0.1412
vn 0.9019 0.3580 0.2417
vn 0.4838 -0.8656 0.1296
vn 0.9188 0.3087 0.2462
vn 0.4394 -0.8906 0.1177
vn 0.9331 0.2585 0.2500
vn 0.3938 -0.9131 0.1055
vn 0.9449 0.2077 0.2532
vn 0.3471 -0.9332 0.0930
vn 0.9541 0.1563 0.2556
vn 0.0516 0.9986 0.0138
vn 0.2994 -0.9507 0.0802
vn 0.9606 0.1044 0.2574
vn 0.1020 0.9944 0.0273
vn 0.2510 -0.9657 0.0673
vn 0.9646 0.0523 0.2585
vn 0.1521 0.9875 0.0408
vn 0.2018 -0.9779 0.0541
vn 0.9659 -0.0000 0.2588
vn 0.2018 0.9779 0.0541
vn 0.1521 -0.9875 0.0408
vn 0.9646 -0.0523 0.2585
vn 0.2510 0.9657 0.0673
vn 0.1020 -0.9944 0.0273
vn 0.9606 -0.1044 0.2574
vn 0.2994 0.9507 0.0802
vn 0.9037 -0.2077 0.3743
vn 0.8925 -0.2585 0.3697
vn 0.3766 0.9131 0.1560
vn 0.4202 0.8906 0.1741
vn 0.8788 -0.3087 0.3640
vn 0.4627 0.8656 0.1917
vn 0.8626 -0.3580 0.3573
vn 0.5039 0.8382 0.2087
vn 0.8442 -0.4063 0.3497
vn 0.5437 0.8085 0.2252
vn 0.8234 -0.4536 0.3411
vn 0.5820 0.7766 0.2411
vn 0.8004 -0.4995 0.3315
vn 0.6188 0.7426 0.2563
vn 0.7751 -0.5441 0.3211
vn 0.6538 0.7066 0.2708
vn 0.7478 -0.5873 0.3097
vn 0.6870 0.6686 0.2846
vn 0.7184 -0.6288 0.2976
vn 0.7184 0.6288 0.2976
vn 0.6870 -0.6686 0.2846
vn 0.7478 0.5873 0.3097
vn 0.0494 0.9986 0.0204
vn 0.6538 -0.7066 0.2708
vn 0.7751 0.5441 0.3211
vn 0.0976 0.9944 0.0404
vn 0.6188 -0.7426 0.2563
vn 0.8004 0.4995 0.3315
vn 0.1455 0.9875 0.0603
vn 0.5820 -0.7766 0.2411
vn 0.8234 0.4536 0.3411
vn 0.1930 0.9779 0.0800
vn 0.5437 -0.8085 0.2252
vn 0.8442 0.4063 0.3497
vn 0.2401 0.9657 0.0994
vn 0.5039 -0.8382 0.2087
vn 0.8626 0.3580 0.3573
vn 0.4627 -0.8656 0.1917
vn 0.8788 0.3087 0.3640
vn 0.4202 -0.8906 0.1741
vn 0.8925 0.2585 0.3697
vn 0.3766 -0.9131 0.1560
vn 0.9037 0.2077 0.3743
vn 0.3320 -0.9332 0.1375
vn 0.9125 0.1563 0.3780
vn 0.2864 -0.9507 0.1186
vn 0.9188 0.1044 0.3806
vn 0.2401 -0.9657 0.0994
vn 0.9226 0.0523 0.3822
vn 0.1930 -0.9779 0.0800
vn 0.9239 -0.0000 0.3827
vn 0.1455 -0.9875 0.0603
vn 0.9226 -0.0523 0.3822
vn 0.0976 -0.9944 0.0404
vn 0.9188 -0.1044 0.3806
vn 0.2864 0.9507 0.1186
vn 0.0494 -0.9986 0.0204
vn 0.9125 -0.1563 0.3780
vn 0.3320 0.9332 0.1375
vn 0.6440 -0.6686 0.3718
vn 0.6128 -0.7066 0.3538
vn 0.7010 0.5873 0.4047
vn 0.7266 0.5441 0.4195
vn 0.5800 -0.7426 0.3349
vn 0.7502 0.4995 0.4331
vn 0.5456 -0.7766 0.3150
vn 0.7718 0.4536 0.4456
vn 0.5097 -0.8085 0.2942
vn 0.7913 0.4063 0.4569
vn 0.4723 -0.8382 0.2727
vn 0.8086 0.3580 0.4669
vn 0.4337 -0.8656 0.2504
vn 0.8237 0.3087 0.4756
vn 0.3939 -0.8906 0.2274
vn 0.8366 0.2585 0.4830
vn 0.3530 -0.9131 0.2038
vn 0.8471 0.2077 0.4891
vn 0.3112 -0.9332 0.1797
vn 0.8554 0.1563 0.4939
vn 0.0463 0.9986 0.0267
vn 0.2685 -0.9507 0.1550
vn 0.8613 0.1044 0.4973
vn 0.0915 0.9944 0.0528
vn 0.2250 -0.9657 0.1299
vn 0.8648 0.0523 0.4993
vn 0.1364 0.9875 0.0787
vn 0.1810 -0.9779 0.1045
vn 0.8660 -0.0000 0.5000
vn 0.1810 0.9779 0.1045
vn 0.1364 -0.9875 0.0787
vn 0.8648 -0.0523 0.4993
vn 0.2250 0.9657 0.1299
vn 0.0915 -0.9944 0.0528
vn 0.8613 -0.1044 0.4973
vn 0.2685 0.9507 0.1550
vn 0.0463 -0.9986 0.0267
vn 0.8554 -0.1563 0.4939
vn 0.3112 0.9332 0.1797
vn 0.8471 -0.2077 0.4891
vn 0.3530 0.9131 0.2038
vn 0.8366 -0.2585 0.4830
vn 0.3939 0.8906 0.2274
vn 0.8237 -0.3087 0.4756
vn 0.4337 0.8656 0.2504
vn 0.8086 -0.3580 0.4669
vn 0.4723 0.8382 0.2727
vn 0.7913 -0.4063 0.4569
vn 0.5097 0.8085 0.2942
vn 0.7718 -0.4536 0.4456
vn 0.5456 0.7766 0.3150
vn 0.7502 -0.4995 0.4331
vn 0.5800 0.7426 0.3349
vn 0.7266 -0.5441 0.4195
vn 0.6128 0.7066 0.3538
vn 0.7010 -0.5873 0.4047
vn 0.6440 0.6686 0.3718
vn 0.6734 -0.6288 0.3888
vn 0.6734 0.6288 0.3888
vn 0.2459 -0.9507 0.1887
vn 0.2061 -0.9657 0.1582
vn 0.7890 0.1044 0.6054
vn 0.7923 0.0523 0.6079
vn 0.0838 0.9944 0.0643
vn 0.1250 0.9875 0.0959
vn 0.1658 -0.9779 0.1272
vn 0.7934 -0.0000 0.6088
vn 0.1658 0.9779 0.1272
vn 0.1250 -0.9875 0.0959
vn 0.7923 -0.0523 0.6079
vn 0.2061 0.9657 0.1582
vn 0.0838 -0.9944 0.0643
vn 0.7890 -0.1044 0.6054
vn 0.2459 0.9507 0.1887
vn 0.0424 -0.9986 0.0325
vn 0.7836 -0.1563 0.6013
vn 0.2851 0.9332 0.2187
vn 0.7761 -0.2077 0.5955
vn 0.3234 0.9131 0.2482
vn 0.7664 -0.2585 0.5881
vn 0.3609 0.8906 0.2769
vn 0.7546 -0.3087 0.5790
vn 0.3973 0.8656 0.3049
vn 0.7408 -0.3580 0.5684
vn 0.4327 0.8382 0.3320
vn 0.7249 -0.4063 0.5562
vn 0.4669 0.8085 0.3583
vn 0.7071 -0.4536 0.5425
vn 0.4998 0.7766 0.3835
vn 0.6873 -0.4995 0.5274
vn 0.5313 0.7426 0.4077
vn 0.6656 -0.5441 0.5107
vn 0.5614 0.7066 0.4308
vn 0.6421 -0.5873 0.4927
vn 0.5900 0.6686 0.4527
vn 0.6169 -0.6288 0.4734
vn 0.6169 0.6288 0.4734
vn 0.5900 -0.6686 0.4527
vn 0.6421 0.5873 0.4927
vn 0.5614 -0.7066 0.4308
vn 0.6656 0.5441 0.5107
vn 0.5313 -0.7426 0.4077
vn 0.6873 0.4995 0.5274
vn 0.4998 -0.7766 0.3835
vn 0.7071 0.4536 0.5425
vn 0.4669 -0.8085 0.3583
vn 0.7249 0.4063 0.5562
vn 0.4327 -0.8382 0.3320
vn 0.7408 0.3580 0.5684
vn 0.3973 -0.8656 0.3049
vn 0.7546 0.3087 0.5790
vn 0.3609 -0.8906 0.2769
vn 0.7664 0.2585 0.5881
vn 0.3234 -0.9131 0.2482
vn 0.7761 0.2077 0.5955
vn 0.2851 -0.9332 0.2187
vn 0.7836 0.1563 0.6013
vn 0.0424 0.9986 0.0325
vn 0.6461 -0.4063 0.6461
vn 0.6302 -0.4536 0.6302
vn 0.4161 0.8085 0.4161
vn 0.4455 0.7766 0.4455
vn 0.6126 -0.4995 0.6126
vn 0.4736 0.7426 0.4736
vn 0.5933 -0.5441 0.5933
vn 0.5004 0.7066 0.5004
vn 0.5723 -0.5873 0.5723
vn 0.5258 0.6686 0.5258
vn 0.5498 -0.6288 0.5498
vn 0.5498 0.6288 0.5498
vn 0.5258 -0.6686 0.5258
vn 0.5723 0.5873 0.5723
vn 0.5004 -0.7066 0.5004
vn 0.5933 0.5441 0.5933
vn 0.4736 -0.7426 0.4736
vn 0.6126 0.4995 0.6126
vn 0.4455 -0.7766 0.4455
vn 0.6302 0.4536 0.6302
vn 0.4161 -0.8085 0.4161
vn 0.6461 0.4063 0.6461
vn 0.3857 -0.8382 0.3857
vn 0.6602 0.3580 0.6602
vn 0.3541 -0.8656 0.3541
vn 0.6726 0.3087 0.6726
vn 0.3216 -0.8906 0.3216
vn 0.6831 0.2585 0.6831
vn 0.2882 -0.9131 0.2882
vn 0.6917 0.2077 0.6917
vn 0.2541 -0.9332 0.2541
vn 0.6984 0.1563 0.6984
vn 0.0378 0.9986 0.0378
vn 0.2192 -0.9507 0.2192
vn 0.7032 0.1044 0.7032
vn 0.0747 0.9944 0.0747
vn 0.1837 -0.9657 0.1837
vn 0.7061 0.0523 0.7061
vn 0.1114 0.9875 0.1114
vn 0.1478 -0.9779 0.1478
vn 0.7071 -0.0000 0.7071
vn 0.1478 0.9779 0.1478
vn 0.1114 -0.9875 0.1114
vn 0.7061 -0.0523 0.7061
vn 0.1837 0.9657 0.1837
vn 0.0747 -0.9944 0.0747
vn 0.7032 -0.1044 0.7032
vn 0.2192 0.9507 0.2192
vn 0.0378 -0.9986 0.0378
vn 0.6984 -0.1563 0.6984
vn 0.2541 0.9332 0.2541
vn 0.6917 -0.2077 0.6917
vn 0.2882 0.9131 0.2882
vn 0.6831 -0.2585 0.6831
vn 0.3216 0.8906 0.3216
vn 0.6726 -0.3087 0.6726
vn 0.3541 0.8656 0.3541
vn 0.6602 -0.3580 0.6602
vn 0.3857 0.8382 0.3857
vn 0.3583 -0.8085 0.4669
vn 0.3320 -0.8382 0.4327
vn 0.5562 0.4063 0.7249
vn 0.5684 0.3580 0.7408
vn 0.3049 -0.8656 0.3973
vn 0.5790 0.3087 0.7546
vn 0.2769 -0.8906 0.3609
vn 0.5881 0.2585 0.7664
vn 0.2482 -0.9131 0.3234
vn 0.5955 0.2077 0.7761
vn 0.2187 -0.9332 0.2851
vn 0.6013 0.1563 0.7836
vn 0.0325 0.9986 0.0424
vn 0.1887 -0.9507 0.2459
vn 0.6054 0.1044 0.7890
vn 0.0643 0.9944 0.0838
vn 0.1582 -0.9657 0.2061
vn 0.6079 0.0523 0.7923
vn 0.0959 0.9875 0.1250
vn 0.1272 -0.9779 0.1658
vn 0.6088 -0.0000 0.7934
vn 0.1272 0.9779 0.1658
vn 0.0959 -0.9875 0.1250
vn 0.6079 -0.0523 0.7923
vn 0.1582 0.9657 0.2061
vn 0.0643 -0.9944 0.0838
vn 0.6054 -0.1044 0.7890
vn 0.1887 0.9507 0.2459
vn 0.0325 -0.9986 0.0424
vn 0.6013 -0.1563 0.7836
vn 0.2187 0.9332 0.2851
vn 0.5955 -0.2077 0.7761
vn 0.2482 0.9131 0.3234
vn 0.5881 -0.2585 0.7664
vn 0.2769 0.8906 0.3609
vn 0.5790 -0.3087 0.7546
vn 0.3049 0.8656 0.3973
vn 0.5684 -0.3580 0.7408
vn 0.3320 0.8382 0.4327
vn 0.5562 -0.4063 0.7249
vn 0.3583 0.8085 0.4669
vn 0.5425 -0.4535 0.7071
vn 0.3835 0.7766 0.4998
vn 0.5274 -0.4995 0.6873
vn 0.4077 0.7426 0.5313
vn 0.5107 -0.5441 0.6656
vn 0.4308 0.7066 0.5614
vn 0.4927 -0.5873 0.6421
vn 0.4527 0.6686 0.5900
vn 0.4734 -0.6288 0.6169
vn 0.4734 0.6288 0.6169
vn 0.4527 -0.6686 0.5900
vn 0.4927 0.5873 0.6421
vn 0.4308 -0.7066 0.5614
vn 0.5107 0.5441 0.6656
vn 0.4077 -0.7426 0.5313
vn 0.5274 0.4995 0.6873
vn 0.3835 -0.7766 0.4998
vn 0.5425 0.4536 0.7071
vn 0.0528 -0.9944 0.0915
vn 0.0267 -0.9986 0.0463
vn 0.4973 -0.1044 0.8613
vn 0.4939 -0.1563 0.8554
vn 0.1550 0.9507 0.2685
vn 0.1797 0.9332 0.3112
vn 0.4891 -0.2077 0.8471
vn 0.2038 0.9131 0.3530
vn 0.4830 -0.2585 0.8366
vn 0.2274 0.8906 0.3939
vn 0.4756 -0.3087 0.8237
vn 0.2504 0.8656 0.4337
vn 0.4669 -0.3580 0.8086
vn 0.2727 0.8382 0.4723
vn 0.4569 -0.4063 0.7913
vn 0.2942 0.8085 0.5097
vn 0.4456 -0.4536 0.7718
vn 0.3150 0.7766 0.5456
vn 0.4331 -0.4995 0.7502
vn 0.3349 0.7426 0.5800
vn 0.4195 -0.5441 0.7266
vn 0.3538 0.7066 0.6128
vn 0.4047 -0.5873 0.7010
vn 0.3718 0.6686 0.6440
vn 0.3888 -0.6288 0.6734
vn 0.3888 0.6288 0.6734
vn 0.3718 -0.6686 0.6440
vn 0.4047 0.5873 0.7010
vn 0.3538 -0.7066 0.6128
vn 0.4195 0.5441 0.7266
vn 0.3349 -0.7426 0.5800
vn 0.4331 0.4995 0.7502
vn 0.3150 -0.7766 0.5456
vn 0.4456 0.4536 0.7718
vn 0.2942 -0.8085 0.5097
vn 0.4569 0.4063 0.7913
vn 0.2727 -0.8382 0.4723
vn 0.4669 0.3580 0.8086
vn 0.2504 -0.8656 0.4337
vn 0.4756 0.3087 0.8237
vn 0.2274 -0.8906 0.3939
vn 0.4830 0.2585 0.8366
vn 0.2038 -0.9131 0.3530
vn 0.4891 0.2077 0.8471
vn 0.1797 -0.9332 0.3112
vn 0.4939 0.1563 0.8554
vn 0.0267 0.9986 0.0463
vn 0.1550 -0.9507 0.2685
vn 0.4973 0.1044 0.8613
vn 0.0528 0.9944 0.0915
vn 0.1299 -0.9657 0.2250
vn 0.4993 0.0523 0.8648
vn 0.0787 0.9875 0.1364
vn 0.1045 -0.9779 0.1810
vn 0.5000 -0.0000 0.8660
vn 0.1045 0.9779 0.1810
vn 0.0787 -0.9875 0.1364
vn 0.4993 -0.0523 0.8648
vn 0.1299 0.9657 0.2250
vn 0.3097 -0.5873 0.7478
vn 0.2976 -0.6288 0.7184
vn 0.2846 0.6686 0.6870
vn 0.2976 0.6288 0.7184
vn 0.2846 -0.6686 0.6870
vn 0.3097 0.5873 0.7478
vn 0.2708 -0.7066 0.6538
vn 0.3211 0.5441 0.7751
vn 0.2563 -0.7426 0.6188
vn 0.3315 0.4995 0.8004
vn 0.2411 -0.7766 0.5820
vn 0.3411 0.4536 0.8234
vn 0.2252 -0.8085 0.5437
vn 0.3497 0.4063 0.8442
vn 0.2087 -0.8382 0.5039
vn 0.3573 0.3580 0.8626
vn 0.1917 -0.8656 0.4627
vn 0.3640 0.3087 0.8788
vn 0.1741 -0.8906 0.4202
vn 0.3697 0.2585 0.8925
vn 0.1560 -0.9131 0.3766
vn 0.3743 0.2077 0.9037
vn 0.1375 -0.9332 0.3320
vn 0.3780 0.1563 0.9125
vn 0.0204 0.9986 0.0494
vn 0.1186 -0.9507 0.2864
vn 0.3806 0.1044 0.9188
vn 0.0404 0.9944 0.0976
vn 0.0994 -0.9657 0.2401
vn 0.3822 0.0523 0.9226
vn 0.0603 0.9875 0.1455
vn 0.0800 -0.9779 0.1930
vn 0.3827 -0.0000 0.9239
vn 0.0800 0.9779 0.1930
vn 0.0603 -0.9875 0.1455
vn 0.3822 -0.0523 0.9226
vn 0.0994 0.9657 0.2401
vn 0.0404 -0.9944 0.0976
vn 0.3806 -0.1044 0.9188
vn 0.1186 0.9507 0.2864
vn 0.0204 -0.9986 0.0494
vn 0.3780 -0.1563 0.9125
vn 0.1375 0.9332 0.3320
vn 0.3743 -0.2077 0.9037
vn 0.1560 0.9131 0.3766
vn 0.3697 -0.2585 0.8925
vn 0.1741 0.8906 0.4202
vn 0.3640 -0.3087 0.8788
vn 0.1917 0.8656 0.4627
vn 0.3573 -0.3580 0.8626
vn 0.2087 0.8382 0.5039
vn 0.3497 -0.4063 0.8442
vn 0.2252 0.8085 0.5437
vn 0.3411 -0.4536 0.8234
vn 0.2411 0.7766 0.5820
vn 0.3315 -0.4995 0.8004
vn 0.2563 0.7426 0.6188
vn 0.3211 -0.5441 0.7751
vn 0.2708 0.7066 0.6538
vn 0.1055 -0.9131 0.3938
vn 0.0930 -0.9332 0.3471
vn 0.2532 0.2077 0.9449
vn 0.2556 0.1563 0.9541
vn 0.0138 0.9986 0.0516
vn 0.0802 -0.9507 0.2994
vn 0.2574 0.1044 0.9606
vn 0.0273 0.9944 0.1020
vn 0.0673 -0.9657 0.2510
vn 0.2585 0.0523 0.9646
vn 0.0408 0.9875 0.1521
vn 0.0541 -0.9779 0.2018
vn 0.2588 -0.0000 0.9659
vn 0.0541 0.9779 0.2018
vn 0.0408 -0.9875 0.1521
vn 0.2585 -0.0523 0.9646
vn 0.0673 0.9657 0.2510
vn 0.0273 -0.9944 0.1020
vn 0.2574 -0.1044 0.9606
vn 0.0802 0.9507 0.2994
vn 0.0138 -0.9986 0.0516
vn 0.2556 -0.1563 0.9541
vn 0.0930 0.9332 0.3471
vn 0.2532 -0.2077 0.9449
vn 0.1055 0.9131 0.3938
vn 0.2500 -0.2585 0.9331
vn 0.1177 0.8906 0.4394
vn 0.2462 -0.3087 0.9187
vn 0.1296 0.8656 0.4838
vn 0.2417 -0.3580 0.9019
vn 0.1412 0.8382 0.5268
vn 0.2365 -0.4063 0.8826
vn 0.1523 0.8085 0.5684
vn 0.2307 -0.4536 0.8609
vn 0.1631 0.7766 0.6085
vn 0.2242 -0.4995 0.8368
vn 0.1733 0.7426 0.6469
vn 0.2171 -0.5441 0.8104
vn 0.1832 0.7066 0.6835
vn 0.2095 -0.5873 0.7818
vn 0.1925 0.6686 0.7183
vn 0.2013 -0.6288 0.7511
vn 0.2013 0.6288 0.7511
vn 0.1925 -0.6686 0.7183
vn 0.2095 0.5873 0.7818
vn 0.1832 -0.7066 0.6835
vn 0.2171 0.5441 0.8104
vn 0.1733 -0.7426 0.6469
vn 0.2242 0.4995 0.8368
vn 0.1631 -0.7766 0.6085
vn 0.2307 0.4536 0.8609
vn 0.1523 -0.8085 0.5684
vn 0.2365 0.4063 0.8826
vn 0.1412 -0.8382 0.5268
vn 0.2417 0.3580 0.9019
vn 0.1296 -0.8656 0.4838
vn 0.2462 0.3087 0.9187
vn 0.1177 -0.8906 0.4394
vn 0.2500 0.2585 0.9331
vn 0.1242 -0.3087 0.9430
vn 0.1219 -0.3580 0.9257
vn 0.0654 0.8656 0.4965
vn 0.0712 0.8382 0.5407
vn 0.1193 -0.4063 0.9059
vn 0.0768 0.8085 0.5835
vn 0.1163 -0.4536 0.8836
vn 0.0822 0.7766 0.6246
vn 0.1131 -0.4995 0.8589
vn 0.0874 0.7426 0.6640
vn 0.1095 -0.5441 0.8318
vn 0.0924 0.7066 0.7016
vn 0.1056 -0.5873 0.8025
vn 0.0971 0.6686 0.7373
vn 0.1015 -0.6288 0.7709
vn 0.1015 0.6288 0.7709
vn 0.0971 -0.6686 0.7373
vn 0.1056 0.5873 0.8025
vn 0.0924 -0.7066 0.7016
vn 0.1095 0.5441 0.8318
vn 0.0874 -0.7426 0.6640
vn 0.1131 0.4995 0.8589
vn 0.0822 -0.7766 0.6246
vn 0.1163 0.4536 0.8836
vn 0.0768 -0.8085 0.5835
vn 0.1193 0.4063 0.9059
vn 0.0712 -0.8382 0.5407
vn 0.1219 0.3580 0.9257
vn 0.0654 -0.8656 0.4965
vn 0.1242 0.3087 0.9430
vn 0.0594 -0.8906 0.4510
vn 0.1261 0.2585 0.9577
vn 0.0532 -0.9131 0.4042
vn 0.1277 0.2077 0.9698
vn 0.0469 -0.9332 0.3562
vn 0.1289 0.1563 0.9793
vn 0.0070 0.9986 0.0530
vn 0.0405 -0.9507 0.3074
vn 0.1298 0.1044 0.9860
vn 0.0138 0.9944 0.1047
vn 0.0339 -0.9657 0.2576
vn 0.1303 0.0523 0.9901
vn 0.0206 0.9875 0.1562
vn 0.0273 -0.9779 0.2072
vn 0.1305 -0.0000 0.9914
vn 0.0273 0.9779 0.2072
vn 0.0206 -0.9875 0.1562
vn 0.1303 -0.0523 0.9901
vn 0.0339 0.9657 0.2576
vn 0.0138 -0.9944 0.1047
vn 0.1298 -0.1044 0.9860
vn 0.0405 0.9507 0.3074
vn 0.0070 -0.9986 0.0530
vn 0.1289 -0.1563 0.9793
vn 0.0469 0.9332 0.3562
vn 0.1277 -0.2077 0.9698
vn 0.0532 0.9131 0.4042
vn 0.1261 -0.2585 0.9577
vn 0.0594 0.8906 0.4510
vn -0.0000 -0.7426 0.6697
vn -0.0000 -0.7766 0.6300
vn -0.0000 0.4995 0.8663
vn -0.0000 0.4536 0.8912
vn -0.0000 -0.8085 0.5885
vn -0.0000 0.4063 0.9137
vn -0.0000 -0.8382 0.5454
vn -0.0000 0.3580 0.9337
vn -0.0000 -0.8656 0.5008
vn -0.0000 0.3087 0.9512
vn -0.0000 -0.8906 0.4549
vn -0.0000 0.2585 0.9660
vn -0.0000 -0.9131 0.4076
vn -0.0000 0.2077 0.9782
vn -0.0000 -0.9332 0.3593
vn -0.0000 0.1563 0.9877
vn -0.0000 0.9986 0.0534
vn -0.0000 -0.9507 0.3100
vn -0.0000 0.1044 0.9945
vn -0.0000 0.9944 0.1056
vn -0.0000 -0.9657 0.2598
vn -0.0000 0.0523 0.9986
vn -0.0000 0.9875 0.1575
vn -0.0000 -0.9779 0.2090
vn -0.0000 -0.0000 1.0000
vn -0.0000 0.9779 0.2090
vn -0.0000 -0.9875 0.1575
vn -0.0000 -0.0523 0.9986
vn -0.0000 0.9657 0.2598
vn -0.0000 -0.9944 0.1056
vn -0.0000 -0.1044 0.9945
vn -0.0000 0.9507 0.3100
vn -0.0000 -0.9986 0.0534
vn -0.0000 -0.1563 0.9877
vn -0.0000 0.9332 0.3593
vn -0.0000 -0.2077 0.9782
vn -0.0000 0.9131 0.4076
vn -0.0000 -0.2585 0.9660
vn -0.0000 0.8906 0.4549
vn -0.0000 -0.3087 0.9512
vn -0.0000 0.8656 0.5008
vn -0.0000 -0.3580 0.9337
vn -0.0000 0.8382 0.5454
vn -0.0000 -0.4063 0.9137
vn -0.0000 0.8085 0.5885
vn -0.0000 -0.4536 0.8912
vn -0.0000 0.7766 0.6300
vn -0.0000 -0.4995 0.8663
vn -0.0000 0.7426 0.6697
vn -0.0000 -0.5441 0.8390
vn -0.0000 0.7066 0.7077
vn -0.0000 -0.5873 0.8094
vn -0.0000 0.6686 0.7436
vn -0.0000 -0.6288 0.7776
vn -0.0000 0.6288 0.7776
vn -0.0000 -0.6686 0.7436
vn -0.0000 0.5873 0.8094
vn -0.0000 -0.7066 0.7077
vn -0.0000 0.5441 0.8390
vn -0.0206 0.9875 0.1562
vn -0.0273 0.9779 0.2072
vn -0.0273 -0.9779 0.2072
vn -0.0206 -0.9875 0.1562
vn -0.1305 -0.0000 0.9914
vn -0.1303 -0.0523 0.9901
vn -0.0339 0.9657 0.2576
vn -0.0138 -0.9944 0.1047
vn -0.1298 -0.1044 0.9860
vn -0.0405 0.9507 0.3074
vn -0.0070 -0.9986 0.0530
vn -0.1289 -0.1563 0.9793
vn -0.0469 0.9332 0.3562
vn -0.1277 -0.2077 0.9698
vn -0.0532 0.9131 0.4042
vn -0.1261 -0.2585 0.9577
vn -0.0594 0.8906 0.4510
vn -0.1242 -0.3087 0.9430
vn -0.0654 0.8656 0.4965
vn -0.1219 -0.3580 0.9257
vn -0.0712 0.8382 0.5407
vn -0.1193 -0.4063 0.9059
vn -0.0768 0.8085 0.5835
vn -0.1163 -0.4536 0.8836
vn -0.0822 0.7766 0.6246
vn -0.1131 -0.4995 0.8589
vn -0.0874 0.7426 0.6640
vn -0.1095 -0.5441 0.8318
vn -0.0924 0.7066 0.7016
vn -0.1056 -0.5873 0.8025
vn -0.0971 0.6686 0.7373
vn -0.1015 -0.6288 0.7709
vn -0.1015 0.6288 0.7709
vn -0.0971 -0.6686 0.7373
vn -0.1056 0.5873 0.8025
vn -0.0924 -0.7066 0.7016
vn -0.1095 0.5441 0.8318
vn -0.0874 -0.7426 0.6640
vn -0.1131 0.4995 0.8589
vn -0.0822 -0.7766 0.6246
vn -0.1163 0.4536 0.8836
vn -0.0768 -0.8085 0.5835
vn -0.1193 0.4063 0.9059
vn -0.0712 -0.8382 0.5407
vn -0.1219 0.3580 0.9257
vn -0.0654 -0.8656 0.4965
vn -0.1242 0.3087 0.9430
vn -0.0594 -0.8906 0.4510
vn -0.1261 0.2585 0.9577
vn -0.0532 -0.9131 0.4042
vn -0.1277 0.2077 0.9698
vn -0.0469 -0.9332 0.3562
vn -0.1289 0.1563 0.9793
vn -0.0070 0.9986 0.0530
vn -0.0405 -0.9507 0.3074
vn -0.1298 0.1044 0.9860
vn -0.0138 0.9944 0.1047
vn -0.0339 -0.9657 0.2576
vn -0.1303 0.0523 0.9901
vn -0.1630 0.7766 0.6085
vn -0.1733 0.7426 0.6469
vn -0.2242 -0.4995 0.8368
vn -0.2171 -0.5441 0.8104
vn -0.1832 0.7066 0.6835
vn -0.2095 -0.5873 0.7818
vn -0.1925 0.6686 0.7183
vn -0.2013 -0.6288 0.7511
vn -0.2013 0.6288 0.7511
vn -0.1925 -0.6686 0.7183
vn -0.2095 0.5873 0.7818
vn -0.1832 -0.7066 0.6835
vn -0.2171 0.5441 0.8104
vn -0.1733 -0.7426 0.6469
vn -0.2242 0.4995 0.8368
vn -0.1630 -0.7766 0.6085
vn -0.2307 0.4536 0.8609
vn -0.1523 -0.8085 0.5684
vn -0.2365 0.4063 0.8826
vn -0.1412 -0.8382 0.5268
vn -0.2417 0.3580 0.9019
vn -0.1296 -0.8656 0.4838
vn -0.2462 0.3087 0.9187
vn -0.1177 -0.8906 0.4394
vn -0.2500 0.2585 0.9331
vn -0.1055 -0.9131 0.3938
vn -0.2532 0.2077 0.9449
vn -0.0930 -0.9332 0.3471
vn -0.2556 0.1563 0.9541
vn -0.0138 0.9986 0.0516
vn -0.0802 -0.9507 0.2994
vn -0.2574 0.1044 0.9606
vn -0.0273 0.9944 0.1020
vn -0.0672 -0.9657 0.2510
vn -0.2585 0.0523 0.9646
vn -0.0408 0.9875 0.1521
vn -0.0541 -0.9779 0.2018
vn -0.2588 -0.0000 0.9659
vn -0.0541 0.9779 0.2018
vn -0.0408 -0.9875 0.1521
vn -0.2585 -0.0523 0.9646
vn -0.0672 0.9657 0.2510
vn -0.0273 -0.9944 0.1020
vn -0.2574 -0.1044 0.9606
vn -0.0802 0.9507 0.2994
vn -0.0138 -0.9986 0.0516
vn -0.2556 -0.1563 0.9541
vn -0.0930 0.9332 0.3471
vn -0.2532 -0.2077 0.9449
vn -0.1055 0.9131 0.3938
vn -0.2500 -0.2585 0.9331
vn -0.1177 0.8906 0.4394
vn -0.2462 -0.3087 0.9187
vn -0.1296 0.8656 0.4838
vn -0.2417 -0.3580 0.9019
vn -0.1412 0.8382 0.5268
vn -0.2365 -0.4063 0.8826
vn -0.1523 0.8085 0.5684
vn -0.2307 -0.4536 0.8609
vn -0.3573 0.3580 0.8626
vn -0.3640 0.3087 0.8788
vn -0.1917 -0.8656 0.4627
vn -0.1741 -0.8906 0.4202
vn -0.3697 0.2585 0.8925
vn -0.1560 -0.9131 0.3766
vn -0.3743 0.2077 0.9037
vn -0.1375 -0.9332 0.3320
vn -0.3780 0.1563 0.9125
vn -0.0204 0.9986 0.0494
vn -0.1186 -0.9507 0.2864
vn -0.3806 0.1044 0.9188
vn -0.0404 0.9944 0.0976
vn -0.0994 -0.9657 0.2401
vn -0.3822 0.0523 0.9226
vn -0.0603 0.9875 0.1455
vn -0.0800 -0.9779 0.1930
vn -0.3827 -0.0000 0.9239
vn -0.0800 0.9779 0.1930
vn -0.0603 -0.9875 0.1455
vn -0.3822 -0.0523 0.9226
vn -0.0994 0.9657 0.2401
vn -0.0404 -0.9944 0.0976
vn -0.3806 -0.1044 0.9188
vn -0.1186 0.9507 0.2864
vn -0.0204 -0.9986 0.0494
vn -0.3780 -0.1563 0.9125
vn -0.1375 0.9332 0.3320
vn -0.3743 -0.2077 0.9037
vn -0.1560 0.9131 0.3766
vn -0.3697 -0.2585 0.8925
vn -0.1741 0.8906 0.4202
vn -0.3640 -0.3087 0.8788
vn -0.1917 0.8656 0.4627
vn -0.3573 -0.3580 0.8626
vn -0.2087 0.8382 0.5039
vn -0.3497 -0.4063 0.8442
vn -0.2252 0.8085 0.5437
vn -0.3411 -0.4536 0.8234
vn -0.2411 0.7766 0.5820
vn -0.3315 -0.4995 0.8004
vn -0.2563 0.7426 0.6188
vn -0.3211 -0.5441 0.7751
vn -0.2708 0.7066 0.6538
vn -0.3097 -0.5873 0.7478
vn -0.2846 0.6686 0.6870
vn -0.2976 -0.6288 0.7184
vn -0.2976 0.6288 0.7184
vn -0.2846 -0.6686 0.6870
vn -0.3097 0.5873 0.7478
vn -0.2708 -0.7066 0.6538
vn -0.3211 0.5441 0.7751
vn -0.2563 -0.7426 0.6188
vn -0.3315 0.4995 0.8004
vn -0.2411 -0.7766 0.5820
vn -0.3411 0.4536 0.8234
vn -0.2252 -0.8085 0.5437
vn -0.3497 0.4063 0.8442
vn -0.2087 -0.8382 0.5039
vn -0.4939 -0.1563 0.8554
vn -0.4891 -0.2077 0.8471
vn -0.1797 0.9332 0.3112
vn -0.2038 0.9131 0.3530
vn -0.4830 -0.2585 0.8366
vn -0.2274 0.8906 0.3939
vn -0.4756 -0.3087 0.8237
vn -0.2504 0.8656 0.4337
vn -0.4669 -0.3580 0.8086
vn -0.2727 0.8382 0.4723
vn -0.4569 -0.4063 0.7913
vn -0.2942 0.8085 0.5097
vn -0.4456 -0.4536 0.7718
vn -0.3150 0.7766 0.5456
vn -0.4331 -0.4995 0.7502
vn -0.3349 0.7426 0.5800
vn -0.4195 -0.5441 0.7266
vn -0.3538 0.7066 0.6128
vn -0.4047 -0.5873 0.7010
vn -0.3718 0.6686 0.6440
vn -0.3888 -0.6288 0.6734
vn -0.3888 0.6288 0.6734
vn -0.3718 -0.6686 0.6440
vn -0.4047 0.5873 0.7010
vn -0.3538 -0.7066 0.6128
vn -0.4195 0.5441 0.7266
vn -0.3349 -0.7426 0.5800
vn -0.4331 0.4995 0.7502
vn -0.3150 -0.7766 0.5456
vn -0.4456 0.4536 0.7718
vn -0.2942 -0.8085 0.5097
vn -0.4569 0.4063 0.7913
vn -0.2727 -0.8382 0.4723
vn -0.4669 0.3580 0.8086
vn -0.2504 -0.8656 0.4337
vn -0.4756 0.3087 0.8237
vn -0.2274 -0.8906 0.3939
vn -0.4830 0.2585 0.8366
vn -0.2038 -0.9131 0.3530
vn -0.4891 0.2077 0.8471
vn -0.1797 -0.9332 0.3112
vn -0.4939 0.1563 0.8554
vn -0.0267 0.9986 0.0463
vn -0.1550 -0.9507 0.2685
vn -0.4973 0.1044 0.8613
vn -0.0528 0.9944 0.0915
vn -0.1299 -0.9657 0.2250
vn -0.4993 0.0523 0.8648
vn -0.0787 0.9875 0.1364
vn -0.1045 -0.9779 0.1810
vn -0.5000 -0.0000 0.8660
vn -0.1045 0.9779 0.1810
vn -0.0787 -0.9875 0.1364
vn -0.4993 -0.0523 0.8648
vn -0.1299 0.9657 0.2250
vn -0.0528 -0.9944 0.0915
vn -0.4973 -0.1044 0.8613
vn -0.1550 0.9507 0.2685
vn -0.0267 -0.9986 0.0463
vn -0.3049 -0.8656 0.3973
vn -0.2769 -0.8906 0.3609
vn -0.5790 0.3087 0.7546
vn -0.5881 0.2585 0.7664
vn -0.2482 -0.9131 0.3234
vn -0.5955 0.2077 0.7761
vn -0.2187 -0.9332 0.2851
vn -0.6013 0.1563 0.7836
vn -0.0325 0.9986 0.0424
vn -0.1887 -0.9507 0.2459
vn -0.6054 0.1044 0.7890
vn -0.0643 0.9944 0.0838
vn -0.1582 -0.9657 0.2061
vn -0.6079 0.0523 0.7923
vn -0.0959 0.9875 0.1250
vn -0.1272 -0.9779 0.1658
vn -0.6088 -0.0000 0.7934
vn -0.1272 0.9779 0.1658
vn -0.0959 -0.9875 0.1250
vn -0.6079 -0.0523 0.7923
vn -0.1582 0.9657 0.2061
vn -0.0643 -0.9944 0.0838
vn -0.6054 -0.1044 0.7890
vn -0.1887 0.9507 0.2459
vn -0.0325 -0.9986 0.0424
vn -0.6013 -0.1563 0.7836
vn -0.2187 0.9332 0.2851
vn -0.5955 -0.2077 0.7761
vn -0.2482 0.9131 0.3234
vn -0.5881 -0.2585 0.7664
vn -0.2769 0.8906 0.3609
vn -0.5790 -0.3087 0.7546
vn -0.3049 0.8656 0.3973
vn -0.5684 -0.3580 0.7408
vn -0.3320 0.8382 0.4327
vn -0.5562 -0.4063 0.7249
vn -0.3583 0.8085 0.4669
vn -0.5425 -0.4536 0.7071
vn -0.3835 0.7766 0.4998
vn -0.5274 -0.4995 0.6873
vn -0.4077 0.7426 0.5313
vn -0.5107 -0.5441 0.6656
vn -0.4308 0.7066 0.5614
vn -0.4927 -0.5873 0.6421
vn -0.4527 0.6686 0.5900
vn -0.4734 -0.6288 0.6169
vn -0.4734 0.6288 0.6169
vn -0.4527 -0.6686 0.5900
vn -0.4927 0.5873 0.6421
vn -0.4308 -0.7066 0.5614
vn -0.5107 0.5441 0.6656
vn -0.4077 -0.7426 0.5313
vn -0.5274 0.4995 0.6873
vn -0.3835 -0.7766 0.4998
vn -0.5425 0.4536 0.7071
vn -0.3583 -0.8085 0.4669
vn -0.5562 0.4063 0.7249
vn -0.3320 -0.8382 0.4327
vn -0.5684 0.3580 0.7408
vn -0.6917 -0.2077 0.6917
vn -0.6831 -0.2585 0.6831
vn -0.2882 0.9131 0.2882
vn -0.3216 0.8906 0.3216
vn -0.6726 -0.3087 0.6726
vn -0.3541 0.8656 0.3541
vn -0.6602 -0.3580 0.6602
vn -0.3857 0.8382 0.3857
vn -0.6461 -0.4063 0.6461
vn -0.4161 0.8085 0.4161
vn -0.6302 -0.4536 0.6302
vn -0.4455 0.7766 0.4455
vn -0.6126 -0.4995 0.6126
vn -0.4736 0.7426 0.4736
vn -0.5933 -0.5441 0.5933
vn -0.5004 0.7066 0.5004
vn -0.5723 -0.5873 0.5723
vn -0.5258 0.6686 0.5258
vn -0.5498 -0.6288 0.5498
vn -0.5498 0.6288 0.5498
vn -0.5258 -0.6686 0.5258
vn -0.5723 0.5873 0.5723
vn -0.5004 -0.7066 0.5004
vn -0.5933 0.5441 0.5933
vn -0.4736 -0.7426 0.4736
vn -0.6126 0.4995 0.6126
vn -0.4455 -0.7766 0.4455
vn -0.6302 0.4536 0.6302
vn -0.4161 -0.8085 0.4161
vn -0.6461 0.4063 0.6461
vn -0.3857 -0.8382 0.3857
vn -0.6602 0.3580 0.6602
vn -0.3541 -0.8656 0.3541
vn -0.6726 0.3087 0.6726
vn -0.3216 -0.8906 0.3216
vn -0.6831 0.2585 0.6831
vn -0.2882 -0.9131 0.2882
vn -0.6917 0.2077 0.6917
vn -0.2541 -0.9332 0.2541
vn -0.6984 0.1563 0.6984
vn -0.0378 0.9986 0.0378
vn -0.2192 -0.9507 0.2192
vn -0.7032 0.1044 0.7032
vn -0.0747 0.9944 0.0747
vn -0.1837 -0.9657 0.1837
vn -0.7061 0.0523 0.7061
vn -0.1114 0.9875 0.1114
vn -0.1478 -0.9779 0.1478
vn -0.7071 -0.0000 0.7071
vn -0.1478 0.9779 0.1478
vn -0.1114 -0.9875 0.1114
vn -0.7061 -0.0523 0.7061
vn -0.1837 0.9657 0.1837
vn -0.0747 -0.9944 0.0747
vn -0.7032 -0.1044 0.7032
vn -0.2192 0.9507 0.2192
vn -0.0378 -0.9986 0.0378
vn -0.6984 -0.1563 0.6984
vn -0.2541 0.9332 0.2541
vn -0.5900 -0.6686 0.4527
vn -0.5614 -0.7066 0.4308
vn -0.6421 0.5873 0.4927
vn -0.6656 0.5441 0.5107
vn -0.5313 -0.7426 0.4077
vn -0.6873 0.4995 0.5274
vn -0.4998 -0.7766 0.3835
vn -0.7071 0.4536 0.5425
vn -0.4669 -0.8085 0.3583
vn -0.7249 0.4063 0.5562
vn -0.4327 -0.8382 0.3320
vn -0.7408 0.3580 0.5684
vn -0.3973 -0.8656 0.3049
vn -0.7546 0.3087 0.5790
vn -0.3609 -0.8906 0.2769
vn -0.7664 0.2585 0.5881
vn -0.3234 -0.9131 0.2482
vn -0.7761 0.2077 0.5955
vn -0.2851 -0.9332 0.2187
vn -0.7836 0.1563 0.6013
vn -0.0424 0.9986 0.0325
vn -0.2459 -0.9507 0.1887
vn -0.7890 0.1044 0.6054
vn -0.0838 0.9944 0.0643
vn -0.2061 -0.9657 0.1582
vn -0.7923 0.0523 0.6079
vn -0.1250 0.9875 0.0959
vn -0.1658 -0.9779 0.1272
vn -0.7934 -0.0000 0.6088
vn -0.1658 0.9779 0.1272
vn -0.1250 -0.9875 0.0959
vn -0.7923 -0.0523 0.6079
vn -0.2061 0.9657 0.1582
vn -0.0838 -0.9944 0.0643
vn -0.7890 -0.1044 0.6054
vn -0.2459 0.9507 0.1887
vn -0.0424 -0.9986 0.0325
vn -0.7836 -0.1563 0.6013
vn -0.2851 0.9332 0.2187
vn -0.7761 -0.2077 0.5955
vn -0.3234 0.9131 0.2482
vn -0.7664 -0.2585 0.5881
vn -0.3609 0.8906 0.2769
vn -0.7546 -0.3087 0.5790
vn -0.3973 0.8656 0.3049
vn -0.7408 -0.3580 0.5684
vn -0.4327 0.8382 0.3320
vn -0.7249 -0.4063 0.5562
vn -0.4669 0.8085 0.3583
vn -0.7071 -0.4536 0.5425
vn -0.4998 0.7766 0.3835
vn -0.6873 -0.4995 0.5274
vn -0.5313 0.7426 0.4077
vn -0.6656 -0.5441 0.5107
vn -0.5614 0.7066 0.4308
vn -0.6421 -0.5873 0.4927
vn -0.5900 0.6686 0.4527
vn -0.6169 -0.6288 0.4734
vn -0.6169 0.6288 0.4734
vn -0.2685 -0.9507 0.1550
vn -0.2250 -0.9657 0.1299
vn -0.8613 0.1044 0.4973
vn -0.8648 0.0523 0.4993
vn -0.0915 0.9944 0.0528
vn -0.1364 0.9875 0.0787
vn -0.1810 -0.9779 0.1045
vn -0.8660 -0.0000 0.5000
vn -0.1810 0.9779 0.1045
vn -0.1364 -0.9875 0.0787
vn -0.8648 -0.0523 0.4993
vn -0.2250 0.9657 0.1299
vn -0.0915 -0.9944 0.0528
vn -0.8613 -0.1044 0.4973
vn -0.2685 0.9507 0.1550
vn -0.0463 -0.9986 0.0267
vn -0.8554 -0.1563 0.4939
vn -0.3112 0.9332 0.1797
vn -0.8471 -0.2077 0.4891
vn -0.3530 0.9131 0.2038
vn -0.8366 -0.2585 0.4830
vn -0.3939 0.8906 0.2274
vn -0.8237 -0.3087 0.4756
vn -0.4337 0.8656 0.2504
vn -0.8086 -0.3580 0.4669
vn -0.4723 0.8382 0.2727
vn -0.7913 -0.4063 0.4569
vn -0.5097 0.8085 0.2942
vn -0.7718 -0.4536 0.4456
vn -0.5456 0.7766 0.3150
vn -0.7502 -0.4995 0.4331
vn -0.5800 0.7426 0.3349
vn -0.7266 -0.5441 0.4195
vn -0.6128 0.7066 0.3538
vn -0.7010 -0.5873 0.4047
vn -0.6440 0.6686 0.3718
vn -0.6734 -0.6288 0.3888
vn -0.6734 0.6288 0.3888
vn -0.6440 -0.6686 0.3718
vn -0.7010 0.5873 0.4047
vn -0.6128 -0.7066 0.3538
vn -0.7266 0.5441 0.4195
vn -0.5800 -0.7426 0.3349
vn -0.7502 0.4995 0.4331
vn -0.5456 -0.7766 0.3150
vn -0.7718 0.4536 0.4456
vn -0.5097 -0.8085 0.2942
vn -0.7913 0.4063 0.4569
vn -0.4723 -0.8382 0.2727
vn -0.8086 0.3580 0.4669
vn -0.4337 -0.8656 0.2504
vn -0.8237 0.3087 0.4756
vn -0.3939 -0.8906 0.2274
vn -0.8366 0.2585 0.4830
vn -0.3530 -0.9131 0.2038
vn -0.8471 0.2077 0.4891
vn -0.3112 -0.9332 0.1797
vn -0.8554 0.1563 0.4939
vn -0.0463 0.9986 0.0267
vn -0.8442 -0.4063 0.3497
vn -0.8234 -0.4536 0.3411
vn -0.5437 0.8085 0.2252
vn -0.5820 0.7766 0.2411
vn -0.8004 -0.4995 0.3315
vn -0.6188 0.7426 0.2563
vn -0.7751 -0.5441 0.3211
vn -0.6538 0.7066 0.2708
vn -0.7478 -0.5873 0.3097
vn -0.6870 0.6686 0.2846
vn -0.7184 -0.6288 0.2976
vn -0.7184 0.6288 0.2976
vn -0.6870 -0.6686 0.2846
vn -0.7478 0.5873 0.3097
vn -0.6538 -0.7066 0.2708
vn -0.7751 0.5441 0.3211
vn -0.6188 -0.7426 0.2563
vn -0.8004 0.4995 0.3315
vn -0.5820 -0.7766 0.2411
vn -0.8234 0.4536 0.3411
vn -0.5437 -0.8085 0.2252
vn -0.8442 0.4063 0.3497
vn -0.5039 -0.8382 0.2087
vn -0.8626 0.3580 0.3573
vn -0.4627 -0.8656 0.1917
vn -0.8788 0.3087 0.3640
vn -0.4202 -0.8906 0.1741
vn -0.8925 0.2585 0.3697
vn -0.3766 -0.9131 0.1560
vn -0.9037 0.2077 0.3743
vn -0.3320 -0.9332 0.1375
vn -0.9125 0.1563 0.3780
vn -0.0494 0.9986 0.0204
vn -0.2864 -0.9507 0.1186
vn -0.9188 0.1044 0.3806
vn -0.0976 0.9944 0.0404
vn -0.2401 -0.9657 0.0994
vn -0.9226 0.0523 0.3822
vn -0.1455 0.9875 0.0603
vn -0.1930 -0.9779 0.0800
vn -0.9239 -0.0000 0.3827
vn -0.1930 0.9779 0.0800
vn -0.1455 -0.9875 0.0603
vn -0.9226 -0.0523 0.3822
vn -0.2401 0.9657 0.0994
vn -0.0976 -0.9944 0.0404
vn -0.9188 -0.1044 0.3806
vn -0.2864 0.9507 0.1186
vn -0.0494 -0.9986 0.0204
vn -0.9125 -0.1563 0.3780
vn -0.3320 0.9332 0.1375
vn -0.9037 -0.2077 0.3743
vn -0.3766 0.9131 0.1560
vn -0.8925 -0.2585 0.3697
vn -0.4202 0.8906 0.1741
vn -0.8788 -0.3087 0.3640
vn -0.4627 0.8656 0.1917
vn -0.8626 -0.3580 0.3573
vn -0.5039 0.8382 0.2087
vn -0.5684 -0.8085 0.1523
vn -0.5268 -0.8382 0.1412
vn -0.8826 0.4063 0.2365
vn -0.9019 0.3580 0.2417
vn -0.4838 -0.8656 0.1296
vn -0.9187 0.3087 0.2462
vn -0.4394 -0.8906 0.1177
vn -0.9331 0.2585 0.2500
vn -0.3938 -0.9131 0.1055
vn -0.9449 0.2077 0.2532
vn -0.3471 -0.9332 0.0930
vn -0.9541 0.1563 0.2556
vn -0.0516 0.9986 0.0138
vn -0.2994 -0.9507 0.0802
vn -0.9606 0.1044 0.2574
vn -0.1020 0.9944 0.0273
vn -0.2510 -0.9657 0.0673
vn -0.9646 0.0523 0.2585
vn -0.1521 0.9875 0.0408
vn -0.2018 -0.9779 0.0541
vn -0.9659 -0.0000 0.2588
vn -0.2018 0.9779 0.0541
vn -0.1521 -0.9875 0.0408
vn -0.9646 -0.0523 0.2585
vn -0.2510 0.9657 0.0673
vn -0.1020 -0.9944 0.0273
vn -0.9606 -0.1044 0.2574
vn -0.2994 0.9507 0.0802
vn -0.0516 -0.9986 0.0138
vn -0.9541 -0.1563 0.2556
vn -0.3471 0.9332 0.0930
vn -0.9449 -0.2077 0.2532
vn -0.3938 0.9131 0.1055
vn -0.9331 -0.2585 0.2500
vn -0.4394 0.8906 0.1177
vn -0.9187 -0.3087 0.2462
vn -0.4838 0.8656 0.1296
vn -0.9019 -0.3580 0.2417
vn -0.5268 0.8382 0.1412
vn -0.8826 -0.4063 0.2365
vn -0.5684 0.8085 0.1523
vn -0.8609 -0.4536 0.2307
vn -0.6085 0.7766 0.1630
vn -0.8368 -0.4995 0.2242
vn -0.6469 0.7426 0.1733
vn -0.8104 -0.5441 0.2171
vn -0.6835 0.7066 0.1832
vn -0.7818 -0.5873 0.2095
vn -0.7183 0.6686 0.1925
vn -0.7511 -0.6288 0.2013
vn -0.7511 0.6288 0.2013
vn -0.7183 -0.6686 0.1925
vn -0.7818 0.5873 0.2095
vn -0.6835 -0.7066 0.1832
vn -0.8104 0.5441 0.2171
vn -0.6469 -0.7426 0.1733
vn -0.8368 0.4995 0.2242
vn -0.6085 -0.7766 0.1630
vn -0.8609 0.4536 0.2307
vn -0.2576 0.9657 0.0339
vn -0.3074 0.9507 0.0405
vn -0.1047 -0.9944 0.0138
vn -0.0530 -0.9986 0.0070
vn -0.9860 -0.1044 0.1298
vn -0.9793 -0.1563 0.1289
vn -0.3562 0.9332 0.0469
vn -0.9698 -0.2077 0.1277
vn -0.4042 0.9131 0.0532
vn -0.9577 -0.2585 0.1261
vn -0.4510 0.8906 0.0594
vn -0.9430 -0.3087 0.1242
vn -0.4965 0.8656 0.0654
vn -0.9257 -0.3580 0.1219
vn -0.5407 0.8382 0.0712
vn -0.9059 -0.4063 0.1193
vn -0.5835 0.8085 0.0768
vn -0.8836 -0.4536 0.1163
vn -0.6246 0.7766 0.0822
vn -0.8589 -0.4995 0.1131
vn -0.6640 0.7426 0.0874
vn -0.8318 -0.5441 0.1095
vn -0.7016 0.7066 0.0924
vn -0.8025 -0.5873 0.1056
vn -0.7373 0.6686 0.0971
vn -0.7709 -0.6288 0.1015
vn -0.7709 0.6288 0.1015
vn -0.7373 -0.6686 0.0971
vn -0.8025 0.5873 0.1056
vn -0.7016 -0.7066 0.0924
vn -0.8318 0.5441 0.1095
vn -0.6640 -0.7426 0.0874
vn -0.8589 0.4995 0.1131
vn -0.6246 -0.7766 0.0822
vn -0.8836 0.4536 0.1163
vn -0.5835 -0.8085 0.0768
vn -0.9059 0.4063 0.1193
vn -0.5407 -0.8382 0.0712
vn -0.9257 0.3580 0.1219
vn -0.4965 -0.8656 0.0654
vn -0.9430 0.3087 0.1242
vn -0.4510 -0.8906 0.0594
vn -0.9577 0.2585 0.1261
vn -0.4042 -0.9131 0.0532
vn -0.9698 0.2077 0.1277
vn -0.3562 -0.9332 0.0469
vn -0.9793 0.1563 0.1289
vn -0.0530 0.9986 0.0070
vn -0.3074 -0.9507 0.0405
vn -0.9860 0.1044 0.1298
vn -0.1047 0.9944 0.0138
vn -0.2576 -0.9657 0.0339
vn -0.9901 0.0523 0.1303
vn -0.1562 0.9875 0.0206
vn -0.2072 -0.9779 0.0273
vn -0.9914 -0.0000 0.1305
vn -0.2072 0.9779 0.0273
vn -0.1561 -0.9875 0.0206
vn -0.9901 -0.0523 0.1303
vn -0.7077 0.7066 -0.0000
vn -0.7436 0.6686 -0.0000
vn -0.8094 -0.5873 -0.0000
vn -0.7776 -0.6288 -0.0000
vn -0.7776 0.6288 -0.0000
vn -0.7436 -0.6686 -0.0000
vn -0.8094 0.5873 -0.0000
vn -0.7077 -0.7066 -0.0000
vn -0.8390 0.5441 -0.0000
vn -0.6697 -0.7426 -0.0000
vn -0.8663 0.4995 -0.0000
vn -0.6300 -0.7766 -0.0000
vn -0.8912 0.4536 -0.0000
vn -0.5885 -0.8085 -0.0000
vn -0.9137 0.4063 -0.0000
vn -0.5454 -0.8382 -0.0000
vn -0.9337 0.3580 -0.0000
vn -0.5008 -0.8656 -0.0000
vn -0.9512 0.3087 -0.0000
vn -0.4549 -0.8906 -0.0000
vn -0.9660 0.2585 -0.0000
vn -0.4076 -0.9131 -0.0000
vn -0.9782 0.2077 -0.0000
vn -0.3593 -0.9332 -0.0000
vn -0.9877 0.1563 -0.0000
vn -0.0534 0.9986 -0.0000
vn -0.3100 -0.9507 -0.0000
vn -0.9945 0.1044 -0.0000
vn -0.1056 0.9944 -0.0000
vn -0.2598 -0.9657 -0.0000
vn -0.9986 0.0523 -0.0000
vn -0.1575 0.9875 -0.0000
vn -0.2090 -0.9779 -0.0000
vn -1.0000 -0.0000 -0.0000
vn -0.2090 0.9779 -0.0000
vn -0.1575 -0.9875 -0.0000
vn -0.9986 -0.0523 -0.0000
vn -0.2598 0.9657 -0.0000
vn -0.1056 -0.9944 -0.0000
vn -0.9945 -0.1044 -0.0000
vn -0.3100 0.9507 -0.0000
vn -0.0534 -0.9986 -0.0000
vn -0.9877 -0.1563 -0.0000
vn -0.3593 0.9332 -0.0000
vn -0.9782 -0.2077 -0.0000
vn -0.4076 0.9131 -0.0000
vn -0.9660 -0.2585 -0.0000
vn -0.4549 0.8906 -0.0000
vn -0.9512 -0.3087 -0.0000
vn -0.5008 0.8656 -0.0000
vn -0.9337 -0.3580 -0.0000
vn -0.5454 0.8382 -0.0000
vn -0.9137 -0.4063 -0.0000
vn -0.5885 0.8085 -0.0000
vn -0.8912 -0.4536 -0.0000
vn -0.6300 0.7766 -0.0000
vn -0.8663 -0.4995 -0.0000
vn -0.6697 0.7426 -0.0000
vn -0.8390 -0.5441 -0.0000
vn -0.9577 0.2585 -0.1261
vn -0.9698 0.2077 -0.1277
vn -0.4042 -0.9131 -0.0532
vn -0.3562 -0.9332 -0.0469
vn -0.9793 0.1563 -0.1289
vn -0.0530 0.9986 -0.0070
vn -0.3074 -0.9507 -0.0405
vn -0.9860 0.1044 -0.1298
vn -0.1047 0.9944 -0.0138
vn -0.2576 -0.9657 -0.0339
vn -0.9901 0.0523 -0.1303
vn -0.1562 0.9875 -0.0206
vn -0.2072 -0.9779 -0.0273
vn -0.9914 -0.0000 -0.1305
vn -0.2072 0.9779 -0.0273
vn -0.1562 -0.9875 -0.0206
vn -0.9901 -0.0523 -0.1303
vn -0.2576 0.9657 -0.0339
vn -0.1047 -0.9944 -0.0138
vn -0.9860 -0.1044 -0.1298
vn -0.3074 0.9507 -0.0405
vn -0.0530 -0.9986 -0.0070
vn -0.9793 -0.1563 -0.1289
vn -0.3562 0.9332 -0.0469
vn -0.9698 -0.2077 -0.1277
vn -0.4042 0.9131 -0.0532
vn -0.9577 -0.2585 -0.1261
vn -0.4510 0.8906 -0.0594
vn -0.9430 -0.3087 -0.1242
vn -0.4965 0.8656 -0.0654
vn -0.9257 -0.3580 -0.1219
vn -0.5407 0.8382 -0.0712
vn -0.9059 -0.4063 -0.1193
vn -0.5835 0.8085 -0.0768
vn -0.8836 -0.4536 -0.1163
vn -0.6246 0.7766 -0.0822
vn -0.8589 -0.4995 -0.1131
vn -0.6640 0.7426 -0.0874
vn -0.8318 -0.5441 -0.1095
vn -0.7016 0.7066 -0.0924
vn -0.8025 -0.5873 -0.1056
vn -0.7373 0.6686 -0.0971
vn -0.7709 -0.6288 -0.1015
vn -0.7709 0.6288 -0.1015
vn -0.7373 -0.6686 -0.0971
vn -0.8025 0.5873 -0.1056
vn -0.7016 -0.7066 -0.0924
vn -0.8318 0.5441 -0.1095
vn -0.6640 -0.7426 -0.0874
vn -0.8589 0.4995 -0.1131
vn -0.6246 -0.7766 -0.0822
vn -0.8836 0.4536 -0.1163
vn -0.5835 -0.8085 -0.0768
vn -0.9059 0.4063 -0.1193
vn -0.5407 -0.8382 -0.0712
vn -0.9257 0.3580 -0.1219
vn -0.4965 -0.8656 -0.0654
vn -0.9430 0.3087 -0.1242
vn -0.4510 -0.8906 -0.0594
vn -0.9331 -0.2585 -0.2500
vn -0.9187 -0.3087 -0.2462
vn -0.4394 0.8906 -0.1177
vn -0.4838 0.8656 -0.1296
vn -0.9019 -0.3580 -0.2417
vn -0.5268 0.8382 -0.1412
vn -0.8826 -0.4063 -0.2365
vn -0.5684 0.8085 -0.1523
vn -0.8609 -0.4536 -0.2307
vn -0.6085 0.7766 -0.1630
vn -0.8368 -0.4995 -0.2242
vn -0.6469 0.7426 -0.1733
vn -0.8104 -0.5441 -0.2171
vn -0.6835 0.7066 -0.1832
vn -0.7818 -0.5873 -0.2095
vn -0.7183 0.6686 -0.1925
vn -0.7511 -0.6288 -0.2013
vn -0.7511 0.6288 -0.2013
vn -0.7183 -0.6686 -0.1925
vn -0.7818 0.5873 -0.2095
vn -0.6835 -0.7066 -0.1832
vn -0.8104 0.5441 -0.2171
vn -0.6469 -0.7426 -0.1733
vn -0.8368 0.4995 -0.2242
vn -0.6085 -0.7766 -0.1630
vn -0.8609 0.4536 -0.2307
vn -0.5684 -0.8085 -0.1523
vn -0.8826 0.4063 -0.2365
vn -0.5268 -0.8382 -0.1412
vn -0.9019 0.3580 -0.2417
vn -0.4838 -0.8656 -0.1296
vn -0.9187 0.3087 -0.2462
vn -0.4394 -0.8906 -0.1177
vn -0.9331 0.2585 -0.2500
vn -0.3938 -0.9131 -0.1055
vn -0.9449 0.2077 -0.2532
vn -0.3471 -0.9332 -0.0930
vn -0.9541 0.1563 -0.2556
vn -0.0516 0.9986 -0.0138
vn -0.2994 -0.9507 -0.0802
vn -0.9606 0.1044 -0.2574
vn -0.1020 0.9944 -0.0273
vn -0.2510 -0.9657 -0.0673
vn -0.9646 0.0523 -0.2585
vn -0.1521 0.9875 -0.0408
vn -0.2018 -0.9779 -0.0541
vn -0.9659 -0.0000 -0.2588
vn -0.2018 0.9779 -0.0541
vn -0.1521 -0.9875 -0.0408
vn -0.9646 -0.0523 -0.2585
vn -0.2510 0.9657 -0.0673
vn -0.1020 -0.9944 -0.0273
vn -0.9606 -0.1044 -0.2574
vn -0.2994 0.9507 -0.0802
vn -0.0516 -0.9986 -0.0138
vn -0.9541 -0.1563 -0.2556
vn -0.3471 0.9332 -0.0930
vn -0.9449 -0.2077 -0.2532
vn -0.3938 0.9131 -0.1055
vn -0.6538 -0.7066 -0.2708
vn -0.6188 -0.7426 -0.2563
vn -0.7751 0.5441 -0.3211
vn -0.8004 0.4995 -0.3315
vn -0.5820 -0.7766 -0.2411
vn -0.8234 0.4536 -0.3411
vn -0.5437 -0.8085 -0.2252
vn -0.8442 0.4063 -0.3497
vn -0.5039 -0.8382 -0.2087
vn -0.8626 0.3580 -0.3573
vn -0.4627 -0.8656 -0.1917
vn -0.8788 0.3087 -0.3640
vn -0.4202 -0.8906 -0.1741
vn -0.8925 0.2585 -0.3697
vn -0.3766 -0.9131 -0.1560
vn -0.9037 0.2077 -0.3743
vn -0.3320 -0.9332 -0.1375
vn -0.9125 0.1563 -0.3780
vn -0.0494 0.9986 -0.0204
vn -0.2864 -0.9507 -0.1186
vn -0.9188 0.1044 -0.3806
vn -0.0976 0.9944 -0.0404
vn -0.2401 -0.9657 -0.0994
vn -0.9226 0.0523 -0.3822
vn -0.1455 0.9875 -0.0603
vn -0.1930 -0.9779 -0.0800
vn -0.9239 -0.0000 -0.3827
vn -0.1930 0.9779 -0.0800
vn -0.1455 -0.9875 -0.0603
vn -0.9226 -0.0523 -0.3822
vn -0.2401 0.9657 -0.0994
vn -0.0976 -0.9944 -0.0404
vn -0.9188 -0.1044 -0.3806
vn -0.2864 0.9507 -0.1186
vn -0.0494 -0.9986 -0.0204
vn -0.9125 -0.1563 -0.3780
vn -0.3320 0.9332 -0.1375
vn -0.9037 -0.2077 -0.3743
vn -0.3766 0.9131 -0.1560
vn -0.8925 -0.2585 -0.3697
vn -0.4202 0.8906 -0.1741
vn -0.8788 -0.3087 -0.3640
vn -0.4627 0.8656 -0.1917
vn -0.8626 -0.3580 -0.3573
vn -0.5039 0.8382 -0.2087
vn -0.8442 -0.4063 -0.3497
vn -0.5437 0.8085 -0.2252
vn -0.8234 -0.4536 -0.3411
vn -0.5820 0.7766 -0.2411
vn -0.8004 -0.4995 -0.3315
vn -0.6188 0.7426 -0.2563
vn -0.7751 -0.5441 -0.3211
vn -0.6538 0.7066 -0.2708
vn -0.7478 -0.5873 -0.3097
vn -0.6870 0.6686 -0.2846
vn -0.7184 -0.6288 -0.2976
vn -0.7184 0.6288 -0.2976
vn -0.6870 -0.6686 -0.2846
vn -0.7478 0.5873 -0.3097
vn -0.2250 -0.9657 -0.1299
vn -0.1810 -0.9779 -0.1045
vn -0.8648 0.0523 -0.4993
vn -0.8660 -0.0000 -0.5000
vn -0.1364 0.9875 -0.0787
vn -0.1810 0.9779 -0.1045
vn -0.1364 -0.9875 -0.0787
vn -0.8648 -0.0523 -0.4993
vn -0.2250 0.9657 -0.1299
vn -0.0915 -0.9944 -0.0528
vn -0.8613 -0.1044 -0.4973
vn -0.2685 0.9507 -0.1550
vn -0.0463 -0.9986 -0.0267
vn -0.8554 -0.1563 -0.4939
vn -0.3112 0.9332 -0.1797
vn -0.8471 -0.2077 -0.4891
vn -0.3530 0.9131 -0.2038
vn -0.8366 -0.2585 -0.4830
vn -0.3939 0.8906 -0.2274
vn -0.8237 -0.3087 -0.4756
vn -0.4337 0.8656 -0.2504
vn -0.8086 -0.3580 -0.4669
vn -0.4723 0.8382 -0.2727
vn -0.7913 -0.4063 -0.4569
vn -0.5097 0.8085 -0.2942
vn -0.7718 -0.4536 -0.4456
vn -0.5456 0.7766 -0.3150
vn -0.7502 -0.4995 -0.4331
vn -0.5800 0.7426 -0.3349
vn -0.7266 -0.5441 -0.4195
vn -0.6128 0.7066 -0.3538
vn -0.7010 -0.5873 -0.4047
vn -0.6440 0.6686 -0.3718
vn -0.6734 -0.6288 -0.3888
vn -0.6734 0.6288 -0.3888
vn -0.6440 -0.6686 -0.3718
vn -0.7010 0.5873 -0.4047
vn -0.6128 -0.7066 -0.3538
vn -0.7266 0.5441 -0.4195
vn -0.5800 -0.7426 -0.3349
vn -0.7502 0.4995 -0.4331
vn -0.5456 -0.7766 -0.3150
vn -0.7718 0.4536 -0.4456
vn -0.5097 -0.8085 -0.2942
vn -0.7913 0.4063 -0.4569
vn -0.4723 -0.8382 -0.2727
vn -0.8086 0.3580 -0.4669
vn -0.4337 -0.8656 -0.2504
vn -0.8237 0.3087 -0.4756
vn -0.3939 -0.8906 -0.2274
vn -0.8366 0.2585 -0.4830
vn -0.3530 -0.9131 -0.2038
vn -0.8471 0.2077 -0.4891
vn -0.3112 -0.9332 -0.1797
vn -0.8554 0.1563 -0.4939
vn -0.0463 0.9986 -0.0267
vn -0.2685 -0.9507 -0.1550
vn -0.8613 0.1044 -0.4973
vn -0.0915 0.9944 -0.0528
vn -0.7071 -0.4536 -0.5425
vn -0.6873 -0.4995 -0.5274
vn -0.4998 0.7766 -0.3835
vn -0.5313 0.7426 -0.4077
vn -0.6656 -0.5441 -0.5107
vn -0.5614 0.7066 -0.4308
vn -0.6421 -0.5873 -0.4927
vn -0.5900 0.6686 -0.4527
vn -0.6169 -0.6288 -0.4734
vn -0.6169 0.6288 -0.4734
vn -0.5900 -0.6686 -0.4527
vn -0.6421 0.5873 -0.4927
vn -0.5614 -0.7066 -0.4308
vn -0.6656 0.5441 -0.5107
vn -0.5313 -0.7426 -0.4077
vn -0.6873 0.4995 -0.5274
vn -0.4998 -0.7766 -0.3835
vn -0.7071 0.4536 -0.5425
vn -0.4669 -0.8085 -0.3583
vn -0.7249 0.4063 -0.5562
vn -0.4327 -0.8382 -0.3320
vn -0.7408 0.3580 -0.5684
vn -0.3973 -0.8656 -0.3049
vn -0.7546 0.3087 -0.5790
vn -0.3609 -0.8906 -0.2769
vn -0.7664 0.2585 -0.5881
vn -0.3234 -0.9131 -0.2482
vn -0.7761 0.2077 -0.5955
vn -0.2851 -0.9332 -0.2187
vn -0.7836 0.1563 -0.6013
vn -0.0424 0.9986 -0.0325
vn -0.2459 -0.9507 -0.1887
vn -0.7890 0.1044 -0.6054
vn -0.0838 0.9944 -0.0643
vn -0.2061 -0.9657 -0.1582
vn -0.7923 0.0523 -0.6079
vn -0.1250 0.9875 -0.0959
vn -0.1658 -0.9779 -0.1272
vn -0.7934 -0.0000 -0.6088
vn -0.1658 0.9779 -0.1272
vn -0.1250 -0.9875 -0.0959
vn -0.7923 -0.0523 -0.6079
vn -0.2061 0.9657 -0.1582
vn -0.0838 -0.9944 -0.0643
vn -0.7890 -0.1044 -0.6054
vn -0.2459 0.9507 -0.1887
vn -0.0424 -0.9986 -0.0325
vn -0.7836 -0.1563 -0.6013
vn -0.2851 0.9332 -0.2187
vn -0.7761 -0.2077 -0.5955
vn -0.3234 0.9131 -0.2482
vn -0.7664 -0.2585 -0.5881
vn -0.3609 0.8906 -0.2769
vn -0.7546 -0.3087 -0.5790
vn -0.3973 0.8656 -0.3049
vn -0.7408 -0.3580 -0.5684
vn -0.4327 0.8382 -0.3320
vn -0.7249 -0.4063 -0.5562
vn -0.4669 0.8085 -0.3583
vn -0.6917 -0.2077 -0.6917
vn -0.6831 -0.2585 -0.6831
vn -0.6726 -0.3087 -0.6726
vn -0.6602 -0.3580 -0.6602
vn -0.6461 -0.4063 -0.6461
vn -0.0378 0.9986 -0.0378
vn -0.6302 -0.4536 -0.6302
vn -0.0747 0.9944 -0.0747
vn -0.6126 -0.4995 -0.6126
vn -0.1114 0.9875 -0.1114
vn -0.5933 -0.5441 -0.5933
vn -0.4736 0.7426 -0.4736
vn -0.5004 0.7066 -0.5004
vn -0.1478 0.9779 -0.1478
vn -0.5723 -0.5873 -0.5723
vn -0.1837 0.9657 -0.1837
vn -0.5258 0.6686 -0.5258
vn -0.5498 -0.6288 -0.5498
vn -0.2192 0.9507 -0.2192
vn -0.5498 0.6288 -0.5498
vn -0.5258 -0.6686 -0.5258
vn -0.2541 0.9332 -0.2541
vn -0.5723 0.5873 -0.5723
vn -0.5004 -0.7066 -0.5004
vn -0.5933 0.5441 -0.5933
vn -0.2882 0.9131 -0.2882
vn -0.4736 -0.7426 -0.4736
vn -0.6126 0.4995 -0.6126
vn -0.3216 0.8906 -0.3216
vn -0.4455 -0.7766 -0.4455
vn -0.6302 0.4536 -0.6302
vn -0.3541 0.8656 -0.3541
vn -0.4161 -0.8085 -0.4161
vn -0.6461 0.4063 -0.6461
vn -0.3857 0.8382 -0.3857
vn -0.3857 -0.8382 -0.3857
vn -0.6602 0.3580 -0.6602
vn -0.4161 0.8085 -0.4161
vn -0.3541 -0.8656 -0.3541
vn -0.6726 0.3087 -0.6726
vn -0.4455 0.7766 -0.4455
vn -0.3216 -0.8906 -0.3216
vn -0.6831 0.2585 -0.6831
vn -0.2882 -0.9131 -0.2882
vn -0.6917 0.2077 -0.6917
vn -0.2541 -0.9332 -0.2541
vn -0.6984 0.1563 -0.6984
vn -0.2192 -0.9507 -0.2192
vn -0.7032 0.1044 -0.7032
vn -0.1837 -0.9657 -0.1837
vn -0.7061 0.0523 -0.7061
vn -0.1478 -0.9779 -0.1478
vn -0.7071 -0.0000 -0.7071
vn -0.1114 -0.9875 -0.1114
vn -0.7061 -0.0523 -0.7061
vn -0.0747 -0.9944 -0.0747
vn -0.7032 -0.1044 -0.7032
vn -0.0378 -0.9986 -0.0378
vn -0.6984 -0.1563 -0.6984
vn -0.4527 -0.6686 -0.5900
vn -0.4308 -0.7066 -0.5614
vn -0.4927 0.5873 -0.6421
vn -0.5107 0.5441 -0.6656
vn -0.4077 -0.7426 -0.5313
vn -0.5274 0.4995 -0.6873
vn -0.3835 -0.7766 -0.4998
vn -0.5425 0.4536 -0.7071
vn -0.3583 -0.8085 -0.4669
vn -0.5562 0.4063 -0.7249
vn -0.3320 -0.8382 -0.4327
vn -0.5684 0.3580 -0.7408
vn -0.3049 -0.8656 -0.3973
vn -0.5790 0.3087 -0.7546
vn -0.2769 -0.8906 -0.3609
vn -0.5881 0.2585 -0.7664
vn -0.2482 -0.9131 -0.3234
vn -0.5955 0.2077 -0.7761
vn -0.2187 -0.9332 -0.2851
vn -0.6013 0.1563 -0.7836
vn -0.0325 0.9986 -0.0424
vn -0.1887 -0.9507 -0.2459
vn -0.6054 0.1044 -0.7890
vn -0.0643 0.9944 -0.0838
vn -0.1582 -0.9657 -0.2061
vn -0.6079 0.0523 -0.7923
vn -0.0959 0.9875 -0.1250
vn -0.1272 -0.9779 -0.1658
vn -0.6088 -0.0000 -0.7934
vn -0.1272 0.9779 -0.1658
vn -0.0959 -0.9875 -0.1250
vn -0.6079 -0.0523 -0.7923
vn -0.1582 0.9657 -0.2061
vn -0.0643 -0.9944 -0.0838
vn -0.6054 -0.1044 -0.7890
vn -0.1887 0.9507 -0.2459
vn -0.0325 -0.9986 -0.0424
vn -0.6013 -0.1563 -0.7836
vn -0.2187 0.9332 -0.2851
vn -0.5955 -0.2077 -0.7761
vn -0.2482 0.9131 -0.3234
vn -0.5881 -0.2585 -0.7664
vn -0.2769 0.8906 -0.3609
vn -0.5790 -0.3087 -0.7546
vn -0.3049 0.8656 -0.3973
vn -0.5684 -0.3580 -0.7408
vn -0.3320 0.8382 -0.4327
vn -0.5562 -0.4063 -0.7249
vn -0.3583 0.8085 -0.4669
vn -0.5425 -0.4536 -0.7071
vn -0.3835 0.7766 -0.4998
vn -0.5274 -0.4995 -0.6873
vn -0.4077 0.7426 -0.5313
vn -0.5107 -0.5441 -0.6656
vn -0.4308 0.7066 -0.5614
vn -0.4927 -0.5873 -0.6421
vn -0.4527 0.6686 -0.5900
vn -0.4734 -0.6288 -0.6169
vn -0.4734 0.6288 -0.6169
vn -0.1550 -0.9507 -0.2685
vn -0.1299 -0.9657 -0.2250
vn -0.4973 0.1044 -0.8613
vn -0.4993 0.0523 -0.8648
vn -0.0528 0.9944 -0.0915
vn -0.0787 0.9875 -0.1364
vn -0.1045 -0.9779 -0.1810
vn -0.5000 -0.0000 -0.8660
vn -0.1045 0.9779 -0.1810
vn -0.0787 -0.9875 -0.1364
vn -0.4993 -0.0523 -0.8648
vn -0.1299 0.9657 -0.2250
vn -0.0528 -0.9944 -0.0915
vn -0.4973 -0.1044 -0.8613
vn -0.1550 0.9507 -0.2685
vn -0.0267 -0.9986 -0.0463
vn -0.4939 -0.1563 -0.8554
vn -0.1797 0.9332 -0.3112
vn -0.4891 -0.2077 -0.8471
vn -0.2038 0.9131 -0.3530
vn -0.4830 -0.2585 -0.8366
vn -0.2274 0.8906 -0.3939
vn -0.4756 -0.3087 -0.8237
vn -0.2504 0.8656 -0.4337
vn -0.4669 -0.3580 -0.8086
vn -0.2727 0.8382 -0.4723
vn -0.4569 -0.4063 -0.7913
vn -0.2942 0.8085 -0.5097
vn -0.4456 -0.4536 -0.7718
vn -0.3150 0.7766 -0.5456
vn -0.4331 -0.4995 -0.7502
vn -0.3349 0.7426 -0.5800
vn -0.4195 -0.5441 -0.7266
vn -0.3538 0.7066 -0.6128
vn -0.4047 -0.5873 -0.7010
vn -0.3718 0.6686 -0.6440
vn -0.3888 -0.6288 -0.6734
vn -0.3888 0.6288 -0.6734
vn -0.3718 -0.6686 -0.6440
vn -0.4047 0.5873 -0.7010
vn -0.3538 -0.7066 -0.6128
vn -0.4195 0.5441 -0.7266
vn -0.3349 -0.7426 -0.5800
vn -0.4331 0.4995 -0.7502
vn -0.3150 -0.7766 -0.5456
vn -0.4456 0.4536 -0.7718
vn -0.2942 -0.8085 -0.5097
vn -0.4569 0.4063 -0.7913
vn -0.2727 -0.8382 -0.4723
vn -0.4669 0.3580 -0.8086
vn -0.2504 -0.8656 -0.4337
vn -0.4756 0.3087 -0.8237
vn -0.2274 -0.8906 -0.3939
vn -0.4830 0.2585 -0.8366
vn -0.2038 -0.9131 -0.3530
vn -0.4891 0.2077 -0.8471
vn -0.1797 -0.9332 -0.3112
vn -0.4939 0.1563 -0.8554
vn -0.0267 0.9986 -0.0463
vn -0.3497 -0.4063 -0.8442
vn -0.3411 -0.4536 -0.8234
vn -0.2252 0.8085 -0.5437
vn -0.2411 0.7766 -0.5820
vn -0.3315 -0.4995 -0.8004
vn -0.2563 0.7426 -0.6188
vn -0.3211 -0.5441 -0.7751
vn -0.2708 0.7066 -0.6538
vn -0.3097 -0.5873 -0.7478
vn -0.2846 0.6686 -0.6870
vn -0.2976 -0.6288 -0.7184
vn -0.2976 0.6288 -0.7184
vn -0.2846 -0.6686 -0.6870
vn -0.3097 0.5873 -0.7478
vn -0.2708 -0.7066 -0.6538
vn -0.3211 0.5441 -0.7751
vn -0.2563 -0.7426 -0.6188
vn -0.3315 0.4995 -0.8004
vn -0.2411 -0.7766 -0.5820
vn -0.3411 0.4536 -0.8234
vn -0.2252 -0.8085 -0.5437
vn -0.3497 0.4063 -0.8442
vn -0.2087 -0.8382 -0.5039
vn -0.3573 0.3580 -0.8626
vn -0.1917 -0.8656 -0.4627
vn -0.3640 0.3087 -0.8788
vn -0.1741 -0.8906 -0.4202
vn -0.3697 0.2585 -0.8925
vn -0.1560 -0.9131 -0.3766
vn -0.3743 0.2077 -0.9037
vn -0.1375 -0.9332 -0.3320
vn -0.3780 0.1563 -0.9125
vn -0.0204 0.9986 -0.0494
vn -0.1186 -0.9507 -0.2864
vn -0.3806 0.1044 -0.9188
vn -0.0404 0.9944 -0.0976
vn -0.0994 -0.9657 -0.2401
vn -0.3822 0.0523 -0.9226
vn -0.0603 0.9875 -0.1455
vn -0.0800 -0.9779 -0.1930
vn -0.3827 -0.0000 -0.9239
vn -0.0800 0.9779 -0.1930
vn -0.0603 -0.9875 -0.1455
vn -0.3822 -0.0523 -0.9226
vn -0.0994 0.9657 -0.2401
vn -0.0404 -0.9944 -0.0976
vn -0.3806 -0.1044 -0.9188
vn -0.1186 0.9507 -0.2864
vn -0.0204 -0.9986 -0.0494
vn -0.3780 -0.1563 -0.9125
vn -0.1375 0.9332 -0.3320
vn -0.3743 -0.2077 -0.9037
vn -0.1560 0.9131 -0.3766
vn -0.3697 -0.2585 -0.8925
vn -0.1741 0.8906 -0.4202
vn -0.3640 -0.3087 -0.8788
vn -0.1917 0.8656 -0.4627
vn -0.3573 -0.3580 -0.8626
vn -0.2087 0.8382 -0.5039
vn -0.1523 -0.8085 -0.5684
vn -0.1412 -0.8382 -0.5268
vn -0.2365 0.4063 -0.8826
vn -0.2417 0.3580 -0.9019
vn -0.1296 -0.8656 -0.4838
vn -0.2462 0.3087 -0.9187
vn -0.1177 -0.8906 -0.4394
vn -0.2500 0.2585 -0.9331
vn -0.1055 -0.9131 -0.3938
vn -0.2532 0.2077 -0.9449
vn -0.0930 -0.9332 -0.3471
vn -0.2556 0.1563 -0.9541
vn -0.0138 0.9986 -0.0516
vn -0.0802 -0.9507 -0.2994
vn -0.2574 0.1044 -0.9606
vn -0.0273 0.9944 -0.1020
vn -0.0672 -0.9657 -0.2510
vn -0.2585 0.0523 -0.9646
vn -0.0408 0.9875 -0.1521
vn -0.0541 -0.9779 -0.2018
vn -0.2588 -0.0000 -0.9659
vn -0.0541 0.9779 -0.2018
vn -0.0408 -0.9875 -0.1521
vn -0.2585 -0.0523 -0.9646
vn -0.0673 0.9657 -0.2510
vn -0.0273 -0.9944 -0.1020
vn -0.2574 -0.1044 -0.9606
vn -0.0802 0.9507 -0.2994
vn -0.0138 -0.9986 -0.0516
vn -0.2556 -0.1563 -0.9541
vn -0.0930 0.9332 -0.3471
vn -0.2532 -0.2077 -0.9449
vn -0.1055 0.9131 -0.3938
vn -0.2500 -0.2585 -0.9331
vn -0.1177 0.8906 -0.4394
vn -0.2462 -0.3087 -0.9187
vn -0.1296 0.8656 -0.4838
vn -0.2417 -0.3580 -0.9019
vn -0.1412 0.8382 -0.5268
vn -0.2365 -0.4063 -0.8826
vn -0.1523 0.8085 -0.5684
vn -0.2307 -0.4536 -0.8609
vn -0.1630 0.7766 -0.6085
vn -0.2242 -0.4995 -0.8368
vn -0.1733 0.7426 -0.6469
vn -0.2171 -0.5441 -0.8104
vn -0.1832 0.7066 -0.6835
vn -0.2095 -0.5873 -0.7818
vn -0.1925 0.6686 -0.7183
vn -0.2013 -0.6288 -0.7511
vn -0.2013 0.6288 -0.7511
vn -0.1925 -0.6686 -0.7183
vn -0.2095 0.5873 -0.7818
vn -0.1832 -0.7066 -0.6835
vn -0.2171 0.5441 -0.8104
vn -0.1733 -0.7426 -0.6469
vn -0.2242 0.4995 -0.8368
vn -0.1630 -0.7766 -0.6085
vn -0.2307 0.4536 -0.8609
vn -0.0339 0.9657 -0.2576
vn -0.0405 0.9507 -0.3074
vn -0.0138 -0.9944 -0.1047
vn -0.0070 -0.9986 -0.0530
vn -0.1298 -0.1044 -0.9860
vn -0.1289 -0.1563 -0.9793
vn -0.0469 0.9332 -0.3562
vn -0.1277 -0.2077 -0.9698
vn -0.0532 0.9131 -0.4042
vn -0.1261 -0.2585 -0.9577
vn -0.0594 0.8906 -0.4510
vn -0.1241 -0.3087 -0.9430
vn -0.0654 0.8656 -0.4965
vn -0.1219 -0.3580 -0.9257
vn -0.0712 0.8382 -0.5407
vn -0.1193 -0.4063 -0.9059
vn -0.0768 0.8085 -0.5835
vn -0.1163 -0.4536 -0.8836
vn -0.0822 0.7766 -0.6246
vn -0.1131 -0.4995 -0.8589
vn -0.0874 0.7426 -0.6640
vn -0.1095 -0.5441 -0.8318
vn -0.0924 0.7066 -0.7016
vn -0.1056 -0.5873 -0.8025
vn -0.0971 0.6686 -0.7373
vn -0.1015 -0.6288 -0.7709
vn -0.1015 0.6288 -0.7709
vn -0.0971 -0.6686 -0.7373
vn -0.1056 0.5873 -0.8025
vn -0.0924 -0.7066 -0.7016
vn -0.1095 0.5441 -0.8318
vn -0.0874 -0.7426 -0.6640
vn -0.1131 0.4995 -0.8589
vn -0.0822 -0.7766 -0.6246
vn -0.1163 0.4536 -0.8836
vn -0.0768 -0.8085 -0.5835
vn -0.1193 0.4063 -0.9059
vn -0.0712 -0.8382 -0.5407
vn -0.1219 0.3580 -0.9257
vn -0.0654 -0.8656 -0.4965
vn -0.1241 0.3087 -0.9430
vn -0.0594 -0.8906 -0.4510
vn -0.1261 0.2585 -0.9577
vn -0.0532 -0.9131 -0.4042
vn -0.1277 0.2077 -0.9698
vn -0.0469 -0.9332 -0.3562
vn -0.1289 0.1563 -0.9793
vn -0.0070 0.9986 -0.0530
vn -0.0405 -0.9507 -0.3074
vn -0.1298 0.1044 -0.9860
vn -0.0138 0.9944 -0.1047
vn -0.0339 -0.9657 -0.2576
vn -0.1303 0.0523 -0.9901
vn -0.0206 0.9875 -0.1562
vn -0.0273 -0.9779 -0.2072
vn -0.1305 -0.0000 -0.9914
vn -0.0273 0.9779 -0.2072
vn -0.0206 -0.9875 -0.1562
vn -0.1303 -0.0523 -0.9901
vt 0.750000 0.566667
vt 0.750000 0.583333
vt 0.729167 0.583333
vt 0.729167 0.566667
vt 0.750000 0.116667
vt 0.750000 0.133333
vt 0.729167 0.133333
vt 0.729167 0.116667
vt 0.750000 0.550000
vt 0.729167 0.550000
vt 0.750000 0.983333
vt 0.739583 1.000000
vt 0.729167 0.983333
vt 0.750000 0.100000
vt 0.729167 0.100000
vt 0.750000 0.533333
vt 0.729167 0.533333
vt 0.750000 0.966667
vt 0.729167 0.966667
vt 0.750000 0.083333
vt 0.729167 0.083333
vt 0.750000 0.516667
vt 0.729167 0.516667
vt 0.750000 0.950000
vt 0.729167 0.950000
vt 0.750000 0.066667
vt 0.729167 0.066667
vt 0.750000 0.500000
vt 0.729167 0.500000
vt 0.750000 0.933333
vt 0.729167 0.933333
vt 0.750000 0.050000
vt 0.729167 0.050000
vt 0.750000 0.483333
vt 0.729167 0.483333
vt 0.750000 0.916667
vt 0.729167 0.916667
vt 0.750000 0.033333
vt 0.729167 0.033333
vt 0.750000 0.466667
vt 0.729167 0.466667
vt 0.750000 0.900000
vt 0.729167 0.900000
vt 0.750000 0.016667
vt 0.729167 0.016667
vt 0.750000 0.450000
vt 0.729167 0.450000
vt 0.750000 0.883333
vt 0.729167 0.883333
vt 0.739583 0.000000
vt 0.750000 0.433333
vt 0.729167 0.433333
vt 0.750000 0.866667
vt 0.729167 0.866667
vt 0.750000 0.416667
vt 0.729167 0.416667
vt 0.750000 0.850000
vt 0.729167 0.850000
vt 0.750000 0.400000
vt 0.729167 0.400000
vt 0.750000 0.833333
vt 0.729167 0.833333
vt 0.750000 0.383333
vt 0.729167 0.383333
vt 0.750000 0.816667
vt 0.729167 0.816667
vt 0.750000 0.366667
vt 0.729167 0.366667
vt 0.750000 0.800000
vt 0.729167 0.800000
vt 0.750000 0.350000
vt 0.729167 0.350000
vt 0.750000 0.783333
vt 0.729167 0.783333
vt 0.750000 0.333333
vt 0.729167 0.333333
vt 0.750000 0.766667
vt 0.729167 0.766667
vt 0.750000 0.316667
vt 0.729167 0.316667
vt 0.750000 0.750000
vt 0.729167 0.750000
vt 0.750000 0.300000
vt 0.729167 0.300000
vt 0.750000 0.733333
vt 0.729167 0.733333
vt 0.750000 0.283333
vt 0.729167 0.283333
vt 0.750000 0.716667
vt 0.729167 0.716667
vt 0.750000 0.266667
vt 0.729167 0.266667
vt 0.750000 0.700000
vt 0.729167 0.700000
vt 0.750000 0.250000
vt 0.729167 0.250000
vt 0.750000 0.683333
vt 0.729167 0.683333
vt 0.750000 0.233333
vt 0.729167 0.233333
vt 0.750000 0.666667
vt 0.729167 0.666667
vt 0.750000 0.216667
vt 0.729167 0.216667
vt 0.750000 0.650000
vt 0.729167 0.650000
vt 0.750000 0.200000
vt 0.729167 0.200000
vt 0.750000 0.633333
vt 0.729167 0.633333
vt 0.750000 0.183333
vt 0.729167 0.183333
vt 0.750000 0.616667
vt 0.729167 0.616667
vt 0.750000 0.166667
vt 0.729167 0.166667
vt 0.750000 0.600000
vt 0.729167 0.600000
vt 0.750000 0.150000
vt 0.729167 0.150000
vt 0.708333 0.266667
vt 0.708333 0.250000
vt 0.708333 0.700000
vt 0.708333 0.683333
vt 0.708333 0.233333
vt 0.708333 0.666667
vt 0.708333 0.216667
vt 0.708333 0.650000
vt 0.708333 0.200000
vt 0.708333 0.633333
vt 0.708333 0.183333
vt 0.708333 0.616667
vt 0.708333 0.166667
vt 0.708333 0.600000
vt 0.708333 0.150000
vt 0.708333 0.583333
vt 0.708333 0.133333
vt 0.708333 0.566667
vt 0.708333 0.116667
vt 0.708333 0.550000
vt 0.718750 1.000000
vt 0.708333 0.983333
vt 0.708333 0.100000
vt 0.708333 0.533333
vt 0.708333 0.966667
vt 0.708333 0.083333
vt 0.708333 0.516667
vt 0.708333 0.950000
vt 0.708333 0.066667
vt 0.708333 0.500000
vt 0.708333 0.933333
vt 0.708333 0.050000
vt 0.708333 0.483333
vt 0.708333 0.916667
vt 0.708333 0.033333
vt 0.708333 0.466667
vt 0.708333 0.900000
vt 0.708333 0.016667
vt 0.708333 0.450000
vt 0.708333 0.883333
vt 0.718750 0.000000
vt 0.708333 0.433333
vt 0.708333 0.866667
vt 0.708333 0.416667
vt 0.708333 0.850000
vt 0.708333 0.400000
vt 0.708333 0.833333
vt 0.708333 0.383333
vt 0.708333 0.816667
vt 0.708333 0.366667
vt 0.708333 0.800000
vt 0.708333 0.350000
vt 0.708333 0.783333
vt 0.708333 0.333333
vt 0.708333 0.766667
vt 0.708333 0.316667
vt 0.708333 0.750000
vt 0.708333 0.300000
vt 0.708333 0.733333
vt 0.708333 0.283333
vt 0.708333 0.716667
vt 0.687500 0.100000
vt 0.687500 0.083333
vt 0.687500 0.533333
vt 0.687500 0.516667
vt 0.687500 0.966667
vt 0.687500 0.950000
vt 0.687500 0.066667
vt 0.687500 0.500000
vt 0.687500 0.933333
vt 0.687500 0.050000
vt 0.687500 0.483333
vt 0.687500 0.916667
vt 0.687500 0.033333
vt 0.687500 0.466667
vt 0.687500 0.900000
vt 0.687500 0.016667
vt 0.687500 0.450000
vt 0.687500 0.883333
vt 0.697917 0.000000
vt 0.687500 0.433333
vt 0.687500 0.866667
vt 0.687500 0.416667
vt 0.687500 0.850000
vt 0.687500 0.400000
vt 0.687500 0.833333
vt 0.687500 0.383333
vt 0.687500 0.816667
vt 0.687500 0.366667
vt 0.687500 0.800000
vt 0.687500 0.350000
vt 0.687500 0.783333
vt 0.687500 0.333333
vt 0.687500 0.766667
vt 0.687500 0.316667
vt 0.687500 0.750000
vt 0.687500 0.300000
vt 0.687500 0.733333
vt 0.687500 0.283333
vt 0.687500 0.716667
vt 0.687500 0.266667
vt 0.687500 0.700000
vt 0.687500 0.250000
vt 0.687500 0.683333
vt 0.687500 0.233333
vt 0.687500 0.666667
vt 0.687500 0.216667
vt 0.687500 0.650000
vt 0.687500 0.200000
vt 0.687500 0.633333
vt 0.687500 0.183333
vt 0.687500 0.616667
vt 0.687500 0.166667
vt 0.687500 0.600000
vt 0.687500 0.150000
vt 0.687500 0.583333
vt 0.687500 0.133333
vt 0.687500 0.566667
vt 0.687500 0.116667
vt 0.687500 0.550000
vt 0.697917 1.000000
vt 0.687500 0.983333
vt 0.666667 0.366667
vt 0.666667 0.350000
vt 0.666667 0.800000
vt 0.666667 0.783333
vt 0.666667 0.333333
vt 0.666667 0.766667
vt 0.666667 0.316667
vt 0.666667 0.750000
vt 0.666667 0.300000
vt 0.666667 0.733333
vt 0.666667 0.283333
vt 0.666667 0.716667
vt 0.666667 0.266667
vt 0.666667 0.700000
vt 0.666667 0.250000
vt 0.666667 0.683333
vt 0.666667 0.233333
vt 0.666667 0.666667
vt 0.666667 0.216667
vt 0.666667 0.650000
vt 0.666667 0.200000
vt 0.666667 0.633333
vt 0.666667 0.183333
vt 0.666667 0.616667
vt 0.666667 0.166667
vt 0.666667 0.600000
vt 0.666667 0.150000
vt 0.666667 0.583333
vt 0.666667 0.133333
vt 0.666667 0.566667
vt 0.666667 0.116667
vt 0.666667 0.550000
vt 0.677083 1.000000
vt 0.666667 0.983333
vt 0.666667 0.100000
vt 0.666667 0.533333
vt 0.666667 0.966667
vt 0.666667 0.083333
vt 0.666667 0.516667
vt 0.666667 0.950000
vt 0.666667 0.066667
vt 0.666667 0.500000
vt 0.666667 0.933333
vt 0.666667 0.050000
vt 0.666667 0.483333
vt 0.666667 0.916667
vt 0.666667 0.033333
vt 0.666667 0.466667
vt 0.666667 0.900000
vt 0.666667 0.016667
vt 0.666667 0.450000
vt 0.666667 0.883333
vt 0.677083 0.000000
vt 0.666667 0.433333
vt 0.666667 0.866667
vt 0.666667 0.416667
vt 0.666667 0.850000
vt 0.666667 0.400000
vt 0.666667 0.833333
vt 0.666667 0.383333
vt 0.666667 0.816667
vt 0.645833 0.200000
vt 0.645833 0.183333
vt 0.645833 0.633333
vt 0.645833 0.616667
vt 0.645833 0.166667
vt 0.645833 0.600000
vt 0.645833 0.150000
vt 0.645833 0.583333
vt 0.645833 0.133333
vt 0.645833 0.566667
vt 0.645833 0.116667
vt 0.645833 0.550000
vt 0.656250 1.000000
vt 0.645833 0.983333
vt 0.645833 0.100000
vt 0.645833 0.533333
vt 0.645833 0.966667
vt 0.645833 0.083333
vt 0.645833 0.516667
vt 0.645833 0.950000
vt 0.645833 0.066667
vt 0.645833 0.500000
vt 0.645833 0.933333
vt 0.645833 0.050000
vt 0.645833 0.483333
vt 0.645833 0.916667
vt 0.645833 0.033333
vt 0.645833 0.466667
vt 0.645833 0.900000
vt 0.645833 0.016667
vt 0.645833 0.450000
vt 0.645833 0.883333
vt 0.656250 0.000000
vt 0.645833 0.433333
vt 0.645833 0.866667
vt 0.645833 0.416667
vt 0.645833 0.850000
vt 0.645833 0.400000
vt 0.645833 0.833333
vt 0.645833 0.383333
vt 0.645833 0.816667
vt 0.645833 0.366667
vt 0.645833 0.800000
vt 0.645833 0.350000
vt 0.645833 0.783333
vt 0.645833 0.333333
vt 0.645833 0.766667
vt 0.645833 0.316667
vt 0.645833 0.750000
vt 0.645833 0.300000
vt 0.645833 0.733333
vt 0.645833 0.283333
vt 0.645833 0.716667
vt 0.645833 0.266667
vt 0.645833 0.700000
vt 0.645833 0.250000
vt 0.645833 0.683333
vt 0.645833 0.233333
vt 0.645833 0.666667
vt 0.645833 0.216667
vt 0.645833 0.650000
vt 0.625000 0.916667
vt 0.625000 0.900000
vt 0.625000 0.033333
vt 0.625000 0.016667
vt 0.625000 0.466667
vt 0.625000 0.450000
vt 0.625000 0.883333
vt 0.635417 0.000000
vt 0.625000 0.433333
vt 0.625000 0.866667
vt 0.625000 0.416667
vt 0.625000 0.850000
vt 0.625000 0.400000
vt 0.625000 0.833333
vt 0.625000 0.383333
vt 0.625000 0.816667
vt 0.625000 0.366667
vt 0.625000 0.800000
vt 0.625000 0.350000
vt 0.625000 0.783333
vt 0.625000 0.333333
vt 0.625000 0.766667
vt 0.625000 0.316667
vt 0.625000 0.750000
vt 0.625000 0.300000
vt 0.625000 0.733333
vt 0.625000 0.283333
vt 0.625000 0.716667
vt 0.625000 0.266667
vt 0.625000 0.700000
vt 0.625000 0.250000
vt 0.625000 0.683333
vt 0.625000 0.233333
vt 0.625000 0.666667
vt 0.625000 0.216667
vt 0.625000 0.650000
vt 0.625000 0.200000
vt 0.625000 0.633333
vt 0.625000 0.183333
vt 0.625000 0.616667
vt 0.625000 0.166667
vt 0.625000 0.600000
vt 0.625000 0.150000
vt 0.625000 0.583333
vt 0.625000 0.133333
vt 0.625000 0.566667
vt 0.625000 0.116667
vt 0.625000 0.550000
vt 0.635417 1.000000
vt 0.625000 0.983333
vt 0.625000 0.100000
vt 0.625000 0.533333
vt 0.625000 0.966667
vt 0.625000 0.083333
vt 0.625000 0.516667
vt 0.625000 0.950000
vt 0.625000 0.066667
vt 0.625000 0.500000
vt 0.625000 0.933333
vt 0.625000 0.050000
vt 0.625000 0.483333
vt 0.604167 0.750000
vt 0.604167 0.733333
vt 0.604167 0.300000
vt 0.604167 0.283333
vt 0.604167 0.716667
vt 0.604167 0.266667
vt 0.604167 0.700000
vt 0.604167 0.250000
vt 0.604167 0.683333
vt 0.604167 0.233333
vt 0.604167 0.666667
vt 0.604167 0.216667
vt 0.604167 0.650000
vt 0.604167 0.200000
vt 0.604167 0.633333
vt 0.604167 0.183333
vt 0.604167 0.616667
vt 0.604167 0.166667
vt 0.604167 0.600000
vt 0.604167 0.150000
vt 0.604167 0.583333
vt 0.604167 0.133333
vt 0.604167 0.566667
vt 0.604167 0.116667
vt 0.604167 0.550000
vt 0.614583 1.000000
vt 0.604167 0.983333
vt 0.604167 0.100000
vt 0.604167 0.533333
vt 0.604167 0.966667
vt 0.604167 0.083333
vt 0.604167 0.516667
vt 0.604167 0.950000
vt 0.604167 0.066667
vt 0.604167 0.500000
vt 0.604167 0.933333
vt 0.604167 0.050000
vt 0.604167 0.483333
vt 0.604167 0.916667
vt 0.604167 0.033333
vt 0.604167 0.466667
vt 0.604167 0.900000
vt 0.604167 0.016667
vt 0.604167 0.450000
vt 0.604167 0.883333
vt 0.614583 0.000000
vt 0.604167 0.433333
vt 0.604167 0.866667
vt 0.604167 0.416667
vt 0.604167 0.850000
vt 0.604167 0.400000
vt 0.604167 0.833333
vt 0.604167 0.383333
vt 0.604167 0.816667
vt 0.604167 0.366667
vt 0.604167 0.800000
vt 0.604167 0.350000
vt 0.604167 0.783333
vt 0.604167 0.333333
vt 0.604167 0.766667
vt 0.604167 0.316667
vt 0.583333 0.583333
vt 0.583333 0.566667
vt 0.583333 0.133333
vt 0.583333 0.116667
vt 0.583333 0.550000
vt 0.593750 1.000000
vt 0.583333 0.983333
vt 0.583333 0.100000
vt 0.583333 0.533333
vt 0.583333 0.966667
vt 0.583333 0.083333
vt 0.583333 0.516667
vt 0.583333 0.950000
vt 0.583333 0.066667
vt 0.583333 0.500000
vt 0.583333 0.933333
vt 0.583333 0.050000
vt 0.583333 0.483333
vt 0.583333 0.916667
vt 0.583333 0.033333
vt 0.583333 0.466667
vt 0.583333 0.900000
vt 0.583333 0.016667
vt 0.583333 0.450000
vt 0.583333 0.883333
vt 0.593750 0.000000
vt 0.583333 0.433333
vt 0.583333 0.866667
vt 0.583333 0.416667
vt 0.583333 0.850000
vt 0.583333 0.400000
vt 0.583333 0.833333
vt 0.583333 0.383333
vt 0.583333 0.816667
vt 0.583333 0.366667
vt 0.583333 0.800000
vt 0.583333 0.350000
vt 0.583333 0.783333
vt 0.583333 0.333333
vt 0.583333 0.766667
vt 0.583333 0.316667
vt 0.583333 0.750000
vt 0.583333 0.300000
vt 0.583333 0.733333
vt 0.583333 0.283333
vt 0.583333 0.716667
vt 0.583333 0.266667
vt 0.583333 0.700000
vt 0.583333 0.250000
vt 0.583333 0.683333
vt 0.583333 0.233333
vt 0.583333 0.666667
vt 0.583333 0.216667
vt 0.583333 0.650000
vt 0.583333 0.200000
vt 0.583333 0.633333
vt 0.583333 0.183333
vt 0.583333 0.616667
vt 0.583333 0.166667
vt 0.583333 0.600000
vt 0.583333 0.150000
vt 0.562500 0.416667
vt 0.562500 0.400000
vt 0.562500 0.850000
vt 0.562500 0.833333
vt 0.562500 0.383333
vt 0.562500 0.816667
vt 0.562500 0.366667
vt 0.562500 0.800000
vt 0.562500 0.350000
vt 0.562500 0.783333
vt 0.562500 0.333333
vt 0.562500 0.766667
vt 0.562500 0.316667
vt 0.562500 0.750000
vt 0.562500 0.300000
vt 0.562500 0.733333
vt 0.562500 0.283333
vt 0.562500 0.716667
vt 0.562500 0.266667
vt 0.562500 0.700000
vt 0.562500 0.250000
vt 0.562500 0.683333
vt 0.562500 0.233333
vt 0.562500 0.666667
vt 0.562500 0.216667
vt 0.562500 0.650000
vt 0.562500 0.200000
vt 0.562500 0.633333
vt 0.562500 0.183333
vt 0.562500 0.616667
vt 0.562500 0.166667
vt 0.562500 0.600000
vt 0.562500 0.150000
vt 0.562500 0.583333
vt 0.562500 0.133333
vt 0.562500 0.566667
vt 0.562500 0.116667
vt 0.562500 0.550000
vt 0.572917 1.000000
vt 0.562500 0.983333
vt 0.562500 0.100000
vt 0.562500 0.533333
vt 0.562500 0.966667
vt 0.562500 0.083333
vt 0.562500 0.516667
vt 0.562500 0.950000
vt 0.562500 0.066667
vt 0.562500 0.500000
vt 0.562500 0.933333
vt 0.562500 0.050000
vt 0.562500 0.483333
vt 0.562500 0.916667
vt 0.562500 0.033333
vt 0.562500 0.466667
vt 0.562500 0.900000
vt 0.562500 0.016667
vt 0.562500 0.450000
vt 0.562500 0.883333
vt 0.572917 0.000000
vt 0.562500 0.433333
vt 0.562500 0.866667
vt 0.541667 0.250000
vt 0.541667 0.233333
vt 0.541667 0.683333
vt 0.541667 0.666667
vt 0.541667 0.216667
vt 0.541667 0.650000
vt 0.541667 0.200000
vt 0.541667 0.633333
vt 0.541667 0.183333
vt 0.541667 0.616667
vt 0.541667 0.166667
vt 0.541667 0.600000
vt 0.541667 0.150000
vt 0.541667 0.583333
vt 0.541667 0.133333
vt 0.541667 0.566667
vt 0.541667 0.116667
vt 0.541667 0.550000
vt 0.552083 1.000000
vt 0.541667 0.983333
vt 0.541667 0.100000
vt 0.541667 0.533333
vt 0.541667 0.966667
vt 0.541667 0.083333
vt 0.541667 0.516667
vt 0.541667 0.950000
vt 0.541667 0.066667
vt 0.541667 0.500000
vt 0.541667 0.933333
vt 0.541667 0.050000
vt 0.541667 0.483333
vt 0.541667 0.916667
vt 0.541667 0.033333
vt 0.541667 0.466667
vt 0.541667 0.900000
vt 0.541667 0.016667
vt 0.541667 0.450000
vt 0.541667 0.883333
vt 0.552083 0.000000
vt 0.541667 0.433333
vt 0.541667 0.866667
vt 0.541667 0.416667
vt 0.541667 0.850000
vt 0.541667 0.400000
vt 0.541667 0.833333
vt 0.541667 0.383333
vt 0.541667 0.816667
vt 0.541667 0.366667
vt 0.541667 0.800000
vt 0.541667 0.350000
vt 0.541667 0.783333
vt 0.541667 0.333333
vt 0.541667 0.766667
vt 0.541667 0.316667
vt 0.541667 0.750000
vt 0.541667 0.300000
vt 0.541667 0.733333
vt 0.541667 0.283333
vt 0.541667 0.716667
vt 0.541667 0.266667
vt 0.541667 0.700000
vt 0.520833 0.083333
vt 0.520833 0.066667
vt 0.520833 0.516667
vt 0.520833 0.500000
vt 0.520833 0.950000
vt 0.520833 0.933333
vt 0.520833 0.050000
vt 0.520833 0.483333
vt 0.520833 0.916667
vt 0.520833 0.033333
vt 0.520833 0.466667
vt 0.520833 0.900000
vt 0.520833 0.016667
vt 0.520833 0.450000
vt 0.520833 0.883333
vt 0.531250 0.000000
vt 0.520833 0.433333
vt 0.520833 0.866667
vt 0.520833 0.416667
vt 0.520833 0.850000
vt 0.520833 0.400000
vt 0.520833 0.833333
vt 0.520833 0.383333
vt 0.520833 0.816667
vt 0.520833 0.366667
vt 0.520833 0.800000
vt 0.520833 0.350000
vt 0.520833 0.783333
vt 0.520833 0.333333
vt 0.520833 0.766667
vt 0.520833 0.316667
vt 0.520833 0.750000
vt 0.520833 0.300000
vt 0.520833 0.733333
vt 0.520833 0.283333
vt 0.520833 0.716667
vt 0.520833 0.266667
vt 0.520833 0.700000
vt 0.520833 0.250000
vt 0.520833 0.683333
vt 0.520833 0.233333
vt 0.520833 0.666667
vt 0.520833 0.216667
vt 0.520833 0.650000
vt 0.520833 0.200000
vt 0.520833 0.633333
vt 0.520833 0.183333
vt 0.520833 0.616667
vt 0.520833 0.166667
vt 0.520833 0.600000
vt 0.520833 0.150000
vt 0.520833 0.583333
vt 0.520833 0.133333
vt 0.520833 0.566667
vt 0.520833 0.116667
vt 0.520833 0.550000
vt 0.531250 1.000000
vt 0.520833 0.983333
vt 0.520833 0.100000
vt 0.520833 0.533333
vt 0.520833 0.966667
vt 0.500000 0.350000
vt 0.500000 0.333333
vt 0.500000 0.783333
vt 0.500000 0.766667
vt 0.500000 0.316667
vt 0.500000 0.750000
vt 0.500000 0.300000
vt 0.500000 0.733333
vt 0.500000 0.283333
vt 0.500000 0.716667
vt 0.500000 0.266667
vt 0.500000 0.700000
vt 0.500000 0.250000
vt 0.500000 0.683333
vt 0.500000 0.233333
vt 0.500000 0.666667
vt 0.500000 0.216667
vt 0.500000 0.650000
vt 0.500000 0.200000
vt 0.500000 0.633333
vt 0.500000 0.183333
vt 0.500000 0.616667
vt 0.500000 0.166667
vt 0.500000 0.600000
vt 0.500000 0.150000
vt 0.500000 0.583333
vt 0.500000 0.133333
vt 0.500000 0.566667
vt 0.500000 0.116667
vt 0.500000 0.550000
vt 0.510417 1.000000
vt 0.500000 0.983333
vt 0.500000 0.100000
vt 0.500000 0.533333
vt 0.500000 0.966667
vt 0.500000 0.083333
vt 0.500000 0.516667
vt 0.500000 0.950000
vt 0.500000 0.066667
vt 0.500000 0.500000
vt 0.500000 0.933333
vt 0.500000 0.050000
vt 0.500000 0.483333
vt 0.500000 0.916667
vt 0.500000 0.033333
vt 0.500000 0.466667
vt 0.500000 0.900000
vt 0.500000 0.016667
vt 0.500000 0.450000
vt 0.500000 0.883333
vt 0.510417 0.000000
vt 0.500000 0.433333
vt 0.500000 0.866667
vt 0.500000 0.416667
vt 0.500000 0.850000
vt 0.500000 0.400000
vt 0.500000 0.833333
vt 0.500000 0.383333
vt 0.500000 0.816667
vt 0.500000 0.366667
vt 0.500000 0.800000
vt 0.479167 0.183333
vt 0.479167 0.166667
vt 0.479167 0.616667
vt 0.479167 0.600000
vt 0.479167 0.150000
vt 0.479167 0.583333
vt 0.479167 0.133333
vt 0.479167 0.566667
vt 0.479167 0.116667
vt 0.479167 0.550000
vt 0.489583 1.000000
vt 0.479167 0.983333
vt 0.479167 0.100000
vt 0.479167 0.533333
vt 0.479167 0.966667
vt 0.479167 0.083333
vt 0.479167 0.516667
vt 0.479167 0.950000
vt 0.479167 0.066667
vt 0.479167 0.500000
vt 0.479167 0.933333
vt 0.479167 0.050000
vt 0.479167 0.483333
vt 0.479167 0.916667
vt 0.479167 0.033333
vt 0.479167 0.466667
vt 0.479167 0.900000
vt 0.479167 0.016667
vt 0.479167 0.450000
vt 0.479167 0.883333
vt 0.489583 0.000000
vt 0.479167 0.433333
vt 0.479167 0.866667
vt 0.479167 0.416667
vt 0.479167 0.850000
vt 0.479167 0.400000
vt 0.479167 0.833333
vt 0.479167 0.383333
vt 0.479167 0.816667
vt 0.479167 0.366667
vt 0.479167 0.800000
vt 0.479167 0.350000
vt 0.479167 0.783333
vt 0.479167 0.333333
vt 0.479167 0.766667
vt 0.479167 0.316667
vt 0.479167 0.750000
vt 0.479167 0.300000
vt 0.479167 0.733333
vt 0.479167 0.283333
vt 0.479167 0.716667
vt 0.479167 0.266667
vt 0.479167 0.700000
vt 0.479167 0.250000
vt 0.479167 0.683333
vt 0.479167 0.233333
vt 0.479167 0.666667
vt 0.479167 0.216667
vt 0.479167 0.650000
vt 0.479167 0.200000
vt 0.479167 0.633333
vt 0.468750 0.000000
vt 0.458333 0.016667
vt 0.458333 0.450000
vt 0.458333 0.433333
vt 0.458333 0.883333
vt 0.458333 0.866667
vt 0.458333 0.416667
vt 0.458333 0.850000
vt 0.458333 0.400000
vt 0.458333 0.833333
vt 0.458333 0.383333
vt 0.458333 0.816667
vt 0.458333 0.366667
vt 0.458333 0.800000
vt 0.458333 0.350000
vt 0.458333 0.783333
vt 0.458333 0.333333
vt 0.458333 0.766667
vt 0.458333 0.316667
vt 0.458333 0.750000
vt 0.458333 0.300000
vt 0.458333 0.733333
vt 0.458333 0.283333
vt 0.458333 0.716667
vt 0.458333 0.266667
vt 0.458333 0.700000
vt 0.458333 0.250000
vt 0.458333 0.683333
vt 0.458333 0.233333
vt 0.458333 0.666667
vt 0.458333 0.216667
vt 0.458333 0.650000
vt 0.458333 0.200000
vt 0.458333 0.633333
vt 0.458333 0.183333
vt 0.458333 0.616667
vt 0.458333 0.166667
vt 0.458333 0.600000
vt 0.458333 0.150000
vt 0.458333 0.583333
vt 0.458333 0.133333
vt 0.458333 0.566667
vt 0.458333 0.116667
vt 0.458333 0.550000
vt 0.468750 1.000000
vt 0.458333 0.983333
vt 0.458333 0.100000
vt 0.458333 0.533333
vt 0.458333 0.966667
vt 0.458333 0.083333
vt 0.458333 0.516667
vt 0.458333 0.950000
vt 0.458333 0.066667
vt 0.458333 0.500000
vt 0.458333 0.933333
vt 0.458333 0.050000
vt 0.458333 0.483333
vt 0.458333 0.916667
vt 0.458333 0.033333
vt 0.458333 0.466667
vt 0.458333 0.900000
vt 0.437500 0.433333
vt 0.437500 0.416667
vt 0.437500 0.866667
vt 0.437500 0.850000
vt 0.437500 0.400000
vt 0.437500 0.833333
vt 0.437500 0.383333
vt 0.437500 0.816667
vt 0.437500 0.366667
vt 0.437500 0.800000
vt 0.437500 0.350000
vt 0.437500 0.783333
vt 0.437500 0.333333
vt 0.437500 0.766667
vt 0.437500 0.316667
vt 0.437500 0.750000
vt 0.437500 0.300000
vt 0.437500 0.733333
vt 0.437500 0.283333
vt 0.437500 0.716667
vt 0.437500 0.266667
vt 0.437500 0.700000
vt 0.447917 1.000000
vt 0.437500 0.983333
vt 0.437500 0.250000
vt 0.437500 0.683333
vt 0.437500 0.966667
vt 0.437500 0.233333
vt 0.437500 0.666667
vt 0.437500 0.950000
vt 0.437500 0.216667
vt 0.437500 0.650000
vt 0.437500 0.933333
vt 0.437500 0.200000
vt 0.437500 0.633333
vt 0.437500 0.916667
vt 0.437500 0.183333
vt 0.437500 0.616667
vt 0.437500 0.166667
vt 0.437500 0.600000
vt 0.437500 0.150000
vt 0.437500 0.583333
vt 0.437500 0.133333
vt 0.437500 0.566667
vt 0.437500 0.116667
vt 0.437500 0.550000
vt 0.437500 0.100000
vt 0.437500 0.533333
vt 0.437500 0.083333
vt 0.437500 0.516667
vt 0.437500 0.066667
vt 0.437500 0.500000
vt 0.437500 0.050000
vt 0.437500 0.483333
vt 0.437500 0.033333
vt 0.437500 0.466667
vt 0.437500 0.900000
vt 0.437500 0.016667
vt 0.437500 0.450000
vt 0.437500 0.883333
vt 0.447917 0.000000
vt 0.416667 0.266667
vt 0.416667 0.250000
vt 0.416667 0.700000
vt 0.416667 0.683333
vt 0.416667 0.233333
vt 0.416667 0.666667
vt 0.416667 0.216667
vt 0.416667 0.650000
vt 0.416667 0.200000
vt 0.416667 0.633333
vt 0.416667 0.183333
vt 0.416667 0.616667
vt 0.416667 0.166667
vt 0.416667 0.600000
vt 0.416667 0.150000
vt 0.416667 0.583333
vt 0.416667 0.133333
vt 0.416667 0.566667
vt 0.416667 0.116667
vt 0.416667 0.550000
vt 0.427083 1.000000
vt 0.416667 0.983333
vt 0.416667 0.100000
vt 0.416667 0.533333
vt 0.416667 0.966667
vt 0.416667 0.083333
vt 0.416667 0.516667
vt 0.416667 0.950000
vt 0.416667 0.066667
vt 0.416667 0.500000
vt 0.416667 0.933333
vt 0.416667 0.050000
vt 0.416667 0.483333
vt 0.416667 0.916667
vt 0.416667 0.033333
vt 0.416667 0.466667
vt 0.416667 0.900000
vt 0.416667 0.016667
vt 0.416667 0.450000
vt 0.416667 0.883333
vt 0.427083 0.000000
vt 0.416667 0.433333
vt 0.416667 0.866667
vt 0.416667 0.416667
vt 0.416667 0.850000
vt 0.416667 0.400000
vt 0.416667 0.833333
vt 0.416667 0.383333
vt 0.416667 0.816667
vt 0.416667 0.366667
vt 0.416667 0.800000
vt 0.416667 0.350000
vt 0.416667 0.783333
vt 0.416667 0.333333
vt 0.416667 0.766667
vt 0.416667 0.316667
vt 0.416667 0.750000
vt 0.416667 0.300000
vt 0.416667 0.733333
vt 0.416667 0.283333
vt 0.416667 0.716667
vt 0.395833 0.100000
vt 0.395833 0.083333
vt 0.395833 0.533333
vt 0.395833 0.516667
vt 0.395833 0.966667
vt 0.395833 0.950000
vt 0.395833 0.066667
vt 0.395833 0.500000
vt 0.395833 0.933333
vt 0.395833 0.050000
vt 0.395833 0.483333
vt 0.395833 0.916667
vt 0.395833 0.033333
vt 0.395833 0.466667
vt 0.395833 0.900000
vt 0.395833 0.016667
vt 0.395833 0.450000
vt 0.395833 0.883333
vt 0.406250 0.000000
vt 0.395833 0.433333
vt 0.395833 0.866667
vt 0.395833 0.416667
vt 0.395833 0.850000
vt 0.395833 0.400000
vt 0.395833 0.833333
vt 0.395833 0.383333
vt 0.395833 0.816667
vt 0.395833 0.366667
vt 0.395833 0.800000
vt 0.395833 0.350000
vt 0.395833 0.783333
vt 0.395833 0.333333
vt 0.395833 0.766667
vt 0.395833 0.316667
vt 0.395833 0.750000
vt 0.395833 0.300000
vt 0.395833 0.733333
vt 0.395833 0.283333
vt 0.395833 0.716667
vt 0.395833 0.266667
vt 0.395833 0.700000
vt 0.395833 0.250000
vt 0.395833 0.683333
vt 0.395833 0.233333
vt 0.395833 0.666667
vt 0.395833 0.216667
vt 0.395833 0.650000
vt 0.395833 0.200000
vt 0.395833 0.633333
vt 0.395833 0.183333
vt 0.395833 0.616667
vt 0.395833 0.166667
vt 0.395833 0.600000
vt 0.395833 0.150000
vt 0.395833 0.583333
vt 0.395833 0.133333
vt 0.395833 0.566667
vt 0.395833 0.116667
vt 0.395833 0.550000
vt 0.406250 1.000000
vt 0.395833 0.983333
vt 0.375000 0.366667
vt 0.375000 0.350000
vt 0.375000 0.800000
vt 0.375000 0.783333
vt 0.375000 0.333333
vt 0.375000 0.766667
vt 0.375000 0.316667
vt 0.375000 0.750000
vt 0.375000 0.300000
vt 0.375000 0.733333
vt 0.375000 0.283333
vt 0.375000 0.716667
vt 0.375000 0.266667
vt 0.375000 0.700000
vt 0.375000 0.250000
vt 0.375000 0.683333
vt 0.375000 0.233333
vt 0.375000 0.666667
vt 0.375000 0.216667
vt 0.375000 0.650000
vt 0.375000 0.200000
vt 0.375000 0.633333
vt 0.375000 0.183333
vt 0.375000 0.616667
vt 0.375000 0.166667
vt 0.375000 0.600000
vt 0.375000 0.150000
vt 0.375000 0.583333
vt 0.375000 0.133333
vt 0.375000 0.566667
vt 0.375000 0.116667
vt 0.375000 0.550000
vt 0.385417 1.000000
vt 0.375000 0.983333
vt 0.375000 0.100000
vt 0.375000 0.533333
vt 0.375000 0.966667
vt 0.375000 0.083333
vt 0.375000 0.516667
vt 0.375000 0.950000
vt 0.375000 0.066667
vt 0.375000 0.500000
vt 0.375000 0.933333
vt 0.375000 0.050000
vt 0.375000 0.483333
vt 0.375000 0.916667
vt 0.375000 0.033333
vt 0.375000 0.466667
vt 0.375000 0.900000
vt 0.375000 0.016667
vt 0.375000 0.450000
vt 0.375000 0.883333
vt 0.385417 0.000000
vt 0.375000 0.433333
vt 0.375000 0.866667
vt 0.375000 0.416667
vt 0.375000 0.850000
vt 0.375000 0.400000
vt 0.375000 0.833333
vt 0.375000 0.383333
vt 0.375000 0.816667
vt 0.354167 0.200000
vt 0.354167 0.183333
vt 0.354167 0.633333
vt 0.354167 0.616667
vt 0.354167 0.166667
vt 0.354167 0.600000
vt 0.354167 0.150000
vt 0.354167 0.583333
vt 0.354167 0.133334
vt 0.354167 0.566667
vt 0.354167 0.116667
vt 0.354167 0.550000
vt 0.364583 1.000000
vt 0.354167 0.983333
vt 0.354167 0.100000
vt 0.354167 0.533333
vt 0.354167 0.966667
vt 0.354167 0.083333
vt 0.354167 0.516667
vt 0.354167 0.950000
vt 0.354167 0.066667
vt 0.354167 0.500000
vt 0.354167 0.933333
vt 0.354167 0.050000
vt 0.354167 0.483333
vt 0.354167 0.916667
vt 0.354167 0.033333
vt 0.354167 0.466667
vt 0.354167 0.900000
vt 0.354167 0.016667
vt 0.354167 0.450000
vt 0.354167 0.883333
vt 0.364583 0.000000
vt 0.354167 0.433333
vt 0.354167 0.866667
vt 0.354167 0.416667
vt 0.354167 0.850000
vt 0.354167 0.400000
vt 0.354167 0.833333
vt 0.354167 0.383333
vt 0.354167 0.816667
vt 0.354167 0.366667
vt 0.354167 0.800000
vt 0.354167 0.350000
vt 0.354167 0.783333
vt 0.354167 0.333333
vt 0.354167 0.766667
vt 0.354167 0.316667
vt 0.354167 0.750000
vt 0.354167 0.300000
vt 0.354167 0.733333
vt 0.354167 0.283333
vt 0.354167 0.716667
vt 0.354167 0.266667
vt 0.354167 0.700000
vt 0.354167 0.250000
vt 0.354167 0.683333
vt 0.354167 0.233333
vt 0.354167 0.666667
vt 0.354167 0.216667
vt 0.354167 0.650000
vt 0.333333 0.033333
vt 0.333333 0.016667
vt 0.333333 0.466667
vt 0.333333 0.450000
vt 0.333333 0.900000
vt 0.333333 0.883333
vt 0.343750 0.000000
vt 0.333333 0.433333
vt 0.333333 0.866667
vt 0.333333 0.416667
vt 0.333333 0.850000
vt 0.333333 0.400000
vt 0.333333 0.833333
vt 0.333333 0.383333
vt 0.333333 0.816667
vt 0.333333 0.366667
vt 0.333333 0.800000
vt 0.333333 0.350000
vt 0.333333 0.783333
vt 0.333333 0.333333
vt 0.333333 0.766667
vt 0.333333 0.316667
vt 0.333333 0.750000
vt 0.333333 0.300000
vt 0.333333 0.733333
vt 0.333333 0.283333
vt 0.333333 0.716667
vt 0.333333 0.266667
vt 0.333333 0.700000
vt 0.333333 0.250000
vt 0.333333 0.683333
vt 0.333333 0.233333
vt 0.333333 0.666667
vt 0.333333 0.216667
vt 0.333333 0.650000
vt 0.333333 0.200000
vt 0.333333 0.633333
vt 0.333333 0.183333
vt 0.333333 0.616667
vt 0.333333 0.166667
vt 0.333333 0.600000
vt 0.333333 0.150000
vt 0.333333 0.583333
vt 0.333333 0.133334
vt 0.333333 0.566667
vt 0.333333 0.116667
vt 0.333333 0.550000
vt 0.343750 1.000000
vt 0.333333 0.983333
vt 0.333333 0.100000
vt 0.333333 0.533333
vt 0.333333 0.966667
vt 0.333333 0.083333
vt 0.333333 0.516667
vt 0.333333 0.950000
vt 0.333333 0.066667
vt 0.333333 0.500000
vt 0.333333 0.933333
vt 0.333333 0.050000
vt 0.333333 0.483333
vt 0.333333 0.916667
vt 0.312500 0.300000
vt 0.312500 0.283333
vt 0.312500 0.733333
vt 0.312500 0.716667
vt 0.312500 0.266667
vt 0.312500 0.700000
vt 0.312500 0.250000
vt 0.312500 0.683333
vt 0.312500 0.233333
vt 0.312500 0.666667
vt 0.312500 0.216667
vt 0.312500 0.650000
vt 0.312500 0.200000
vt 0.312500 0.633333
vt 0.312500 0.183333
vt 0.312500 0.616667
vt 0.312500 0.166667
vt 0.312500 0.600000
vt 0.312500 0.150000
vt 0.312500 0.583333
vt 0.312500 0.133334
vt 0.312500 0.566667
vt 0.312500 0.116667
vt 0.312500 0.550000
vt 0.322917 1.000000
vt 0.312500 0.983333
vt 0.312500 0.100000
vt 0.312500 0.533333
vt 0.312500 0.966667
vt 0.312500 0.083333
vt 0.312500 0.516667
vt 0.312500 0.950000
vt 0.312500 0.066667
vt 0.312500 0.500000
vt 0.312500 0.933333
vt 0.312500 0.050000
vt 0.312500 0.483333
vt 0.312500 0.916667
vt 0.312500 0.033333
vt 0.312500 0.466667
vt 0.312500 0.900000
vt 0.312500 0.016667
vt 0.312500 0.450000
vt 0.312500 0.883333
vt 0.322917 0.000000
vt 0.312500 0.433333
vt 0.312500 0.866667
vt 0.312500 0.416667
vt 0.312500 0.850000
vt 0.312500 0.400000
vt 0.312500 0.833333
vt 0.312500 0.383333
vt 0.312500 0.816667
vt 0.312500 0.366667
vt 0.312500 0.800000
vt 0.312500 0.350000
vt 0.312500 0.783333
vt 0.312500 0.333333
vt 0.312500 0.766667
vt 0.312500 0.316667
vt 0.312500 0.750000
vt 0.291667 0.133334
vt 0.291667 0.116667
vt 0.291667 0.566667
vt 0.291667 0.550000
vt 0.302083 1.000000
vt 0.291667 0.983333
vt 0.291667 0.100000
vt 0.291667 0.533333
vt 0.291667 0.966667
vt 0.291667 0.083333
vt 0.291667 0.516667
vt 0.291667 0.950000
vt 0.291667 0.066667
vt 0.291667 0.500000
vt 0.291667 0.933333
vt 0.291667 0.050000
vt 0.291667 0.483333
vt 0.291667 0.916667
vt 0.291667 0.033333
vt 0.291667 0.466667
vt 0.291667 0.900000
vt 0.291667 0.016667
vt 0.291667 0.450000
vt 0.291667 0.883333
vt 0.302083 0.000000
vt 0.291667 0.433333
vt 0.291667 0.866667
vt 0.291667 0.416667
vt 0.291667 0.850000
vt 0.291667 0.400000
vt 0.291667 0.833333
vt 0.291667 0.383333
vt 0.291667 0.816667
vt 0.291667 0.366667
vt 0.291667 0.800000
vt 0.291667 0.350000
vt 0.291667 0.783333
vt 0.291667 0.333333
vt 0.291667 0.766667
vt 0.291667 0.316667
vt 0.291667 0.750000
vt 0.291667 0.300000
vt 0.291667 0.733333
vt 0.291667 0.283333
vt 0.291667 0.716667
vt 0.291667 0.266667
vt 0.291667 0.700000
vt 0.291667 0.250000
vt 0.291667 0.683333
vt 0.291667 0.233333
vt 0.291667 0.666667
vt 0.291667 0.216667
vt 0.291667 0.650000
vt 0.291667 0.200000
vt 0.291667 0.633333
vt 0.291667 0.183333
vt 0.291667 0.616667
vt 0.291667 0.166667
vt 0.291667 0.600000
vt 0.291667 0.150000
vt 0.291667 0.583333
vt 0.270833 0.400000
vt 0.270833 0.383333
vt 0.270833 0.833333
vt 0.270833 0.816667
vt 0.270833 0.366667
vt 0.270833 0.800000
vt 0.270833 0.350000
vt 0.270833 0.783333
vt 0.270833 0.333333
vt 0.270833 0.766667
vt 0.270833 0.316667
vt 0.270833 0.750000
vt 0.270833 0.300000
vt 0.270833 0.733333
vt 0.270833 0.283333
vt 0.270833 0.716667
vt 0.270833 0.266667
vt 0.270833 0.700000
vt 0.270833 0.250000
vt 0.270833 0.683333
vt 0.270833 0.233333
vt 0.270833 0.666667
vt 0.270833 0.216667
vt 0.270833 0.650000
vt 0.270833 0.200000
vt 0.270833 0.633333
vt 0.270833 0.183333
vt 0.270833 0.616667
vt 0.270833 0.166667
vt 0.270833 0.600000
vt 0.270833 0.150000
vt 0.270833 0.583333
vt 0.270833 0.133334
vt 0.270833 0.566667
vt 0.270833 0.116667
vt 0.270833 0.550000
vt 0.281250 1.000000
vt 0.270833 0.983333
vt 0.270833 0.100000
vt 0.270833 0.533333
vt 0.270833 0.966667
vt 0.270833 0.083333
vt 0.270833 0.516667
vt 0.270833 0.950000
vt 0.270833 0.066667
vt 0.270833 0.500000
vt 0.270833 0.933333
vt 0.270833 0.050000
vt 0.270833 0.483333
vt 0.270833 0.916667
vt 0.270833 0.033333
vt 0.270833 0.466667
vt 0.270833 0.900000
vt 0.270833 0.016667
vt 0.270833 0.450000
vt 0.270833 0.883333
vt 0.281250 0.000000
vt 0.270833 0.433333
vt 0.270833 0.866667
vt 0.270833 0.416667
vt 0.270833 0.850000
vt 0.250000 0.233334
vt 0.250000 0.216667
vt 0.250000 0.666667
vt 0.250000 0.650000
vt 0.250000 0.200000
vt 0.250000 0.633333
vt 0.250000 0.183333
vt 0.250000 0.616667
vt 0.250000 0.166667
vt 0.250000 0.600000
vt 0.250000 0.150000
vt 0.250000 0.583333
vt 0.250000 0.133334
vt 0.250000 0.566667
vt 0.250000 0.116667
vt 0.250000 0.550000
vt 0.260417 1.000000
vt 0.250000 0.983333
vt 0.250000 0.100000
vt 0.250000 0.533333
vt 0.250000 0.966667
vt 0.250000 0.083333
vt 0.250000 0.516667
vt 0.250000 0.950000
vt 0.250000 0.066667
vt 0.250000 0.500000
vt 0.250000 0.933333
vt 0.250000 0.050000
vt 0.250000 0.483333
vt 0.250000 0.916667
vt 0.250000 0.033333
vt 0.250000 0.466667
vt 0.250000 0.900000
vt 0.250000 0.016667
vt 0.250000 0.450000
vt 0.250000 0.883333
vt 0.260417 0.000000
vt 0.250000 0.433333
vt 0.250000 0.866667
vt 0.250000 0.416667
vt 0.250000 0.850000
vt 0.250000 0.400000
vt 0.250000 0.833333
vt 0.250000 0.383333
vt 0.250000 0.816667
vt 0.250000 0.366667
vt 0.250000 0.800000
vt 0.250000 0.350000
vt 0.250000 0.783333
vt 0.250000 0.333333
vt 0.250000 0.766667
vt 0.250000 0.316667
vt 0.250000 0.750000
vt 0.250000 0.300000
vt 0.250000 0.733333
vt 0.250000 0.283333
vt 0.250000 0.716667
vt 0.250000 0.266667
vt 0.250000 0.700000
vt 0.250000 0.250000
vt 0.250000 0.683333
vt 0.229167 0.950000
vt 0.229167 0.933333
vt 0.229167 0.066667
vt 0.229167 0.050000
vt 0.229167 0.500000
vt 0.229167 0.483333
vt 0.229167 0.916667
vt 0.229167 0.033333
vt 0.229167 0.466667
vt 0.229167 0.900000
vt 0.229167 0.016667
vt 0.229167 0.450000
vt 0.229167 0.883333
vt 0.239583 0.000000
vt 0.229167 0.433333
vt 0.229167 0.866667
vt 0.229167 0.416667
vt 0.229167 0.850000
vt 0.229167 0.400000
vt 0.229167 0.833333
vt 0.229167 0.383333
vt 0.229167 0.816667
vt 0.229167 0.366667
vt 0.229167 0.800000
vt 0.229167 0.350000
vt 0.229167 0.783333
vt 0.229167 0.333333
vt 0.229167 0.766667
vt 0.229167 0.316667
vt 0.229167 0.750000
vt 0.229167 0.300000
vt 0.229167 0.733333
vt 0.229167 0.283333
vt 0.229167 0.716667
vt 0.229167 0.266667
vt 0.229167 0.700000
vt 0.229167 0.250000
vt 0.229167 0.683333
vt 0.229167 0.233334
vt 0.229167 0.666667
vt 0.229167 0.216667
vt 0.229167 0.650000
vt 0.229167 0.200000
vt 0.229167 0.633333
vt 0.229167 0.183333
vt 0.229167 0.616667
vt 0.229167 0.166667
vt 0.229167 0.600000
vt 0.229167 0.150000
vt 0.229167 0.583333
vt 0.229167 0.133334
vt 0.229167 0.566667
vt 0.229167 0.116667
vt 0.229167 0.550000
vt 0.239583 1.000000
vt 0.229167 0.983333
vt 0.229167 0.100000
vt 0.229167 0.533333
vt 0.229167 0.966667
vt 0.229167 0.083333
vt 0.229167 0.516667
vt 0.208333 0.783333
vt 0.208333 0.766667
vt 0.208333 0.333333
vt 0.208333 0.316667
vt 0.208333 0.750000
vt 0.208333 0.300000
vt 0.208333 0.733333
vt 0.208333 0.283333
vt 0.208333 0.716667
vt 0.208333 0.266667
vt 0.208333 0.700000
vt 0.208333 0.250000
vt 0.208333 0.683333
vt 0.208333 0.233334
vt 0.208333 0.666667
vt 0.208333 0.216667
vt 0.208333 0.650000
vt 0.208333 0.200000
vt 0.208333 0.633333
vt 0.208333 0.183333
vt 0.208333 0.616667
vt 0.208333 0.166667
vt 0.208333 0.600000
vt 0.208333 0.150000
vt 0.208333 0.583333
vt 0.208333 0.133334
vt 0.208333 0.566667
vt 0.208333 0.116667
vt 0.208333 0.550000
vt 0.218750 1.000000
vt 0.208333 0.983333
vt 0.208333 0.100000
vt 0.208333 0.533333
vt 0.208333 0.966667
vt 0.208333 0.083333
vt 0.208333 0.516667
vt 0.208333 0.950000
vt 0.208333 0.066667
vt 0.208333 0.500000
vt 0.208333 0.933333
vt 0.208333 0.050000
vt 0.208333 0.483333
vt 0.208333 0.916667
vt 0.208333 0.033333
vt 0.208333 0.466667
vt 0.208333 0.900000
vt 0.208333 0.016667
vt 0.208333 0.450000
vt 0.208333 0.883333
vt 0.218750 0.000000
vt 0.208333 0.433333
vt 0.208333 0.866667
vt 0.208333 0.416667
vt 0.208333 0.850000
vt 0.208333 0.400000
vt 0.208333 0.833333
vt 0.208333 0.383333
vt 0.208333 0.816667
vt 0.208333 0.366667
vt 0.208333 0.800000
vt 0.208333 0.350000
vt 0.187500 0.616667
vt 0.187500 0.600000
vt 0.187500 0.166667
vt 0.187500 0.150000
vt 0.187500 0.583333
vt 0.187500 0.133334
vt 0.187500 0.566667
vt 0.187500 0.116667
vt 0.187500 0.550000
vt 0.197917 1.000000
vt 0.187500 0.983333
vt 0.187500 0.100000
vt 0.187500 0.533333
vt 0.187500 0.966667
vt 0.187500 0.083333
vt 0.187500 0.516667
vt 0.187500 0.950000
vt 0.187500 0.066667
vt 0.187500 0.500000
vt 0.187500 0.933333
vt 0.187500 0.050000
vt 0.187500 0.483333
vt 0.187500 0.916667
vt 0.187500 0.033333
vt 0.187500 0.466667
vt 0.187500 0.900000
vt 0.187500 0.016667
vt 0.187500 0.450000
vt 0.187500 0.883333
vt 0.197917 0.000000
vt 0.187500 0.433333
vt 0.187500 0.866667
vt 0.187500 0.416667
vt 0.187500 0.850000
vt 0.187500 0.400000
vt 0.187500 0.833333
vt 0.187500 0.383333
vt 0.187500 0.816667
vt 0.187500 0.366667
vt 0.187500 0.800000
vt 0.187500 0.350000
vt 0.187500 0.783333
vt 0.187500 0.333333
vt 0.187500 0.766667
vt 0.187500 0.316667
vt 0.187500 0.750000
vt 0.187500 0.300000
vt 0.187500 0.733333
vt 0.187500 0.283333
vt 0.187500 0.716667
vt 0.187500 0.266667
vt 0.187500 0.700000
vt 0.187500 0.250000
vt 0.187500 0.683333
vt 0.187500 0.233334
vt 0.187500 0.666667
vt 0.187500 0.216667
vt 0.187500 0.650000
vt 0.187500 0.200000
vt 0.187500 0.633333
vt 0.187500 0.183333
vt 0.166667 0.450000
vt 0.166667 0.433333
vt 0.166667 0.883333
vt 0.166667 0.866667
vt 0.166667 0.416667
vt 0.166667 0.850000
vt 0.166667 0.400000
vt 0.166667 0.833333
vt 0.166667 0.383333
vt 0.166667 0.816667
vt 0.166667 0.366667
vt 0.166667 0.800000
vt 0.166667 0.350000
vt 0.166667 0.783333
vt 0.166667 0.333333
vt 0.166667 0.766667
vt 0.166667 0.316667
vt 0.166667 0.750000
vt 0.166667 0.300000
vt 0.166667 0.733333
vt 0.166667 0.283333
vt 0.166667 0.716667
vt 0.166667 0.266667
vt 0.166667 0.700000
vt 0.166667 0.250000
vt 0.166667 0.683333
vt 0.166667 0.233334
vt 0.166667 0.666667
vt 0.166667 0.216667
vt 0.166667 0.650000
vt 0.166667 0.200000
vt 0.166667 0.633333
vt 0.166667 0.183333
vt 0.166667 0.616667
vt 0.166667 0.166667
vt 0.166667 0.600000
vt 0.166667 0.150000
vt 0.166667 0.583333
vt 0.166667 0.133334
vt 0.166667 0.566667
vt 0.166667 0.116667
vt 0.166667 0.550000
vt 0.177083 1.000000
vt 0.166667 0.983333
vt 0.166667 0.100000
vt 0.166667 0.533333
vt 0.166667 0.966667
vt 0.166667 0.083333
vt 0.166667 0.516667
vt 0.166667 0.950000
vt 0.166667 0.066667
vt 0.166667 0.500000
vt 0.166667 0.933333
vt 0.166667 0.050000
vt 0.166667 0.483333
vt 0.166667 0.916667
vt 0.166667 0.033333
vt 0.166667 0.466667
vt 0.166667 0.900000
vt 0.166667 0.016667
vt 0.177083 0.000000
vt 0.145833 0.166667
vt 0.145833 0.150000
vt 0.145833 0.600000
vt 0.145833 0.583333
vt 0.145833 0.133334
vt 0.145833 0.566667
vt 0.145833 0.116667
vt 0.145833 0.550000
vt 0.156250 1.000000
vt 0.145833 0.983333
vt 0.145833 0.100000
vt 0.145833 0.533333
vt 0.145833 0.966667
vt 0.145833 0.083333
vt 0.145833 0.516667
vt 0.145833 0.950000
vt 0.145833 0.066667
vt 0.145833 0.500000
vt 0.145833 0.933333
vt 0.145833 0.050000
vt 0.145833 0.483333
vt 0.145833 0.916667
vt 0.145833 0.033333
vt 0.145833 0.466667
vt 0.145833 0.900000
vt 0.145833 0.016667
vt 0.145833 0.450000
vt 0.145833 0.883333
vt 0.156250 0.000000
vt 0.145833 0.433333
vt 0.145833 0.866667
vt 0.145833 0.416667
vt 0.145833 0.850000
vt 0.145833 0.400000
vt 0.145833 0.833333
vt 0.145833 0.383333
vt 0.145833 0.816667
vt 0.145833 0.366667
vt 0.145833 0.800000
vt 0.145833 0.350000
vt 0.145833 0.783333
vt 0.145833 0.333333
vt 0.145833 0.766667
vt 0.145833 0.316667
vt 0.145833 0.750000
vt 0.145833 0.300000
vt 0.145833 0.733333
vt 0.145833 0.283333
vt 0.145833 0.716667
vt 0.145833 0.266667
vt 0.145833 0.700000
vt 0.145833 0.250000
vt 0.145833 0.683333
vt 0.145833 0.233334
vt 0.145833 0.666667
vt 0.145833 0.216667
vt 0.145833 0.650000
vt 0.145833 0.200000
vt 0.145833 0.633333
vt 0.145833 0.183333
vt 0.145833 0.616667
vt 0.125000 0.433333
vt 0.125000 0.416667
vt 0.125000 0.866667
vt 0.125000 0.850000
vt 0.125000 0.400000
vt 0.125000 0.833333
vt 0.125000 0.383333
vt 0.125000 0.816667
vt 0.125000 0.366667
vt 0.125000 0.800000
vt 0.125000 0.350000
vt 0.125000 0.783333
vt 0.125000 0.333333
vt 0.125000 0.766667
vt 0.125000 0.316667
vt 0.125000 0.750000
vt 0.125000 0.300000
vt 0.125000 0.733333
vt 0.125000 0.283333
vt 0.125000 0.716667
vt 0.125000 0.266667
vt 0.125000 0.700000
vt 0.125000 0.250000
vt 0.125000 0.683333
vt 0.125000 0.233334
vt 0.125000 0.666667
vt 0.125000 0.216667
vt 0.125000 0.650000
vt 0.125000 0.200000
vt 0.125000 0.633333
vt 0.125000 0.183333
vt 0.125000 0.616667
vt 0.125000 0.166667
vt 0.125000 0.600000
vt 0.125000 0.150000
vt 0.125000 0.583333
vt 0.125000 0.133334
vt 0.125000 0.566667
vt 0.125000 0.116667
vt 0.125000 0.550000
vt 0.135417 1.000000
vt 0.125000 0.983333
vt 0.125000 0.100000
vt 0.125000 0.533333
vt 0.125000 0.966667
vt 0.125000 0.083333
vt 0.125000 0.516667
vt 0.125000 0.950000
vt 0.125000 0.066667
vt 0.125000 0.500000
vt 0.125000 0.933333
vt 0.125000 0.050000
vt 0.125000 0.483333
vt 0.125000 0.916667
vt 0.125000 0.033333
vt 0.125000 0.466667
vt 0.125000 0.900000
vt 0.125000 0.016667
vt 0.125000 0.450000
vt 0.125000 0.883333
vt 0.135417 0.000000
vt 0.104167 0.266667
vt 0.104167 0.250000
vt 0.104167 0.700000
vt 0.104167 0.683333
vt 0.104167 0.233334
vt 0.104167 0.666667
vt 0.104167 0.216667
vt 0.104167 0.650000
vt 0.104167 0.200000
vt 0.104167 0.633333
vt 0.104167 0.183333
vt 0.104167 0.616667
vt 0.104167 0.166667
vt 0.104167 0.600000
vt 0.104167 0.150000
vt 0.104167 0.583333
vt 0.104167 0.133334
vt 0.104167 0.566667
vt 0.104167 0.116667
vt 0.104167 0.550000
vt 0.114583 1.000000
vt 0.104167 0.983333
vt 0.104167 0.100000
vt 0.104167 0.533333
vt 0.104167 0.966667
vt 0.104167 0.083333
vt 0.104167 0.516667
vt 0.104167 0.950000
vt 0.104167 0.066667
vt 0.104167 0.500000
vt 0.104167 0.933333
vt 0.104167 0.050000
vt 0.104167 0.483333
vt 0.104167 0.916667
vt 0.104167 0.033333
vt 0.104167 0.466667
vt 0.104167 0.900000
vt 0.104167 0.016667
vt 0.104167 0.450000
vt 0.104167 0.883333
vt 0.114583 0.000000
vt 0.104167 0.433333
vt 0.104167 0.866667
vt 0.104167 0.416667
vt 0.104167 0.850000
vt 0.104167 0.400000
vt 0.104167 0.833333
vt 0.104167 0.383333
vt 0.104167 0.816667
vt 0.104167 0.366667
vt 0.104167 0.800000
vt 0.104167 0.350000
vt 0.104167 0.783333
vt 0.104167 0.333333
vt 0.104167 0.766667
vt 0.104167 0.316667
vt 0.104167 0.750000
vt 0.104167 0.300000
vt 0.104167 0.733333
vt 0.104167 0.283333
vt 0.104167 0.716667
vt 0.083333 0.100000
vt 0.083333 0.083333
vt 0.083333 0.533333
vt 0.083333 0.516667
vt 0.083333 0.966667
vt 0.083333 0.950000
vt 0.083333 0.066667
vt 0.083333 0.500000
vt 0.083333 0.933333
vt 0.083333 0.050000
vt 0.083333 0.483333
vt 0.083333 0.916667
vt 0.083333 0.033333
vt 0.083333 0.466667
vt 0.083333 0.900000
vt 0.083333 0.016667
vt 0.083333 0.450000
vt 0.083333 0.883333
vt 0.093750 0.000000
vt 0.083333 0.433333
vt 0.083333 0.866667
vt 0.083333 0.416667
vt 0.083333 0.850000
vt 0.083333 0.400000
vt 0.083333 0.833333
vt 0.083333 0.383333
vt 0.083333 0.816667
vt 0.083333 0.366667
vt 0.083333 0.800000
vt 0.083333 0.350000
vt 0.083333 0.783333
vt 0.083333 0.333333
vt 0.083333 0.766667
vt 0.083333 0.316667
vt 0.083333 0.750000
vt 0.083333 0.300000
vt 0.083333 0.733333
vt 0.083333 0.283333
vt 0.083333 0.716667
vt 0.083333 0.266667
vt 0.083333 0.700000
vt 0.083333 0.250000
vt 0.083333 0.683333
vt 0.083333 0.233334
vt 0.083333 0.666667
vt 0.083333 0.216667
vt 0.083333 0.650000
vt 0.083333 0.200000
vt 0.083333 0.633333
vt 0.083333 0.183333
vt 0.083333 0.616667
vt 0.083333 0.166667
vt 0.083333 0.600000
vt 0.083333 0.150000
vt 0.083333 0.583333
vt 0.083333 0.133334
vt 0.083333 0.566667
vt 0.083333 0.116667
vt 0.083333 0.550000
vt 0.093750 1.000000
vt 0.083333 0.983333
vt 0.062500 0.366667
vt 0.062500 0.350000
vt 0.062500 0.800000
vt 0.062500 0.783333
vt 0.062500 0.333333
vt 0.062500 0.766667
vt 0.062500 0.316667
vt 0.062500 0.750000
vt 0.062500 0.300000
vt 0.062500 0.733333
vt 0.062500 0.283333
vt 0.062500 0.716667
vt 0.062500 0.266667
vt 0.062500 0.700000
vt 0.062500 0.250000
vt 0.062500 0.683333
vt 0.062500 0.233334
vt 0.062500 0.666667
vt 0.062500 0.216667
vt 0.062500 0.650000
vt 0.062500 0.200000
vt 0.062500 0.633333
vt 0.062500 0.183333
vt 0.062500 0.616667
vt 0.062500 0.166667
vt 0.062500 0.600000
vt 0.062500 0.150000
vt 0.062500 0.583333
vt 0.062500 0.133334
vt 0.062500 0.566667
vt 0.062500 0.116667
vt 0.062500 0.550000
vt 0.072917 1.000000
vt 0.062500 0.983333
vt 0.062500 0.100000
vt 0.062500 0.533333
vt 0.062500 0.966667
vt 0.062500 0.083333
vt 0.062500 0.516667
vt 0.062500 0.950000
vt 0.062500 0.066667
vt 0.062500 0.500000
vt 0.062500 0.933333
vt 0.062500 0.050000
vt 0.062500 0.483333
vt 0.062500 0.916667
vt 0.062500 0.033333
vt 0.062500 0.466667
vt 0.062500 0.900000
vt 0.062500 0.016667
vt 0.062500 0.450000
vt 0.062500 0.883333
vt 0.072917 0.000000
vt 0.062500 0.433333
vt 0.062500 0.866667
vt 0.062500 0.416667
vt 0.062500 0.850000
vt 0.062500 0.400000
vt 0.062500 0.833333
vt 0.062500 0.383333
vt 0.062500 0.816667
vt 0.041667 0.200000
vt 0.041667 0.183333
vt 0.041667 0.633333
vt 0.041667 0.616667
vt 0.041667 0.166667
vt 0.041667 0.600000
vt 0.041667 0.150000
vt 0.041667 0.583333
vt 0.041667 0.133334
vt 0.041667 0.566667
vt 0.041667 0.116667
vt 0.041667 0.550000
vt 0.052083 1.000000
vt 0.041667 0.983333
vt 0.041667 0.100000
vt 0.041667 0.533333
vt 0.041667 0.966667
vt 0.041667 0.083333
vt 0.041667 0.516667
vt 0.041667 0.950000
vt 0.041667 0.066667
vt 0.041667 0.500000
vt 0.041667 0.933333
vt 0.041667 0.050000
vt 0.041667 0.483333
vt 0.041667 0.916667
vt 0.041667 0.033333
vt 0.041667 0.466667
vt 0.041667 0.900000
vt 0.041667 0.016667
vt 0.041667 0.450000
vt 0.041667 0.883333
vt 0.052083 0.000000
vt 0.041667 0.433333
vt 0.041667 0.866667
vt 0.041667 0.416667
vt 0.041667 0.850000
vt 0.041667 0.400000
vt 0.041667 0.833333
vt 0.041667 0.383333
vt 0.041667 0.816667
vt 0.041667 0.366667
vt 0.041667 0.800000
vt 0.041667 0.350000
vt 0.041667 0.783333
vt 0.041667 0.333333
vt 0.041667 0.766666
vt 0.041667 0.316667
vt 0.041667 0.750000
vt 0.041667 0.300000
vt 0.041667 0.733333
vt 0.041667 0.283333
vt 0.041667 0.716667
vt 0.041667 0.266667
vt 0.041667 0.700000
vt 0.041667 0.250000
vt 0.041667 0.683333
vt 0.041667 0.233334
vt 0.041667 0.666667
vt 0.041667 0.216667
vt 0.041667 0.650000
vt 0.020833 0.916667
vt 0.020833 0.900000
vt 0.020833 0.033333
vt 0.020833 0.016667
vt 0.020833 0.466667
vt 0.020833 0.450000
vt 0.020833 0.883333
vt 0.031250 0.000000
vt 0.020833 0.433333
vt 0.020833 0.866667
vt 0.020833 0.416667
vt 0.020833 0.850000
vt 0.020833 0.400000
vt 0.020833 0.833333
vt 0.020833 0.383333
vt 0.020833 0.816667
vt 0.020833 0.366667
vt 0.020833 0.800000
vt 0.020833 0.350000
vt 0.020833 0.783333
vt 0.020833 0.333333
vt 0.020833 0.766666
vt 0.020833 0.316667
vt 0.020833 0.750000
vt 0.020833 0.300000
vt 0.020833 0.733333
vt 0.020833 0.283333
vt 0.020833 0.716667
vt 0.020833 0.266667
vt 0.020833 0.700000
vt 0.020833 0.250000
vt 0.020833 0.683333
vt 0.020833 0.233334
vt 0.020833 0.666667
vt 0.020833 0.216667
vt 0.020833 0.650000
vt 0.020833 0.200000
vt 0.020833 0.633333
vt 0.020833 0.183333
vt 0.020833 0.616667
vt 0.020833 0.166667
vt 0.020833 0.600000
vt 0.020833 0.150000
vt 0.020833 0.583333
vt 0.020833 0.133334
vt 0.020833 0.566667
vt 0.020833 0.116667
vt 0.020833 0.550000
vt 0.031250 1.000000
vt 0.020833 0.983333
vt 0.020833 0.100000
vt 0.020833 0.533333
vt 0.020833 0.966667
vt 0.020833 0.083333
vt 0.020833 0.516667
vt 0.020833 0.950000
vt 0.020833 0.066667
vt 0.020833 0.500000
vt 0.020833 0.933333
vt 0.020833 0.050000
vt 0.020833 0.483333
vt 0.000000 0.750000
vt 0.000000 0.733333
vt 0.000000 0.300000
vt 0.000000 0.283333
vt 0.000000 0.716667
vt 0.000000 0.266667
vt 0.000000 0.700000
vt 0.000000 0.250000
vt 0.000000 0.683333
vt 0.000000 0.233334
vt 0.000000 0.666667
vt 0.000000 0.216667
vt 0.000000 0.650000
vt 0.000000 0.200000
vt 0.000000 0.633333
vt 0.000000 0.183333
vt 0.000000 0.616667
vt 0.000000 0.166667
vt 0.000000 0.600000
vt 0.000000 0.150000
vt 0.000000 0.583333
vt 0.000000 0.133334
vt 0.000000 0.566667
vt 0.000000 0.116667
vt 0.000000 0.550000
vt 0.010417 1.000000
vt 0.000000 0.983333
vt 0.000000 0.100000
vt 0.000000 0.533333
vt 0.000000 0.966667
vt 0.000000 0.083333
vt 0.000000 0.516667
vt 0.000000 0.950000
vt 0.000000 0.066667
vt 0.000000 0.500000
vt 0.000000 0.933333
vt 0.000000 0.050000
vt 0.000000 0.483333
vt 0.000000 0.916667
vt 0.000000 0.033333
vt 0.000000 0.466667
vt 0.000000 0.900000
vt 0.000000 0.016667
vt 0.000000 0.450000
vt 0.000000 0.883333
vt 0.010417 0.000000
vt 0.000000 0.433333
vt 0.000000 0.866667
vt 0.000000 0.416667
vt 0.000000 0.850000
vt 0.000000 0.400000
vt 0.000000 0.833333
vt 0.000000 0.383333
vt 0.000000 0.816667
vt 0.000000 0.366667
vt 0.000000 0.800000
vt 0.000000 0.350000
vt 0.000000 0.783333
vt 0.000000 0.333333
vt 0.000000 0.766666
vt 0.000000 0.316667
vt 1.000000 0.566667
vt 1.000000 0.583333
vt 0.979167 0.583333
vt 0.979167 0.566667
vt 1.000000 0.116667
vt 1.000000 0.133334
vt 0.979167 0.133334
vt 0.979167 0.116667
vt 1.000000 0.550000
vt 0.979167 0.550000
vt 1.000000 0.983333
vt 0.989583 1.000000
vt 0.979167 0.983333
vt 1.000000 0.100000
vt 0.979167 0.100000
vt 1.000000 0.533333
vt 0.979167 0.533333
vt 1.000000 0.966667
vt 0.979167 0.966667
vt 1.000000 0.083333
vt 0.979167 0.083333
vt 1.000000 0.516667
vt 0.979167 0.516667
vt 1.000000 0.950000
vt 0.979167 0.950000
vt 1.000000 0.066667
vt 0.979167 0.066667
vt 1.000000 0.500000
vt 0.979167 0.500000
vt 1.000000 0.933333
vt 0.979167 0.933333
vt 1.000000 0.050000
vt 0.979167 0.050000
vt 1.000000 0.483333
vt 0.979167 0.483333
vt 1.000000 0.916667
vt 0.979167 0.916667
vt 1.000000 0.033333
vt 0.979167 0.033333
vt 1.000000 0.466667
vt 0.979167 0.466667
vt 1.000000 0.900000
vt 0.979167 0.900000
vt 1.000000 0.016667
vt 0.979167 0.016667
vt 1.000000 0.450000
vt 0.979167 0.450000
vt 1.000000 0.883333
vt 0.979167 0.883333
vt 0.989583 0.000000
vt 1.000000 0.433333
vt 0.979167 0.433333
vt 1.000000 0.866667
vt 0.979167 0.866667
vt 1.000000 0.416667
vt 0.979167 0.416667
vt 1.000000 0.850000
vt 0.979167 0.850000
vt 1.000000 0.400000
vt 0.979167 0.400000
vt 1.000000 0.833333
vt 0.979167 0.833333
vt 1.000000 0.383333
vt 0.979167 0.383333
vt 1.000000 0.816667
vt 0.979167 0.816667
vt 1.000000 0.366667
vt 0.979167 0.366667
vt 1.000000 0.800000
vt 0.979167 0.800000
vt 1.000000 0.350000
vt 0.979167 0.350000
vt 1.000000 0.783333
vt 0.979167 0.783333
vt 1.000000 0.333333
vt 0.979167 0.333333
vt 1.000000 0.766666
vt 0.979167 0.766666
vt 1.000000 0.316667
vt 0.979167 0.316667
vt 1.000000 0.750000
vt 0.979167 0.750000
vt 1.000000 0.300000
vt 0.979167 0.300000
vt 1.000000 0.733333
vt 0.979167 0.733333
vt 1.000000 0.283333
vt 0.979167 0.283333
vt 1.000000 0.716667
vt 0.979167 0.716667
vt 1.000000 0.266667
vt 0.979167 0.266667
vt 1.000000 0.700000
vt 0.979167 0.700000
vt 1.000000 0.250000
vt 0.979167 0.250000
vt 1.000000 0.683333
vt 0.979167 0.683333
vt 1.000000 0.233334
vt 0.979167 0.233334
vt 1.000000 0.666667
vt 0.979167 0.666667
vt 1.000000 0.216667
vt 0.979167 0.216667
vt 1.000000 0.650000
vt 0.979167 0.650000
vt 1.000000 0.200000
vt 0.979167 0.200000
vt 1.000000 0.633333
vt 0.979167 0.633333
vt 1.000000 0.183333
vt 0.979167 0.183333
vt 1.000000 0.616667
vt 0.979167 0.616667
vt 1.000000 0.166667
vt 0.979167 0.166667
vt 1.000000 0.600000
vt 0.979167 0.600000
vt 1.000000 0.150000
vt 0.979167 0.150000
vt 0.958333 0.416667
vt 0.958333 0.400000
vt 0.958333 0.850000
vt 0.958333 0.833333
vt 0.958333 0.383333
vt 0.958333 0.816667
vt 0.958333 0.366667
vt 0.958333 0.800000
vt 0.958333 0.350000
vt 0.958333 0.783333
vt 0.958333 0.333333
vt 0.958333 0.766666
vt 0.958333 0.316667
vt 0.958333 0.750000
vt 0.958333 0.300000
vt 0.958333 0.733333
vt 0.958333 0.283333
vt 0.958333 0.716667
vt 0.958333 0.266667
vt 0.958333 0.700000
vt 0.958333 0.250000
vt 0.958333 0.683333
vt 0.958333 0.233334
vt 0.958333 0.666667
vt 0.958333 0.216667
vt 0.958333 0.650000
vt 0.958333 0.200000
vt 0.958333 0.633333
vt 0.958333 0.183333
vt 0.958333 0.616667
vt 0.958333 0.166667
vt 0.958333 0.600000
vt 0.958333 0.150000
vt 0.958333 0.583333
vt 0.958333 0.133334
vt 0.958333 0.566667
vt 0.958333 0.116667
vt 0.958333 0.550000
vt 0.968750 1.000000
vt 0.958333 0.983333
vt 0.958333 0.100000
vt 0.958333 0.533333
vt 0.958333 0.966667
vt 0.958333 0.083333
vt 0.958333 0.516667
vt 0.958333 0.950000
vt 0.958333 0.066667
vt 0.958333 0.500000
vt 0.958333 0.933333
vt 0.958333 0.050000
vt 0.958333 0.483333
vt 0.958333 0.916667
vt 0.958333 0.033333
vt 0.958333 0.466667
vt 0.958333 0.900000
vt 0.958333 0.016667
vt 0.958333 0.450000
vt 0.958333 0.883333
vt 0.968750 0.000000
vt 0.958333 0.433333
vt 0.958333 0.866667
vt 0.937500 0.250000
vt 0.937500 0.233334
vt 0.937500 0.683333
vt 0.937500 0.666667
vt 0.937500 0.216667
vt 0.937500 0.650000
vt 0.937500 0.200000
vt 0.937500 0.633333
vt 0.937500 0.183333
vt 0.937500 0.616667
vt 0.937500 0.166667
vt 0.937500 0.600000
vt 0.937500 0.150000
vt 0.937500 0.583333
vt 0.937500 0.133334
vt 0.937500 0.566667
vt 0.937500 0.116667
vt 0.937500 0.550000
vt 0.947917 1.000000
vt 0.937500 0.983333
vt 0.937500 0.100000
vt 0.937500 0.533333
vt 0.937500 0.966667
vt 0.937500 0.083333
vt 0.937500 0.516667
vt 0.937500 0.950000
vt 0.937500 0.066667
vt 0.937500 0.500000
vt 0.937500 0.933333
vt 0.937500 0.050000
vt 0.937500 0.483333
vt 0.937500 0.916667
vt 0.937500 0.033333
vt 0.937500 0.466667
vt 0.937500 0.900000
vt 0.937500 0.016667
vt 0.937500 0.450000
vt 0.937500 0.883333
vt 0.947917 0.000000
vt 0.937500 0.433333
vt 0.937500 0.866667
vt 0.937500 0.416667
vt 0.937500 0.850000
vt 0.937500 0.400000
vt 0.937500 0.833333
vt 0.937500 0.383333
vt 0.937500 0.816667
vt 0.937500 0.366667
vt 0.937500 0.800000
vt 0.937500 0.350000
vt 0.937500 0.783333
vt 0.937500 0.333333
vt 0.937500 0.766666
vt 0.937500 0.316667
vt 0.937500 0.750000
vt 0.937500 0.300000
vt 0.937500 0.733333
vt 0.937500 0.283333
vt 0.937500 0.716667
vt 0.937500 0.266667
vt 0.937500 0.700000
vt 0.916667 0.083333
vt 0.916667 0.066667
vt 0.916667 0.516667
vt 0.916667 0.500000
vt 0.916667 0.950000
vt 0.916667 0.933333
vt 0.916667 0.050000
vt 0.916667 0.483333
vt 0.916667 0.916667
vt 0.916667 0.033333
vt 0.916667 0.466667
vt 0.916667 0.900000
vt 0.916667 0.016667
vt 0.916667 0.450000
vt 0.916667 0.883333
vt 0.927083 0.000000
vt 0.916667 0.433333
vt 0.916667 0.866667
vt 0.916667 0.416667
vt 0.916667 0.850000
vt 0.916667 0.400000
vt 0.916667 0.833333
vt 0.916667 0.383333
vt 0.916667 0.816667
vt 0.916667 0.366667
vt 0.916667 0.800000
vt 0.916667 0.350000
vt 0.916667 0.783333
vt 0.916667 0.333333
vt 0.916667 0.766666
vt 0.916667 0.316667
vt 0.916667 0.750000
vt 0.916667 0.300000
vt 0.916667 0.733333
vt 0.916667 0.283333
vt 0.916667 0.716667
vt 0.916667 0.266667
vt 0.916667 0.700000
vt 0.916667 0.250000
vt 0.916667 0.683333
vt 0.916667 0.233334
vt 0.916667 0.666667
vt 0.916667 0.216667
vt 0.916667 0.650000
vt 0.916667 0.200000
vt 0.916667 0.633333
vt 0.916667 0.183333
vt 0.916667 0.616667
vt 0.916667 0.166667
vt 0.916667 0.600000
vt 0.916667 0.150000
vt 0.916667 0.583333
vt 0.916667 0.133334
vt 0.916667 0.566667
vt 0.916667 0.116667
vt 0.916667 0.550000
vt 0.927083 1.000000
vt 0.916667 0.983333
vt 0.916667 0.100000
vt 0.916667 0.533333
vt 0.916667 0.966667
vt 0.895833 0.350000
vt 0.895833 0.333333
vt 0.895833 0.783333
vt 0.895833 0.766666
vt 0.895833 0.316667
vt 0.895833 0.750000
vt 0.895833 0.300000
vt 0.895833 0.733333
vt 0.895833 0.283333
vt 0.895833 0.716667
vt 0.895833 0.266667
vt 0.895833 0.700000
vt 0.895833 0.250000
vt 0.895833 0.683333
vt 0.895833 0.233334
vt 0.895833 0.666667
vt 0.895833 0.216667
vt 0.895833 0.650000
vt 0.895833 0.200000
vt 0.895833 0.633333
vt 0.895833 0.183333
vt 0.895833 0.616667
vt 0.895833 0.166667
vt 0.895833 0.600000
vt 0.895833 0.150000
vt 0.895833 0.583333
vt 0.895833 0.133334
vt 0.895833 0.566667
vt 0.895833 0.116667
vt 0.895833 0.550000
vt 0.906250 1.000000
vt 0.895833 0.983333
vt 0.895833 0.100000
vt 0.895833 0.533333
vt 0.895833 0.966667
vt 0.895833 0.083333
vt 0.895833 0.516667
vt 0.895833 0.950000
vt 0.895833 0.066667
vt 0.895833 0.500000
vt 0.895833 0.933333
vt 0.895833 0.050000
vt 0.895833 0.483333
vt 0.895833 0.916667
vt 0.895833 0.033333
vt 0.895833 0.466667
vt 0.895833 0.900000
vt 0.895833 0.016667
vt 0.895833 0.450000
vt 0.895833 0.883333
vt 0.906250 0.000000
vt 0.895833 0.433333
vt 0.895833 0.866667
vt 0.895833 0.416667
vt 0.895833 0.850000
vt 0.895833 0.400000
vt 0.895833 0.833333
vt 0.895833 0.383333
vt 0.895833 0.816667
vt 0.895833 0.366667
vt 0.895833 0.800000
vt 0.875000 0.433333
vt 0.875000 0.416667
vt 0.875000 0.400000
vt 0.875000 0.383333
vt 0.875000 0.366667
vt 0.885417 1.000000
vt 0.875000 0.983333
vt 0.875000 0.350000
vt 0.875000 0.966667
vt 0.875000 0.333334
vt 0.875000 0.950000
vt 0.875000 0.316667
vt 0.875000 0.766666
vt 0.875000 0.750000
vt 0.875000 0.933333
vt 0.875000 0.300000
vt 0.875000 0.916667
vt 0.875000 0.733333
vt 0.875000 0.283333
vt 0.875000 0.900000
vt 0.875000 0.716667
vt 0.875000 0.266667
vt 0.875000 0.883333
vt 0.875000 0.700000
vt 0.875000 0.250000
vt 0.875000 0.683333
vt 0.875000 0.866666
vt 0.875000 0.233334
vt 0.875000 0.666667
vt 0.875000 0.850000
vt 0.875000 0.216667
vt 0.875000 0.650000
vt 0.875000 0.833333
vt 0.875000 0.200000
vt 0.875000 0.633333
vt 0.875000 0.816667
vt 0.875000 0.183333
vt 0.875000 0.616667
vt 0.875000 0.800000
vt 0.875000 0.166667
vt 0.875000 0.600000
vt 0.875000 0.783333
vt 0.875000 0.150000
vt 0.875000 0.583333
vt 0.875000 0.133334
vt 0.875000 0.566667
vt 0.875000 0.116667
vt 0.875000 0.550000
vt 0.875000 0.100000
vt 0.875000 0.533333
vt 0.875000 0.083333
vt 0.875000 0.516667
vt 0.875000 0.066667
vt 0.875000 0.500000
vt 0.875000 0.050000
vt 0.875000 0.483333
vt 0.875000 0.033333
vt 0.875000 0.466667
vt 0.875000 0.016667
vt 0.875000 0.450000
vt 0.885417 0.000000
vt 0.854167 0.266667
vt 0.854167 0.250000
vt 0.854167 0.700000
vt 0.854167 0.683333
vt 0.854167 0.233334
vt 0.854167 0.666667
vt 0.854167 0.216667
vt 0.854167 0.650000
vt 0.854167 0.200000
vt 0.854167 0.633333
vt 0.854167 0.183333
vt 0.854167 0.616667
vt 0.854167 0.166667
vt 0.854167 0.600000
vt 0.854167 0.150000
vt 0.854167 0.583333
vt 0.854167 0.133334
vt 0.854167 0.566667
vt 0.854167 0.116667
vt 0.854167 0.550000
vt 0.864583 1.000000
vt 0.854167 0.983333
vt 0.854167 0.100000
vt 0.854167 0.533333
vt 0.854167 0.966667
vt 0.854167 0.083333
vt 0.854167 0.516667
vt 0.854167 0.950000
vt 0.854167 0.066667
vt 0.854167 0.500000
vt 0.854167 0.933333
vt 0.854167 0.050000
vt 0.854167 0.483333
vt 0.854167 0.916667
vt 0.854167 0.033333
vt 0.854167 0.466667
vt 0.854167 0.900000
vt 0.854167 0.016667
vt 0.854167 0.450000
vt 0.854167 0.883333
vt 0.864583 0.000000
vt 0.854167 0.433333
vt 0.854167 0.866666
vt 0.854167 0.416667
vt 0.854167 0.850000
vt 0.854167 0.400000
vt 0.854167 0.833333
vt 0.854167 0.383333
vt 0.854167 0.816667
vt 0.854167 0.366667
vt 0.854167 0.800000
vt 0.854167 0.350000
vt 0.854167 0.783333
vt 0.854167 0.333333
vt 0.854167 0.766666
vt 0.854167 0.316667
vt 0.854167 0.750000
vt 0.854167 0.300000
vt 0.854167 0.733333
vt 0.854167 0.283333
vt 0.854167 0.716667
vt 0.833333 0.100000
vt 0.833333 0.083333
vt 0.833333 0.533333
vt 0.833333 0.516667
vt 0.833333 0.966667
vt 0.833333 0.950000
vt 0.833333 0.066667
vt 0.833333 0.500000
vt 0.833333 0.933333
vt 0.833333 0.050000
vt 0.833333 0.483333
vt 0.833333 0.916667
vt 0.833333 0.033333
vt 0.833333 0.466667
vt 0.833333 0.900000
vt 0.833333 0.016667
vt 0.833333 0.450000
vt 0.833333 0.883333
vt 0.843750 0.000000
vt 0.833333 0.433333
vt 0.833333 0.866666
vt 0.833333 0.416667
vt 0.833333 0.850000
vt 0.833333 0.400000
vt 0.833333 0.833333
vt 0.833333 0.383333
vt 0.833333 0.816667
vt 0.833333 0.366667
vt 0.833333 0.800000
vt 0.833333 0.350000
vt 0.833333 0.783333
vt 0.833333 0.333334
vt 0.833333 0.766666
vt 0.833333 0.316667
vt 0.833333 0.750000
vt 0.833333 0.300000
vt 0.833333 0.733333
vt 0.833333 0.283333
vt 0.833333 0.716667
vt 0.833333 0.266667
vt 0.833333 0.700000
vt 0.833333 0.250000
vt 0.833333 0.683333
vt 0.833333 0.233334
vt 0.833333 0.666667
vt 0.833333 0.216667
vt 0.833333 0.650000
vt 0.833333 0.200000
vt 0.833333 0.633333
vt 0.833333 0.183333
vt 0.833333 0.616667
vt 0.833333 0.166667
vt 0.833333 0.600000
vt 0.833333 0.150000
vt 0.833333 0.583333
vt 0.833333 0.133334
vt 0.833333 0.566667
vt 0.833333 0.116667
vt 0.833333 0.550000
vt 0.843750 1.000000
vt 0.833333 0.983333
vt 0.812500 0.366667
vt 0.812500 0.350000
vt 0.812500 0.800000
vt 0.812500 0.783333
vt 0.812500 0.333334
vt 0.812500 0.766666
vt 0.812500 0.316667
vt 0.812500 0.750000
vt 0.812500 0.300000
vt 0.812500 0.733333
vt 0.812500 0.283333
vt 0.812500 0.716667
vt 0.812500 0.266667
vt 0.812500 0.700000
vt 0.812500 0.250000
vt 0.812500 0.683333
vt 0.812500 0.233334
vt 0.812500 0.666667
vt 0.812500 0.216667
vt 0.812500 0.650000
vt 0.812500 0.200000
vt 0.812500 0.633333
vt 0.812500 0.183333
vt 0.812500 0.616667
vt 0.812500 0.166667
vt 0.812500 0.600000
vt 0.812500 0.150000
vt 0.812500 0.583333
vt 0.812500 0.133334
vt 0.812500 0.566667
vt 0.812500 0.116667
vt 0.812500 0.550000
vt 0.822917 1.000000
vt 0.812500 0.983333
vt 0.812500 0.100000
vt 0.812500 0.533333
vt 0.812500 0.966667
vt 0.812500 0.083333
vt 0.812500 0.516667
vt 0.812500 0.950000
vt 0.812500 0.066667
vt 0.812500 0.500000
vt 0.812500 0.933333
vt 0.812500 0.050000
vt 0.812500 0.483333
vt 0.812500 0.916667
vt 0.812500 0.033333
vt 0.812500 0.466667
vt 0.812500 0.900000
vt 0.812500 0.016667
vt 0.812500 0.450000
vt 0.812500 0.883333
vt 0.822917 0.000000
vt 0.812500 0.433333
vt 0.812500 0.866666
vt 0.812500 0.416667
vt 0.812500 0.850000
vt 0.812500 0.400000
vt 0.812500 0.833333
vt 0.812500 0.383333
vt 0.812500 0.816667
vt 0.791667 0.200000
vt 0.791667 0.183333
vt 0.791667 0.633333
vt 0.791667 0.616667
vt 0.791667 0.166667
vt 0.791667 0.600000
vt 0.791667 0.150000
vt 0.791667 0.583333
vt 0.791667 0.133334
vt 0.791667 0.566667
vt 0.791667 0.116667
vt 0.791667 0.550000
vt 0.802083 1.000000
vt 0.791667 0.983333
vt 0.791667 0.100000
vt 0.791667 0.533333
vt 0.791667 0.966667
vt 0.791667 0.083333
vt 0.791667 0.516667
vt 0.791667 0.950000
vt 0.791667 0.066667
vt 0.791667 0.500000
vt 0.791667 0.933333
vt 0.791667 0.050000
vt 0.791667 0.483333
vt 0.791667 0.916667
vt 0.791667 0.033333
vt 0.791667 0.466667
vt 0.791667 0.900000
vt 0.791667 0.016667
vt 0.791667 0.450000
vt 0.791667 0.883333
vt 0.802083 0.000000
vt 0.791667 0.433333
vt 0.791667 0.866666
vt 0.791667 0.416667
vt 0.791667 0.850000
vt 0.791667 0.400000
vt 0.791667 0.833333
vt 0.791667 0.383333
vt 0.791667 0.816667
vt 0.791667 0.366667
vt 0.791667 0.800000
vt 0.791667 0.350000
vt 0.791667 0.783333
vt 0.791667 0.333334
vt 0.791667 0.766666
vt 0.791667 0.316667
vt 0.791667 0.750000
vt 0.791667 0.300000
vt 0.791667 0.733333
vt 0.791667 0.283333
vt 0.791667 0.716667
vt 0.791667 0.266667
vt 0.791667 0.700000
vt 0.791667 0.250000
vt 0.791667 0.683333
vt 0.791667 0.233334
vt 0.791667 0.666667
vt 0.791667 0.216667
vt 0.791667 0.650000
vt 0.770833 0.916667
vt 0.770833 0.900000
vt 0.770833 0.033333
vt 0.770833 0.016667
vt 0.770833 0.466667
vt 0.770833 0.450000
vt 0.770833 0.883333
vt 0.781250 0.000000
vt 0.770833 0.433333
vt 0.770833 0.866666
vt 0.770833 0.416667
vt 0.770833 0.850000
vt 0.770833 0.400000
vt 0.770833 0.833333
vt 0.770833 0.383333
vt 0.770833 0.816667
vt 0.770833 0.366667
vt 0.770833 0.800000
vt 0.770833 0.350000
vt 0.770833 0.783333
vt 0.770833 0.333334
vt 0.770833 0.766666
vt 0.770833 0.316667
vt 0.770833 0.750000
vt 0.770833 0.300000
vt 0.770833 0.733333
vt 0.770833 0.283333
vt 0.770833 0.716667
vt 0.770833 0.266667
vt 0.770833 0.700000
vt 0.770833 0.250000
vt 0.770833 0.683333
vt 0.770833 0.233334
vt 0.770833 0.666667
vt 0.770833 0.216667
vt 0.770833 0.650000
vt 0.770833 0.200000
vt 0.770833 0.633333
vt 0.770833 0.183333
vt 0.770833 0.616667
vt 0.770833 0.166667
vt 0.770833 0.600000
vt 0.770833 0.150000
vt 0.770833 0.583333
vt 0.770833 0.133334
vt 0.770833 0.566667
vt 0.770833 0.116667
vt 0.770833 0.550000
vt 0.781250 1.000000
vt 0.770833 0.983333
vt 0.770833 0.100000
vt 0.770833 0.533333
vt 0.770833 0.966667
vt 0.770833 0.083333
vt 0.770833 0.516667
vt 0.770833 0.950000
vt 0.770833 0.066667
vt 0.770833 0.500000
vt 0.770833 0.933333
vt 0.770833 0.050000
vt 0.770833 0.483333
vt 0.760417 1.000000
vt 0.760417 0.000000
s 1
f 22/1/1 21/2/2 77/3/3 78/4/4
f 46/5/5 45/6/6 104/7/7 105/8/8
f 23/9/9 22/1/1 78/4/4 79/10/10
f 1/11/11 1882/12/12 53/13/13
f 47/14/14 46/5/5 105/8/8 106/15/15
f 24/16/16 23/9/9 79/10/10 80/17/17
f 2/18/18 1/11/11 53/13/13 54/19/19
f 48/20/20 47/14/14 106/15/15 107/21/21
f 2832/22/22 24/16/16 80/17/17 81/23/23
f 2828/24/24 2/18/18 54/19/19 55/25/25
f 49/26/26 48/20/20 107/21/21 108/27/27
f 25/28/28 2832/22/22 81/23/23 82/29/29
f 3/30/30 2828/24/24 55/25/25 56/31/31
f 50/32/32 49/26/26 108/27/27 109/33/33
f 26/34/34 25/28/28 82/29/29 83/35/35
f 4/36/36 3/30/30 56/31/31 57/37/37
f 51/38/38 50/32/32 109/33/33 110/39/39
f 2833/40/40 26/34/34 83/35/35 84/41/41
f 2829/42/42 4/36/36 57/37/37 58/43/43
f 52/44/44 51/38/38 110/39/39 111/45/45
f 27/46/46 2833/40/40 84/41/41 85/47/47
f 5/48/48 2829/42/42 58/43/43 59/49/49
f 2827/50/50 52/44/44 111/45/45
f 28/51/51 27/46/46 85/47/47 86/52/52
f 6/53/53 5/48/48 59/49/49 60/54/54
f 29/55/55 28/51/51 86/52/52 87/56/56
f 7/57/57 6/53/53 60/54/54 61/58/58
f 30/59/59 29/55/55 87/56/56 88/60/60
f 8/61/61 7/57/57 61/58/58 62/62/62
f 31/63/63 30/59/59 88/60/60 89/64/64
f 9/65/65 8/61/61 62/62/62 63/66/66
f 2834/67/67 31/63/63 89/64/64 90/68/68
f 10/69/69 9/65/65 63/66/66 64/70/70
f 32/71/71 2834/67/67 90/68/68 91/72/72
f 2830/73/73 10/69/69 64/70/70 65/74/74
f 33/75/75 32/71/71 91/72/72 92/76/76
f 11/77/77 2830/73/73 65/74/74 66/78/78
f 34/79/79 33/75/75 92/76/76 93/80/80
f 12/81/81 11/77/77 66/78/78 67/82/82
f 35/83/83 34/79/79 93/80/80 94/84/84
f 13/85/85 12/81/81 67/82/82 68/86/86
f 36/87/87 35/83/83 94/84/84 95/88/88
f 14/89/89 13/85/85 68/86/86 69/90/90
f 37/91/91 36/87/87 95/88/88 96/92/92
f 2831/93/93 14/89/89 69/90/90 70/94/94
f 38/95/95 37/91/91 96/92/92 97/96/96
f 15/97/97 2831/93/93 70/94/94 71/98/98
f 39/99/99 38/95/95 97/96/96 98/100/100
f 16/101/101 15/97/97 71/98/98 72/102/102
f 40/103/103 39/99/99 98/100/100 99/104/104
f 17/105/105 16/101/101 72/102/102 73/106/106
f 41/107/107 40/103/103 99/104/104 100/108/108
f 18/109/109 17/105/105 73/106/106 74/110/110
f 42/111/111 41/107/107 100/108/108 101/112/112
f 19/113/113 18/109/109 74/110/110 75/114/114
f 43/115/115 42/111/111 101/112/112 102/116/116
f 20/117/117 19/113/113 75/114/114 76/118/118
f 44/119/119 43/115/115 102/116/116 103/120/120
f 21/2/2 20/117/117 76/118/118 77/3/3
f 45/6/6 44/119/119 103/120/120 104/7/7
f 97/96/96 96/92/92 155/121/121 156/122/122
f 71/98/98 70/94/94 129/123/123 130/124/124
f 98/100/100 97/96/96 156/122/122 157/125/125
f 72/102/102 71/98/98 130/124/124 131/126/126
f 99/104/104 98/100/100 157/125/125 158/127/127
f 73/106/106 72/102/102 131/126/126 132/128/128
f 100/108/108 99/104/104 158/127/127 159/129/129
f 74/110/110 73/106/106 132/128/128 133/130/130
f 101/112/112 100/108/108 159/129/129 160/131/131
f 75/114/114 74/110/110 133/130/130 134/132/132
f 102/116/116 101/112/112 160/131/131 161/133/133
f 76/118/118 75/114/114 134/132/132 135/134/134
f 103/120/120 102/116/116 161/133/133 162/135/135
f 77/3/3 76/118/118 135/134/134 136/136/136
f 104/7/7 103/120/120 162/135/135 163/137/137
f 78/4/4 77/3/3 136/136/136 137/138/138
f 105/8/8 104/7/7 163/137/137 164/139/139
f 79/10/10 78/4/4 137/138/138 138/140/140
f 53/13/13 1882/141/12 112/142/141
f 106/15/15 105/8/8 164/139/139 165/143/142
f 80/17/17 79/10/10 138/140/140 139/144/143
f 54/19/19 53/13/13 112/142/141 113/145/144
f 107/21/21 106/15/15 165/143/142 166/146/145
f 81/23/23 80/17/17 139/144/143 140/147/146
f 55/25/25 54/19/19 113/145/144 114/148/147
f 108/27/27 107/21/21 166/146/145 167/149/148
f 82/29/29 81/23/23 140/147/146 141/150/149
f 56/31/31 55/25/25 114/148/147 115/151/150
f 109/33/33 108/27/27 167/149/148 168/152/151
f 83/35/35 82/29/29 141/150/149 142/153/152
f 57/37/37 56/31/31 115/151/150 116/154/153
f 110/39/39 109/33/33 168/152/151 169/155/154
f 84/41/41 83/35/35 142/153/152 143/156/155
f 58/43/43 57/37/37 116/154/153 117/157/156
f 111/45/45 110/39/39 169/155/154 170/158/157
f 85/47/47 84/41/41 143/156/155 144/159/158
f 59/49/49 58/43/43 117/157/156 118/160/159
f 2827/161/50 111/45/45 170/158/157
f 86/52/52 85/47/47 144/159/158 145/162/160
f 60/54/54 59/49/49 118/160/159 119/163/161
f 87/56/56 86/52/52 145/162/160 146/164/162
f 61/58/58 60/54/54 119/163/161 120/165/163
f 88/60/60 87/56/56 146/164/162 147/166/164
f 62/62/62 61/58/58 120/165/163 121/167/165
f 89/64/64 88/60/60 147/166/164 148/168/166
f 63/66/66 62/62/62 121/167/165 122/169/167
f 90/68/68 89/64/64 148/168/166 149/170/168
f 64/70/70 63/66/66 122/169/167 123/171/169
f 91/72/72 90/68/68 149/170/168 150/172/170
f 65/74/74 64/70/70 123/171/169 124/173/171
f 92/76/76 91/72/72 150/172/170 151/174/172
f 66/78/78 65/74/74 124/173/171 125/175/173
f 93/80/80 92/76/76 151/174/172 152/176/174
f 67/82/82 66/78/78 125/175/173 126/177/175
f 94/84/84 93/80/80 152/176/174 153/178/176
f 68/86/86 67/82/82 126/177/175 127/179/177
f 95/88/88 94/84/84 153/178/176 154/180/178
f 69/90/90 68/86/86 127/179/177 128/181/179
f 96/92/92 95/88/88 154/180/178 155/121/121
f 70/94/94 69/90/90 128/181/179 129/123/123
f 166/146/145 165/143/142 224/182/180 225/183/181
f 140/147/146 139/144/143 198/184/182 199/185/183
f 114/148/147 113/145/144 172/186/184 173/187/185
f 167/149/148 166/146/145 225/183/181 226/188/186
f 141/150/149 140/147/146 199/185/183 200/189/187
f 115/151/150 114/148/147 173/187/185 174/190/188
f 168/152/151 167/149/148 226/188/186 227/191/189
f 142/153/152 141/150/149 200/189/187 201/192/190
f 116/154/153 115/151/150 174/190/188 175/193/191
f 169/155/154 168/152/151 227/191/189 228/194/192
f 143/156/155 142/153/152 201/192/190 202/195/193
f 117/157/156 116/154/153 175/193/191 176/196/194
f 170/158/157 169/155/154 228/194/192 229/197/195
f 144/159/158 143/156/155 202/195/193 203/198/196
f 118/160/159 117/157/156 176/196/194 177/199/197
f 2827/200/50 170/158/157 229/197/195
f 145/162/160 144/159/158 203/198/196 204/201/198
f 119/163/161 118/160/159 177/199/197 178/202/199
f 146/164/162 145/162/160 204/201/198 205/203/200
f 120/165/163 119/163/161 178/202/199 179/204/201
f 147/166/164 146/164/162 205/203/200 206/205/202
f 121/167/165 120/165/163 179/204/201 180/206/203
f 148/168/166 147/166/164 206/205/202 207/207/204
f 122/169/167 121/167/165 180/206/203 181/208/205
f 149/170/168 148/168/166 207/207/204 208/209/206
f 123/171/169 122/169/167 181/208/205 182/210/207
f 150/172/170 149/170/168 208/209/206 209/211/208
f 124/173/171 123/171/169 182/210/207 183/212/209
f 151/174/172 150/172/170 209/211/208 210/213/210
f 125/175/173 124/173/171 183/212/209 184/214/211
f 152/176/174 151/174/172 210/213/210 211/215/212
f 126/177/175 125/175/173 184/214/211 185/216/213
f 153/178/176 152/176/174 211/215/212 212/217/214
f 127/179/177 126/177/175 185/216/213 186/218/215
f 154/180/178 153/178/176 212/217/214 213/219/216
f 128/181/179 127/179/177 186/218/215 187/220/217
f 155/121/121 154/180/178 213/219/216 214/221/218
f 129/123/123 128/181/179 187/220/217 188/222/219
f 156/122/122 155/121/121 214/221/218 215/223/220
f 130/124/124 129/123/123 188/222/219 189/224/221
f 157/125/125 156/122/122 215/223/220 216/225/222
f 131/126/126 130/124/124 189/224/221 190/226/223
f 158/127/127 157/125/125 216/225/222 217/227/224
f 132/128/128 131/126/126 190/226/223 191/228/225
f 159/129/129 158/127/127 217/227/224 218/229/226
f 133/130/130 132/128/128 191/228/225 192/230/227
f 160/131/131 159/129/129 218/229/226 219/231/228
f 134/132/132 133/130/130 192/230/227 193/232/229
f 161/133/133 160/131/131 219/231/228 220/233/230
f 135/134/134 134/132/132 193/232/229 194/234/231
f 162/135/135 161/133/133 220/233/230 221/235/232
f 136/136/136 135/134/134 194/234/231 195/236/233
f 163/137/137 162/135/135 221/235/232 222/237/234
f 137/138/138 136/136/136 195/236/233 196/238/235
f 164/139/139 163/137/137 222/237/234 223/239/236
f 138/140/140 137/138/138 196/238/235 197/240/237
f 112/142/141 1882/241/12 171/242/238
f 165/143/142 164/139/139 223/239/236 224/182/180
f 139/144/143 138/140/140 197/240/237 198/184/182
f 113/145/144 112/142/141 171/242/238 172/186/184
f 209/211/208 208/209/206 267/243/239 268/244/240
f 183/212/209 182/210/207 241/245/241 242/246/242
f 210/213/210 209/211/208 268/244/240 269/247/243
f 184/214/211 183/212/209 242/246/242 243/248/244
f 211/215/212 210/213/210 269/247/243 270/249/245
f 185/216/213 184/214/211 243/248/244 244/250/246
f 212/217/214 211/215/212 270/249/245 271/251/247
f 186/218/215 185/216/213 244/250/246 245/252/248
f 213/219/216 212/217/214 271/251/247 272/253/249
f 187/220/217 186/218/215 245/252/248 246/254/250
f 214/221/218 213/219/216 272/253/249 273/255/251
f 188/222/219 187/220/217 246/254/250 247/256/252
f 215/223/220 214/221/218 273/255/251 274/257/253
f 189/224/221 188/222/219 247/256/252 248/258/254
f 216/225/222 215/223/220 274/257/253 275/259/255
f 190/226/223 189/224/221 248/258/254 249/260/256
f 217/227/224 216/225/222 275/259/255 276/261/257
f 191/228/225 190/226/223 249/260/256 250/262/258
f 218/229/226 217/227/224 276/261/257 277/263/259
f 192/230/227 191/228/225 250/262/258 251/264/260
f 219/231/228 218/229/226 277/263/259 278/265/261
f 193/232/229 192/230/227 251/264/260 252/266/262
f 220/233/230 219/231/228 278/265/261 279/267/263
f 194/234/231 193/232/229 252/266/262 253/268/264
f 221/235/232 220/233/230 279/267/263 280/269/265
f 195/236/233 194/234/231 253/268/264 254/270/266
f 222/237/234 221/235/232 280/269/265 281/271/267
f 196/238/235 195/236/233 254/270/266 255/272/268
f 223/239/236 222/237/234 281/271/267 282/273/269
f 197/240/237 196/238/235 255/272/268 256/274/270
f 171/242/238 1882/275/12 230/276/271
f 224/182/180 223/239/236 282/273/269 283/277/272
f 198/184/182 197/240/237 256/274/270 257/278/273
f 172/186/184 171/242/238 230/276/271 231/279/274
f 225/183/181 224/182/180 283/277/272 284/280/275
f 199/185/183 198/184/182 257/278/273 258/281/276
f 173/187/185 172/186/184 231/279/274 232/282/277
f 226/188/186 225/183/181 284/280/275 285/283/278
f 200/189/187 199/185/183 258/281/276 259/284/279
f 174/190/188 173/187/185 232/282/277 233/285/280
f 227/191/189 226/188/186 285/283/278 286/286/281
f 201/192/190 200/189/187 259/284/279 260/287/282
f 175/193/191 174/190/188 233/285/280 234/288/283
f 228/194/192 227/191/189 286/286/281 287/289/284
f 202/195/193 201/192/190 260/287/282 261/290/285
f 176/196/194 175/193/191 234/288/283 235/291/286
f 229/197/195 228/194/192 287/289/284 288/292/287
f 203/198/196 202/195/193 261/290/285 262/293/288
f 177/199/197 176/196/194 235/291/286 236/294/289
f 2827/295/50 229/197/195 288/292/287
f 204/201/198 203/198/196 262/293/288 263/296/290
f 178/202/199 177/199/197 236/294/289 237/297/291
f 205/203/200 204/201/198 263/296/290 264/298/292
f 179/204/201 178/202/199 237/297/291 238/299/293
f 206/205/202 205/203/200 264/298/292 265/300/294
f 180/206/203 179/204/201 238/299/293 239/301/295
f 207/207/204 206/205/202 265/300/294 266/302/296
f 181/208/205 180/206/203 239/301/295 240/303/297
f 208/209/206 207/207/204 266/302/296 267/243/239
f 182/210/207 181/208/205 240/303/297 241/245/241
f 278/265/261 277/263/259 336/304/298 337/305/299
f 252/266/262 251/264/260 310/306/300 311/307/301
f 279/267/263 278/265/261 337/305/299 338/308/302
f 253/268/264 252/266/262 311/307/301 312/309/303
f 280/269/265 279/267/263 338/308/302 339/310/304
f 254/270/266 253/268/264 312/309/303 313/311/305
f 281/271/267 280/269/265 339/310/304 340/312/306
f 255/272/268 254/270/266 313/311/305 314/313/307
f 282/273/269 281/271/267 340/312/306 341/314/308
f 256/274/270 255/272/268 314/313/307 315/315/309
f 230/276/271 1882/316/12 289/317/310
f 283/277/272 282/273/269 341/314/308 342/318/311
f 257/278/273 256/274/270 315/315/309 316/319/312
f 231/279/274 230/276/271 289/317/310 290/320/313
f 284/280/275 283/277/272 342/318/311 343/321/314
f 258/281/276 257/278/273 316/319/312 317/322/315
f 232/282/277 231/279/274 290/320/313 291/323/316
f 285/283/278 284/280/275 343/321/314 344/324/317
f 259/284/279 258/281/276 317/322/315 318/325/318
f 233/285/280 232/282/277 291/323/316 292/326/319
f 286/286/281 285/283/278 344/324/317 345/327/320
f 260/287/282 259/284/279 318/325/318 319/328/321
f 234/288/283 233/285/280 292/326/319 293/329/322
f 287/289/284 286/286/281 345/327/320 346/330/323
f 261/290/285 260/287/282 319/328/321 320/331/324
f 235/291/286 234/288/283 293/329/322 294/332/325
f 288/292/287 287/289/284 346/330/323 347/333/326
f 262/293/288 261/290/285 320/331/324 321/334/327
f 236/294/289 235/291/286 294/332/325 295/335/328
f 2827/336/50 288/292/287 347/333/326
f 263/296/290 262/293/288 321/334/327 322/337/329
f 237/297/291 236/294/289 295/335/328 296/338/330
f 264/298/292 263/296/290 322/337/329 323/339/331
f 238/299/293 237/297/291 296/338/330 297/340/332
f 265/300/294 264/298/292 323/339/331 324/341/333
f 239/301/295 238/299/293 297/340/332 298/342/334
f 266/302/296 265/300/294 324/341/333 325/343/335
f 240/303/297 239/301/295 298/342/334 299/344/336
f 267/243/239 266/302/296 325/343/335 326/345/337
f 241/245/241 240/303/297 299/344/336 300/346/338
f 268/244/240 267/243/239 326/345/337 327/347/339
f 242/246/242 241/245/241 300/346/338 301/348/340
f 269/247/243 268/244/240 327/347/339 328/349/341
f 243/248/244 242/246/242 301/348/340 302/350/342
f 270/249/245 269/247/243 328/349/341 329/351/343
f 244/250/246 243/248/244 302/350/342 303/352/344
f 271/251/247 270/249/245 329/351/343 330/353/345
f 245/252/248 244/250/246 303/352/344 304/354/346
f 272/253/249 271/251/247 330/353/345 331/355/347
f 246/254/250 245/252/248 304/354/346 305/356/348
f 273/255/251 272/253/249 331/355/347 332/357/349
f 247/256/252 246/254/250 305/356/348 306/358/350
f 274/257/253 273/255/251 332/357/349 333/359/351
f 248/258/254 247/256/252 306/358/350 307/360/352
f 275/259/255 274/257/253 333/359/351 334/361/353
f 249/260/256 248/258/254 307/360/352 308/362/354
f 276/261/257 275/259/255 334/361/353 335/363/355
f 250/262/258 249/260/256 308/362/354 309/364/356
f 277/263/259 276/261/257 335/363/355 336/304/298
f 251/264/260 250/262/258 309/364/356 310/306/300
f 294/332/325 293/329/322 352/365/357 353/366/358
f 347/333/326 346/330/323 405/367/359 406/368/360
f 321/334/327 320/331/324 379/369/361 380/370/362
f 295/335/328 294/332/325 353/366/358 354/371/363
f 2827/372/50 347/333/326 406/368/360
f 322/337/329 321/334/327 380/370/362 381/373/364
f 296/338/330 295/335/328 354/371/363 355/374/365
f 323/339/331 322/337/329 381/373/364 382/375/366
f 297/340/332 296/338/330 355/374/365 356/376/367
f 324/341/333 323/339/331 382/375/366 383/377/368
f 298/342/334 297/340/332 356/376/367 357/378/369
f 325/343/335 324/341/333 383/377/368 384/379/370
f 299/344/336 298/342/334 357/378/369 358/380/371
f 326/345/337 325/343/335 384/379/370 385/381/372
f 300/346/338 299/344/336 358/380/371 359/382/373
f 327/347/339 326/345/337 385/381/372 386/383/374
f 301/348/340 300/346/338 359/382/373 360/384/375
f 328/349/341 327/347/339 386/383/374 387/385/376
f 302/350/342 301/348/340 360/384/375 361/386/377
f 329/351/343 328/349/341 387/385/376 388/387/378
f 303/352/344 302/350/342 361/386/377 362/388/379
f 330/353/345 329/351/343 388/387/378 389/389/380
f 304/354/346 303/352/344 362/388/379 363/390/381
f 331/355/347 330/353/345 389/389/380 390/391/382
f 305/356/348 304/354/346 363/390/381 364/392/383
f 332/357/349 331/355/347 390/391/382 391/393/384
f 306/358/350 305/356/348 364/392/383 365/394/385
f 333/359/351 332/357/349 391/393/384 392/395/386
f 307/360/352 306/358/350 365/394/385 366/396/387
f 334/361/353 333/359/351 392/395/386 393/397/388
f 308/362/354 307/360/352 366/396/387 367/398/389
f 335/363/355 334/361/353 393/397/388 394/399/390
f 309/364/356 308/362/354 367/398/389 368/400/391
f 336/304/298 335/363/355 394/399/390 395/401/392
f 310/306/300 309/364/356 368/400/391 369/402/393
f 337/305/299 336/304/298 395/401/392 396/403/394
f 311/307/301 310/306/300 369/402/393 370/404/395
f 338/308/302 337/305/299 396/403/394 397/405/396
f 312/309/303 311/307/301 370/404/395 371/406/397
f 339/310/304 338/308/302 397/405/396 398/407/398
f 313/311/305 312/309/303 371/406/397 372/408/399
f 340/312/306 339/310/304 398/407/398 399/409/400
f 314/313/307 313/311/305 372/408/399 373/410/401
f 341/314/308 340/312/306 399/409/400 400/411/402
f 315/315/309 314/313/307 373/410/401 374/412/403
f 289/317/310 1882/413/12 348/414/404
f 342/318/311 341/314/308 400/411/402 401/415/405
f 316/319/312 315/315/309 374/412/403 375/416/406
f 290/320/313 289/317/310 348/414/404 349/417/407
f 343/321/314 342/318/311 401/415/405 402/418/408
f 317/322/315 316/319/312 375/416/406 376/419/409
f 291/323/316 290/320/313 349/417/407 350/420/410
f 344/324/317 343/321/314 402/418/408 403/421/411
f 318/325/318 317/322/315 376/419/409 377/422/412
f 292/326/319 291/323/316 350/420/410 351/423/413
f 345/327/320 344/324/317 403/421/411 404/424/414
f 319/328/321 318/325/318 377/422/412 378/425/415
f 293/329/322 292/326/319 351/423/413 352/365/357
f 346/330/323 345/327/320 404/424/414 405/367/359
f 320/331/324 319/328/321 378/425/415 379/369/361
f 363/390/381 362/388/379 421/426/416 422/427/417
f 390/391/382 389/389/380 448/428/418 449/429/419
f 364/392/383 363/390/381 422/427/417 423/430/420
f 391/393/384 390/391/382 449/429/419 450/431/421
f 365/394/385 364/392/383 423/430/420 424/432/422
f 392/395/386 391/393/384 450/431/421 451/433/423
f 366/396/387 365/394/385 424/432/422 425/434/424
f 393/397/388 392/395/386 451/433/423 452/435/425
f 367/398/389 366/396/387 425/434/424 426/436/426
f 394/399/390 393/397/388 452/435/425 453/437/427
f 368/400/391 367/398/389 426/436/426 427/438/428
f 395/401/392 394/399/390 453/437/427 454/439/429
f 369/402/393 368/400/391 427/438/428 428/440/430
f 396/403/394 395/401/392 454/439/429 455/441/431
f 370/404/395 369/402/393 428/440/430 429/442/432
f 397/405/396 396/403/394 455/441/431 456/443/433
f 371/406/397 370/404/395 429/442/432 430/444/434
f 398/407/398 397/405/396 456/443/433 457/445/435
f 372/408/399 371/406/397 430/444/434 431/446/436
f 399/409/400 398/407/398 457/445/435 458/447/437
f 373/410/401 372/408/399 431/446/436 432/448/438
f 400/411/402 399/409/400 458/447/437 459/449/439
f 374/412/403 373/410/401 432/448/438 433/450/440
f 348/414/404 1882/451/12 407/452/441
f 401/415/405 400/411/402 459/449/439 460/453/442
f 375/416/406 374/412/403 433/450/440 434/454/443
f 349/417/407 348/414/404 407/452/441 408/455/444
f 402/418/408 401/415/405 460/453/442 461/456/445
f 376/419/409 375/416/406 434/454/443 435/457/446
f 350/420/410 349/417/407 408/455/444 409/458/447
f 403/421/411 402/418/408 461/456/445 462/459/448
f 377/422/412 376/419/409 435/457/446 436/460/449
f 351/423/413 350/420/410 409/458/447 410/461/450
f 404/424/414 403/421/411 462/459/448 463/462/451
f 378/425/415 377/422/412 436/460/449 437/463/452
f 352/365/357 351/423/413 410/461/450 411/464/453
f 405/367/359 404/424/414 463/462/451 464/465/454
f 379/369/361 378/425/415 437/463/452 438/466/455
f 353/366/358 352/365/357 411/464/453 412/467/456
f 406/368/360 405/367/359 464/465/454 465/468/457
f 380/370/362 379/369/361 438/466/455 439/469/458
f 354/371/363 353/366/358 412/467/456 413/470/459
f 2827/471/50 406/368/360 465/468/457
f 381/373/364 380/370/362 439/469/458 440/472/460
f 355/374/365 354/371/363 413/470/459 414/473/461
f 382/375/366 381/373/364 440/472/460 441/474/462
f 356/376/367 355/374/365 414/473/461 415/475/463
f 383/377/368 382/375/366 441/474/462 442/476/464
f 357/378/369 356/376/367 415/475/463 416/477/465
f 384/379/370 383/377/368 442/476/464 443/478/466
f 358/380/371 357/378/369 416/477/465 417/479/467
f 385/381/372 384/379/370 443/478/466 444/480/468
f 359/382/373 358/380/371 417/479/467 418/481/469
f 386/383/374 385/381/372 444/480/468 445/482/470
f 360/384/375 359/382/373 418/481/469 419/483/471
f 387/385/376 386/383/374 445/482/470 446/484/472
f 361/386/377 360/384/375 419/483/471 420/485/473
f 388/387/378 387/385/376 446/484/472 447/486/474
f 362/388/379 361/386/377 420/485/473 421/426/416
f 389/389/380 388/387/378 447/486/474 448/428/418
f 432/448/438 431/446/436 490/487/475 491/488/476
f 459/449/439 458/447/437 517/489/477 518/490/478
f 433/450/440 432/448/438 491/488/476 492/491/479
f 407/452/441 1882/492/12 466/493/480
f 460/453/442 459/449/439 518/490/478 519/494/481
f 434/454/443 433/450/440 492/491/479 493/495/482
f 408/455/444 407/452/441 466/493/480 467/496/483
f 461/456/445 460/453/442 519/494/481 520/497/484
f 435/457/446 434/454/443 493/495/482 494/498/485
f 409/458/447 408/455/444 467/496/483 468/499/486
f 462/459/448 461/456/445 520/497/484 521/500/487
f 436/460/449 435/457/446 494/498/485 495/501/488
f 410/461/450 409/458/447 468/499/486 469/502/489
f 463/462/451 462/459/448 521/500/487 522/503/490
f 437/463/452 436/460/449 495/501/488 496/504/491
f 411/464/453 410/461/450 469/502/489 470/505/492
f 464/465/454 463/462/451 522/503/490 523/506/493
f 438/466/455 437/463/452 496/504/491 497/507/494
f 412/467/456 411/464/453 470/505/492 471/508/495
f 465/468/457 464/465/454 523/506/493 524/509/496
f 439/469/458 438/466/455 497/507/494 498/510/497
f 413/470/459 412/467/456 471/508/495 472/511/498
f 2827/512/50 465/468/457 524/509/496
f 440/472/460 439/469/458 498/510/497 499/513/499
f 414/473/461 413/470/459 472/511/498 473/514/500
f 441/474/462 440/472/460 499/513/499 500/515/501
f 415/475/463 414/473/461 473/514/500 474/516/502
f 442/476/464 441/474/462 500/515/501 501/517/503
f 416/477/465 415/475/463 474/516/502 475/518/504
f 443/478/466 442/476/464 501/517/503 502/519/505
f 417/479/467 416/477/465 475/518/504 476/520/506
f 444/480/468 443/478/466 502/519/505 503/521/507
f 418/481/469 417/479/467 476/520/506 477/522/508
f 445/482/470 444/480/468 503/521/507 504/523/509
f 419/483/471 418/481/469 477/522/508 478/524/510
f 446/484/472 445/482/470 504/523/509 505/525/511
f 420/485/473 419/483/471 478/524/510 479/526/512
f 447/486/474 446/484/472 505/525/511 506/527/513
f 421/426/416 420/485/473 479/526/512 480/528/514
f 448/428/418 447/486/474 506/527/513 507/529/515
f 422/427/417 421/426/416 480/528/514 481/530/516
f 449/429/419 448/428/418 507/529/515 508/531/517
f 423/430/420 422/427/417 481/530/516 482/532/518
f 450/431/421 449/429/419 508/531/517 509/533/519
f 424/432/422 423/430/420 482/532/518 483/534/520
f 451/433/423 450/431/421 509/533/519 510/535/521
f 425/434/424 424/432/422 483/534/520 484/536/522
f 452/435/425 451/433/423 510/535/521 511/537/523
f 426/436/426 425/434/424 484/536/522 485/538/524
f 453/437/427 452/435/425 511/537/523 512/539/525
f 427/438/428 426/436/426 485/538/524 486/540/526
f 454/439/429 453/437/427 512/539/525 513/541/527
f 428/440/430 427/438/428 486/540/526 487/542/528
f 455/441/431 454/439/429 513/541/527 514/543/529
f 429/442/432 428/440/430 487/542/528 488/544/530
f 456/443/433 455/441/431 514/543/529 515/545/531
f 430/444/434 429/442/432 488/544/530 489/546/532
f 457/445/435 456/443/433 515/545/531 516/547/533
f 431/446/436 430/444/434 489/546/532 490/487/475
f 458/447/437 457/445/435 516/547/533 517/489/477
f 501/517/503 500/515/501 559/548/534 560/549/535
f 475/518/504 474/516/502 533/550/536 534/551/537
f 502/519/505 501/517/503 560/549/535 561/552/538
f 476/520/506 475/518/504 534/551/537 535/553/539
f 503/521/507 502/519/505 561/552/538 562/554/540
f 477/522/508 476/520/506 535/553/539 536/555/541
f 504/523/509 503/521/507 562/554/540 563/556/542
f 478/524/510 477/522/508 536/555/541 537/557/543
f 505/525/511 504/523/509 563/556/542 564/558/544
f 479/526/512 478/524/510 537/557/543 538/559/545
f 506/527/513 505/525/511 564/558/544 565/560/546
f 480/528/514 479/526/512 538/559/545 539/561/547
f 507/529/515 506/527/513 565/560/546 566/562/548
f 481/530/516 480/528/514 539/561/547 540/563/549
f 508/531/517 507/529/515 566/562/548 567/564/550
f 482/532/518 481/530/516 540/563/549 541/565/551
f 509/533/519 508/531/517 567/564/550 568/566/552
f 483/534/520 482/532/518 541/565/551 542/567/553
f 510/535/521 509/533/519 568/566/552 569/568/554
f 484/536/522 483/534/520 542/567/553 543/569/555
f 511/537/523 510/535/521 569/568/554 570/570/556
f 485/538/524 484/536/522 543/569/555 544/571/557
f 512/539/525 511/537/523 570/570/556 571/572/558
f 486/540/526 485/538/524 544/571/557 545/573/559
f 513/541/527 512/539/525 571/572/558 572/574/560
f 487/542/528 486/540/526 545/573/559 546/575/561
f 514/543/529 513/541/527 572/574/560 573/576/562
f 488/544/530 487/542/528 546/575/561 547/577/563
f 515/545/531 514/543/529 573/576/562 574/578/564
f 489/546/532 488/544/530 547/577/563 548/579/565
f 516/547/533 515/545/531 574/578/564 575/580/566
f 490/487/475 489/546/532 548/579/565 549/581/567
f 517/489/477 516/547/533 575/580/566 576/582/568
f 491/488/476 490/487/475 549/581/567 550/583/569
f 518/490/478 517/489/477 576/582/568 577/584/570
f 492/491/479 491/488/476 550/583/569 551/585/571
f 466/493/480 1882/586/12 525/587/572
f 519/494/481 518/490/478 577/584/570 578/588/573
f 493/495/482 492/491/479 551/585/571 552/589/574
f 467/496/483 466/493/480 525/587/572 526/590/575
f 520/497/484 519/494/481 578/588/573 579/591/576
f 494/498/485 493/495/482 552/589/574 553/592/577
f 468/499/486 467/496/483 526/590/575 527/593/578
f 521/500/487 520/497/484 579/591/576 580/594/579
f 495/501/488 494/498/485 553/592/577 554/595/580
f 469/502/489 468/499/486 527/593/578 528/596/581
f 522/503/490 521/500/487 580/594/579 581/597/582
f 496/504/491 495/501/488 554/595/580 555/598/583
f 470/505/492 469/502/489 528/596/581 529/599/584
f 523/506/493 522/503/490 581/597/582 582/600/585
f 497/507/494 496/504/491 555/598/583 556/601/586
f 471/508/495 470/505/492 529/599/584 530/602/587
f 524/509/496 523/506/493 582/600/585 583/603/588
f 498/510/497 497/507/494 556/601/586 557/604/589
f 472/511/498 471/508/495 530/602/587 531/605/590
f 2827/606/50 524/509/496 583/603/588
f 499/513/499 498/510/497 557/604/589 558/607/591
f 473/514/500 472/511/498 531/605/590 532/608/592
f 500/515/501 499/513/499 558/607/591 559/548/534
f 474/516/502 473/514/500 532/608/592 533/550/536
f 570/570/556 569/568/554 628/609/593 629/610/594
f 544/571/557 543/569/555 602/611/595 603/612/596
f 571/572/558 570/570/556 629/610/594 630/613/597
f 545/573/559 544/571/557 603/612/596 604/614/598
f 572/574/560 571/572/558 630/613/597 631/615/599
f 546/575/561 545/573/559 604/614/598 605/616/600
f 573/576/562 572/574/560 631/615/599 632/617/601
f 547/577/563 546/575/561 605/616/600 606/618/602
f 574/578/564 573/576/562 632/617/601 633/619/603
f 548/579/565 547/577/563 606/618/602 607/620/604
f 575/580/566 574/578/564 633/619/603 634/621/605
f 549/581/567 548/579/565 607/620/604 608/622/606
f 576/582/568 575/580/566 634/621/605 635/623/607
f 550/583/569 549/581/567 608/622/606 609/624/608
f 577/584/570 576/582/568 635/623/607 636/625/609
f 551/585/571 550/583/569 609/624/608 610/626/610
f 525/587/572 1882/627/12 584/628/611
f 578/588/573 577/584/570 636/625/609 637/629/612
f 552/589/574 551/585/571 610/626/610 611/630/613
f 526/590/575 525/587/572 584/628/611 585/631/614
f 579/591/576 578/588/573 637/629/612 638/632/615
f 553/592/577 552/589/574 611/630/613 612/633/616
f 527/593/578 526/590/575 585/631/614 586/634/617
f 580/594/579 579/591/576 638/632/615 639/635/618
f 554/595/580 553/592/577 612/633/616 613/636/619
f 528/596/581 527/593/578 586/634/617 587/637/620
f 581/597/582 580/594/579 639/635/618 640/638/621
f 555/598/583 554/595/580 613/636/619 614/639/622
f 529/599/584 528/596/581 587/637/620 588/640/623
f 582/600/585 581/597/582 640/638/621 641/641/624
f 556/601/586 555/598/583 614/639/622 615/642/625
f 530/602/587 529/599/584 588/640/623 589/643/626
f 583/603/588 582/600/585 641/641/624 642/644/627
f 557/604/589 556/601/586 615/642/625 616/645/628
f 531/605/590 530/602/587 589/643/626 590/646/629
f 2827/647/50 583/603/588 642/644/627
f 558/607/591 557/604/589 616/645/628 617/648/630
f 532/608/592 531/605/590 590/646/629 591/649/631
f 559/548/534 558/607/591 617/648/630 618/650/632
f 533/550/536 532/608/592 591/649/631 592/651/633
f 560/549/535 559/548/534 618/650/632 619/652/634
f 534/551/537 533/550/536 592/651/633 593/653/635
f 561/552/538 560/549/535 619/652/634 620/654/636
f 535/553/539 534/551/537 593/653/635 594/655/637
f 562/554/540 561/552/538 620/654/636 621/656/638
f 536/555/541 535/553/539 594/655/637 595/657/639
f 563/556/542 562/554/540 621/656/638 622/658/640
f 537/557/543 536/555/541 595/657/639 596/659/641
f 564/558/544 563/556/542 622/658/640 623/660/642
f 538/559/545 537/557/543 596/659/641 597/661/643
f 565/560/546 564/558/544 623/660/642 624/662/644
f 539/561/547 538/559/545 597/661/643 598/663/645
f 566/562/548 565/560/546 624/662/644 625/664/646
f 540/563/549 539/561/547 598/663/645 599/665/647
f 567/564/550 566/562/548 625/664/646 626/666/648
f 541/565/551 540/563/549 599/665/647 600/667/649
f 568/566/552 567/564/550 626/666/648 627/668/650
f 542/567/553 541/565/551 600/667/649 601/669/651
f 569/568/554 568/566/552 627/668/650 628/609/593
f 543/569/555 542/567/553 601/669/651 602/611/595
f 639/635/618 638/632/615 697/670/652 698/671/653
f 613/636/619 612/633/616 671/672/654 672/673/655
f 587/637/620 586/634/617 645/674/656 646/675/657
f 640/638/621 639/635/618 698/671/653 699/676/658
f 614/639/622 613/636/619 672/673/655 673/677/659
f 588/640/623 587/637/620 646/675/657 647/678/660
f 641/641/624 640/638/621 699/676/658 700/679/661
f 615/642/625 614/639/622 673/677/659 674/680/662
f 589/643/626 588/640/623 647/678/660 648/681/663
f 642/644/627 641/641/624 700/679/661 701/682/664
f 616/645/628 615/642/625 674/680/662 675/683/665
f 590/646/629 589/643/626 648/681/663 649/684/666
f 2827/685/50 642/644/627 701/682/664
f 617/648/630 616/645/628 675/683/665 676/686/667
f 591/649/631 590/646/629 649/684/666 650/687/668
f 618/650/632 617/648/630 676/686/667 677/688/669
f 592/651/633 591/649/631 650/687/668 651/689/670
f 619/652/634 618/650/632 677/688/669 678/690/671
f 593/653/635 592/651/633 651/689/670 652/691/672
f 620/654/636 619/652/634 678/690/671 679/692/673
f 594/655/637 593/653/635 652/691/672 653/693/674
f 621/656/638 620/654/636 679/692/673 680/694/675
f 595/657/639 594/655/637 653/693/674 654/695/676
f 622/658/640 621/656/638 680/694/675 681/696/677
f 596/659/641 595/657/639 654/695/676 655/697/678
f 623/660/642 622/658/640 681/696/677 682/698/679
f 597/661/643 596/659/641 655/697/678 656/699/680
f 624/662/644 623/660/642 682/698/679 683/700/681
f 598/663/645 597/661/643 656/699/680 657/701/682
f 625/664/646 624/662/644 683/700/681 684/702/683
f 599/665/647 598/663/645 657/701/682 658/703/684
f 626/666/648 625/664/646 684/702/683 685/704/685
f 600/667/649 599/665/647 658/703/684 659/705/686
f 627/668/650 626/666/648 685/704/685 686/706/687
f 601/669/651 600/667/649 659/705/686 660/707/688
f 628/609/593 627/668/650 686/706/687 687/708/689
f 602/611/595 601/669/651 660/707/688 661/709/690
f 629/610/594 628/609/593 687/708/689 688/710/691
f 603/612/596 602/611/595 661/709/690 662/711/692
f 630/613/597 629/610/594 688/710/691 689/712/693
f 604/614/598 603/612/596 662/711/692 663/713/694
f 631/615/599 630/613/597 689/712/693 690/714/695
f 605/616/600 604/614/598 663/713/694 664/715/696
f 632/617/601 631/615/599 690/714/695 691/716/697
f 606/618/602 605/616/600 664/715/696 665/717/698
f 633/619/603 632/617/601 691/716/697 692/718/699
f 607/620/604 606/618/602 665/717/698 666/719/700
f 634/621/605 633/619/603 692/718/699 693/720/701
f 608/622/606 607/620/604 666/719/700 667/721/702
f 635/623/607 634/621/605 693/720/701 694/722/703
f 609/624/608 608/622/606 667/721/702 668/723/704
f 636/625/609 635/623/607 694/722/703 695/724/705
f 610/626/610 609/624/608 668/723/704 669/725/706
f 584/628/611 1882/726/12 643/727/707
f 637/629/612 636/625/609 695/724/705 696/728/708
f 611/630/613 610/626/610 669/725/706 670/729/709
f 585/631/614 584/628/611 643/727/707 644/730/710
f 638/632/615 637/629/612 696/728/708 697/670/652
f 612/633/616 611/630/613 670/729/709 671/672/654
f 586/634/617 585/631/614 644/730/710 645/674/656
f 682/698/679 681/696/677 740/731/711 741/732/712
f 656/699/680 655/697/678 714/733/713 715/734/714
f 683/700/681 682/698/679 741/732/712 742/735/715
f 657/701/682 656/699/680 715/734/714 716/736/716
f 684/702/683 683/700/681 742/735/715 743/737/717
f 658/703/684 657/701/682 716/736/716 717/738/718
f 685/704/685 684/702/683 743/737/717 744/739/719
f 659/705/686 658/703/684 717/738/718 718/740/720
f 686/706/687 685/704/685 744/739/719 745/741/721
f 660/707/688 659/705/686 718/740/720 719/742/722
f 687/708/689 686/706/687 745/741/721 746/743/723
f 661/709/690 660/707/688 719/742/722 720/744/724
f 688/710/691 687/708/689 746/743/723 747/745/725
f 662/711/692 661/709/690 720/744/724 721/746/726
f 689/712/693 688/710/691 747/745/725 748/747/727
f 663/713/694 662/711/692 721/746/726 722/748/728
f 690/714/695 689/712/693 748/747/727 749/749/729
f 664/715/696 663/713/694 722/748/728 723/750/730
f 691/716/697 690/714/695 749/749/729 750/751/731
f 665/717/698 664/715/696 723/750/730 724/752/732
f 692/718/699 691/716/697 750/751/731 751/753/733
f 666/719/700 665/717/698 724/752/732 725/754/734
f 693/720/701 692/718/699 751/753/733 752/755/735
f 667/721/702 666/719/700 725/754/734 726/756/736
f 694/722/703 693/720/701 752/755/735 753/757/737
f 668/723/704 667/721/702 726/756/736 727/758/738
f 695/724/705 694/722/703 753/757/737 754/759/739
f 669/725/706 668/723/704 727/758/738 728/760/740
f 643/727/707 1882/761/12 702/762/741
f 696/728/708 695/724/705 754/759/739 755/763/742
f 670/729/709 669/725/706 728/760/740 729/764/743
f 644/730/710 643/727/707 702/762/741 703/765/744
f 697/670/652 696/728/708 755/763/742 756/766/745
f 671/672/654 670/729/709 729/764/743 730/767/746
f 645/674/656 644/730/710 703/765/744 704/768/747
f 698/671/653 697/670/652 756/766/745 757/769/748
f 672/673/655 671/672/654 730/767/746 731/770/749
f 646/675/657 645/674/656 704/768/747 705/771/750
f 699/676/658 698/671/653 757/769/748 758/772/751
f 673/677/659 672/673/655 731/770/749 732/773/752
f 647/678/660 646/675/657 705/771/750 706/774/753
f 700/679/661 699/676/658 758/772/751 759/775/754
f 674/680/662 673/677/659 732/773/752 733/776/755
f 648/681/663 647/678/660 706/774/753 707/777/756
f 701/682/664 700/679/661 759/775/754 760/778/757
f 675/683/665 674/680/662 733/776/755 734/779/758
f 649/684/666 648/681/663 707/777/756 708/780/759
f 2827/781/50 701/682/664 760/778/757
f 676/686/667 675/683/665 734/779/758 735/782/760
f 650/687/668 649/684/666 708/780/759 709/783/761
f 677/688/669 676/686/667 735/782/760 736/784/762
f 651/689/670 650/687/668 709/783/761 710/785/763
f 678/690/671 677/688/669 736/784/762 737/786/764
f 652/691/672 651/689/670 710/785/763 711/787/765
f 679/692/673 678/690/671 737/786/764 738/788/766
f 653/693/674 652/691/672 711/787/765 712/789/767
f 680/694/675 679/692/673 738/788/766 739/790/768
f 654/695/676 653/693/674 712/789/767 713/791/769
f 681/696/677 680/694/675 739/790/768 740/731/711
f 655/697/678 654/695/676 713/791/769 714/733/713
f 751/753/733 750/751/731 809/792/770 810/793/771
f 725/754/734 724/752/732 783/794/772 784/795/773
f 752/755/735 751/753/733 810/793/771 811/796/774
f 726/756/736 725/754/734 784/795/773 785/797/775
f 753/757/737 752/755/735 811/796/774 812/798/776
f 727/758/738 726/756/736 785/797/775 786/799/777
f 754/759/739 753/757/737 812/798/776 813/800/778
f 728/760/740 727/758/738 786/799/777 787/801/779
f 702/762/741 1882/802/12 761/803/780
f 755/763/742 754/759/739 813/800/778 814/804/781
f 729/764/743 728/760/740 787/801/779 788/805/782
f 703/765/744 702/762/741 761/803/780 762/806/783
f 756/766/745 755/763/742 814/804/781 815/807/784
f 730/767/746 729/764/743 788/805/782 789/808/785
f 704/768/747 703/765/744 762/806/783 763/809/786
f 757/769/748 756/766/745 815/807/784 816/810/787
f 731/770/749 730/767/746 789/808/785 790/811/788
f 705/771/750 704/768/747 763/809/786 764/812/789
f 758/772/751 757/769/748 816/810/787 817/813/790
f 732/773/752 731/770/749 790/811/788 791/814/791
f 706/774/753 705/771/750 764/812/789 765/815/792
f 759/775/754 758/772/751 817/813/790 818/816/793
f 733/776/755 732/773/752 791/814/791 792/817/794
f 707/777/756 706/774/753 765/815/792 766/818/795
f 760/778/757 759/775/754 818/816/793 819/819/796
f 734/779/758 733/776/755 792/817/794 793/820/797
f 708/780/759 707/777/756 766/818/795 767/821/798
f 2827/822/50 760/778/757 819/819/796
f 735/782/760 734/779/758 793/820/797 794/823/799
f 709/783/761 708/780/759 767/821/798 768/824/800
f 736/784/762 735/782/760 794/823/799 795/825/801
f 710/785/763 709/783/761 768/824/800 769/826/802
f 737/786/764 736/784/762 795/825/801 796/827/803
f 711/787/765 710/785/763 769/826/802 770/828/804
f 738/788/766 737/786/764 796/827/803 797/829/805
f 712/789/767 711/787/765 770/828/804 771/830/806
f 739/790/768 738/788/766 797/829/805 798/831/807
f 713/791/769 712/789/767 771/830/806 772/832/808
f 740/731/711 739/790/768 798/831/807 799/833/809
f 714/733/713 713/791/769 772/832/808 773/834/810
f 741/732/712 740/731/711 799/833/809 800/835/811
f 715/734/714 714/733/713 773/834/810 774/836/812
f 742/735/715 741/732/712 800/835/811 801/837/813
f 716/736/716 715/734/714 774/836/812 775/838/814
f 743/737/717 742/735/715 801/837/813 802/839/815
f 717/738/718 716/736/716 775/838/814 776/840/816
f 744/739/719 743/737/717 802/839/815 803/841/817
f 718/740/720 717/738/718 776/840/816 777/842/818
f 745/741/721 744/739/719 803/841/817 804/843/819
f 719/742/722 718/740/720 777/842/818 778/844/820
f 746/743/723 745/741/721 804/843/819 805/845/821
f 720/744/724 719/742/722 778/844/820 779/846/822
f 747/745/725 746/743/723 805/845/821 806/847/823
f 721/746/726 720/744/724 779/846/822 780/848/824
f 748/747/727 747/745/725 806/847/823 807/849/825
f 722/748/728 721/746/726 780/848/824 781/850/826
f 749/749/729 748/747/727 807/849/825 808/851/827
f 723/750/730 722/748/728 781/850/826 782/852/828
f 750/751/731 749/749/729 808/851/827 809/792/770
f 724/752/732 723/750/730 782/852/828 783/794/772
f 2827/853/50 819/819/796 878/854/829
f 794/823/799 793/820/797 852/855/830 853/856/831
f 768/824/800 767/821/798 826/857/832 827/858/833
f 795/825/801 794/823/799 853/856/831 854/859/834
f 769/826/802 768/824/800 827/858/833 828/860/835
f 796/827/803 795/825/801 854/859/834 855/861/836
f 770/828/804 769/826/802 828/860/835 829/862/837
f 797/829/805 796/827/803 855/861/836 856/863/838
f 771/830/806 770/828/804 829/862/837 830/864/839
f 798/831/807 797/829/805 856/863/838 857/865/840
f 772/832/808 771/830/806 830/864/839 831/866/841
f 799/833/809 798/831/807 857/865/840 858/867/842
f 773/834/810 772/832/808 831/866/841 832/868/843
f 800/835/811 799/833/809 858/867/842 859/869/844
f 774/836/812 773/834/810 832/868/843 833/870/845
f 801/837/813 800/835/811 859/869/844 860/871/846
f 775/838/814 774/836/812 833/870/845 834/872/847
f 802/839/815 801/837/813 860/871/846 861/873/848
f 776/840/816 775/838/814 834/872/847 835/874/849
f 803/841/817 802/839/815 861/873/848 862/875/850
f 777/842/818 776/840/816 835/874/849 836/876/851
f 804/843/819 803/841/817 862/875/850 863/877/852
f 778/844/820 777/842/818 836/876/851 837/878/853
f 805/845/821 804/843/819 863/877/852 864/879/854
f 779/846/822 778/844/820 837/878/853 838/880/855
f 806/847/823 805/845/821 864/879/854 865/881/856
f 780/848/824 779/846/822 838/880/855 839/882/857
f 807/849/825 806/847/823 865/881/856 866/883/858
f 781/850/826 780/848/824 839/882/857 840/884/859
f 808/851/827 807/849/825 866/883/858 867/885/860
f 782/852/828 781/850/826 840/884/859 841/886/861
f 809/792/770 808/851/827 867/885/860 868/887/862
f 783/794/772 782/852/828 841/886/861 842/888/863
f 810/793/771 809/792/770 868/887/862 869/889/864
f 784/795/773 783/794/772 842/888/863 843/890/865
f 811/796/774 810/793/771 869/889/864 870/891/866
f 785/797/775 784/795/773 843/890/865 844/892/867
f 812/798/776 811/796/774 870/891/866 871/893/868
f 786/799/777 785/797/775 844/892/867 845/894/869
f 813/800/778 812/798/776 871/893/868 872/895/870
f 787/801/779 786/799/777 845/894/869 846/896/871
f 761/803/780 1882/897/12 820/898/872
f 814/804/781 813/800/778 872/895/870 873/899/873
f 788/805/782 787/801/779 846/896/871 847/900/874
f 762/806/783 761/803/780 820/898/872 821/901/875
f 815/807/784 814/804/781 873/899/873 874/902/876
f 789/808/785 788/805/782 847/900/874 848/903/877
f 763/809/786 762/806/783 821/901/875 822/904/878
f 816/810/787 815/807/784 874/902/876 875/905/879
f 790/811/788 789/808/785 848/903/877 849/906/880
f 764/812/789 763/809/786 822/904/878 823/907/881
f 817/813/790 816/810/787 875/905/879 876/908/882
f 791/814/791 790/811/788 849/906/880 850/909/883
f 765/815/792 764/812/789 823/907/881 824/910/884
f 818/816/793 817/813/790 876/908/882 877/911/885
f 792/817/794 791/814/791 850/909/883 851/912/886
f 766/818/795 765/815/792 824/910/884 825/913/887
f 819/819/796 818/816/793 877/911/885 878/854/829
f 793/820/797 792/817/794 851/912/886 852/855/830
f 767/821/798 766/818/795 825/913/887 826/857/832
f 854/859/834 853/856/831 912/914/888 913/915/889
f 828/860/835 827/858/833 886/916/890 887/917/891
f 855/861/836 854/859/834 913/915/889 914/918/892
f 829/862/837 828/860/835 887/917/891 888/919/893
f 856/863/838 855/861/836 914/918/892 915/920/894
f 830/864/839 829/862/837 888/919/893 889/921/895
f 857/865/840 856/863/838 915/920/894 916/922/896
f 831/866/841 830/864/839 889/921/895 890/923/897
f 858/867/842 857/865/840 916/922/896 917/924/898
f 832/868/843 831/866/841 890/923/897 891/925/899
f 859/869/844 858/867/842 917/924/898 918/926/900
f 833/870/845 832/868/843 891/925/899 892/927/901
f 860/871/846 859/869/844 918/926/900 919/928/902
f 834/872/847 833/870/845 892/927/901 893/929/903
f 861/873/848 860/871/846 919/928/902 920/930/904
f 835/874/849 834/872/847 893/929/903 894/931/905
f 862/875/850 861/873/848 920/930/904 921/932/906
f 836/876/851 835/874/849 894/931/905 895/933/907
f 863/877/852 862/875/850 921/932/906 922/934/908
f 837/878/853 836/876/851 895/933/907 896/935/909
f 820/898/872 1882/936/12 879/937/910
f 864/879/854 863/877/852 922/934/908 923/938/911
f 838/880/855 837/878/853 896/935/909 897/939/912
f 821/901/875 820/898/872 879/937/910 880/940/913
f 865/881/856 864/879/854 923/938/911 924/941/914
f 839/882/857 838/880/855 897/939/912 898/942/915
f 822/904/878 821/901/875 880/940/913 881/943/916
f 866/883/858 865/881/856 924/941/914 925/944/917
f 840/884/859 839/882/857 898/942/915 899/945/918
f 823/907/881 822/904/878 881/943/916 882/946/919
f 867/885/860 866/883/858 925/944/917 926/947/920
f 841/886/861 840/884/859 899/945/918 900/948/921
f 824/910/884 823/907/881 882/946/919 883/949/922
f 868/887/862 867/885/860 926/947/920 927/950/923
f 842/888/863 841/886/861 900/948/921 901/951/924
f 869/889/864 868/887/862 927/950/923 928/952/925
f 843/890/865 842/888/863 901/951/924 902/953/926
f 870/891/866 869/889/864 928/952/925 929/954/927
f 844/892/867 843/890/865 902/953/926 903/955/928
f 871/893/868 870/891/866 929/954/927 930/956/929
f 845/894/869 844/892/867 903/955/928 904/957/930
f 872/895/870 871/893/868 930/956/929 931/958/931
f 846/896/871 845/894/869 904/957/930 905/959/932
f 873/899/873 872/895/870 931/958/931 932/960/933
f 847/900/874 846/896/871 905/959/932 906/961/934
f 874/902/876 873/899/873 932/960/933 933/962/935
f 848/903/877 847/900/874 906/961/934 907/963/936
f 875/905/879 874/902/876 933/962/935 934/964/937
f 849/906/880 848/903/877 907/963/936 908/965/938
f 876/908/882 875/905/879 934/964/937 935/966/939
f 850/909/883 849/906/880 908/965/938 909/967/940
f 877/911/885 876/908/882 935/966/939 936/968/941
f 851/912/886 850/909/883 909/967/940 910/969/942
f 825/913/887 824/910/884 883/949/922 884/970/943
f 878/854/829 877/911/885 936/968/941 937/971/944
f 852/855/830 851/912/886 910/969/942 911/972/945
f 826/857/832 825/913/887 884/970/943 885/973/946
f 2827/974/50 878/854/829 937/971/944
f 853/856/831 852/855/830 911/972/945 912/914/888
f 827/858/833 826/857/832 885/973/946 886/916/890
f 923/938/911 922/934/908 981/975/947 982/976/948
f 897/939/912 896/935/909 955/977/949 956/978/950
f 924/941/914 923/938/911 982/976/948 983/979/951
f 898/942/915 897/939/912 956/978/950 957/980/952
f 925/944/917 924/941/914 983/979/951 984/981/953
f 899/945/918 898/942/915 957/980/952 958/982/954
f 926/947/920 925/944/917 984/981/953 985/983/955
f 900/948/921 899/945/918 958/982/954 959/984/956
f 927/950/923 926/947/920 985/983/955 986/985/957
f 901/951/924 900/948/921 959/984/956 960/986/958
f 928/952/925 927/950/923 986/985/957 987/987/959
f 902/953/926 901/951/924 960/986/958 961/988/960
f 929/954/927 928/952/925 987/987/959 988/989/961
f 903/955/928 902/953/926 961/988/960 962/990/962
f 930/956/929 929/954/927 988/989/961 989/991/963
f 904/957/930 903/955/928 962/990/962 963/992/964
f 931/958/931 930/956/929 989/991/963 990/993/965
f 905/959/932 904/957/930 963/992/964 964/994/966
f 879/937/910 1882/995/12 938/996/967
f 932/960/933 931/958/931 990/993/965 991/997/968
f 906/961/934 905/959/932 964/994/966 965/998/969
f 880/940/913 879/937/910 938/996/967 939/999/970
f 933/962/935 932/960/933 991/997/968 992/1000/971
f 907/963/936 906/961/934 965/998/969 966/1001/972
f 881/943/916 880/940/913 939/999/970 940/1002/973
f 934/964/937 933/962/935 992/1000/971 993/1003/974
f 908/965/938 907/963/936 966/1001/972 967/1004/975
f 882/946/919 881/943/916 940/1002/973 941/1005/976
f 935/966/939 934/964/937 993/1003/974 994/1006/977
f 909/967/940 908/965/938 967/1004/975 968/1007/978
f 883/949/922 882/946/919 941/1005/976 942/1008/979
f 936/968/941 935/966/939 994/1006/977 995/1009/980
f 910/969/942 909/967/940 968/1007/978 969/1010/981
f 884/970/943 883/949/922 942/1008/979 943/1011/982
f 937/971/944 936/968/941 995/1009/980 996/1012/983
f 911/972/945 910/969/942 969/1010/981 970/1013/984
f 885/973/946 884/970/943 943/1011/982 944/1014/985
f 2827/1015/50 937/971/944 996/1012/983
f 912/914/888 911/972/945 970/1013/984 971/1016/986
f 886/916/890 885/973/946 944/1014/985 945/1017/987
f 913/915/889 912/914/888 971/1016/986 972/1018/988
f 887/917/891 886/916/890 945/1017/987 946/1019/989
f 914/918/892 913/915/889 972/1018/988 973/1020/990
f 888/919/893 887/917/891 946/1019/989 947/1021/991
f 915/920/894 914/918/892 973/1020/990 974/1022/992
f 889/921/895 888/919/893 947/1021/991 948/1023/993
f 916/922/896 915/920/894 974/1022/992 975/1024/994
f 890/923/897 889/921/895 948/1023/993 949/1025/995
f 917/924/898 916/922/896 975/1024/994 976/1026/996
f 891/925/899 890/923/897 949/1025/995 950/1027/997
f 918/926/900 917/924/898 976/1026/996 977/1028/998
f 892/927/901 891/925/899 950/1027/997 951/1029/999
f 919/928/902 918/926/900 977/1028/998 978/1030/1000
f 893/929/903 892/927/901 951/1029/999 952/1031/1001
f 920/930/904 919/928/902 978/1030/1000 979/1032/1002
f 894/931/905 893/929/903 952/1031/1001 953/1033/1003
f 921/932/906 920/930/904 979/1032/1002 980/1034/1004
f 895/933/907 894/931/905 953/1033/1003 954/1035/1005
f 922/934/908 921/932/906 980/1034/1004 981/975/947
f 896/935/909 895/933/907 954/1035/1005 955/977/949
f 992/1000/971 991/997/968 1050/1036/1006 1051/1037/1007
f 966/1001/972 965/998/969 1024/1038/1008 1025/1039/1009
f 940/1002/973 939/999/970 998/1040/1010 999/1041/1011
f 993/1003/974 992/1000/971 1051/1037/1007 1052/1042/1012
f 967/1004/975 966/1001/972 1025/1039/1009 1026/1043/1013
f 941/1005/976 940/1002/973 999/1041/1011 1000/1044/1014
f 994/1006/977 993/1003/974 1052/1042/1012 1053/1045/1015
f 968/1007/978 967/1004/975 1026/1043/1013 1027/1046/1016
f 942/1008/979 941/1005/976 1000/1044/1014 1001/1047/1017
f 995/1009/980 994/1006/977 1053/1045/1015 1054/1048/1018
f 969/1010/981 968/1007/978 1027/1046/1016 1028/1049/1019
f 943/1011/982 942/1008/979 1001/1047/1017 1002/1050/1020
f 996/1012/983 995/1009/980 1054/1048/1018 1055/1051/1021
f 970/1013/984 969/1010/981 1028/1049/1019 1029/1052/1022
f 944/1014/985 943/1011/982 1002/1050/1020 1003/1053/1023
f 2827/1054/50 996/1012/983 1055/1051/1021
f 971/1016/986 970/1013/984 1029/1052/1022 1030/1055/1024
f 945/1017/987 944/1014/985 1003/1053/1023 1004/1056/1025
f 972/1018/988 971/1016/986 1030/1055/1024 1031/1057/1026
f 946/1019/989 945/1017/987 1004/1056/1025 1005/1058/1027
f 973/1020/990 972/1018/988 1031/1057/1026 1032/1059/1028
f 947/1021/991 946/1019/989 1005/1058/1027 1006/1060/1029
f 974/1022/992 973/1020/990 1032/1059/1028 1033/1061/1030
f 948/1023/993 947/1021/991 1006/1060/1029 1007/1062/1031
f 975/1024/994 974/1022/992 1033/1061/1030 1034/1063/1032
f 949/1025/995 948/1023/993 1007/1062/1031 1008/1064/1033
f 976/1026/996 975/1024/994 1034/1063/1032 1035/1065/1034
f 950/1027/997 949/1025/995 1008/1064/1033 1009/1066/1035
f 977/1028/998 976/1026/996 1035/1065/1034 1036/1067/1036
f 951/1029/999 950/1027/997 1009/1066/1035 1010/1068/1037
f 978/1030/1000 977/1028/998 1036/1067/1036 1037/1069/1038
f 952/1031/1001 951/1029/999 1010/1068/1037 1011/1070/1039
f 979/1032/1002 978/1030/1000 1037/1069/1038 1038/1071/1040
f 953/1033/1003 952/1031/1001 1011/1070/1039 1012/1072/1041
f 980/1034/1004 979/1032/1002 1038/1071/1040 1039/1073/1042
f 954/1035/1005 953/1033/1003 1012/1072/1041 1013/1074/1043
f 981/975/947 980/1034/1004 1039/1073/1042 1040/1075/1044
f 955/977/949 954/1035/1005 1013/1074/1043 1014/1076/1045
f 982/976/948 981/975/947 1040/1075/1044 1041/1077/1046
f 956/978/950 955/977/949 1014/1076/1045 1015/1078/1047
f 983/979/951 982/976/948 1041/1077/1046 1042/1079/1048
f 957/980/952 956/978/950 1015/1078/1047 1016/1080/1049
f 984/981/953 983/979/951 1042/1079/1048 1043/1081/1050
f 958/982/954 957/980/952 1016/1080/1049 1017/1082/1051
f 985/983/955 984/981/953 1043/1081/1050 1044/1083/1052
f 959/984/956 958/982/954 1017/1082/1051 1018/1084/1053
f 986/985/957 985/983/955 1044/1083/1052 1045/1085/1054
f 960/986/958 959/984/956 1018/1084/1053 1019/1086/1055
f 987/987/959 986/985/957 1045/1085/1054 1046/1087/1056
f 961/988/960 960/986/958 1019/1086/1055 1020/1088/1057
f 988/989/961 987/987/959 1046/1087/1056 1047/1089/1058
f 962/990/962 961/988/960 1020/1088/1057 1021/1090/1059
f 989/991/963 988/989/961 1047/1089/1058 1048/1091/1060
f 963/992/964 962/990/962 1021/1090/1059 1022/1092/1061
f 990/993/965 989/991/963 1048/1091/1060 1049/1093/1062
f 964/994/966 963/992/964 1022/1092/1061 1023/1094/1063
f 938/996/967 1882/1095/12 997/1096/1064
f 991/997/968 990/993/965 1049/1093/1062 1050/1036/1006
f 965/998/969 964/994/966 1023/1094/1063 1024/1038/1008
f 939/999/970 938/996/967 997/1096/1064 998/1040/1010
f 1035/1065/1034 1034/1063/1032 1093/1097/1065 1094/1098/1066
f 1009/1066/1035 1008/1064/1033 1067/1099/1067 1068/1100/1068
f 1036/1067/1036 1035/1065/1034 1094/1098/1066 1095/1101/1069
f 1010/1068/1037 1009/1066/1035 1068/1100/1068 1069/1102/1070
f 1037/1069/1038 1036/1067/1036 1095/1101/1069 1096/1103/1071
f 1011/1070/1039 1010/1068/1037 1069/1102/1070 1070/1104/1072
f 1038/1071/1040 1037/1069/1038 1096/1103/1071 1097/1105/1073
f 1012/1072/1041 1011/1070/1039 1070/1104/1072 1071/1106/1074
f 1039/1073/1042 1038/1071/1040 1097/1105/1073 1098/1107/1075
f 1013/1074/1043 1012/1072/1041 1071/1106/1074 1072/1108/1076
f 1040/1075/1044 1039/1073/1042 1098/1107/1075 1099/1109/1077
f 1014/1076/1045 1013/1074/1043 1072/1108/1076 1073/1110/1078
f 1041/1077/1046 1040/1075/1044 1099/1109/1077 1100/1111/1079
f 1015/1078/1047 1014/1076/1045 1073/1110/1078 1074/1112/1080
f 1042/1079/1048 1041/1077/1046 1100/1111/1079 1101/1113/1081
f 1016/1080/1049 1015/1078/1047 1074/1112/1080 1075/1114/1082
f 1043/1081/1050 1042/1079/1048 1101/1113/1081 1102/1115/1083
f 1017/1082/1051 1016/1080/1049 1075/1114/1082 1076/1116/1084
f 1044/1083/1052 1043/1081/1050 1102/1115/1083 1103/1117/1085
f 1018/1084/1053 1017/1082/1051 1076/1116/1084 1077/1118/1086
f 1045/1085/1054 1044/1083/1052 1103/1117/1085 1104/1119/1087
f 1019/1086/1055 1018/1084/1053 1077/1118/1086 1078/1120/1088
f 1046/1087/1056 1045/1085/1054 1104/1119/1087 1105/1121/1089
f 1020/1088/1057 1019/1086/1055 1078/1120/1088 1079/1122/1090
f 1047/1089/1058 1046/1087/1056 1105/1121/1089 1106/1123/1091
f 1021/1090/1059 1020/1088/1057 1079/1122/1090 1080/1124/1092
f 1048/1091/1060 1047/1089/1058 1106/1123/1091 1107/1125/1093
f 1022/1092/1061 1021/1090/1059 1080/1124/1092 1081/1126/1094
f 1049/1093/1062 1048/1091/1060 1107/1125/1093 1108/1127/1095
f 1023/1094/1063 1022/1092/1061 1081/1126/1094 1082/1128/1096
f 997/1096/1064 1882/1129/12 1056/1130/1097
f 1050/1036/1006 1049/1093/1062 1108/1127/1095 1109/1131/1098
f 1024/1038/1008 1023/1094/1063 1082/1128/1096 1083/1132/1099
f 998/1040/1010 997/1096/1064 1056/1130/1097 1057/1133/1100
f 1051/1037/1007 1050/1036/1006 1109/1131/1098 1110/1134/1101
f 1025/1039/1009 1024/1038/1008 1083/1132/1099 1084/1135/1102
f 999/1041/1011 998/1040/1010 1057/1133/1100 1058/1136/1103
f 1052/1042/1012 1051/1037/1007 1110/1134/1101 1111/1137/1104
f 1026/1043/1013 1025/1039/1009 1084/1135/1102 1085/1138/1105
f 1000/1044/1014 999/1041/1011 1058/1136/1103 1059/1139/1106
f 1053/1045/1015 1052/1042/1012 1111/1137/1104 1112/1140/1107
f 1027/1046/1016 1026/1043/1013 1085/1138/1105 1086/1141/1108
f 1001/1047/1017 1000/1044/1014 1059/1139/1106 1060/1142/1109
f 1054/1048/1018 1053/1045/1015 1112/1140/1107 1113/1143/1110
f 1028/1049/1019 1027/1046/1016 1086/1141/1108 1087/1144/1111
f 1002/1050/1020 1001/1047/1017 1060/1142/1109 1061/1145/1112
f 1055/1051/1021 1054/1048/1018 1113/1143/1110 1114/1146/1113
f 1029/1052/1022 1028/1049/1019 1087/1144/1111 1088/1147/1114
f 1003/1053/1023 1002/1050/1020 1061/1145/1112 1062/1148/1115
f 2827/1149/50 1055/1051/1021 1114/1146/1113
f 1030/1055/1024 1029/1052/1022 1088/1147/1114 1089/1150/1116
f 1004/1056/1025 1003/1053/1023 1062/1148/1115 1063/1151/1117
f 1031/1057/1026 1030/1055/1024 1089/1150/1116 1090/1152/1118
f 1005/1058/1027 1004/1056/1025 1063/1151/1117 1064/1153/1119
f 1032/1059/1028 1031/1057/1026 1090/1152/1118 1091/1154/1120
f 1006/1060/1029 1005/1058/1027 1064/1153/1119 1065/1155/1121
f 1033/1061/1030 1032/1059/1028 1091/1154/1120 1092/1156/1122
f 1007/1062/1031 1006/1060/1029 1065/1155/1121 1066/1157/1123
f 1034/1063/1032 1033/1061/1030 1092/1156/1122 1093/1097/1065
f 1008/1064/1033 1007/1062/1031 1066/1157/1123 1067/1099/1067
f 1104/1119/1087 1103/1117/1085 1162/1158/1124 1163/1159/1125
f 1078/1120/1088 1077/1118/1086 1136/1160/1126 1137/1161/1127
f 1105/1121/1089 1104/1119/1087 1163/1159/1125 1164/1162/1128
f 1079/1122/1090 1078/1120/1088 1137/1161/1127 1138/1163/1129
f 1106/1123/1091 1105/1121/1089 1164/1162/1128 1165/1164/1130
f 1080/1124/1092 1079/1122/1090 1138/1163/1129 1139/1165/1131
f 1107/1125/1093 1106/1123/1091 1165/1164/1130 1166/1166/1132
f 1081/1126/1094 1080/1124/1092 1139/1165/1131 1140/1167/1133
f 1108/1127/1095 1107/1125/1093 1166/1166/1132 1167/1168/1134
f 1082/1128/1096 1081/1126/1094 1140/1167/1133 1141/1169/1135
f 1056/1130/1097 1882/1170/12 1115/1171/1136
f 1109/1131/1098 1108/1127/1095 1167/1168/1134 1168/1172/1137
f 1083/1132/1099 1082/1128/1096 1141/1169/1135 1142/1173/1138
f 1057/1133/1100 1056/1130/1097 1115/1171/1136 1116/1174/1139
f 1110/1134/1101 1109/1131/1098 1168/1172/1137 1169/1175/1140
f 1084/1135/1102 1083/1132/1099 1142/1173/1138 1143/1176/1141
f 1058/1136/1103 1057/1133/1100 1116/1174/1139 1117/1177/1142
f 1111/1137/1104 1110/1134/1101 1169/1175/1140 1170/1178/1143
f 1085/1138/1105 1084/1135/1102 1143/1176/1141 1144/1179/1144
f 1059/1139/1106 1058/1136/1103 1117/1177/1142 1118/1180/1145
f 1112/1140/1107 1111/1137/1104 1170/1178/1143 1171/1181/1146
f 1086/1141/1108 1085/1138/1105 1144/1179/1144 1145/1182/1147
f 1060/1142/1109 1059/1139/1106 1118/1180/1145 1119/1183/1148
f 1113/1143/1110 1112/1140/1107 1171/1181/1146 1172/1184/1149
f 1087/1144/1111 1086/1141/1108 1145/1182/1147 1146/1185/1150
f 1061/1145/1112 1060/1142/1109 1119/1183/1148 1120/1186/1151
f 1114/1146/1113 1113/1143/1110 1172/1184/1149 1173/1187/1152
f 1088/1147/1114 1087/1144/1111 1146/1185/1150 1147/1188/1153
f 1062/1148/1115 1061/1145/1112 1120/1186/1151 1121/1189/1154
f 2827/1190/50 1114/1146/1113 1173/1187/1152
f 1089/1150/1116 1088/1147/1114 1147/1188/1153 1148/1191/1155
f 1063/1151/1117 1062/1148/1115 1121/1189/1154 1122/1192/1156
f 1090/1152/1118 1089/1150/1116 1148/1191/1155 1149/1193/1157
f 1064/1153/1119 1063/1151/1117 1122/1192/1156 1123/1194/1158
f 1091/1154/1120 1090/1152/1118 1149/1193/1157 1150/1195/1159
f 1065/1155/1121 1064/1153/1119 1123/1194/1158 1124/1196/1160
f 1092/1156/1122 1091/1154/1120 1150/1195/1159 1151/1197/1161
f 1066/1157/1123 1065/1155/1121 1124/1196/1160 1125/1198/1162
f 1093/1097/1065 1092/1156/1122 1151/1197/1161 1152/1199/1163
f 1067/1099/1067 1066/1157/1123 1125/1198/1162 1126/1200/1164
f 1094/1098/1066 1093/1097/1065 1152/1199/1163 1153/1201/1165
f 1068/1100/1068 1067/1099/1067 1126/1200/1164 1127/1202/1166
f 1095/1101/1069 1094/1098/1066 1153/1201/1165 1154/1203/1167
f 1069/1102/1070 1068/1100/1068 1127/1202/1166 1128/1204/1168
f 1096/1103/1071 1095/1101/1069 1154/1203/1167 1155/1205/1169
f 1070/1104/1072 1069/1102/1070 1128/1204/1168 1129/1206/1170
f 1097/1105/1073 1096/1103/1071 1155/1205/1169 1156/1207/1171
f 1071/1106/1074 1070/1104/1072 1129/1206/1170 1130/1208/1172
f 1098/1107/1075 1097/1105/1073 1156/1207/1171 1157/1209/1173
f 1072/1108/1076 1071/1106/1074 1130/1208/1172 1131/1210/1174
f 1099/1109/1077 1098/1107/1075 1157/1209/1173 1158/1211/1175
f 1073/1110/1078 1072/1108/1076 1131/1210/1174 1132/1212/1176
f 1100/1111/1079 1099/1109/1077 1158/1211/1175 1159/1213/1177
f 1074/1112/1080 1073/1110/1078 1132/1212/1176 1133/1214/1178
f 1101/1113/1081 1100/1111/1079 1159/1213/1177 1160/1215/1179
f 1075/1114/1082 1074/1112/1080 1133/1214/1178 1134/1216/1180
f 1102/1115/1083 1101/1113/1081 1160/1215/1179 1161/1217/1181
f 1076/1116/1084 1075/1114/1082 1134/1216/1180 1135/1218/1182
f 1103/1117/1085 1102/1115/1083 1161/1217/1181 1162/1158/1124
f 1077/1118/1086 1076/1116/1084 1135/1218/1182 1136/1160/1126
f 1173/1187/1152 1172/1184/1149 1231/1219/1183 1232/1220/1184
f 1147/1188/1153 1146/1185/1150 1205/1221/1185 1206/1222/1186
f 1121/1189/1154 1120/1186/1151 1179/1223/1187 1180/1224/1188
f 2827/1225/50 1173/1187/1152 1232/1220/1184
f 1148/1191/1155 1147/1188/1153 1206/1222/1186 1207/1226/1189
f 1122/1192/1156 1121/1189/1154 1180/1224/1188 1181/1227/1190
f 1149/1193/1157 1148/1191/1155 1207/1226/1189 1208/1228/1191
f 1123/1194/1158 1122/1192/1156 1181/1227/1190 1182/1229/1192
f 1150/1195/1159 1149/1193/1157 1208/1228/1191 1209/1230/1193
f 1124/1196/1160 1123/1194/1158 1182/1229/1192 1183/1231/1194
f 1151/1197/1161 1150/1195/1159 1209/1230/1193 1210/1232/1195
f 1125/1198/1162 1124/1196/1160 1183/1231/1194 1184/1233/1196
f 1152/1199/1163 1151/1197/1161 1210/1232/1195 1211/1234/1197
f 1126/1200/1164 1125/1198/1162 1184/1233/1196 1185/1235/1198
f 1153/1201/1165 1152/1199/1163 1211/1234/1197 1212/1236/1199
f 1127/1202/1166 1126/1200/1164 1185/1235/1198 1186/1237/1200
f 1154/1203/1167 1153/1201/1165 1212/1236/1199 1213/1238/1201
f 1128/1204/1168 1127/1202/1166 1186/1237/1200 1187/1239/1202
f 1155/1205/1169 1154/1203/1167 1213/1238/1201 1214/1240/1203
f 1129/1206/1170 1128/1204/1168 1187/1239/1202 1188/1241/1204
f 1156/1207/1171 1155/1205/1169 1214/1240/1203 1215/1242/1205
f 1130/1208/1172 1129/1206/1170 1188/1241/1204 1189/1243/1206
f 1157/1209/1173 1156/1207/1171 1215/1242/1205 1216/1244/1207
f 1131/1210/1174 1130/1208/1172 1189/1243/1206 1190/1245/1208
f 1158/1211/1175 1157/1209/1173 1216/1244/1207 1217/1246/1209
f 1132/1212/1176 1131/1210/1174 1190/1245/1208 1191/1247/1210
f 1159/1213/1177 1158/1211/1175 1217/1246/1209 1218/1248/1211
f 1133/1214/1178 1132/1212/1176 1191/1247/1210 1192/1249/1212
f 1160/1215/1179 1159/1213/1177 1218/1248/1211 1219/1250/1213
f 1134/1216/1180 1133/1214/1178 1192/1249/1212 1193/1251/1214
f 1161/1217/1181 1160/1215/1179 1219/1250/1213 1220/1252/1215
f 1135/1218/1182 1134/1216/1180 1193/1251/1214 1194/1253/1216
f 1162/1158/1124 1161/1217/1181 1220/1252/1215 1221/1254/1217
f 1136/1160/1126 1135/1218/1182 1194/1253/1216 1195/1255/1218
f 1163/1159/1125 1162/1158/1124 1221/1254/1217 1222/1256/1219
f 1137/1161/1127 1136/1160/1126 1195/1255/1218 1196/1257/1220
f 1164/1162/1128 1163/1159/1125 1222/1256/1219 1223/1258/1221
f 1138/1163/1129 1137/1161/1127 1196/1257/1220 1197/1259/1222
f 1165/1164/1130 1164/1162/1128 1223/1258/1221 1224/1260/1223
f 1139/1165/1131 1138/1163/1129 1197/1259/1222 1198/1261/1224
f 1166/1166/1132 1165/1164/1130 1224/1260/1223 1225/1262/1225
f 1140/1167/1133 1139/1165/1131 1198/1261/1224 1199/1263/1226
f 1167/1168/1134 1166/1166/1132 1225/1262/1225 1226/1264/1227
f 1141/1169/1135 1140/1167/1133 1199/1263/1226 1200/1265/1228
f 1115/1171/1136 1882/1266/12 1174/1267/1229
f 1168/1172/1137 1167/1168/1134 1226/1264/1227 1227/1268/1230
f 1142/1173/1138 1141/1169/1135 1200/1265/1228 1201/1269/1231
f 1116/1174/1139 1115/1171/1136 1174/1267/1229 1175/1270/1232
f 1169/1175/1140 1168/1172/1137 1227/1268/1230 1228/1271/1233
f 1143/1176/1141 1142/1173/1138 1201/1269/1231 1202/1272/1234
f 1117/1177/1142 1116/1174/1139 1175/1270/1232 1176/1273/1235
f 1170/1178/1143 1169/1175/1140 1228/1271/1233 1229/1274/1236
f 1144/1179/1144 1143/1176/1141 1202/1272/1234 1203/1275/1237
f 1118/1180/1145 1117/1177/1142 1176/1273/1235 1177/1276/1238
f 1171/1181/1146 1170/1178/1143 1229/1274/1236 1230/1277/1239
f 1145/1182/1147 1144/1179/1144 1203/1275/1237 1204/1278/1240
f 1119/1183/1148 1118/1180/1145 1177/1276/1238 1178/1279/1241
f 1172/1184/1149 1171/1181/1146 1230/1277/1239 1231/1219/1183
f 1146/1185/1150 1145/1182/1147 1204/1278/1240 1205/1221/1185
f 1120/1186/1151 1119/1183/1148 1178/1279/1241 1179/1223/1187
f 1216/1244/1207 1215/1242/1205 1274/1280/1242 1275/1281/1243
f 1190/1245/1208 1189/1243/1206 1248/1282/1244 1249/1283/1245
f 1217/1246/1209 1216/1244/1207 1275/1281/1243 1276/1284/1246
f 1191/1247/1210 1190/1245/1208 1249/1283/1245 1250/1285/1247
f 1218/1248/1211 1217/1246/1209 1276/1284/1246 1277/1286/1248
f 1192/1249/1212 1191/1247/1210 1250/1285/1247 1251/1287/1249
f 1219/1250/1213 1218/1248/1211 1277/1286/1248 1278/1288/1250
f 1193/1251/1214 1192/1249/1212 1251/1287/1249 1252/1289/1251
f 1220/1252/1215 1219/1250/1213 1278/1288/1250 1279/1290/1252
f 1194/1253/1216 1193/1251/1214 1252/1289/1251 1253/1291/1253
f 1221/1254/1217 1220/1252/1215 1279/1290/1252 1280/1292/1254
f 1195/1255/1218 1194/1253/1216 1253/1291/1253 1254/1293/1255
f 1222/1256/1219 1221/1254/1217 1280/1292/1254 1281/1294/1256
f 1196/1257/1220 1195/1255/1218 1254/1293/1255 1255/1295/1257
f 1223/1258/1221 1222/1256/1219 1281/1294/1256 1282/1296/1258
f 1197/1259/1222 1196/1257/1220 1255/1295/1257 1256/1297/1259
f 1224/1260/1223 1223/1258/1221 1282/1296/1258 1283/1298/1260
f 1198/1261/1224 1197/1259/1222 1256/1297/1259 1257/1299/1261
f 1225/1262/1225 1224/1260/1223 1283/1298/1260 1284/1300/1262
f 1199/1263/1226 1198/1261/1224 1257/1299/1261 1258/1301/1263
f 1226/1264/1227 1225/1262/1225 1284/1300/1262 1285/1302/1264
f 1200/1265/1228 1199/1263/1226 1258/1301/1263 1259/1303/1265
f 1174/1267/1229 1882/1304/12 1233/1305/1266
f 1227/1268/1230 1226/1264/1227 1285/1302/1264 1286/1306/1267
f 1201/1269/1231 1200/1265/1228 1259/1303/1265 1260/1307/1268
f 1175/1270/1232 1174/1267/1229 1233/1305/1266 1234/1308/1269
f 1228/1271/1233 1227/1268/1230 1286/1306/1267 1287/1309/1270
f 1202/1272/1234 1201/1269/1231 1260/1307/1268 1261/1310/1271
f 1176/1273/1235 1175/1270/1232 1234/1308/1269 1235/1311/1272
f 1229/1274/1236 1228/1271/1233 1287/1309/1270 1288/1312/1273
f 1203/1275/1237 1202/1272/1234 1261/1310/1271 1262/1313/1274
f 1177/1276/1238 1176/1273/1235 1235/1311/1272 1236/1314/1275
f 1230/1277/1239 1229/1274/1236 1288/1312/1273 1289/1315/1276
f 1204/1278/1240 1203/1275/1237 1262/1313/1274 1263/1316/1277
f 1178/1279/1241 1177/1276/1238 1236/1314/1275 1237/1317/1278
f 1231/1219/1183 1230/1277/1239 1289/1315/1276 1290/1318/1279
f 1205/1221/1185 1204/1278/1240 1263/1316/1277 1264/1319/1280
f 1179/1223/1187 1178/1279/1241 1237/1317/1278 1238/1320/1281
f 1232/1220/1184 1231/1219/1183 1290/1318/1279 1291/1321/1282
f 1206/1222/1186 1205/1221/1185 1264/1319/1280 1265/1322/1283
f 1180/1224/1188 1179/1223/1187 1238/1320/1281 1239/1323/1284
f 2827/1324/50 1232/1220/1184 1291/1321/1282
f 1207/1226/1189 1206/1222/1186 1265/1322/1283 1266/1325/1285
f 1181/1227/1190 1180/1224/1188 1239/1323/1284 1240/1326/1286
f 1208/1228/1191 1207/1226/1189 1266/1325/1285 1267/1327/1287
f 1182/1229/1192 1181/1227/1190 1240/1326/1286 1241/1328/1288
f 1209/1230/1193 1208/1228/1191 1267/1327/1287 1268/1329/1289
f 1183/1231/1194 1182/1229/1192 1241/1328/1288 1242/1330/1290
f 1210/1232/1195 1209/1230/1193 1268/1329/1289 1269/1331/1291
f 1184/1233/1196 1183/1231/1194 1242/1330/1290 1243/1332/1292
f 1211/1234/1197 1210/1232/1195 1269/1331/1291 1270/1333/1293
f 1185/1235/1198 1184/1233/1196 1243/1332/1292 1244/1334/1294
f 1212/1236/1199 1211/1234/1197 1270/1333/1293 1271/1335/1295
f 1186/1237/1200 1185/1235/1198 1244/1334/1294 1245/1336/1296
f 1213/1238/1201 1212/1236/1199 1271/1335/1295 1272/1337/1297
f 1187/1239/1202 1186/1237/1200 1245/1336/1296 1246/1338/1298
f 1214/1240/1203 1213/1238/1201 1272/1337/1297 1273/1339/1299
f 1188/1241/1204 1187/1239/1202 1246/1338/1298 1247/1340/1300
f 1215/1242/1205 1214/1240/1203 1273/1339/1299 1274/1280/1242
f 1189/1243/1206 1188/1241/1204 1247/1340/1300 1248/1282/1244
f 1285/1302/1264 1284/1300/1262 1343/1341/1301 1344/1342/1302
f 1259/1303/1265 1258/1301/1263 1317/1343/1303 1318/1344/1304
f 1233/1305/1266 1882/1345/12 1292/1346/1305
f 1286/1306/1267 1285/1302/1264 1344/1342/1302 1345/1347/1306
f 1260/1307/1268 1259/1303/1265 1318/1344/1304 1319/1348/1307
f 1234/1308/1269 1233/1305/1266 1292/1346/1305 1293/1349/1308
f 1287/1309/1270 1286/1306/1267 1345/1347/1306 1346/1350/1309
f 1261/1310/1271 1260/1307/1268 1319/1348/1307 1320/1351/1310
f 1235/1311/1272 1234/1308/1269 1293/1349/1308 1294/1352/1311
f 1288/1312/1273 1287/1309/1270 1346/1350/1309 1347/1353/1312
f 1262/1313/1274 1261/1310/1271 1320/1351/1310 1321/1354/1313
f 1236/1314/1275 1235/1311/1272 1294/1352/1311 1295/1355/1314
f 1289/1315/1276 1288/1312/1273 1347/1353/1312 1348/1356/1315
f 1263/1316/1277 1262/1313/1274 1321/1354/1313 1322/1357/1316
f 1237/1317/1278 1236/1314/1275 1295/1355/1314 1296/1358/1317
f 1290/1318/1279 1289/1315/1276 1348/1356/1315 1349/1359/1318
f 1264/1319/1280 1263/1316/1277 1322/1357/1316 1323/1360/1319
f 1238/1320/1281 1237/1317/1278 1296/1358/1317 1297/1361/1320
f 1291/1321/1282 1290/1318/1279 1349/1359/1318 1350/1362/1321
f 1265/1322/1283 1264/1319/1280 1323/1360/1319 1324/1363/1322
f 1239/1323/1284 1238/1320/1281 1297/1361/1320 1298/1364/1323
f 2827/1365/50 1291/1321/1282 1350/1362/1321
f 1266/1325/1285 1265/1322/1283 1324/1363/1322 1325/1366/1324
f 1240/1326/1286 1239/1323/1284 1298/1364/1323 1299/1367/1325
f 1267/1327/1287 1266/1325/1285 1325/1366/1324 1326/1368/1326
f 1241/1328/1288 1240/1326/1286 1299/1367/1325 1300/1369/1327
f 1268/1329/1289 1267/1327/1287 1326/1368/1326 1327/1370/1328
f 1242/1330/1290 1241/1328/1288 1300/1369/1327 1301/1371/1329
f 1269/1331/1291 1268/1329/1289 1327/1370/1328 1328/1372/1330
f 1243/1332/1292 1242/1330/1290 1301/1371/1329 1302/1373/1331
f 1270/1333/1293 1269/1331/1291 1328/1372/1330 1329/1374/1332
f 1244/1334/1294 1243/1332/1292 1302/1373/1331 1303/1375/1333
f 1271/1335/1295 1270/1333/1293 1329/1374/1332 1330/1376/1334
f 1245/1336/1296 1244/1334/1294 1303/1375/1333 1304/1377/1335
f 1272/1337/1297 1271/1335/1295 1330/1376/1334 1331/1378/1336
f 1246/1338/1298 1245/1336/1296 1304/1377/1335 1305/1379/1337
f 1273/1339/1299 1272/1337/1297 1331/1378/1336 1332/1380/1338
f 1247/1340/1300 1246/1338/1298 1305/1379/1337 1306/1381/1339
f 1274/1280/1242 1273/1339/1299 1332/1380/1338 1333/1382/1340
f 1248/1282/1244 1247/1340/1300 1306/1381/1339 1307/1383/1341
f 1275/1281/1243 1274/1280/1242 1333/1382/1340 1334/1384/1342
f 1249/1283/1245 1248/1282/1244 1307/1383/1341 1308/1385/1343
f 1276/1284/1246 1275/1281/1243 1334/1384/1342 1335/1386/1344
f 1250/1285/1247 1249/1283/1245 1308/1385/1343 1309/1387/1345
f 1277/1286/1248 1276/1284/1246 1335/1386/1344 1336/1388/1346
f 1251/1287/1249 1250/1285/1247 1309/1387/1345 1310/1389/1347
f 1278/1288/1250 1277/1286/1248 1336/1388/1346 1337/1390/1348
f 1252/1289/1251 1251/1287/1249 1310/1389/1347 1311/1391/1349
f 1279/1290/1252 1278/1288/1250 1337/1390/1348 1338/1392/1350
f 1253/1291/1253 1252/1289/1251 1311/1391/1349 1312/1393/1351
f 1280/1292/1254 1279/1290/1252 1338/1392/1350 1339/1394/1352
f 1254/1293/1255 1253/1291/1253 1312/1393/1351 1313/1395/1353
f 1281/1294/1256 1280/1292/1254 1339/1394/1352 1340/1396/1354
f 1255/1295/1257 1254/1293/1255 1313/1395/1353 1314/1397/1355
f 1282/1296/1258 1281/1294/1256 1340/1396/1354 1341/1398/1356
f 1256/1297/1259 1255/1295/1257 1314/1397/1355 1315/1399/1357
f 1283/1298/1260 1282/1296/1258 1341/1398/1356 1342/1400/1358
f 1257/1299/1261 1256/1297/1259 1315/1399/1357 1316/1401/1359
f 1284/1300/1262 1283/1298/1260 1342/1400/1358 1343/1341/1301
f 1258/1301/1263 1257/1299/1261 1316/1401/1359 1317/1343/1303
f 1328/1372/1330 1327/1370/1328 1386/1402/1360 1387/1403/1361
f 1302/1373/1331 1301/1371/1329 1360/1404/1362 1361/1405/1363
f 1329/1374/1332 1328/1372/1330 1387/1403/1361 1388/1406/1364
f 1303/1375/1333 1302/1373/1331 1361/1405/1363 1362/1407/1365
f 1330/1376/1334 1329/1374/1332 1388/1406/1364 1389/1408/1366
f 1304/1377/1335 1303/1375/1333 1362/1407/1365 1363/1409/1367
f 1331/1378/1336 1330/1376/1334 1389/1408/1366 1390/1410/1368
f 1305/1379/1337 1304/1377/1335 1363/1409/1367 1364/1411/1369
f 1332/1380/1338 1331/1378/1336 1390/1410/1368 1391/1412/1370
f 1306/1381/1339 1305/1379/1337 1364/1411/1369 1365/1413/1371
f 1333/1382/1340 1332/1380/1338 1391/1412/1370 1392/1414/1372
f 1307/1383/1341 1306/1381/1339 1365/1413/1371 1366/1415/1373
f 1334/1384/1342 1333/1382/1340 1392/1414/1372 1393/1416/1374
f 1308/1385/1343 1307/1383/1341 1366/1415/1373 1367/1417/1375
f 1335/1386/1344 1334/1384/1342 1393/1416/1374 1394/1418/1376
f 1309/1387/1345 1308/1385/1343 1367/1417/1375 1368/1419/1377
f 1336/1388/1346 1335/1386/1344 1394/1418/1376 1395/1420/1378
f 1310/1389/1347 1309/1387/1345 1368/1419/1377 1369/1421/1379
f 1337/1390/1348 1336/1388/1346 1395/1420/1378 1396/1422/1380
f 1311/1391/1349 1310/1389/1347 1369/1421/1379 1370/1423/1381
f 1338/1392/1350 1337/1390/1348 1396/1422/1380 1397/1424/1382
f 1312/1393/1351 1311/1391/1349 1370/1423/1381 1371/1425/1383
f 1339/1394/1352 1338/1392/1350 1397/1424/1382 1398/1426/1384
f 1313/1395/1353 1312/1393/1351 1371/1425/1383 1372/1427/1385
f 1340/1396/1354 1339/1394/1352 1398/1426/1384 1399/1428/1386
f 1314/1397/1355 1313/1395/1353 1372/1427/1385 1373/1429/1387
f 1341/1398/1356 1340/1396/1354 1399/1428/1386 1400/1430/1388
f 1315/1399/1357 1314/1397/1355 1373/1429/1387 1374/1431/1389
f 1342/1400/1358 1341/1398/1356 1400/1430/1388 1401/1432/1390
f 1316/1401/1359 1315/1399/1357 1374/1431/1389 1375/1433/1391
f 1343/1341/1301 1342/1400/1358 1401/1432/1390 1402/1434/1392
f 1317/1343/1303 1316/1401/1359 1375/1433/1391 1376/1435/1393
f 1344/1342/1302 1343/1341/1301 1402/1434/1392 1403/1436/1394
f 1318/1344/1304 1317/1343/1303 1376/1435/1393 1377/1437/1395
f 1292/1346/1305 1882/1438/12 1351/1439/1396
f 1345/1347/1306 1344/1342/1302 1403/1436/1394 1404/1440/1397
f 1319/1348/1307 1318/1344/1304 1377/1437/1395 1378/1441/1398
f 1293/1349/1308 1292/1346/1305 1351/1439/1396 1352/1442/1399
f 1346/1350/1309 1345/1347/1306 1404/1440/1397 1405/1443/1400
f 1320/1351/1310 1319/1348/1307 1378/1441/1398 1379/1444/1401
f 1294/1352/1311 1293/1349/1308 1352/1442/1399 1353/1445/1402
f 1347/1353/1312 1346/1350/1309 1405/1443/1400 1406/1446/1403
f 1321/1354/1313 1320/1351/1310 1379/1444/1401 1380/1447/1404
f 1295/1355/1314 1294/1352/1311 1353/1445/1402 1354/1448/1405
f 1348/1356/1315 1347/1353/1312 1406/1446/1403 1407/1449/1406
f 1322/1357/1316 1321/1354/1313 1380/1447/1404 1381/1450/1407
f 1296/1358/1317 1295/1355/1314 1354/1448/1405 1355/1451/1408
f 1349/1359/1318 1348/1356/1315 1407/1449/1406 1408/1452/1409
f 1323/1360/1319 1322/1357/1316 1381/1450/1407 1382/1453/1410
f 1297/1361/1320 1296/1358/1317 1355/1451/1408 1356/1454/1411
f 1350/1362/1321 1349/1359/1318 1408/1452/1409 1409/1455/1412
f 1324/1363/1322 1323/1360/1319 1382/1453/1410 1383/1456/1413
f 1298/1364/1323 1297/1361/1320 1356/1454/1411 1357/1457/1414
f 2827/1458/50 1350/1362/1321 1409/1455/1412
f 1325/1366/1324 1324/1363/1322 1383/1456/1413 1384/1459/1415
f 1299/1367/1325 1298/1364/1323 1357/1457/1414 1358/1460/1416
f 1326/1368/1326 1325/1366/1324 1384/1459/1415 1385/1461/1417
f 1300/1369/1327 1299/1367/1325 1358/1460/1416 1359/1462/1418
f 1327/1370/1328 1326/1368/1326 1385/1461/1417 1386/1402/1360
f 1301/1371/1329 1300/1369/1327 1359/1462/1418 1360/1404/1362
f 1397/1424/1382 1396/1422/1380 1455/1463/1419 1456/1464/1420
f 1371/1425/1383 1370/1423/1381 1429/1465/1421 1430/1466/1422
f 1398/1426/1384 1397/1424/1382 1456/1464/1420 1457/1467/1423
f 1372/1427/1385 1371/1425/1383 1430/1466/1422 1431/1468/1424
f 1399/1428/1386 1398/1426/1384 1457/1467/1423 1458/1469/1425
f 1373/1429/1387 1372/1427/1385 1431/1468/1424 1432/1470/1426
f 1400/1430/1388 1399/1428/1386 1458/1469/1425 1459/1471/1427
f 1374/1431/1389 1373/1429/1387 1432/1470/1426 1433/1472/1428
f 1401/1432/1390 1400/1430/1388 1459/1471/1427 1460/1473/1429
f 1375/1433/1391 1374/1431/1389 1433/1472/1428 1434/1474/1430
f 1402/1434/1392 1401/1432/1390 1460/1473/1429 1461/1475/1431
f 1376/1435/1393 1375/1433/1391 1434/1474/1430 1435/1476/1432
f 1403/1436/1394 1402/1434/1392 1461/1475/1431 1462/1477/1433
f 1377/1437/1395 1376/1435/1393 1435/1476/1432 1436/1478/1434
f 1351/1439/1396 1882/1479/12 1410/1480/1435
f 1404/1440/1397 1403/1436/1394 1462/1477/1433 1463/1481/1436
f 1378/1441/1398 1377/1437/1395 1436/1478/1434 1437/1482/1437
f 1352/1442/1399 1351/1439/1396 1410/1480/1435 1411/1483/1438
f 1405/1443/1400 1404/1440/1397 1463/1481/1436 1464/1484/1439
f 1379/1444/1401 1378/1441/1398 1437/1482/1437 1438/1485/1440
f 1353/1445/1402 1352/1442/1399 1411/1483/1438 1412/1486/1441
f 1406/1446/1403 1405/1443/1400 1464/1484/1439 1465/1487/1442
f 1380/1447/1404 1379/1444/1401 1438/1485/1440 1439/1488/1443
f 1354/1448/1405 1353/1445/1402 1412/1486/1441 1413/1489/1444
f 1407/1449/1406 1406/1446/1403 1465/1487/1442 1466/1490/1445
f 1381/1450/1407 1380/1447/1404 1439/1488/1443 1440/1491/1446
f 1355/1451/1408 1354/1448/1405 1413/1489/1444 1414/1492/1447
f 1408/1452/1409 1407/1449/1406 1466/1490/1445 1467/1493/1448
f 1382/1453/1410 1381/1450/1407 1440/1491/1446 1441/1494/1449
f 1356/1454/1411 1355/1451/1408 1414/1492/1447 1415/1495/1450
f 1409/1455/1412 1408/1452/1409 1467/1493/1448 1468/1496/1451
f 1383/1456/1413 1382/1453/1410 1441/1494/1449 1442/1497/1452
f 1357/1457/1414 1356/1454/1411 1415/1495/1450 1416/1498/1453
f 2827/1499/50 1409/1455/1412 1468/1496/1451
f 1384/1459/1415 1383/1456/1413 1442/1497/1452 1443/1500/1454
f 1358/1460/1416 1357/1457/1414 1416/1498/1453 1417/1501/1455
f 1385/1461/1417 1384/1459/1415 1443/1500/1454 1444/1502/1456
f 1359/1462/1418 1358/1460/1416 1417/1501/1455 1418/1503/1457
f 1386/1402/1360 1385/1461/1417 1444/1502/1456 1445/1504/1458
f 1360/1404/1362 1359/1462/1418 1418/1503/1457 1419/1505/1459
f 1387/1403/1361 1386/1402/1360 1445/1504/1458 1446/1506/1460
f 1361/1405/1363 1360/1404/1362 1419/1505/1459 1420/1507/1461
f 1388/1406/1364 1387/1403/1361 1446/1506/1460 1447/1508/1462
f 1362/1407/1365 1361/1405/1363 1420/1507/1461 1421/1509/1463
f 1389/1408/1366 1388/1406/1364 1447/1508/1462 1448/1510/1464
f 1363/1409/1367 1362/1407/1365 1421/1509/1463 1422/1511/1465
f 1390/1410/1368 1389/1408/1366 1448/1510/1464 1449/1512/1466
f 1364/1411/1369 1363/1409/1367 1422/1511/1465 1423/1513/1467
f 1391/1412/1370 1390/1410/1368 1449/1512/1466 1450/1514/1468
f 1365/1413/1371 1364/1411/1369 1423/1513/1467 1424/1515/1469
f 1392/1414/1372 1391/1412/1370 1450/1514/1468 1451/1516/1470
f 1366/1415/1373 1365/1413/1371 1424/1515/1469 1425/1517/1471
f 1393/1416/1374 1392/1414/1372 1451/1516/1470 1452/1518/1472
f 1367/1417/1375 1366/1415/1373 1425/1517/1471 1426/1519/1473
f 1394/1418/1376 1393/1416/1374 1452/1518/1472 1453/1520/1474
f 1368/1419/1377 1367/1417/1375 1426/1519/1473 1427/1521/1475
f 1395/1420/1378 1394/1418/1376 1453/1520/1474 1454/1522/1476
f 1369/1421/1379 1368/1419/1377 1427/1521/1475 1428/1523/1477
f 1396/1422/1380 1395/1420/1378 1454/1522/1476 1455/1463/1419
f 1370/1423/1381 1369/1421/1379 1428/1523/1477 1429/1465/1421
f 1413/1489/1444 1412/1486/1441 1471/1524/1478 1472/1525/1479
f 1466/1490/1445 1465/1487/1442 1524/1526/1480 1525/1527/1481
f 1440/1491/1446 1439/1488/1443 1498/1528/1482 1499/1529/1483
f 1414/1492/1447 1413/1489/1444 1472/1525/1479 1473/1530/1484
f 1467/1493/1448 1466/1490/1445 1525/1527/1481 1526/1531/1485
f 1441/1494/1449 1440/1491/1446 1499/1529/1483 1500/1532/1486
f 1415/1495/1450 1414/1492/1447 1473/1530/1484 1474/1533/1487
f 1468/1496/1451 1467/1493/1448 1526/1531/1485 1527/1534/1488
f 1442/1497/1452 1441/1494/1449 1500/1532/1486 1501/1535/1489
f 1416/1498/1453 1415/1495/1450 1474/1533/1487 1475/1536/1490
f 2827/1537/50 1468/1496/1451 1527/1534/1488
f 1443/1500/1454 1442/1497/1452 1501/1535/1489 1502/1538/1491
f 1417/1501/1455 1416/1498/1453 1475/1536/1490 1476/1539/1492
f 1444/1502/1456 1443/1500/1454 1502/1538/1491 1503/1540/1493
f 1418/1503/1457 1417/1501/1455 1476/1539/1492 1477/1541/1494
f 1445/1504/1458 1444/1502/1456 1503/1540/1493 1504/1542/1495
f 1419/1505/1459 1418/1503/1457 1477/1541/1494 1478/1543/1496
f 1446/1506/1460 1445/1504/1458 1504/1542/1495 1505/1544/1497
f 1420/1507/1461 1419/1505/1459 1478/1543/1496 1479/1545/1498
f 1447/1508/1462 1446/1506/1460 1505/1544/1497 1506/1546/1499
f 1421/1509/1463 1420/1507/1461 1479/1545/1498 1480/1547/1500
f 1448/1510/1464 1447/1508/1462 1506/1546/1499 1507/1548/1501
f 1422/1511/1465 1421/1509/1463 1480/1547/1500 1481/1549/1502
f 1449/1512/1466 1448/1510/1464 1507/1548/1501 1508/1550/1503
f 1423/1513/1467 1422/1511/1465 1481/1549/1502 1482/1551/1504
f 1450/1514/1468 1449/1512/1466 1508/1550/1503 1509/1552/1505
f 1424/1515/1469 1423/1513/1467 1482/1551/1504 1483/1553/1506
f 1451/1516/1470 1450/1514/1468 1509/1552/1505 1510/1554/1507
f 1425/1517/1471 1424/1515/1469 1483/1553/1506 1484/1555/1508
f 1452/1518/1472 1451/1516/1470 1510/1554/1507 1511/1556/1509
f 1426/1519/1473 1425/1517/1471 1484/1555/1508 1485/1557/1510
f 1453/1520/1474 1452/1518/1472 1511/1556/1509 1512/1558/1511
f 1427/1521/1475 1426/1519/1473 1485/1557/1510 1486/1559/1512
f 1454/1522/1476 1453/1520/1474 1512/1558/1511 1513/1560/1513
f 1428/1523/1477 1427/1521/1475 1486/1559/1512 1487/1561/1514
f 1455/1463/1419 1454/1522/1476 1513/1560/1513 1514/1562/1515
f 1429/1465/1421 1428/1523/1477 1487/1561/1514 1488/1563/1516
f 1456/1464/1420 1455/1463/1419 1514/1562/1515 1515/1564/1517
f 1430/1466/1422 1429/1465/1421 1488/1563/1516 1489/1565/1518
f 1457/1467/1423 1456/1464/1420 1515/1564/1517 1516/1566/1519
f 1431/1468/1424 1430/1466/1422 1489/1565/1518 1490/1567/1520
f 1458/1469/1425 1457/1467/1423 1516/1566/1519 1517/1568/1521
f 1432/1470/1426 1431/1468/1424 1490/1567/1520 1491/1569/1522
f 1459/1471/1427 1458/1469/1425 1517/1568/1521 1518/1570/1523
f 1433/1472/1428 1432/1470/1426 1491/1569/1522 1492/1571/1524
f 1460/1473/1429 1459/1471/1427 1518/1570/1523 1519/1572/1525
f 1434/1474/1430 1433/1472/1428 1492/1571/1524 1493/1573/1526
f 1461/1475/1431 1460/1473/1429 1519/1572/1525 1520/1574/1527
f 1435/1476/1432 1434/1474/1430 1493/1573/1526 1494/1575/1528
f 1462/1477/1433 1461/1475/1431 1520/1574/1527 1521/1576/1529
f 1436/1478/1434 1435/1476/1432 1494/1575/1528 1495/1577/1530
f 1410/1480/1435 1882/1578/12 1469/1579/1531
f 1463/1481/1436 1462/1477/1433 1521/1576/1529 1522/1580/1532
f 1437/1482/1437 1436/1478/1434 1495/1577/1530 1496/1581/1533
f 1411/1483/1438 1410/1480/1435 1469/1579/1531 1470/1582/1534
f 1464/1484/1439 1463/1481/1436 1522/1580/1532 1523/1583/1535
f 1438/1485/1440 1437/1482/1437 1496/1581/1533 1497/1584/1536
f 1412/1486/1441 1411/1483/1438 1470/1582/1534 1471/1524/1478
f 1465/1487/1442 1464/1484/1439 1523/1583/1535 1524/1526/1480
f 1439/1488/1443 1438/1485/1440 1497/1584/1536 1498/1528/1482
f 1482/1551/1504 1481/1549/1502 1540/1585/1537 1541/1586/1538
f 1509/1552/1505 1508/1550/1503 1567/1587/1539 1568/1588/1540
f 1483/1553/1506 1482/1551/1504 1541/1586/1538 1542/1589/1541
f 1510/1554/1507 1509/1552/1505 1568/1588/1540 1569/1590/1542
f 1484/1555/1508 1483/1553/1506 1542/1589/1541 1543/1591/1543
f 1511/1556/1509 1510/1554/1507 1569/1590/1542 1570/1592/1544
f 1485/1557/1510 1484/1555/1508 1543/1591/1543 1544/1593/1545
f 1512/1558/1511 1511/1556/1509 1570/1592/1544 1571/1594/1546
f 1486/1559/1512 1485/1557/1510 1544/1593/1545 1545/1595/1547
f 1513/1560/1513 1512/1558/1511 1571/1594/1546 1572/1596/1548
f 1487/1561/1514 1486/1559/1512 1545/1595/1547 1546/1597/1549
f 1514/1562/1515 1513/1560/1513 1572/1596/1548 1573/1598/1550
f 1488/1563/1516 1487/1561/1514 1546/1597/1549 1547/1599/1551
f 1515/1564/1517 1514/1562/1515 1573/1598/1550 1574/1600/1552
f 1489/1565/1518 1488/1563/1516 1547/1599/1551 1548/1601/1553
f 1516/1566/1519 1515/1564/1517 1574/1600/1552 1575/1602/1554
f 1490/1567/1520 1489/1565/1518 1548/1601/1553 1549/1603/1555
f 1517/1568/1521 1516/1566/1519 1575/1602/1554 1576/1604/1556
f 1491/1569/1522 1490/1567/1520 1549/1603/1555 1550/1605/1557
f 1518/1570/1523 1517/1568/1521 1576/1604/1556 1577/1606/1558
f 1492/1571/1524 1491/1569/1522 1550/1605/1557 1551/1607/1559
f 1519/1572/1525 1518/1570/1523 1577/1606/1558 1578/1608/1560
f 1493/1573/1526 1492/1571/1524 1551/1607/1559 1552/1609/1561
f 1520/1574/1527 1519/1572/1525 1578/1608/1560 1579/1610/1562
f 1494/1575/1528 1493/1573/1526 1552/1609/1561 1553/1611/1563
f 1521/1576/1529 1520/1574/1527 1579/1610/1562 1580/1612/1564
f 1495/1577/1530 1494/1575/1528 1553/1611/1563 1554/1613/1565
f 1469/1579/1531 1882/1614/12 1528/1615/1566
f 1522/1580/1532 1521/1576/1529 1580/1612/1564 1581/1616/1567
f 1496/1581/1533 1495/1577/1530 1554/1613/1565 1555/1617/1568
f 1470/1582/1534 1469/1579/1531 1528/1615/1566 1529/1618/1569
f 1523/1583/1535 1522/1580/1532 1581/1616/1567 1582/1619/1570
f 1497/1584/1536 1496/1581/1533 1555/1617/1568 1556/1620/1571
f 1471/1524/1478 1470/1582/1534 1529/1618/1569 1530/1621/1572
f 1524/1526/1480 1523/1583/1535 1582/1619/1570 1583/1622/1573
f 1498/1528/1482 1497/1584/1536 1556/1620/1571 1557/1623/1574
f 1472/1525/1479 1471/1524/1478 1530/1621/1572 1531/1624/1575
f 1525/1527/1481 1524/1526/1480 1583/1622/1573 1584/1625/1576
f 1499/1529/1483 1498/1528/1482 1557/1623/1574 1558/1626/1577
f 1473/1530/1484 1472/1525/1479 1531/1624/1575 1532/1627/1578
f 1526/1531/1485 1525/1527/1481 1584/1625/1576 1585/1628/1579
f 1500/1532/1486 1499/1529/1483 1558/1626/1577 1559/1629/1580
f 1474/1533/1487 1473/1530/1484 1532/1627/1578 1533/1630/1581
f 1527/1534/1488 1526/1531/1485 1585/1628/1579 1586/1631/1582
f 1501/1535/1489 1500/1532/1486 1559/1629/1580 1560/1632/1583
f 1475/1536/1490 1474/1533/1487 1533/1630/1581 1534/1633/1584
f 2827/1634/50 1527/1534/1488 1586/1631/1582
f 1502/1538/1491 1501/1535/1489 1560/1632/1583 1561/1635/1585
f 1476/1539/1492 1475/1536/1490 1534/1633/1584 1535/1636/1586
f 1503/1540/1493 1502/1538/1491 1561/1635/1585 1562/1637/1587
f 1477/1541/1494 1476/1539/1492 1535/1636/1586 1536/1638/1588
f 1504/1542/1495 1503/1540/1493 1562/1637/1587 1563/1639/1589
f 1478/1543/1496 1477/1541/1494 1536/1638/1588 1537/1640/1590
f 1505/1544/1497 1504/1542/1495 1563/1639/1589 1564/1641/1591
f 1479/1545/1498 1478/1543/1496 1537/1640/1590 1538/1642/1592
f 1506/1546/1499 1505/1544/1497 1564/1641/1591 1565/1643/1593
f 1480/1547/1500 1479/1545/1498 1538/1642/1592 1539/1644/1594
f 1507/1548/1501 1506/1546/1499 1565/1643/1593 1566/1645/1595
f 1481/1549/1502 1480/1547/1500 1539/1644/1594 1540/1585/1537
f 1508/1550/1503 1507/1548/1501 1566/1645/1595 1567/1587/1539
f 1551/1607/1559 1550/1605/1557 1609/1646/1596 1610/1647/1597
f 1578/1608/1560 1577/1606/1558 1636/1648/1598 1637/1649/1599
f 1552/1609/1561 1551/1607/1559 1610/1647/1597 1611/1650/1600
f 1579/1610/1562 1578/1608/1560 1637/1649/1599 1638/1651/1601
f 1553/1611/1563 1552/1609/1561 1611/1650/1600 1612/1652/1602
f 1580/1612/1564 1579/1610/1562 1638/1651/1601 1639/1653/1603
f 1554/1613/1565 1553/1611/1563 1612/1652/1602 1613/1654/1604
f 1528/1615/1566 1882/1655/12 1587/1656/1605
f 1581/1616/1567 1580/1612/1564 1639/1653/1603 1640/1657/1606
f 1555/1617/1568 1554/1613/1565 1613/1654/1604 1614/1658/1607
f 1529/1618/1569 1528/1615/1566 1587/1656/1605 1588/1659/1608
f 1582/1619/1570 1581/1616/1567 1640/1657/1606 1641/1660/1609
f 1556/1620/1571 1555/1617/1568 1614/1658/1607 1615/1661/1610
f 1530/1621/1572 1529/1618/1569 1588/1659/1608 1589/1662/1611
f 1583/1622/1573 1582/1619/1570 1641/1660/1609 1642/1663/1612
f 1557/1623/1574 1556/1620/1571 1615/1661/1610 1616/1664/1613
f 1531/1624/1575 1530/1621/1572 1589/1662/1611 1590/1665/1614
f 1584/1625/1576 1583/1622/1573 1642/1663/1612 1643/1666/1615
f 1558/1626/1577 1557/1623/1574 1616/1664/1613 1617/1667/1616
f 1532/1627/1578 1531/1624/1575 1590/1665/1614 1591/1668/1617
f 1585/1628/1579 1584/1625/1576 1643/1666/1615 1644/1669/1618
f 1559/1629/1580 1558/1626/1577 1617/1667/1616 1618/1670/1619
f 1533/1630/1581 1532/1627/1578 1591/1668/1617 1592/1671/1620
f 1586/1631/1582 1585/1628/1579 1644/1669/1618 1645/1672/1621
f 1560/1632/1583 1559/1629/1580 1618/1670/1619 1619/1673/1622
f 1534/1633/1584 1533/1630/1581 1592/1671/1620 1593/1674/1623
f 2827/1675/50 1586/1631/1582 1645/1672/1621
f 1561/1635/1585 1560/1632/1583 1619/1673/1622 1620/1676/1624
f 1535/1636/1586 1534/1633/1584 1593/1674/1623 1594/1677/1625
f 1562/1637/1587 1561/1635/1585 1620/1676/1624 1621/1678/1626
f 1536/1638/1588 1535/1636/1586 1594/1677/1625 1595/1679/1627
f 1563/1639/1589 1562/1637/1587 1621/1678/1626 1622/1680/1628
f 1537/1640/1590 1536/1638/1588 1595/1679/1627 1596/1681/1629
f 1564/1641/1591 1563/1639/1589 1622/1680/1628 1623/1682/1630
f 1538/1642/1592 1537/1640/1590 1596/1681/1629 1597/1683/1631
f 1565/1643/1593 1564/1641/1591 1623/1682/1630 1624/1684/1632
f 1539/1644/1594 1538/1642/1592 1597/1683/1631 1598/1685/1633
f 1566/1645/1595 1565/1643/1593 1624/1684/1632 1625/1686/1634
f 1540/1585/1537 1539/1644/1594 1598/1685/1633 1599/1687/1635
f 1567/1587/1539 1566/1645/1595 1625/1686/1634 1626/1688/1636
f 1541/1586/1538 1540/1585/1537 1599/1687/1635 1600/1689/1637
f 1568/1588/1540 1567/1587/1539 1626/1688/1636 1627/1690/1638
f 1542/1589/1541 1541/1586/1538 1600/1689/1637 1601/1691/1639
f 1569/1590/1542 1568/1588/1540 1627/1690/1638 1628/1692/1640
f 1543/1591/1543 1542/1589/1541 1601/1691/1639 1602/1693/1641
f 1570/1592/1544 1569/1590/1542 1628/1692/1640 1629/1694/1642
f 1544/1593/1545 1543/1591/1543 1602/1693/1641 1603/1695/1643
f 1571/1594/1546 1570/1592/1544 1629/1694/1642 1630/1696/1644
f 1545/1595/1547 1544/1593/1545 1603/1695/1643 1604/1697/1645
f 1572/1596/1548 1571/1594/1546 1630/1696/1644 1631/1698/1646
f 1546/1597/1549 1545/1595/1547 1604/1697/1645 1605/1699/1647
f 1573/1598/1550 1572/1596/1548 1631/1698/1646 1632/1700/1648
f 1547/1599/1551 1546/1597/1549 1605/1699/1647 1606/1701/1649
f 1574/1600/1552 1573/1598/1550 1632/1700/1648 1633/1702/1650
f 1548/1601/1553 1547/1599/1551 1606/1701/1649 1607/1703/1651
f 1575/1602/1554 1574/1600/1552 1633/1702/1650 1634/1704/1652
f 1549/1603/1555 1548/1601/1553 1607/1703/1651 1608/1705/1653
f 1576/1604/1556 1575/1602/1554 1634/1704/1652 1635/1706/1654
f 1550/1605/1557 1549/1603/1555 1608/1705/1653 1609/1646/1596
f 1577/1606/1558 1576/1604/1556 1635/1706/1654 1636/1648/1598
f 1620/1676/1624 1619/1673/1622 1678/1707/1655 1679/1708/1656
f 1594/1677/1625 1593/1674/1623 1652/1709/1657 1653/1710/1658
f 1621/1678/1626 1620/1676/1624 1679/1708/1656 1680/1711/1659
f 1595/1679/1627 1594/1677/1625 1653/1710/1658 1654/1712/1660
f 1622/1680/1628 1621/1678/1626 1680/1711/1659 1681/1713/1661
f 1596/1681/1629 1595/1679/1627 1654/1712/1660 1655/1714/1662
f 1623/1682/1630 1622/1680/1628 1681/1713/1661 1682/1715/1663
f 1597/1683/1631 1596/1681/1629 1655/1714/1662 1656/1716/1664
f 1624/1684/1632 1623/1682/1630 1682/1715/1663 1683/1717/1665
f 1598/1685/1633 1597/1683/1631 1656/1716/1664 1657/1718/1666
f 1625/1686/1634 1624/1684/1632 1683/1717/1665 1684/1719/1667
f 1599/1687/1635 1598/1685/1633 1657/1718/1666 1658/1720/1668
f 1626/1688/1636 1625/1686/1634 1684/1719/1667 1685/1721/1669
f 1600/1689/1637 1599/1687/1635 1658/1720/1668 1659/1722/1670
f 1627/1690/1638 1626/1688/1636 1685/1721/1669 1686/1723/1671
f 1601/1691/1639 1600/1689/1637 1659/1722/1670 1660/1724/1672
f 1628/1692/1640 1627/1690/1638 1686/1723/1671 1687/1725/1673
f 1602/1693/1641 1601/1691/1639 1660/1724/1672 1661/1726/1674
f 1629/1694/1642 1628/1692/1640 1687/1725/1673 1688/1727/1675
f 1603/1695/1643 1602/1693/1641 1661/1726/1674 1662/1728/1676
f 1630/1696/1644 1629/1694/1642 1688/1727/1675 1689/1729/1677
f 1604/1697/1645 1603/1695/1643 1662/1728/1676 1663/1730/1678
f 1631/1698/1646 1630/1696/1644 1689/1729/1677 1690/1731/1679
f 1605/1699/1647 1604/1697/1645 1663/1730/1678 1664/1732/1680
f 1632/1700/1648 1631/1698/1646 1690/1731/1679 1691/1733/1681
f 1606/1701/1649 1605/1699/1647 1664/1732/1680 1665/1734/1682
f 1633/1702/1650 1632/1700/1648 1691/1733/1681 1692/1735/1683
f 1607/1703/1651 1606/1701/1649 1665/1734/1682 1666/1736/1684
f 1634/1704/1652 1633/1702/1650 1692/1735/1683 1693/1737/1685
f 1608/1705/1653 1607/1703/1651 1666/1736/1684 1667/1738/1686
f 1635/1706/1654 1634/1704/1652 1693/1737/1685 1694/1739/1687
f 1609/1646/1596 1608/1705/1653 1667/1738/1686 1668/1740/1688
f 1636/1648/1598 1635/1706/1654 1694/1739/1687 1695/1741/1689
f 1610/1647/1597 1609/1646/1596 1668/1740/1688 1669/1742/1690
f 1637/1649/1599 1636/1648/1598 1695/1741/1689 1696/1743/1691
f 1611/1650/1600 1610/1647/1597 1669/1742/1690 1670/1744/1692
f 1638/1651/1601 1637/1649/1599 1696/1743/1691 1697/1745/1693
f 1612/1652/1602 1611/1650/1600 1670/1744/1692 1671/1746/1694
f 1639/1653/1603 1638/1651/1601 1697/1745/1693 1698/1747/1695
f 1613/1654/1604 1612/1652/1602 1671/1746/1694 1672/1748/1696
f 1587/1656/1605 1882/1749/12 1646/1750/1697
f 1640/1657/1606 1639/1653/1603 1698/1747/1695 1699/1751/1698
f 1614/1658/1607 1613/1654/1604 1672/1748/1696 1673/1752/1699
f 1588/1659/1608 1587/1656/1605 1646/1750/1697 1647/1753/1700
f 1641/1660/1609 1640/1657/1606 1699/1751/1698 1700/1754/1701
f 1615/1661/1610 1614/1658/1607 1673/1752/1699 1674/1755/1702
f 1589/1662/1611 1588/1659/1608 1647/1753/1700 1648/1756/1703
f 1642/1663/1612 1641/1660/1609 1700/1754/1701 1701/1757/1704
f 1616/1664/1613 1615/1661/1610 1674/1755/1702 1675/1758/1705
f 1590/1665/1614 1589/1662/1611 1648/1756/1703 1649/1759/1706
f 1643/1666/1615 1642/1663/1612 1701/1757/1704 1702/1760/1707
f 1617/1667/1616 1616/1664/1613 1675/1758/1705 1676/1761/1708
f 1591/1668/1617 1590/1665/1614 1649/1759/1706 1650/1762/1709
f 1644/1669/1618 1643/1666/1615 1702/1760/1707 1703/1763/1710
f 1618/1670/1619 1617/1667/1616 1676/1761/1708 1677/1764/1711
f 1592/1671/1620 1591/1668/1617 1650/1762/1709 1651/1765/1712
f 1645/1672/1621 1644/1669/1618 1703/1763/1710 1704/1766/1713
f 1619/1673/1622 1618/1670/1619 1677/1764/1711 1678/1707/1655
f 1593/1674/1623 1592/1671/1620 1651/1765/1712 1652/1709/1657
f 2827/1767/50 1645/1672/1621 1704/1766/1713
f 1696/1743/1691 1695/1741/1689 1754/1768/1714 1755/1769/1715
f 1670/1744/1692 1669/1742/1690 1728/1770/1716 1729/1771/1717
f 1697/1745/1693 1696/1743/1691 1755/1769/1715 1756/1772/1718
f 1671/1746/1694 1670/1744/1692 1729/1771/1717 1730/1773/1719
f 1698/1747/1695 1697/1745/1693 1756/1772/1718 1757/1774/1720
f 1672/1748/1696 1671/1746/1694 1730/1773/1719 1731/1775/1721
f 1646/1750/1697 1882/1776/12 1705/1777/1722
f 1699/1751/1698 1698/1747/1695 1757/1774/1720 1758/1778/1723
f 1673/1752/1699 1672/1748/1696 1731/1775/1721 1732/1779/1724
f 1647/1753/1700 1646/1750/1697 1705/1777/1722 1706/1780/1725
f 1700/1754/1701 1699/1751/1698 1758/1778/1723 1759/1781/1726
f 1674/1755/1702 1673/1752/1699 1732/1779/1724 1733/1782/1727
f 1648/1756/1703 1647/1753/1700 1706/1780/1725 1707/1783/1728
f 1701/1757/1704 1700/1754/1701 1759/1781/1726 1760/1784/1729
f 1675/1758/1705 1674/1755/1702 1733/1782/1727 1734/1785/1730
f 1649/1759/1706 1648/1756/1703 1707/1783/1728 1708/1786/1731
f 1702/1760/1707 1701/1757/1704 1760/1784/1729 1761/1787/1732
f 1676/1761/1708 1675/1758/1705 1734/1785/1730 1735/1788/1733
f 1650/1762/1709 1649/1759/1706 1708/1786/1731 1709/1789/1734
f 1703/1763/1710 1702/1760/1707 1761/1787/1732 1762/1790/1735
f 1677/1764/1711 1676/1761/1708 1735/1788/1733 1736/1791/1736
f 1651/1765/1712 1650/1762/1709 1709/1789/1734 1710/1792/1737
f 1704/1766/1713 1703/1763/1710 1762/1790/1735 1763/1793/1738
f 1678/1707/1655 1677/1764/1711 1736/1791/1736 1737/1794/1739
f 1652/1709/1657 1651/1765/1712 1710/1792/1737 1711/1795/1740
f 2827/1796/50 1704/1766/1713 1763/1793/1738
f 1679/1708/1656 1678/1707/1655 1737/1794/1739 1738/1797/1741
f 1653/1710/1658 1652/1709/1657 1711/1795/1740 1712/1798/1742
f 1680/1711/1659 1679/1708/1656 1738/1797/1741 1739/1799/1743
f 1654/1712/1660 1653/1710/1658 1712/1798/1742 1713/1800/1744
f 1681/1713/1661 1680/1711/1659 1739/1799/1743 1740/1801/1745
f 1655/1714/1662 1654/1712/1660 1713/1800/1744 1714/1802/1746
f 1682/1715/1663 1681/1713/1661 1740/1801/1745 1741/1803/1747
f 1656/1716/1664 1655/1714/1662 1714/1802/1746 1715/1804/1748
f 1683/1717/1665 1682/1715/1663 1741/1803/1747 1742/1805/1749
f 1657/1718/1666 1656/1716/1664 1715/1804/1748 1716/1806/1750
f 1684/1719/1667 1683/1717/1665 1742/1805/1749 1743/1807/1751
f 1658/1720/1668 1657/1718/1666 1716/1806/1750 1717/1808/1752
f 1685/1721/1669 1684/1719/1667 1743/1807/1751 1744/1809/1753
f 1659/1722/1670 1658/1720/1668 1717/1808/1752 1718/1810/1754
f 1686/1723/1671 1685/1721/1669 1744/1809/1753 1745/1811/1755
f 1660/1724/1672 1659/1722/1670 1718/1810/1754 1719/1812/1756
f 1687/1725/1673 1686/1723/1671 1745/1811/1755 1746/1813/1757
f 1661/1726/1674 1660/1724/1672 1719/1812/1756 1720/1814/1758
f 1688/1727/1675 1687/1725/1673 1746/1813/1757 1747/1815/1759
f 1662/1728/1676 1661/1726/1674 1720/1814/1758 1721/1816/1760
f 1689/1729/1677 1688/1727/1675 1747/1815/1759 1748/1817/1761
f 1663/1730/1678 1662/1728/1676 1721/1816/1760 1722/1818/1762
f 1690/1731/1679 1689/1729/1677 1748/1817/1761 1749/1819/1763
f 1664/1732/1680 1663/1730/1678 1722/1818/1762 1723/1820/1764
f 1691/1733/1681 1690/1731/1679 1749/1819/1763 1750/1821/1765
f 1665/1734/1682 1664/1732/1680 1723/1820/1764 1724/1822/1766
f 1692/1735/1683 1691/1733/1681 1750/1821/1765 1751/1823/1767
f 1666/1736/1684 1665/1734/1682 1724/1822/1766 1725/1824/1768
f 1693/1737/1685 1692/1735/1683 1751/1823/1767 1752/1825/1769
f 1667/1738/1686 1666/1736/1684 1725/1824/1768 1726/1826/1770
f 1694/1739/1687 1693/1737/1685 1752/1825/1769 1753/1827/1771
f 1668/1740/1688 1667/1738/1686 1726/1826/1770 1727/1828/1772
f 1695/1741/1689 1694/1739/1687 1753/1827/1771 1754/1768/1714
f 1669/1742/1690 1668/1740/1688 1727/1828/1772 1728/1770/1716
f 1739/1799/1743 1738/1797/1741 1797/1829/1773 1798/1830/1774
f 1713/1800/1744 1712/1798/1742 1771/1831/1775 1772/1832/1776
f 1740/1801/1745 1739/1799/1743 1798/1830/1774 1799/1833/1777
f 1714/1802/1746 1713/1800/1744 1772/1832/1776 1773/1834/1778
f 1741/1803/1747 1740/1801/1745 1799/1833/1777 1800/1835/1779
f 1715/1804/1748 1714/1802/1746 1773/1834/1778 1774/1836/1780
f 1742/1805/1749 1741/1803/1747 1800/1835/1779 1801/1837/1781
f 1716/1806/1750 1715/1804/1748 1774/1836/1780 1775/1838/1782
f 1743/1807/1751 1742/1805/1749 1801/1837/1781 1802/1839/1783
f 1717/1808/1752 1716/1806/1750 1775/1838/1782 1776/1840/1784
f 1744/1809/1753 1743/1807/1751 1802/1839/1783 1803/1841/1785
f 1718/1810/1754 1717/1808/1752 1776/1840/1784 1777/1842/1786
f 1745/1811/1755 1744/1809/1753 1803/1841/1785 1804/1843/1787
f 1719/1812/1756 1718/1810/1754 1777/1842/1786 1778/1844/1788
f 1746/1813/1757 1745/1811/1755 1804/1843/1787 1805/1845/1789
f 1720/1814/1758 1719/1812/1756 1778/1844/1788 1779/1846/1790
f 1747/1815/1759 1746/1813/1757 1805/1845/1789 1806/1847/1791
f 1721/1816/1760 1720/1814/1758 1779/1846/1790 1780/1848/1792
f 1748/1817/1761 1747/1815/1759 1806/1847/1791 1807/1849/1793
f 1722/1818/1762 1721/1816/1760 1780/1848/1792 1781/1850/1794
f 1749/1819/1763 1748/1817/1761 1807/1849/1793 1808/1851/1795
f 1723/1820/1764 1722/1818/1762 1781/1850/1794 1782/1852/1796
f 1750/1821/1765 1749/1819/1763 1808/1851/1795 1809/1853/1797
f 1724/1822/1766 1723/1820/1764 1782/1852/1796 1783/1854/1798
f 1751/1823/1767 1750/1821/1765 1809/1853/1797 1810/1855/1799
f 1725/1824/1768 1724/1822/1766 1783/1854/1798 1784/1856/1800
f 1752/1825/1769 1751/1823/1767 1810/1855/1799 1811/1857/1801
f 1726/1826/1770 1725/1824/1768 1784/1856/1800 1785/1858/1802
f 1753/1827/1771 1752/1825/1769 1811/1857/1801 1812/1859/1803
f 1727/1828/1772 1726/1826/1770 1785/1858/1802 1786/1860/1804
f 1754/1768/1714 1753/1827/1771 1812/1859/1803 1813/1861/1805
f 1728/1770/1716 1727/1828/1772 1786/1860/1804 1787/1862/1806
f 1755/1769/1715 1754/1768/1714 1813/1861/1805 1814/1863/1807
f 1729/1771/1717 1728/1770/1716 1787/1862/1806 1788/1864/1808
f 1756/1772/1718 1755/1769/1715 1814/1863/1807 1815/1865/1809
f 1730/1773/1719 1729/1771/1717 1788/1864/1808 1789/1866/1810
f 1757/1774/1720 1756/1772/1718 1815/1865/1809 1816/1867/1811
f 1731/1775/1721 1730/1773/1719 1789/1866/1810 1790/1868/1812
f 1705/1777/1722 1882/1869/12 1764/1870/1813
f 1758/1778/1723 1757/1774/1720 1816/1867/1811 1817/1871/1814
f 1732/1779/1724 1731/1775/1721 1790/1868/1812 1791/1872/1815
f 1706/1780/1725 1705/1777/1722 1764/1870/1813 1765/1873/1816
f 1759/1781/1726 1758/1778/1723 1817/1871/1814 1818/1874/1817
f 1733/1782/1727 1732/1779/1724 1791/1872/1815 1792/1875/1818
f 1707/1783/1728 1706/1780/1725 1765/1873/1816 1766/1876/1819
f 1760/1784/1729 1759/1781/1726 1818/1874/1817 1819/1877/1820
f 1734/1785/1730 1733/1782/1727 1792/1875/1818 1793/1878/1821
f 1708/1786/1731 1707/1783/1728 1766/1876/1819 1767/1879/1822
f 1761/1787/1732 1760/1784/1729 1819/1877/1820 1820/1880/1823
f 1735/1788/1733 1734/1785/1730 1793/1878/1821 1794/1881/1824
f 1709/1789/1734 1708/1786/1731 1767/1879/1822 1768/1882/1825
f 1762/1790/1735 1761/1787/1732 1820/1880/1823 1821/1883/1826
f 1736/1791/1736 1735/1788/1733 1794/1881/1824 1795/1884/1827
f 1710/1792/1737 1709/1789/1734 1768/1882/1825 1769/1885/1828
f 1763/1793/1738 1762/1790/1735 1821/1883/1826 1822/1886/1829
f 1737/1794/1739 1736/1791/1736 1795/1884/1827 1796/1887/1830
f 1711/1795/1740 1710/1792/1737 1769/1885/1828 1770/1888/1831
f 2827/1889/50 1763/1793/1738 1822/1886/1829
f 1738/1797/1741 1737/1794/1739 1796/1887/1830 1797/1829/1773
f 1712/1798/1742 1711/1795/1740 1770/1888/1831 1771/1831/1775
f 1808/1851/1795 1807/1849/1793 1866/1890/1832 1867/1891/1833
f 1782/1852/1796 1781/1850/1794 1840/1892/1834 1841/1893/1835
f 1809/1853/1797 1808/1851/1795 1867/1891/1833 1868/1894/1836
f 1783/1854/1798 1782/1852/1796 1841/1893/1835 1842/1895/1837
f 1810/1855/1799 1809/1853/1797 1868/1894/1836 1869/1896/1838
f 1784/1856/1800 1783/1854/1798 1842/1895/1837 1843/1897/1839
f 1811/1857/1801 1810/1855/1799 1869/1896/1838 1870/1898/1840
f 1785/1858/1802 1784/1856/1800 1843/1897/1839 1844/1899/1841
f 1812/1859/1803 1811/1857/1801 1870/1898/1840 1871/1900/1842
f 1786/1860/1804 1785/1858/1802 1844/1899/1841 1845/1901/1843
f 1813/1861/1805 1812/1859/1803 1871/1900/1842 1872/1902/1844
f 1787/1862/1806 1786/1860/1804 1845/1901/1843 1846/1903/1845
f 1814/1863/1807 1813/1861/1805 1872/1902/1844 1873/1904/1846
f 1788/1864/1808 1787/1862/1806 1846/1903/1845 1847/1905/1847
f 1815/1865/1809 1814/1863/1807 1873/1904/1846 1874/1906/1848
f 1789/1866/1810 1788/1864/1808 1847/1905/1847 1848/1907/1849
f 1816/1867/1811 1815/1865/1809 1874/1906/1848 1875/1908/1850
f 1790/1868/1812 1789/1866/1810 1848/1907/1849 1849/1909/1851
f 1764/1870/1813 1882/1910/12 1823/1911/1852
f 1817/1871/1814 1816/1867/1811 1875/1908/1850 1876/1912/1853
f 1791/1872/1815 1790/1868/1812 1849/1909/1851 1850/1913/1854
f 1765/1873/1816 1764/1870/1813 1823/1911/1852 1824/1914/1855
f 1818/1874/1817 1817/1871/1814 1876/1912/1853 1877/1915/1856
f 1792/1875/1818 1791/1872/1815 1850/1913/1854 1851/1916/1857
f 1766/1876/1819 1765/1873/1816 1824/1914/1855 1825/1917/1858
f 1819/1877/1820 1818/1874/1817 1877/1915/1856 1878/1918/1859
f 1793/1878/1821 1792/1875/1818 1851/1916/1857 1852/1919/1860
f 1767/1879/1822 1766/1876/1819 1825/1917/1858 1826/1920/1861
f 1820/1880/1823 1819/1877/1820 1878/1918/1859 1879/1921/1862
f 1794/1881/1824 1793/1878/1821 1852/1919/1860 1853/1922/1863
f 1768/1882/1825 1767/1879/1822 1826/1920/1861 1827/1923/1864
f 1821/1883/1826 1820/1880/1823 1879/1921/1862 1880/1924/1865
f 1795/1884/1827 1794/1881/1824 1853/1922/1863 1854/1925/1866
f 1769/1885/1828 1768/1882/1825 1827/1923/1864 1828/1926/1867
f 1822/1886/1829 1821/1883/1826 1880/1924/1865 1881/1927/1868
f 1796/1887/1830 1795/1884/1827 1854/1925/1866 1855/1928/1869
f 1770/1888/1831 1769/1885/1828 1828/1926/1867 1829/1929/1870
f 2827/1930/50 1822/1886/1829 1881/1927/1868
f 1797/1829/1773 1796/1887/1830 1855/1928/1869 1856/1931/1871
f 1771/1831/1775 1770/1888/1831 1829/1929/1870 1830/1932/1872
f 1798/1830/1774 1797/1829/1773 1856/1931/1871 1857/1933/1873
f 1772/1832/1776 1771/1831/1775 1830/1932/1872 1831/1934/1874
f 1799/1833/1777 1798/1830/1774 1857/1933/1873 1858/1935/1875
f 1773/1834/1778 1772/1832/1776 1831/1934/1874 1832/1936/1876
f 1800/1835/1779 1799/1833/1777 1858/1935/1875 1859/1937/1877
f 1774/1836/1780 1773/1834/1778 1832/1936/1876 1833/1938/1878
f 1801/1837/1781 1800/1835/1779 1859/1937/1877 1860/1939/1879
f 1775/1838/1782 1774/1836/1780 1833/1938/1878 1834/1940/1880
f 1802/1839/1783 1801/1837/1781 1860/1939/1879 1861/1941/1881
f 1776/1840/1784 1775/1838/1782 1834/1940/1880 1835/1942/1882
f 1803/1841/1785 1802/1839/1783 1861/1941/1881 1862/1943/1883
f 1777/1842/1786 1776/1840/1784 1835/1942/1882 1836/1944/1884
f 1804/1843/1787 1803/1841/1785 1862/1943/1883 1863/1945/1885
f 1778/1844/1788 1777/1842/1786 1836/1944/1884 1837/1946/1886
f 1805/1845/1789 1804/1843/1787 1863/1945/1885 1864/1947/1887
f 1779/1846/1790 1778/1844/1788 1837/1946/1886 1838/1948/1888
f 1806/1847/1791 1805/1845/1789 1864/1947/1887 1865/1949/1889
f 1780/1848/1792 1779/1846/1790 1838/1948/1888 1839/1950/1890
f 1807/1849/1793 1806/1847/1791 1865/1949/1889 1866/1890/1832
f 1781/1850/1794 1780/1848/1792 1839/1950/1890 1840/1892/1834
f 1877/1915/1856 1876/1912/1853 1936/1951/1891 1937/1952/1892
f 1851/1916/1857 1850/1913/1854 1910/1953/1893 1911/1954/1894
f 1825/1917/1858 1824/1914/1855 1884/1955/1895 1885/1956/1896
f 1878/1918/1859 1877/1915/1856 1937/1952/1892 1938/1957/1897
f 1852/1919/1860 1851/1916/1857 1911/1954/1894 1912/1958/1898
f 1826/1920/1861 1825/1917/1858 1885/1956/1896 1886/1959/1899
f 1879/1921/1862 1878/1918/1859 1938/1957/1897 1939/1960/1900
f 1853/1922/1863 1852/1919/1860 1912/1958/1898 1913/1961/1901
f 1827/1923/1864 1826/1920/1861 1886/1959/1899 1887/1962/1902
f 1880/1924/1865 1879/1921/1862 1939/1960/1900 1940/1963/1903
f 1854/1925/1866 1853/1922/1863 1913/1961/1901 1914/1964/1904
f 1828/1926/1867 1827/1923/1864 1887/1962/1902 1888/1965/1905
f 1881/1927/1868 1880/1924/1865 1940/1963/1903 1941/1966/1906
f 1855/1928/1869 1854/1925/1866 1914/1964/1904 1915/1967/1907
f 1829/1929/1870 1828/1926/1867 1888/1965/1905 1889/1968/1908
f 2827/1969/50 1881/1927/1868 1941/1966/1906
f 1856/1931/1871 1855/1928/1869 1915/1967/1907 1916/1970/1909
f 1830/1932/1872 1829/1929/1870 1889/1968/1908 1890/1971/1910
f 1857/1933/1873 1856/1931/1871 1916/1970/1909 1917/1972/1911
f 1831/1934/1874 1830/1932/1872 1890/1971/1910 1891/1973/1912
f 1858/1935/1875 1857/1933/1873 1917/1972/1911 1918/1974/1913
f 1832/1936/1876 1831/1934/1874 1891/1973/1912 1892/1975/1914
f 1859/1937/1877 1858/1935/1875 1918/1974/1913 1919/1976/1915
f 1833/1938/1878 1832/1936/1876 1892/1975/1914 1893/1977/1916
f 1860/1939/1879 1859/1937/1877 1919/1976/1915 1920/1978/1917
f 1834/1940/1880 1833/1938/1878 1893/1977/1916 1894/1979/1918
f 1861/1941/1881 1860/1939/1879 1920/1978/1917 1921/1980/1919
f 1835/1942/1882 1834/1940/1880 1894/1979/1918 1895/1981/1920
f 1862/1943/1883 1861/1941/1881 1921/1980/1919 1922/1982/1921
f 1836/1944/1884 1835/1942/1882 1895/1981/1920 1896/1983/1922
f 1863/1945/1885 1862/1943/1883 1922/1982/1921 1923/1984/1923
f 1837/1946/1886 1836/1944/1884 1896/1983/1922 1897/1985/1924
f 1864/1947/1887 1863/1945/1885 1923/1984/1923 1924/1986/1925
f 1838/1948/1888 1837/1946/1886 1897/1985/1924 1898/1987/1926
f 1865/1949/1889 1864/1947/1887 1924/1986/1925 1925/1988/1927
f 1839/1950/1890 1838/1948/1888 1898/1987/1926 1899/1989/1928
f 1866/1890/1832 1865/1949/1889 1925/1988/1927 1926/1990/1929
f 1840/1892/1834 1839/1950/1890 1899/1989/1928 1900/1991/1930
f 1867/1891/1833 1866/1890/1832 1926/1990/1929 1927/1992/1931
f 1841/1893/1835 1840/1892/1834 1900/1991/1930 1901/1993/1932
f 1868/1894/1836 1867/1891/1833 1927/1992/1931 1928/1994/1933
f 1842/1895/1837 1841/1893/1835 1901/1993/1932 1902/1995/1934
f 1869/1896/1838 1868/1894/1836 1928/1994/1933 1929/1996/1935
f 1843/1897/1839 1842/1895/1837 1902/1995/1934 1903/1997/1936
f 1870/1898/1840 1869/1896/1838 1929/1996/1935 1930/1998/1937
f 1844/1899/1841 1843/1897/1839 1903/1997/1936 1904/1999/1938
f 1871/1900/1842 1870/1898/1840 1930/1998/1937 1931/2000/1939
f 1845/1901/1843 1844/1899/1841 1904/1999/1938 1905/2001/1940
f 1872/1902/1844 1871/1900/1842 1931/2000/1939 1932/2002/1941
f 1846/1903/1845 1845/1901/1843 1905/2001/1940 1906/2003/1942
f 1873/1904/1846 1872/1902/1844 1932/2002/1941 1933/2004/1943
f 1847/1905/1847 1846/1903/1845 1906/2003/1942 1907/2005/1944
f 1874/1906/1848 1873/1904/1846 1933/2004/1943 1934/2006/1945
f 1848/1907/1849 1847/1905/1847 1907/2005/1944 1908/2007/1946
f 1875/1908/1850 1874/1906/1848 1934/2006/1945 1935/2008/1947
f 1849/1909/1851 1848/1907/1849 1908/2007/1946 1909/2009/1948
f 1823/1911/1852 1882/2010/12 1883/2011/1949
f 1876/1912/1853 1875/1908/1850 1935/2008/1947 1936/1951/1891
f 1850/1913/1854 1849/1909/1851 1909/2009/1948 1910/1953/1893
f 1824/1914/1855 1823/1911/1852 1883/2011/1949 1884/1955/1895
f 1921/1980/1919 1920/1978/1917 1979/2012/1950 1980/2013/1951
f 1895/1981/1920 1894/1979/1918 1953/2014/1952 1954/2015/1953
f 1922/1982/1921 1921/1980/1919 1980/2013/1951 1981/2016/1954
f 1896/1983/1922 1895/1981/1920 1954/2015/1953 1955/2017/1955
f 1923/1984/1923 1922/1982/1921 1981/2016/1954 1982/2018/1956
f 1897/1985/1924 1896/1983/1922 1955/2017/1955 1956/2019/1957
f 1924/1986/1925 1923/1984/1923 1982/2018/1956 1983/2020/1958
f 1898/1987/1926 1897/1985/1924 1956/2019/1957 1957/2021/1959
f 1925/1988/1927 1924/1986/1925 1983/2020/1958 1984/2022/1960
f 1899/1989/1928 1898/1987/1926 1957/2021/1959 1958/2023/1961
f 1926/1990/1929 1925/1988/1927 1984/2022/1960 1985/2024/1962
f 1900/1991/1930 1899/1989/1928 1958/2023/1961 1959/2025/1963
f 1927/1992/1931 1926/1990/1929 1985/2024/1962 1986/2026/1964
f 1901/1993/1932 1900/1991/1930 1959/2025/1963 1960/2027/1965
f 1928/1994/1933 1927/1992/1931 1986/2026/1964 1987/2028/1966
f 1902/1995/1934 1901/1993/1932 1960/2027/1965 1961/2029/1967
f 1929/1996/1935 1928/1994/1933 1987/2028/1966 1988/2030/1968
f 1903/1997/1936 1902/1995/1934 1961/2029/1967 1962/2031/1969
f 1930/1998/1937 1929/1996/1935 1988/2030/1968 1989/2032/1970
f 1904/1999/1938 1903/1997/1936 1962/2031/1969 1963/2033/1971
f 1931/2000/1939 1930/1998/1937 1989/2032/1970 1990/2034/1972
f 1905/2001/1940 1904/1999/1938 1963/2033/1971 1964/2035/1973
f 1932/2002/1941 1931/2000/1939 1990/2034/1972 1991/2036/1974
f 1906/2003/1942 1905/2001/1940 1964/2035/1973 1965/2037/1975
f 1933/2004/1943 1932/2002/1941 1991/2036/1974 1992/2038/1976
f 1907/2005/1944 1906/2003/1942 1965/2037/1975 1966/2039/1977
f 1934/2006/1945 1933/2004/1943 1992/2038/1976 1993/2040/1978
f 1908/2007/1946 1907/2005/1944 1966/2039/1977 1967/2041/1979
f 1935/2008/1947 1934/2006/1945 1993/2040/1978 1994/2042/1980
f 1909/2009/1948 1908/2007/1946 1967/2041/1979 1968/2043/1981
f 1883/2011/1949 1882/2044/12 1942/2045/1982
f 1936/1951/1891 1935/2008/1947 1994/2042/1980 1995/2046/1983
f 1910/1953/1893 1909/2009/1948 1968/2043/1981 1969/2047/1984
f 1884/1955/1895 1883/2011/1949 1942/2045/1982 1943/2048/1985
f 1937/1952/1892 1936/1951/1891 1995/2046/1983 1996/2049/1986
f 1911/1954/1894 1910/1953/1893 1969/2047/1984 1970/2050/1987
f 1885/1956/1896 1884/1955/1895 1943/2048/1985 1944/2051/1988
f 1938/1957/1897 1937/1952/1892 1996/2049/1986 1997/2052/1989
f 1912/1958/1898 1911/1954/1894 1970/2050/1987 1971/2053/1990
f 1886/1959/1899 1885/1956/1896 1944/2051/1988 1945/2054/1991
f 1939/1960/1900 1938/1957/1897 1997/2052/1989 1998/2055/1992
f 1913/1961/1901 1912/1958/1898 1971/2053/1990 1972/2056/1993
f 1887/1962/1902 1886/1959/1899 1945/2054/1991 1946/2057/1994
f 1940/1963/1903 1939/1960/1900 1998/2055/1992 1999/2058/1995
f 1914/1964/1904 1913/1961/1901 1972/2056/1993 1973/2059/1996
f 1888/1965/1905 1887/1962/1902 1946/2057/1994 1947/2060/1997
f 1941/1966/1906 1940/1963/1903 1999/2058/1995 2000/2061/1998
f 1915/1967/1907 1914/1964/1904 1973/2059/1996 1974/2062/1999
f 1889/1968/1908 1888/1965/1905 1947/2060/1997 1948/2063/2000
f 2827/2064/50 1941/1966/1906 2000/2061/1998
f 1916/1970/1909 1915/1967/1907 1974/2062/1999 1975/2065/2001
f 1890/1971/1910 1889/1968/1908 1948/2063/2000 1949/2066/2002
f 1917/1972/1911 1916/1970/1909 1975/2065/2001 1976/2067/2003
f 1891/1973/1912 1890/1971/1910 1949/2066/2002 1950/2068/2004
f 1918/1974/1913 1917/1972/1911 1976/2067/2003 1977/2069/2005
f 1892/1975/1914 1891/1973/1912 1950/2068/2004 1951/2070/2006
f 1919/1976/1915 1918/1974/1913 1977/2069/2005 1978/2071/2007
f 1893/1977/1916 1892/1975/1914 1951/2070/2006 1952/2072/2008
f 1920/1978/1917 1919/1976/1915 1978/2071/2007 1979/2012/1950
f 1894/1979/1918 1893/1977/1916 1952/2072/2008 1953/2014/1952
f 1990/2034/1972 1989/2032/1970 2048/2073/2009 2049/2074/2010
f 1964/2035/1973 1963/2033/1971 2022/2075/2011 2023/2076/2012
f 1991/2036/1974 1990/2034/1972 2049/2074/2010 2050/2077/2013
f 1965/2037/1975 1964/2035/1973 2023/2076/2012 2024/2078/2014
f 1992/2038/1976 1991/2036/1974 2050/2077/2013 2051/2079/2015
f 1966/2039/1977 1965/2037/1975 2024/2078/2014 2025/2080/2016
f 1993/2040/1978 1992/2038/1976 2051/2079/2015 2052/2081/2017
f 1967/2041/1979 1966/2039/1977 2025/2080/2016 2026/2082/2018
f 1994/2042/1980 1993/2040/1978 2052/2081/2017 2053/2083/2019
f 1968/2043/1981 1967/2041/1979 2026/2082/2018 2027/2084/2020
f 1942/2045/1982 1882/2085/12 2001/2086/2021
f 1995/2046/1983 1994/2042/1980 2053/2083/2019 2054/2087/2022
f 1969/2047/1984 1968/2043/1981 2027/2084/2020 2028/2088/2023
f 1943/2048/1985 1942/2045/1982 2001/2086/2021 2002/2089/2024
f 1996/2049/1986 1995/2046/1983 2054/2087/2022 2055/2090/2025
f 1970/2050/1987 1969/2047/1984 2028/2088/2023 2029/2091/2026
f 1944/2051/1988 1943/2048/1985 2002/2089/2024 2003/2092/2027
f 1997/2052/1989 1996/2049/1986 2055/2090/2025 2056/2093/2028
f 1971/2053/1990 1970/2050/1987 2029/2091/2026 2030/2094/2029
f 1945/2054/1991 1944/2051/1988 2003/2092/2027 2004/2095/2030
f 1998/2055/1992 1997/2052/1989 2056/2093/2028 2057/2096/2031
f 1972/2056/1993 1971/2053/1990 2030/2094/2029 2031/2097/2032
f 1946/2057/1994 1945/2054/1991 2004/2095/2030 2005/2098/2033
f 1999/2058/1995 1998/2055/1992 2057/2096/2031 2058/2099/2034
f 1973/2059/1996 1972/2056/1993 2031/2097/2032 2032/2100/2035
f 1947/2060/1997 1946/2057/1994 2005/2098/2033 2006/2101/2036
f 2000/2061/1998 1999/2058/1995 2058/2099/2034 2059/2102/2037
f 1974/2062/1999 1973/2059/1996 2032/2100/2035 2033/2103/2038
f 1948/2063/2000 1947/2060/1997 2006/2101/2036 2007/2104/2039
f 2827/2105/50 2000/2061/1998 2059/2102/2037
f 1975/2065/2001 1974/2062/1999 2033/2103/2038 2034/2106/2040
f 1949/2066/2002 1948/2063/2000 2007/2104/2039 2008/2107/2041
f 1976/2067/2003 1975/2065/2001 2034/2106/2040 2035/2108/2042
f 1950/2068/2004 1949/2066/2002 2008/2107/2041 2009/2109/2043
f 1977/2069/2005 1976/2067/2003 2035/2108/2042 2036/2110/2044
f 1951/2070/2006 1950/2068/2004 2009/2109/2043 2010/2111/2045
f 1978/2071/2007 1977/2069/2005 2036/2110/2044 2037/2112/2046
f 1952/2072/2008 1951/2070/2006 2010/2111/2045 2011/2113/2047
f 1979/2012/1950 1978/2071/2007 2037/2112/2046 2038/2114/2048
f 1953/2014/1952 1952/2072/2008 2011/2113/2047 2012/2115/2049
f 1980/2013/1951 1979/2012/1950 2038/2114/2048 2039/2116/2050
f 1954/2015/1953 1953/2014/1952 2012/2115/2049 2013/2117/2051
f 1981/2016/1954 1980/2013/1951 2039/2116/2050 2040/2118/2052
f 1955/2017/1955 1954/2015/1953 2013/2117/2051 2014/2119/2053
f 1982/2018/1956 1981/2016/1954 2040/2118/2052 2041/2120/2054
f 1956/2019/1957 1955/2017/1955 2014/2119/2053 2015/2121/2055
f 1983/2020/1958 1982/2018/1956 2041/2120/2054 2042/2122/2056
f 1957/2021/1959 1956/2019/1957 2015/2121/2055 2016/2123/2057
f 1984/2022/1960 1983/2020/1958 2042/2122/2056 2043/2124/2058
f 1958/2023/1961 1957/2021/1959 2016/2123/2057 2017/2125/2059
f 1985/2024/1962 1984/2022/1960 2043/2124/2058 2044/2126/2060
f 1959/2025/1963 1958/2023/1961 2017/2125/2059 2018/2127/2061
f 1986/2026/1964 1985/2024/1962 2044/2126/2060 2045/2128/2062
f 1960/2027/1965 1959/2025/1963 2018/2127/2061 2019/2129/2063
f 1987/2028/1966 1986/2026/1964 2045/2128/2062 2046/2130/2064
f 1961/2029/1967 1960/2027/1965 2019/2129/2063 2020/2131/2065
f 1988/2030/1968 1987/2028/1966 2046/2130/2064 2047/2132/2066
f 1962/2031/1969 1961/2029/1967 2020/2131/2065 2021/2133/2067
f 1989/2032/1970 1988/2030/1968 2047/2132/2066 2048/2073/2009
f 1963/2033/1971 1962/2031/1969 2021/2133/2067 2022/2075/2011
f 2006/2101/2036 2005/2098/2033 2064/2134/2068 2065/2135/2069
f 2059/2102/2037 2058/2099/2034 2117/2136/2070 2118/2137/2071
f 2033/2103/2038 2032/2100/2035 2091/2138/2072 2092/2139/2073
f 2007/2104/2039 2006/2101/2036 2065/2135/2069 2066/2140/2074
f 2827/2141/50 2059/2102/2037 2118/2137/2071
f 2034/2106/2040 2033/2103/2038 2092/2139/2073 2093/2142/2075
f 2008/2107/2041 2007/2104/2039 2066/2140/2074 2067/2143/2076
f 2035/2108/2042 2034/2106/2040 2093/2142/2075 2094/2144/2077
f 2009/2109/2043 2008/2107/2041 2067/2143/2076 2068/2145/2078
f 2036/2110/2044 2035/2108/2042 2094/2144/2077 2095/2146/2079
f 2010/2111/2045 2009/2109/2043 2068/2145/2078 2069/2147/2080
f 2037/2112/2046 2036/2110/2044 2095/2146/2079 2096/2148/2081
f 2011/2113/2047 2010/2111/2045 2069/2147/2080 2070/2149/2082
f 2038/2114/2048 2037/2112/2046 2096/2148/2081 2097/2150/2083
f 2012/2115/2049 2011/2113/2047 2070/2149/2082 2071/2151/2084
f 2039/2116/2050 2038/2114/2048 2097/2150/2083 2098/2152/2085
f 2013/2117/2051 2012/2115/2049 2071/2151/2084 2072/2153/2086
f 2040/2118/2052 2039/2116/2050 2098/2152/2085 2099/2154/2087
f 2014/2119/2053 2013/2117/2051 2072/2153/2086 2073/2155/2088
f 2041/2120/2054 2040/2118/2052 2099/2154/2087 2100/2156/2089
f 2015/2121/2055 2014/2119/2053 2073/2155/2088 2074/2157/2090
f 2042/2122/2056 2041/2120/2054 2100/2156/2089 2101/2158/2091
f 2016/2123/2057 2015/2121/2055 2074/2157/2090 2075/2159/2092
f 2043/2124/2058 2042/2122/2056 2101/2158/2091 2102/2160/2093
f 2017/2125/2059 2016/2123/2057 2075/2159/2092 2076/2161/2094
f 2044/2126/2060 2043/2124/2058 2102/2160/2093 2103/2162/2095
f 2018/2127/2061 2017/2125/2059 2076/2161/2094 2077/2163/2096
f 2045/2128/2062 2044/2126/2060 2103/2162/2095 2104/2164/2097
f 2019/2129/2063 2018/2127/2061 2077/2163/2096 2078/2165/2098
f 2046/2130/2064 2045/2128/2062 2104/2164/2097 2105/2166/2099
f 2020/2131/2065 2019/2129/2063 2078/2165/2098 2079/2167/2100
f 2047/2132/2066 2046/2130/2064 2105/2166/2099 2106/2168/2101
f 2021/2133/2067 2020/2131/2065 2079/2167/2100 2080/2169/2102
f 2048/2073/2009 2047/2132/2066 2106/2168/2101 2107/2170/2103
f 2022/2075/2011 2021/2133/2067 2080/2169/2102 2081/2171/2104
f 2049/2074/2010 2048/2073/2009 2107/2170/2103 2108/2172/2105
f 2023/2076/2012 2022/2075/2011 2081/2171/2104 2082/2173/2106
f 2050/2077/2013 2049/2074/2010 2108/2172/2105 2109/2174/2107
f 2024/2078/2014 2023/2076/2012 2082/2173/2106 2083/2175/2108
f 2051/2079/2015 2050/2077/2013 2109/2174/2107 2110/2176/2109
f 2025/2080/2016 2024/2078/2014 2083/2175/2108 2084/2177/2110
f 2052/2081/2017 2051/2079/2015 2110/2176/2109 2111/2178/2111
f 2026/2082/2018 2025/2080/2016 2084/2177/2110 2085/2179/2112
f 2053/2083/2019 2052/2081/2017 2111/2178/2111 2112/2180/2113
f 2027/2084/2020 2026/2082/2018 2085/2179/2112 2086/2181/2114
f 2001/2086/2021 1882/2182/12 2060/2183/2115
f 2054/2087/2022 2053/2083/2019 2112/2180/2113 2113/2184/2116
f 2028/2088/2023 2027/2084/2020 2086/2181/2114 2087/2185/2117
f 2002/2089/2024 2001/2086/2021 2060/2183/2115 2061/2186/2118
f 2055/2090/2025 2054/2087/2022 2113/2184/2116 2114/2187/2119
f 2029/2091/2026 2028/2088/2023 2087/2185/2117 2088/2188/2120
f 2003/2092/2027 2002/2089/2024 2061/2186/2118 2062/2189/2121
f 2056/2093/2028 2055/2090/2025 2114/2187/2119 2115/2190/2122
f 2030/2094/2029 2029/2091/2026 2088/2188/2120 2089/2191/2123
f 2004/2095/2030 2003/2092/2027 2062/2189/2121 2063/2192/2124
f 2057/2096/2031 2056/2093/2028 2115/2190/2122 2116/2193/2125
f 2031/2097/2032 2030/2094/2029 2089/2191/2123 2090/2194/2126
f 2005/2098/2033 2004/2095/2030 2063/2192/2124 2064/2134/2068
f 2058/2099/2034 2057/2096/2031 2116/2193/2125 2117/2136/2070
f 2032/2100/2035 2031/2097/2032 2090/2194/2126 2091/2138/2072
f 2075/2159/2092 2074/2157/2090 2133/2195/2127 2134/2196/2128
f 2102/2160/2093 2101/2158/2091 2160/2197/2129 2161/2198/2130
f 2076/2161/2094 2075/2159/2092 2134/2196/2128 2135/2199/2131
f 2103/2162/2095 2102/2160/2093 2161/2198/2130 2162/2200/2132
f 2077/2163/2096 2076/2161/2094 2135/2199/2131 2136/2201/2133
f 2104/2164/2097 2103/2162/2095 2162/2200/2132 2163/2202/2134
f 2078/2165/2098 2077/2163/2096 2136/2201/2133 2137/2203/2135
f 2105/2166/2099 2104/2164/2097 2163/2202/2134 2164/2204/2136
f 2079/2167/2100 2078/2165/2098 2137/2203/2135 2138/2205/2137
f 2106/2168/2101 2105/2166/2099 2164/2204/2136 2165/2206/2138
f 2080/2169/2102 2079/2167/2100 2138/2205/2137 2139/2207/2139
f 2107/2170/2103 2106/2168/2101 2165/2206/2138 2166/2208/2140
f 2081/2171/2104 2080/2169/2102 2139/2207/2139 2140/2209/2141
f 2108/2172/2105 2107/2170/2103 2166/2208/2140 2167/2210/2142
f 2082/2173/2106 2081/2171/2104 2140/2209/2141 2141/2211/2143
f 2109/2174/2107 2108/2172/2105 2167/2210/2142 2168/2212/2144
f 2083/2175/2108 2082/2173/2106 2141/2211/2143 2142/2213/2145
f 2110/2176/2109 2109/2174/2107 2168/2212/2144 2169/2214/2146
f 2084/2177/2110 2083/2175/2108 2142/2213/2145 2143/2215/2147
f 2111/2178/2111 2110/2176/2109 2169/2214/2146 2170/2216/2148
f 2085/2179/2112 2084/2177/2110 2143/2215/2147 2144/2217/2149
f 2112/2180/2113 2111/2178/2111 2170/2216/2148 2171/2218/2150
f 2086/2181/2114 2085/2179/2112 2144/2217/2149 2145/2219/2151
f 2060/2183/2115 1882/2220/12 2119/2221/2152
f 2113/2184/2116 2112/2180/2113 2171/2218/2150 2172/2222/2153
f 2087/2185/2117 2086/2181/2114 2145/2219/2151 2146/2223/2154
f 2061/2186/2118 2060/2183/2115 2119/2221/2152 2120/2224/2155
f 2114/2187/2119 2113/2184/2116 2172/2222/2153 2173/2225/2156
f 2088/2188/2120 2087/2185/2117 2146/2223/2154 2147/2226/2157
f 2062/2189/2121 2061/2186/2118 2120/2224/2155 2121/2227/2158
f 2115/2190/2122 2114/2187/2119 2173/2225/2156 2174/2228/2159
f 2089/2191/2123 2088/2188/2120 2147/2226/2157 2148/2229/2160
f 2063/2192/2124 2062/2189/2121 2121/2227/2158 2122/2230/2161
f 2116/2193/2125 2115/2190/2122 2174/2228/2159 2175/2231/2162
f 2090/2194/2126 2089/2191/2123 2148/2229/2160 2149/2232/2163
f 2064/2134/2068 2063/2192/2124 2122/2230/2161 2123/2233/2164
f 2117/2136/2070 2116/2193/2125 2175/2231/2162 2176/2234/2165
f 2091/2138/2072 2090/2194/2126 2149/2232/2163 2150/2235/2166
f 2065/2135/2069 2064/2134/2068 2123/2233/2164 2124/2236/2167
f 2118/2137/2071 2117/2136/2070 2176/2234/2165 2177/2237/2168
f 2092/2139/2073 2091/2138/2072 2150/2235/2166 2151/2238/2169
f 2066/2140/2074 2065/2135/2069 2124/2236/2167 2125/2239/2170
f 2827/2240/50 2118/2137/2071 2177/2237/2168
f 2093/2142/2075 2092/2139/2073 2151/2238/2169 2152/2241/2171
f 2067/2143/2076 2066/2140/2074 2125/2239/2170 2126/2242/2172
f 2094/2144/2077 2093/2142/2075 2152/2241/2171 2153/2243/2173
f 2068/2145/2078 2067/2143/2076 2126/2242/2172 2127/2244/2174
f 2095/2146/2079 2094/2144/2077 2153/2243/2173 2154/2245/2175
f 2069/2147/2080 2068/2145/2078 2127/2244/2174 2128/2246/2176
f 2096/2148/2081 2095/2146/2079 2154/2245/2175 2155/2247/2177
f 2070/2149/2082 2069/2147/2080 2128/2246/2176 2129/2248/2178
f 2097/2150/2083 2096/2148/2081 2155/2247/2177 2156/2249/2179
f 2071/2151/2084 2070/2149/2082 2129/2248/2178 2130/2250/2180
f 2098/2152/2085 2097/2150/2083 2156/2249/2179 2157/2251/2181
f 2072/2153/2086 2071/2151/2084 2130/2250/2180 2131/2252/2182
f 2099/2154/2087 2098/2152/2085 2157/2251/2181 2158/2253/2183
f 2073/2155/2088 2072/2153/2086 2131/2252/2182 2132/2254/2184
f 2100/2156/2089 2099/2154/2087 2158/2253/2183 2159/2255/2185
f 2074/2157/2090 2073/2155/2088 2132/2254/2184 2133/2195/2127
f 2101/2158/2091 2100/2156/2089 2159/2255/2185 2160/2197/2129
f 2144/2256/2149 2143/2257/2147 2202/2258/2186 2203/2259/2187
f 2171/2260/2150 2170/2261/2148 2229/2262/2188 2230/2263/2189
f 2145/2264/2151 2144/2256/2149 2203/2259/2187 2204/2265/2190
f 2119/2266/2152 1882/2267/12 2178/2268/2191
f 2172/2269/2153 2171/2260/2150 2230/2263/2189 2231/2270/2192
f 2146/2271/2154 2145/2264/2151 2204/2265/2190 2205/2272/2193
f 2120/2273/2155 2119/2266/2152 2178/2268/2191 2179/2274/2194
f 2173/2275/2156 2172/2269/2153 2231/2270/2192 2232/2276/2195
f 2147/2277/2157 2146/2271/2154 2205/2272/2193 2206/2278/2196
f 2121/2279/2158 2120/2273/2155 2179/2274/2194 2180/2280/2197
f 2174/2281/2159 2173/2275/2156 2232/2276/2195 2233/2282/2198
f 2148/2283/2160 2147/2277/2157 2206/2278/2196 2207/2284/2199
f 2122/2285/2161 2121/2279/2158 2180/2280/2197 2181/2286/2200
f 2175/2287/2162 2174/2281/2159 2233/2282/2198 2234/2288/2201
f 2149/2289/2163 2148/2283/2160 2207/2284/2199 2208/2290/2202
f 2123/2291/2164 2122/2285/2161 2181/2286/2200 2182/2292/2203
f 2176/2293/2165 2175/2287/2162 2234/2288/2201 2235/2294/2204
f 2150/2295/2166 2149/2289/2163 2208/2290/2202 2209/2296/2205
f 2124/2297/2167 2123/2291/2164 2182/2292/2203 2183/2298/2206
f 2177/2299/2168 2176/2293/2165 2235/2294/2204 2236/2300/2207
f 2151/2301/2169 2150/2295/2166 2209/2296/2205 2210/2302/2208
f 2125/2303/2170 2124/2297/2167 2183/2298/2206 2184/2304/2209
f 2827/2305/50 2177/2299/2168 2236/2300/2207
f 2152/2306/2171 2151/2301/2169 2210/2302/2208 2211/2307/2210
f 2126/2308/2172 2125/2303/2170 2184/2304/2209 2185/2309/2211
f 2153/2310/2173 2152/2306/2171 2211/2307/2210 2212/2311/2212
f 2127/2312/2174 2126/2308/2172 2185/2309/2211 2186/2313/2213
f 2154/2314/2175 2153/2310/2173 2212/2311/2212 2213/2315/2214
f 2128/2316/2176 2127/2312/2174 2186/2313/2213 2187/2317/2215
f 2155/2318/2177 2154/2314/2175 2213/2315/2214 2214/2319/2216
f 2129/2320/2178 2128/2316/2176 2187/2317/2215 2188/2321/2217
f 2156/2322/2179 2155/2318/2177 2214/2319/2216 2215/2323/2218
f 2130/2324/2180 2129/2320/2178 2188/2321/2217 2189/2325/2219
f 2157/2326/2181 2156/2322/2179 2215/2323/2218 2216/2327/2220
f 2131/2328/2182 2130/2324/2180 2189/2325/2219 2190/2329/2221
f 2158/2330/2183 2157/2326/2181 2216/2327/2220 2217/2331/2222
f 2132/2332/2184 2131/2328/2182 2190/2329/2221 2191/2333/2223
f 2159/2334/2185 2158/2330/2183 2217/2331/2222 2218/2335/2224
f 2133/2336/2127 2132/2332/2184 2191/2333/2223 2192/2337/2225
f 2160/2338/2129 2159/2334/2185 2218/2335/2224 2219/2339/2226
f 2134/2340/2128 2133/2336/2127 2192/2337/2225 2193/2341/2227
f 2161/2342/2130 2160/2338/2129 2219/2339/2226 2220/2343/2228
f 2135/2344/2131 2134/2340/2128 2193/2341/2227 2194/2345/2229
f 2162/2346/2132 2161/2342/2130 2220/2343/2228 2221/2347/2230
f 2136/2348/2133 2135/2344/2131 2194/2345/2229 2195/2349/2231
f 2163/2350/2134 2162/2346/2132 2221/2347/2230 2222/2351/2232
f 2137/2352/2135 2136/2348/2133 2195/2349/2231 2196/2353/2233
f 2164/2354/2136 2163/2350/2134 2222/2351/2232 2223/2355/2234
f 2138/2356/2137 2137/2352/2135 2196/2353/2233 2197/2357/2235
f 2165/2358/2138 2164/2354/2136 2223/2355/2234 2224/2359/2236
f 2139/2360/2139 2138/2356/2137 2197/2357/2235 2198/2361/2237
f 2166/2362/2140 2165/2358/2138 2224/2359/2236 2225/2363/2238
f 2140/2364/2141 2139/2360/2139 2198/2361/2237 2199/2365/2239
f 2167/2366/2142 2166/2362/2140 2225/2363/2238 2226/2367/2240
f 2141/2368/2143 2140/2364/2141 2199/2365/2239 2200/2369/2241
f 2168/2370/2144 2167/2366/2142 2226/2367/2240 2227/2371/2242
f 2142/2372/2145 2141/2368/2143 2200/2369/2241 2201/2373/2243
f 2169/2374/2146 2168/2370/2144 2227/2371/2242 2228/2375/2244
f 2143/2257/2147 2142/2372/2145 2201/2373/2243 2202/2258/2186
f 2170/2261/2148 2169/2374/2146 2228/2375/2244 2229/2262/2188
f 2213/2315/2214 2212/2311/2212 2271/2376/2245 2272/2377/2246
f 2187/2317/2215 2186/2313/2213 2245/2378/2247 2246/2379/2248
f 2214/2319/2216 2213/2315/2214 2272/2377/2246 2273/2380/2249
f 2188/2321/2217 2187/2317/2215 2246/2379/2248 2247/2381/2250
f 2215/2323/2218 2214/2319/2216 2273/2380/2249 2274/2382/2251
f 2189/2325/2219 2188/2321/2217 2247/2381/2250 2248/2383/2252
f 2216/2327/2220 2215/2323/2218 2274/2382/2251 2275/2384/2253
f 2190/2329/2221 2189/2325/2219 2248/2383/2252 2249/2385/2254
f 2217/2331/2222 2216/2327/2220 2275/2384/2253 2276/2386/2255
f 2191/2333/2223 2190/2329/2221 2249/2385/2254 2250/2387/2256
f 2218/2335/2224 2217/2331/2222 2276/2386/2255 2277/2388/2257
f 2192/2337/2225 2191/2333/2223 2250/2387/2256 2251/2389/2258
f 2219/2339/2226 2218/2335/2224 2277/2388/2257 2278/2390/2259
f 2193/2341/2227 2192/2337/2225 2251/2389/2258 2252/2391/2260
f 2220/2343/2228 2219/2339/2226 2278/2390/2259 2279/2392/2261
f 2194/2345/2229 2193/2341/2227 2252/2391/2260 2253/2393/2262
f 2221/2347/2230 2220/2343/2228 2279/2392/2261 2280/2394/2263
f 2195/2349/2231 2194/2345/2229 2253/2393/2262 2254/2395/2264
f 2222/2351/2232 2221/2347/2230 2280/2394/2263 2281/2396/2265
f 2196/2353/2233 2195/2349/2231 2254/2395/2264 2255/2397/2266
f 2223/2355/2234 2222/2351/2232 2281/2396/2265 2282/2398/2267
f 2197/2357/2235 2196/2353/2233 2255/2397/2266 2256/2399/2268
f 2224/2359/2236 2223/2355/2234 2282/2398/2267 2283/2400/2269
f 2198/2361/2237 2197/2357/2235 2256/2399/2268 2257/2401/2270
f 2225/2363/2238 2224/2359/2236 2283/2400/2269 2284/2402/2271
f 2199/2365/2239 2198/2361/2237 2257/2401/2270 2258/2403/2272
f 2226/2367/2240 2225/2363/2238 2284/2402/2271 2285/2404/2273
f 2200/2369/2241 2199/2365/2239 2258/2403/2272 2259/2405/2274
f 2227/2371/2242 2226/2367/2240 2285/2404/2273 2286/2406/2275
f 2201/2373/2243 2200/2369/2241 2259/2405/2274 2260/2407/2276
f 2228/2375/2244 2227/2371/2242 2286/2406/2275 2287/2408/2277
f 2202/2258/2186 2201/2373/2243 2260/2407/2276 2261/2409/2278
f 2229/2262/2188 2228/2375/2244 2287/2408/2277 2288/2410/2279
f 2203/2259/2187 2202/2258/2186 2261/2409/2278 2262/2411/2280
f 2230/2263/2189 2229/2262/2188 2288/2410/2279 2289/2412/2281
f 2204/2265/2190 2203/2259/2187 2262/2411/2280 2263/2413/2282
f 2178/2268/2191 1882/2414/12 2237/2415/2283
f 2231/2270/2192 2230/2263/2189 2289/2412/2281 2290/2416/2284
f 2205/2272/2193 2204/2265/2190 2263/2413/2282 2264/2417/2285
f 2179/2274/2194 2178/2268/2191 2237/2415/2283 2238/2418/2286
f 2232/2276/2195 2231/2270/2192 2290/2416/2284 2291/2419/2287
f 2206/2278/2196 2205/2272/2193 2264/2417/2285 2265/2420/2288
f 2180/2280/2197 2179/2274/2194 2238/2418/2286 2239/2421/2289
f 2233/2282/2198 2232/2276/2195 2291/2419/2287 2292/2422/2290
f 2207/2284/2199 2206/2278/2196 2265/2420/2288 2266/2423/2291
f 2181/2286/2200 2180/2280/2197 2239/2421/2289 2240/2424/2292
f 2234/2288/2201 2233/2282/2198 2292/2422/2290 2293/2425/2293
f 2208/2290/2202 2207/2284/2199 2266/2423/2291 2267/2426/2294
f 2182/2292/2203 2181/2286/2200 2240/2424/2292 2241/2427/2295
f 2235/2294/2204 2234/2288/2201 2293/2425/2293 2294/2428/2296
f 2209/2296/2205 2208/2290/2202 2267/2426/2294 2268/2429/2297
f 2183/2298/2206 2182/2292/2203 2241/2427/2295 2242/2430/2298
f 2236/2300/2207 2235/2294/2204 2294/2428/2296 2295/2431/2299
f 2210/2302/2208 2209/2296/2205 2268/2429/2297 2269/2432/2300
f 2184/2304/2209 2183/2298/2206 2242/2430/2298 2243/2433/2301
f 2827/2434/50 2236/2300/2207 2295/2431/2299
f 2211/2307/2210 2210/2302/2208 2269/2432/2300 2270/2435/2302
f 2185/2309/2211 2184/2304/2209 2243/2433/2301 2244/2436/2303
f 2212/2311/2212 2211/2307/2210 2270/2435/2302 2271/2376/2245
f 2186/2313/2213 2185/2309/2211 2244/2436/2303 2245/2378/2247
f 2282/2398/2267 2281/2396/2265 2340/2437/2304 2341/2438/2305
f 2256/2399/2268 2255/2397/2266 2314/2439/2306 2315/2440/2307
f 2283/2400/2269 2282/2398/2267 2341/2438/2305 2342/2441/2308
f 2257/2401/2270 2256/2399/2268 2315/2440/2307 2316/2442/2309
f 2284/2402/2271 2283/2400/2269 2342/2441/2308 2343/2443/2310
f 2258/2403/2272 2257/2401/2270 2316/2442/2309 2317/2444/2311
f 2285/2404/2273 2284/2402/2271 2343/2443/2310 2344/2445/2312
f 2259/2405/2274 2258/2403/2272 2317/2444/2311 2318/2446/2313
f 2286/2406/2275 2285/2404/2273 2344/2445/2312 2345/2447/2314
f 2260/2407/2276 2259/2405/2274 2318/2446/2313 2319/2448/2315
f 2287/2408/2277 2286/2406/2275 2345/2447/2314 2346/2449/2316
f 2261/2409/2278 2260/2407/2276 2319/2448/2315 2320/2450/2317
f 2288/2410/2279 2287/2408/2277 2346/2449/2316 2347/2451/2318
f 2262/2411/2280 2261/2409/2278 2320/2450/2317 2321/2452/2319
f 2289/2412/2281 2288/2410/2279 2347/2451/2318 2348/2453/2320
f 2263/2413/2282 2262/2411/2280 2321/2452/2319 2322/2454/2321
f 2237/2415/2283 1882/2455/12 2296/2456/2322
f 2290/2416/2284 2289/2412/2281 2348/2453/2320 2349/2457/2323
f 2264/2417/2285 2263/2413/2282 2322/2454/2321 2323/2458/2324
f 2238/2418/2286 2237/2415/2283 2296/2456/2322 2297/2459/2325
f 2291/2419/2287 2290/2416/2284 2349/2457/2323 2350/2460/2326
f 2265/2420/2288 2264/2417/2285 2323/2458/2324 2324/2461/2327
f 2239/2421/2289 2238/2418/2286 2297/2459/2325 2298/2462/2328
f 2292/2422/2290 2291/2419/2287 2350/2460/2326 2351/2463/2329
f 2266/2423/2291 2265/2420/2288 2324/2461/2327 2325/2464/2330
f 2240/2424/2292 2239/2421/2289 2298/2462/2328 2299/2465/2331
f 2293/2425/2293 2292/2422/2290 2351/2463/2329 2352/2466/2332
f 2267/2426/2294 2266/2423/2291 2325/2464/2330 2326/2467/2333
f 2241/2427/2295 2240/2424/2292 2299/2465/2331 2300/2468/2334
f 2294/2428/2296 2293/2425/2293 2352/2466/2332 2353/2469/2335
f 2268/2429/2297 2267/2426/2294 2326/2467/2333 2327/2470/2336
f 2242/2430/2298 2241/2427/2295 2300/2468/2334 2301/2471/2337
f 2295/2431/2299 2294/2428/2296 2353/2469/2335 2354/2472/2338
f 2269/2432/2300 2268/2429/2297 2327/2470/2336 2328/2473/2339
f 2243/2433/2301 2242/2430/2298 2301/2471/2337 2302/2474/2340
f 2827/2475/50 2295/2431/2299 2354/2472/2338
f 2270/2435/2302 2269/2432/2300 2328/2473/2339 2329/2476/2341
f 2244/2436/2303 2243/2433/2301 2302/2474/2340 2303/2477/2342
f 2271/2376/2245 2270/2435/2302 2329/2476/2341 2330/2478/2343
f 2245/2378/2247 2244/2436/2303 2303/2477/2342 2304/2479/2344
f 2272/2377/2246 2271/2376/2245 2330/2478/2343 2331/2480/2345
f 2246/2379/2248 2245/2378/2247 2304/2479/2344 2305/2481/2346
f 2273/2380/2249 2272/2377/2246 2331/2480/2345 2332/2482/2347
f 2247/2381/2250 2246/2379/2248 2305/2481/2346 2306/2483/2348
f 2274/2382/2251 2273/2380/2249 2332/2482/2347 2333/2484/2349
f 2248/2383/2252 2247/2381/2250 2306/2483/2348 2307/2485/2350
f 2275/2384/2253 2274/2382/2251 2333/2484/2349 2334/2486/2351
f 2249/2385/2254 2248/2383/2252 2307/2485/2350 2308/2487/2352
f 2276/2386/2255 2275/2384/2253 2334/2486/2351 2335/2488/2353
f 2250/2387/2256 2249/2385/2254 2308/2487/2352 2309/2489/2354
f 2277/2388/2257 2276/2386/2255 2335/2488/2353 2336/2490/2355
f 2251/2389/2258 2250/2387/2256 2309/2489/2354 2310/2491/2356
f 2278/2390/2259 2277/2388/2257 2336/2490/2355 2337/2492/2357
f 2252/2391/2260 2251/2389/2258 2310/2491/2356 2311/2493/2358
f 2279/2392/2261 2278/2390/2259 2337/2492/2357 2338/2494/2359
f 2253/2393/2262 2252/2391/2260 2311/2493/2358 2312/2495/2360
f 2280/2394/2263 2279/2392/2261 2338/2494/2359 2339/2496/2361
f 2254/2395/2264 2253/2393/2262 2312/2495/2360 2313/2497/2362
f 2281/2396/2265 2280/2394/2263 2339/2496/2361 2340/2437/2304
f 2255/2397/2266 2254/2395/2264 2313/2497/2362 2314/2439/2306
f 2351/2463/2329 2350/2460/2326 2409/2498/2363 2410/2499/2364
f 2325/2464/2330 2324/2461/2327 2383/2500/2365 2384/2501/2366
f 2299/2465/2331 2298/2462/2328 2357/2502/2367 2358/2503/2368
f 2352/2466/2332 2351/2463/2329 2410/2499/2364 2411/2504/2369
f 2326/2467/2333 2325/2464/2330 2384/2501/2366 2385/2505/2370
f 2300/2468/2334 2299/2465/2331 2358/2503/2368 2359/2506/2371
f 2353/2469/2335 2352/2466/2332 2411/2504/2369 2412/2507/2372
f 2327/2470/2336 2326/2467/2333 2385/2505/2370 2386/2508/2373
f 2301/2471/2337 2300/2468/2334 2359/2506/2371 2360/2509/2374
f 2354/2472/2338 2353/2469/2335 2412/2507/2372 2413/2510/2375
f 2328/2473/2339 2327/2470/2336 2386/2508/2373 2387/2511/2376
f 2302/2474/2340 2301/2471/2337 2360/2509/2374 2361/2512/2377
f 2827/2513/50 2354/2472/2338 2413/2510/2375
f 2329/2476/2341 2328/2473/2339 2387/2511/2376 2388/2514/2378
f 2303/2477/2342 2302/2474/2340 2361/2512/2377 2362/2515/2379
f 2330/2478/2343 2329/2476/2341 2388/2514/2378 2389/2516/2380
f 2304/2479/2344 2303/2477/2342 2362/2515/2379 2363/2517/2381
f 2331/2480/2345 2330/2478/2343 2389/2516/2380 2390/2518/2382
f 2305/2481/2346 2304/2479/2344 2363/2517/2381 2364/2519/2383
f 2332/2482/2347 2331/2480/2345 2390/2518/2382 2391/2520/2384
f 2306/2483/2348 2305/2481/2346 2364/2519/2383 2365/2521/2385
f 2333/2484/2349 2332/2482/2347 2391/2520/2384 2392/2522/2386
f 2307/2485/2350 2306/2483/2348 2365/2521/2385 2366/2523/2387
f 2334/2486/2351 2333/2484/2349 2392/2522/2386 2393/2524/2388
f 2308/2487/2352 2307/2485/2350 2366/2523/2387 2367/2525/2389
f 2335/2488/2353 2334/2486/2351 2393/2524/2388 2394/2526/2390
f 2309/2489/2354 2308/2487/2352 2367/2525/2389 2368/2527/2391
f 2336/2490/2355 2335/2488/2353 2394/2526/2390 2395/2528/2392
f 2310/2491/2356 2309/2489/2354 2368/2527/2391 2369/2529/2393
f 2337/2492/2357 2336/2490/2355 2395/2528/2392 2396/2530/2394
f 2311/2493/2358 2310/2491/2356 2369/2529/2393 2370/2531/2395
f 2338/2494/2359 2337/2492/2357 2396/2530/2394 2397/2532/2396
f 2312/2495/2360 2311/2493/2358 2370/2531/2395 2371/2533/2397
f 2339/2496/2361 2338/2494/2359 2397/2532/2396 2398/2534/2398
f 2313/2497/2362 2312/2495/2360 2371/2533/2397 2372/2535/2399
f 2340/2437/2304 2339/2496/2361 2398/2534/2398 2399/2536/2400
f 2314/2439/2306 2313/2497/2362 2372/2535/2399 2373/2537/2401
f 2341/2438/2305 2340/2437/2304 2399/2536/2400 2400/2538/2402
f 2315/2440/2307 2314/2439/2306 2373/2537/2401 2374/2539/2403
f 2342/2441/2308 2341/2438/2305 2400/2538/2402 2401/2540/2404
f 2316/2442/2309 2315/2440/2307 2374/2539/2403 2375/2541/2405
f 2343/2443/2310 2342/2441/2308 2401/2540/2404 2402/2542/2406
f 2317/2444/2311 2316/2442/2309 2375/2541/2405 2376/2543/2407
f 2344/2445/2312 2343/2443/2310 2402/2542/2406 2403/2544/2408
f 2318/2446/2313 2317/2444/2311 2376/2543/2407 2377/2545/2409
f 2345/2447/2314 2344/2445/2312 2403/2544/2408 2404/2546/2410
f 2319/2448/2315 2318/2446/2313 2377/2545/2409 2378/2547/2411
f 2346/2449/2316 2345/2447/2314 2404/2546/2410 2405/2548/2412
f 2320/2450/2317 2319/2448/2315 2378/2547/2411 2379/2549/2413
f 2347/2451/2318 2346/2449/2316 2405/2548/2412 2406/2550/2414
f 2321/2452/2319 2320/2450/2317 2379/2549/2413 2380/2551/2415
f 2348/2453/2320 2347/2451/2318 2406/2550/2414 2407/2552/2416
f 2322/2454/2321 2321/2452/2319 2380/2551/2415 2381/2553/2417
f 2296/2456/2322 1882/2554/12 2355/2555/2418
f 2349/2457/2323 2348/2453/2320 2407/2552/2416 2408/2556/2419
f 2323/2458/2324 2322/2454/2321 2381/2553/2417 2382/2557/2420
f 2297/2459/2325 2296/2456/2322 2355/2555/2418 2356/2558/2421
f 2350/2460/2326 2349/2457/2323 2408/2556/2419 2409/2498/2363
f 2324/2461/2327 2323/2458/2324 2382/2557/2420 2383/2500/2365
f 2298/2462/2328 2297/2459/2325 2356/2558/2421 2357/2502/2367
f 2394/2526/2390 2393/2524/2388 2452/2559/2422 2453/2560/2423
f 2368/2527/2391 2367/2525/2389 2426/2561/2424 2427/2562/2425
f 2395/2528/2392 2394/2526/2390 2453/2560/2423 2454/2563/2426
f 2369/2529/2393 2368/2527/2391 2427/2562/2425 2428/2564/2427
f 2396/2530/2394 2395/2528/2392 2454/2563/2426 2455/2565/2428
f 2370/2531/2395 2369/2529/2393 2428/2564/2427 2429/2566/2429
f 2397/2532/2396 2396/2530/2394 2455/2565/2428 2456/2567/2430
f 2371/2533/2397 2370/2531/2395 2429/2566/2429 2430/2568/2431
f 2398/2534/2398 2397/2532/2396 2456/2567/2430 2457/2569/2432
f 2372/2535/2399 2371/2533/2397 2430/2568/2431 2431/2570/2433
f 2399/2536/2400 2398/2534/2398 2457/2569/2432 2458/2571/2434
f 2373/2537/2401 2372/2535/2399 2431/2570/2433 2432/2572/2435
f 2400/2538/2402 2399/2536/2400 2458/2571/2434 2459/2573/2436
f 2374/2539/2403 2373/2537/2401 2432/2572/2435 2433/2574/2437
f 2401/2540/2404 2400/2538/2402 2459/2573/2436 2460/2575/2438
f 2375/2541/2405 2374/2539/2403 2433/2574/2437 2434/2576/2439
f 2402/2542/2406 2401/2540/2404 2460/2575/2438 2461/2577/2440
f 2376/2543/2407 2375/2541/2405 2434/2576/2439 2435/2578/2441
f 2403/2544/2408 2402/2542/2406 2461/2577/2440 2462/2579/2442
f 2377/2545/2409 2376/2543/2407 2435/2578/2441 2436/2580/2443
f 2404/2546/2410 2403/2544/2408 2462/2579/2442 2463/2581/2444
f 2378/2547/2411 2377/2545/2409 2436/2580/2443 2437/2582/2445
f 2405/2548/2412 2404/2546/2410 2463/2581/2444 2464/2583/2446
f 2379/2549/2413 2378/2547/2411 2437/2582/2445 2438/2584/2447
f 2406/2550/2414 2405/2548/2412 2464/2583/2446 2465/2585/2448
f 2380/2551/2415 2379/2549/2413 2438/2584/2447 2439/2586/2449
f 2407/2552/2416 2406/2550/2414 2465/2585/2448 2466/2587/2450
f 2381/2553/2417 2380/2551/2415 2439/2586/2449 2440/2588/2451
f 2355/2555/2418 1882/2589/12 2414/2590/2452
f 2408/2556/2419 2407/2552/2416 2466/2587/2450 2467/2591/2453
f 2382/2557/2420 2381/2553/2417 2440/2588/2451 2441/2592/2454
f 2356/2558/2421 2355/2555/2418 2414/2590/2452 2415/2593/2455
f 2409/2498/2363 2408/2556/2419 2467/2591/2453 2468/2594/2456
f 2383/2500/2365 2382/2557/2420 2441/2592/2454 2442/2595/2457
f 2357/2502/2367 2356/2558/2421 2415/2593/2455 2416/2596/2458
f 2410/2499/2364 2409/2498/2363 2468/2594/2456 2469/2597/2459
f 2384/2501/2366 2383/2500/2365 2442/2595/2457 2443/2598/2460
f 2358/2503/2368 2357/2502/2367 2416/2596/2458 2417/2599/2461
f 2411/2504/2369 2410/2499/2364 2469/2597/2459 2470/2600/2462
f 2385/2505/2370 2384/2501/2366 2443/2598/2460 2444/2601/2463
f 2359/2506/2371 2358/2503/2368 2417/2599/2461 2418/2602/2464
f 2412/2507/2372 2411/2504/2369 2470/2600/2462 2471/2603/2465
f 2386/2508/2373 2385/2505/2370 2444/2601/2463 2445/2604/2466
f 2360/2509/2374 2359/2506/2371 2418/2602/2464 2419/2605/2467
f 2413/2510/2375 2412/2507/2372 2471/2603/2465 2472/2606/2468
f 2387/2511/2376 2386/2508/2373 2445/2604/2466 2446/2607/2469
f 2361/2512/2377 2360/2509/2374 2419/2605/2467 2420/2608/2470
f 2827/2609/50 2413/2510/2375 2472/2606/2468
f 2388/2514/2378 2387/2511/2376 2446/2607/2469 2447/2610/2471
f 2362/2515/2379 2361/2512/2377 2420/2608/2470 2421/2611/2472
f 2389/2516/2380 2388/2514/2378 2447/2610/2471 2448/2612/2473
f 2363/2517/2381 2362/2515/2379 2421/2611/2472 2422/2613/2474
f 2390/2518/2382 2389/2516/2380 2448/2612/2473 2449/2614/2475
f 2364/2519/2383 2363/2517/2381 2422/2613/2474 2423/2615/2476
f 2391/2520/2384 2390/2518/2382 2449/2614/2475 2450/2616/2477
f 2365/2521/2385 2364/2519/2383 2423/2615/2476 2424/2617/2478
f 2392/2522/2386 2391/2520/2384 2450/2616/2477 2451/2618/2479
f 2366/2523/2387 2365/2521/2385 2424/2617/2478 2425/2619/2480
f 2393/2524/2388 2392/2522/2386 2451/2618/2479 2452/2559/2422
f 2367/2525/2389 2366/2523/2387 2425/2619/2480 2426/2561/2424
f 2448/2612/2473 2447/2610/2471 2506/2620/2481 2507/2621/2482
f 2449/2614/2475 2448/2612/2473 2507/2621/2482 2508/2622/2483
f 2450/2616/2477 2449/2614/2475 2508/2622/2483 2509/2623/2484
f 2451/2618/2479 2450/2616/2477 2509/2623/2484 2510/2624/2485
f 2414/2590/2452 1882/2625/12 2473/2626/2486
f 2452/2559/2422 2451/2618/2479 2510/2624/2485 2511/2627/2487
f 2415/2593/2455 2414/2590/2452 2473/2626/2486 2474/2628/2488
f 2453/2560/2423 2452/2559/2422 2511/2627/2487 2512/2629/2489
f 2416/2596/2458 2415/2593/2455 2474/2628/2488 2475/2630/2490
f 2454/2563/2426 2453/2560/2423 2512/2629/2489 2513/2631/2491
f 2428/2564/2427 2427/2562/2425 2486/2632/2492 2487/2633/2493
f 2417/2599/2461 2416/2596/2458 2475/2630/2490 2476/2634/2494
f 2455/2565/2428 2454/2563/2426 2513/2631/2491 2514/2635/2495
f 2418/2602/2464 2417/2599/2461 2476/2634/2494 2477/2636/2496
f 2429/2566/2429 2428/2564/2427 2487/2633/2493 2488/2637/2497
f 2456/2567/2430 2455/2565/2428 2514/2635/2495 2515/2638/2498
f 2419/2605/2467 2418/2602/2464 2477/2636/2496 2478/2639/2499
f 2430/2568/2431 2429/2566/2429 2488/2637/2497 2489/2640/2500
f 2457/2569/2432 2456/2567/2430 2515/2638/2498 2516/2641/2501
f 2420/2608/2470 2419/2605/2467 2478/2639/2499 2479/2642/2502
f 2431/2570/2433 2430/2568/2431 2489/2640/2500 2490/2643/2503
f 2458/2571/2434 2457/2569/2432 2516/2641/2501 2517/2644/2504
f 2432/2572/2435 2431/2570/2433 2490/2643/2503 2491/2645/2505
f 2421/2611/2472 2420/2608/2470 2479/2642/2502 2480/2646/2506
f 2459/2573/2436 2458/2571/2434 2517/2644/2504 2518/2647/2507
f 2433/2574/2437 2432/2572/2435 2491/2645/2505 2492/2648/2508
f 2422/2613/2474 2421/2611/2472 2480/2646/2506 2481/2649/2509
f 2460/2575/2438 2459/2573/2436 2518/2647/2507 2519/2650/2510
f 2434/2576/2439 2433/2574/2437 2492/2648/2508 2493/2651/2511
f 2423/2615/2476 2422/2613/2474 2481/2649/2509 2482/2652/2512
f 2461/2577/2440 2460/2575/2438 2519/2650/2510 2520/2653/2513
f 2435/2578/2441 2434/2576/2439 2493/2651/2511 2494/2654/2514
f 2424/2617/2478 2423/2615/2476 2482/2652/2512 2483/2655/2515
f 2462/2579/2442 2461/2577/2440 2520/2653/2513 2521/2656/2516
f 2436/2580/2443 2435/2578/2441 2494/2654/2514 2495/2657/2517
f 2425/2619/2480 2424/2617/2478 2483/2655/2515 2484/2658/2518
f 2463/2581/2444 2462/2579/2442 2521/2656/2516 2522/2659/2519
f 2437/2582/2445 2436/2580/2443 2495/2657/2517 2496/2660/2520
f 2426/2561/2424 2425/2619/2480 2484/2658/2518 2485/2661/2521
f 2464/2583/2446 2463/2581/2444 2522/2659/2519 2523/2662/2522
f 2438/2584/2447 2437/2582/2445 2496/2660/2520 2497/2663/2523
f 2427/2562/2425 2426/2561/2424 2485/2661/2521 2486/2632/2492
f 2465/2585/2448 2464/2583/2446 2523/2662/2522 2524/2664/2524
f 2439/2586/2449 2438/2584/2447 2497/2663/2523 2498/2665/2525
f 2466/2587/2450 2465/2585/2448 2524/2664/2524 2525/2666/2526
f 2440/2588/2451 2439/2586/2449 2498/2665/2525 2499/2667/2527
f 2467/2591/2453 2466/2587/2450 2525/2666/2526 2526/2668/2528
f 2441/2592/2454 2440/2588/2451 2499/2667/2527 2500/2669/2529
f 2468/2594/2456 2467/2591/2453 2526/2668/2528 2527/2670/2530
f 2442/2595/2457 2441/2592/2454 2500/2669/2529 2501/2671/2531
f 2469/2597/2459 2468/2594/2456 2527/2670/2530 2528/2672/2532
f 2443/2598/2460 2442/2595/2457 2501/2671/2531 2502/2673/2533
f 2470/2600/2462 2469/2597/2459 2528/2672/2532 2529/2674/2534
f 2444/2601/2463 2443/2598/2460 2502/2673/2533 2503/2675/2535
f 2471/2603/2465 2470/2600/2462 2529/2674/2534 2530/2676/2536
f 2445/2604/2466 2444/2601/2463 2503/2675/2535 2504/2677/2537
f 2472/2606/2468 2471/2603/2465 2530/2676/2536 2531/2678/2538
f 2446/2607/2469 2445/2604/2466 2504/2677/2537 2505/2679/2539
f 2827/2680/50 2472/2606/2468 2531/2678/2538
f 2447/2610/2471 2446/2607/2469 2505/2679/2539 2506/2620/2481
f 2517/2644/2504 2516/2641/2501 2575/2681/2540 2576/2682/2541
f 2491/2645/2505 2490/2643/2503 2549/2683/2542 2550/2684/2543
f 2518/2647/2507 2517/2644/2504 2576/2682/2541 2577/2685/2544
f 2492/2648/2508 2491/2645/2505 2550/2684/2543 2551/2686/2545
f 2519/2650/2510 2518/2647/2507 2577/2685/2544 2578/2687/2546
f 2493/2651/2511 2492/2648/2508 2551/2686/2545 2552/2688/2547
f 2520/2653/2513 2519/2650/2510 2578/2687/2546 2579/2689/2548
f 2494/2654/2514 2493/2651/2511 2552/2688/2547 2553/2690/2549
f 2521/2656/2516 2520/2653/2513 2579/2689/2548 2580/2691/2550
f 2495/2657/2517 2494/2654/2514 2553/2690/2549 2554/2692/2551
f 2522/2659/2519 2521/2656/2516 2580/2691/2550 2581/2693/2552
f 2496/2660/2520 2495/2657/2517 2554/2692/2551 2555/2694/2553
f 2523/2662/2522 2522/2659/2519 2581/2693/2552 2582/2695/2554
f 2497/2663/2523 2496/2660/2520 2555/2694/2553 2556/2696/2555
f 2524/2664/2524 2523/2662/2522 2582/2695/2554 2583/2697/2556
f 2498/2665/2525 2497/2663/2523 2556/2696/2555 2557/2698/2557
f 2525/2666/2526 2524/2664/2524 2583/2697/2556 2584/2699/2558
f 2499/2667/2527 2498/2665/2525 2557/2698/2557 2558/2700/2559
f 2473/2626/2486 1882/2701/12 2532/2702/2560
f 2526/2668/2528 2525/2666/2526 2584/2699/2558 2585/2703/2561
f 2500/2669/2529 2499/2667/2527 2558/2700/2559 2559/2704/2562
f 2474/2628/2488 2473/2626/2486 2532/2702/2560 2533/2705/2563
f 2527/2670/2530 2526/2668/2528 2585/2703/2561 2586/2706/2564
f 2501/2671/2531 2500/2669/2529 2559/2704/2562 2560/2707/2565
f 2475/2630/2490 2474/2628/2488 2533/2705/2563 2534/2708/2566
f 2528/2672/2532 2527/2670/2530 2586/2706/2564 2587/2709/2567
f 2502/2673/2533 2501/2671/2531 2560/2707/2565 2561/2710/2568
f 2476/2634/2494 2475/2630/2490 2534/2708/2566 2535/2711/2569
f 2529/2674/2534 2528/2672/2532 2587/2709/2567 2588/2712/2570
f 2503/2675/2535 2502/2673/2533 2561/2710/2568 2562/2713/2571
f 2477/2636/2496 2476/2634/2494 2535/2711/2569 2536/2714/2572
f 2530/2676/2536 2529/2674/2534 2588/2712/2570 2589/2715/2573
f 2504/2677/2537 2503/2675/2535 2562/2713/2571 2563/2716/2574
f 2478/2639/2499 2477/2636/2496 2536/2714/2572 2537/2717/2575
f 2531/2678/2538 2530/2676/2536 2589/2715/2573 2590/2718/2576
f 2505/2679/2539 2504/2677/2537 2563/2716/2574 2564/2719/2577
f 2479/2642/2502 2478/2639/2499 2537/2717/2575 2538/2720/2578
f 2827/2721/50 2531/2678/2538 2590/2718/2576
f 2506/2620/2481 2505/2679/2539 2564/2719/2577 2565/2722/2579
f 2480/2646/2506 2479/2642/2502 2538/2720/2578 2539/2723/2580
f 2507/2621/2482 2506/2620/2481 2565/2722/2579 2566/2724/2581
f 2481/2649/2509 2480/2646/2506 2539/2723/2580 2540/2725/2582
f 2508/2622/2483 2507/2621/2482 2566/2724/2581 2567/2726/2583
f 2482/2652/2512 2481/2649/2509 2540/2725/2582 2541/2727/2584
f 2509/2623/2484 2508/2622/2483 2567/2726/2583 2568/2728/2585
f 2483/2655/2515 2482/2652/2512 2541/2727/2584 2542/2729/2586
f 2510/2624/2485 2509/2623/2484 2568/2728/2585 2569/2730/2587
f 2484/2658/2518 2483/2655/2515 2542/2729/2586 2543/2731/2588
f 2511/2627/2487 2510/2624/2485 2569/2730/2587 2570/2732/2589
f 2485/2661/2521 2484/2658/2518 2543/2731/2588 2544/2733/2590
f 2512/2629/2489 2511/2627/2487 2570/2732/2589 2571/2734/2591
f 2486/2632/2492 2485/2661/2521 2544/2733/2590 2545/2735/2592
f 2513/2631/2491 2512/2629/2489 2571/2734/2591 2572/2736/2593
f 2487/2633/2493 2486/2632/2492 2545/2735/2592 2546/2737/2594
f 2514/2635/2495 2513/2631/2491 2572/2736/2593 2573/2738/2595
f 2488/2637/2497 2487/2633/2493 2546/2737/2594 2547/2739/2596
f 2515/2638/2498 2514/2635/2495 2573/2738/2595 2574/2740/2597
f 2489/2640/2500 2488/2637/2497 2547/2739/2596 2548/2741/2598
f 2516/2641/2501 2515/2638/2498 2574/2740/2597 2575/2681/2540
f 2490/2643/2503 2489/2640/2500 2548/2741/2598 2549/2683/2542
f 2586/2706/2564 2585/2703/2561 2644/2742/2599 2645/2743/2600
f 2560/2707/2565 2559/2704/2562 2618/2744/2601 2619/2745/2602
f 2534/2708/2566 2533/2705/2563 2592/2746/2603 2593/2747/2604
f 2587/2709/2567 2586/2706/2564 2645/2743/2600 2646/2748/2605
f 2561/2710/2568 2560/2707/2565 2619/2745/2602 2620/2749/2606
f 2535/2711/2569 2534/2708/2566 2593/2747/2604 2594/2750/2607
f 2588/2712/2570 2587/2709/2567 2646/2748/2605 2647/2751/2608
f 2562/2713/2571 2561/2710/2568 2620/2749/2606 2621/2752/2609
f 2536/2714/2572 2535/2711/2569 2594/2750/2607 2595/2753/2610
f 2589/2715/2573 2588/2712/2570 2647/2751/2608 2648/2754/2611
f 2563/2716/2574 2562/2713/2571 2621/2752/2609 2622/2755/2612
f 2537/2717/2575 2536/2714/2572 2595/2753/2610 2596/2756/2613
f 2590/2718/2576 2589/2715/2573 2648/2754/2611 2649/2757/2614
f 2564/2719/2577 2563/2716/2574 2622/2755/2612 2623/2758/2615
f 2538/2720/2578 2537/2717/2575 2596/2756/2613 2597/2759/2616
f 2827/2760/50 2590/2718/2576 2649/2757/2614
f 2565/2722/2579 2564/2719/2577 2623/2758/2615 2624/2761/2617
f 2539/2723/2580 2538/2720/2578 2597/2759/2616 2598/2762/2618
f 2566/2724/2581 2565/2722/2579 2624/2761/2617 2625/2763/2619
f 2540/2725/2582 2539/2723/2580 2598/2762/2618 2599/2764/2620
f 2567/2726/2583 2566/2724/2581 2625/2763/2619 2626/2765/2621
f 2541/2727/2584 2540/2725/2582 2599/2764/2620 2600/2766/2622
f 2568/2728/2585 2567/2726/2583 2626/2765/2621 2627/2767/2623
f 2542/2729/2586 2541/2727/2584 2600/2766/2622 2601/2768/2624
f 2569/2730/2587 2568/2728/2585 2627/2767/2623 2628/2769/2625
f 2543/2731/2588 2542/2729/2586 2601/2768/2624 2602/2770/2626
f 2570/2732/2589 2569/2730/2587 2628/2769/2625 2629/2771/2627
f 2544/2733/2590 2543/2731/2588 2602/2770/2626 2603/2772/2628
f 2571/2734/2591 2570/2732/2589 2629/2771/2627 2630/2773/2629
f 2545/2735/2592 2544/2733/2590 2603/2772/2628 2604/2774/2630
f 2572/2736/2593 2571/2734/2591 2630/2773/2629 2631/2775/2631
f 2546/2737/2594 2545/2735/2592 2604/2774/2630 2605/2776/2632
f 2573/2738/2595 2572/2736/2593 2631/2775/2631 2632/2777/2633
f 2547/2739/2596 2546/2737/2594 2605/2776/2632 2606/2778/2634
f 2574/2740/2597 2573/2738/2595 2632/2777/2633 2633/2779/2635
f 2548/2741/2598 2547/2739/2596 2606/2778/2634 2607/2780/2636
f 2575/2681/2540 2574/2740/2597 2633/2779/2635 2634/2781/2637
f 2549/2683/2542 2548/2741/2598 2607/2780/2636 2608/2782/2638
f 2576/2682/2541 2575/2681/2540 2634/2781/2637 2635/2783/2639
f 2550/2684/2543 2549/2683/2542 2608/2782/2638 2609/2784/2640
f 2577/2685/2544 2576/2682/2541 2635/2783/2639 2636/2785/2641
f 2551/2686/2545 2550/2684/2543 2609/2784/2640 2610/2786/2642
f 2578/2687/2546 2577/2685/2544 2636/2785/2641 2637/2787/2643
f 2552/2688/2547 2551/2686/2545 2610/2786/2642 2611/2788/2644
f 2579/2689/2548 2578/2687/2546 2637/2787/2643 2638/2789/2645
f 2553/2690/2549 2552/2688/2547 2611/2788/2644 2612/2790/2646
f 2580/2691/2550 2579/2689/2548 2638/2789/2645 2639/2791/2647
f 2554/2692/2551 2553/2690/2549 2612/2790/2646 2613/2792/2648
f 2581/2693/2552 2580/2691/2550 2639/2791/2647 2640/2793/2649
f 2555/2694/2553 2554/2692/2551 2613/2792/2648 2614/2794/2650
f 2582/2695/2554 2581/2693/2552 2640/2793/2649 2641/2795/2651
f 2556/2696/2555 2555/2694/2553 2614/2794/2650 2615/2796/2652
f 2583/2697/2556 2582/2695/2554 2641/2795/2651 2642/2797/2653
f 2557/2698/2557 2556/2696/2555 2615/2796/2652 2616/2798/2654
f 2584/2699/2558 2583/2697/2556 2642/2797/2653 2643/2799/2655
f 2558/2700/2559 2557/2698/2557 2616/2798/2654 2617/2800/2656
f 2532/2702/2560 1882/2801/12 2591/2802/2657
f 2585/2703/2561 2584/2699/2558 2643/2799/2655 2644/2742/2599
f 2559/2704/2562 2558/2700/2559 2617/2800/2656 2618/2744/2601
f 2533/2705/2563 2532/2702/2560 2591/2802/2657 2592/2746/2603
f 2629/2771/2627 2628/2769/2625 2687/2803/2658 2688/2804/2659
f 2603/2772/2628 2602/2770/2626 2661/2805/2660 2662/2806/2661
f 2630/2773/2629 2629/2771/2627 2688/2804/2659 2689/2807/2662
f 2604/2774/2630 2603/2772/2628 2662/2806/2661 2663/2808/2663
f 2631/2775/2631 2630/2773/2629 2689/2807/2662 2690/2809/2664
f 2605/2776/2632 2604/2774/2630 2663/2808/2663 2664/2810/2665
f 2632/2777/2633 2631/2775/2631 2690/2809/2664 2691/2811/2666
f 2606/2778/2634 2605/2776/2632 2664/2810/2665 2665/2812/2667
f 2633/2779/2635 2632/2777/2633 2691/2811/2666 2692/2813/2668
f 2607/2780/2636 2606/2778/2634 2665/2812/2667 2666/2814/2669
f 2634/2781/2637 2633/2779/2635 2692/2813/2668 2693/2815/2670
f 2608/2782/2638 2607/2780/2636 2666/2814/2669 2667/2816/2671
f 2635/2783/2639 2634/2781/2637 2693/2815/2670 2694/2817/2672
f 2609/2784/2640 2608/2782/2638 2667/2816/2671 2668/2818/2673
f 2636/2785/2641 2635/2783/2639 2694/2817/2672 2695/2819/2674
f 2610/2786/2642 2609/2784/2640 2668/2818/2673 2669/2820/2675
f 2637/2787/2643 2636/2785/2641 2695/2819/2674 2696/2821/2676
f 2611/2788/2644 2610/2786/2642 2669/2820/2675 2670/2822/2677
f 2638/2789/2645 2637/2787/2643 2696/2821/2676 2697/2823/2678
f 2612/2790/2646 2611/2788/2644 2670/2822/2677 2671/2824/2679
f 2639/2791/2647 2638/2789/2645 2697/2823/2678 2698/2825/2680
f 2613/2792/2648 2612/2790/2646 2671/2824/2679 2672/2826/2681
f 2640/2793/2649 2639/2791/2647 2698/2825/2680 2699/2827/2682
f 2614/2794/2650 2613/2792/2648 2672/2826/2681 2673/2828/2683
f 2641/2795/2651 2640/2793/2649 2699/2827/2682 2700/2829/2684
f 2615/2796/2652 2614/2794/2650 2673/2828/2683 2674/2830/2685
f 2642/2797/2653 2641/2795/2651 2700/2829/2684 2701/2831/2686
f 2616/2798/2654 2615/2796/2652 2674/2830/2685 2675/2832/2687
f 2643/2799/2655 2642/2797/2653 2701/2831/2686 2702/2833/2688
f 2617/2800/2656 2616/2798/2654 2675/2832/2687 2676/2834/2689
f 2591/2802/2657 1882/2835/12 2650/2836/2690
f 2644/2742/2599 2643/2799/2655 2702/2833/2688 2703/2837/2691
f 2618/2744/2601 2617/2800/2656 2676/2834/2689 2677/2838/2692
f 2592/2746/2603 2591/2802/2657 2650/2836/2690 2651/2839/2693
f 2645/2743/2600 2644/2742/2599 2703/2837/2691 2704/2840/2694
f 2619/2745/2602 2618/2744/2601 2677/2838/2692 2678/2841/2695
f 2593/2747/2604 2592/2746/2603 2651/2839/2693 2652/2842/2696
f 2646/2748/2605 2645/2743/2600 2704/2840/2694 2705/2843/2697
f 2620/2749/2606 2619/2745/2602 2678/2841/2695 2679/2844/2698
f 2594/2750/2607 2593/2747/2604 2652/2842/2696 2653/2845/2699
f 2647/2751/2608 2646/2748/2605 2705/2843/2697 2706/2846/2700
f 2621/2752/2609 2620/2749/2606 2679/2844/2698 2680/2847/2701
f 2595/2753/2610 2594/2750/2607 2653/2845/2699 2654/2848/2702
f 2648/2754/2611 2647/2751/2608 2706/2846/2700 2707/2849/2703
f 2622/2755/2612 2621/2752/2609 2680/2847/2701 2681/2850/2704
f 2596/2756/2613 2595/2753/2610 2654/2848/2702 2655/2851/2705
f 2649/2757/2614 2648/2754/2611 2707/2849/2703 2708/2852/2706
f 2623/2758/2615 2622/2755/2612 2681/2850/2704 2682/2853/2707
f 2597/2759/2616 2596/2756/2613 2655/2851/2705 2656/2854/2708
f 2827/2855/50 2649/2757/2614 2708/2852/2706
f 2624/2761/2617 2623/2758/2615 2682/2853/2707 2683/2856/2709
f 2598/2762/2618 2597/2759/2616 2656/2854/2708 2657/2857/2710
f 2625/2763/2619 2624/2761/2617 2683/2856/2709 2684/2858/2711
f 2599/2764/2620 2598/2762/2618 2657/2857/2710 2658/2859/2712
f 2626/2765/2621 2625/2763/2619 2684/2858/2711 2685/2860/2713
f 2600/2766/2622 2599/2764/2620 2658/2859/2712 2659/2861/2714
f 2627/2767/2623 2626/2765/2621 2685/2860/2713 2686/2862/2715
f 2601/2768/2624 2600/2766/2622 2659/2861/2714 2660/2863/2716
f 2628/2769/2625 2627/2767/2623 2686/2862/2715 2687/2803/2658
f 2602/2770/2626 2601/2768/2624 2660/2863/2716 2661/2805/2660
f 2698/2825/2680 2697/2823/2678 2756/2864/2717 2757/2865/2718
f 2672/2826/2681 2671/2824/2679 2730/2866/2719 2731/2867/2720
f 2699/2827/2682 2698/2825/2680 2757/2865/2718 2758/2868/2721
f 2673/2828/2683 2672/2826/2681 2731/2867/2720 2732/2869/2722
f 2700/2829/2684 2699/2827/2682 2758/2868/2721 2759/2870/2723
f 2674/2830/2685 2673/2828/2683 2732/2869/2722 2733/2871/2724
f 2701/2831/2686 2700/2829/2684 2759/2870/2723 2760/2872/2725
f 2675/2832/2687 2674/2830/2685 2733/2871/2724 2734/2873/2726
f 2702/2833/2688 2701/2831/2686 2760/2872/2725 2761/2874/2727
f 2676/2834/2689 2675/2832/2687 2734/2873/2726 2735/2875/2728
f 2650/2836/2690 1882/2876/12 2709/2877/2729
f 2703/2837/2691 2702/2833/2688 2761/2874/2727 2762/2878/2730
f 2677/2838/2692 2676/2834/2689 2735/2875/2728 2736/2879/2731
f 2651/2839/2693 2650/2836/2690 2709/2877/2729 2710/2880/2732
f 2704/2840/2694 2703/2837/2691 2762/2878/2730 2763/2881/2733
f 2678/2841/2695 2677/2838/2692 2736/2879/2731 2737/2882/2734
f 2652/2842/2696 2651/2839/2693 2710/2880/2732 2711/2883/2735
f 2705/2843/2697 2704/2840/2694 2763/2881/2733 2764/2884/2736
f 2679/2844/2698 2678/2841/2695 2737/2882/2734 2738/2885/2737
f 2653/2845/2699 2652/2842/2696 2711/2883/2735 2712/2886/2738
f 2706/2846/2700 2705/2843/2697 2764/2884/2736 2765/2887/2739
f 2680/2847/2701 2679/2844/2698 2738/2885/2737 2739/2888/2740
f 2654/2848/2702 2653/2845/2699 2712/2886/2738 2713/2889/2741
f 2707/2849/2703 2706/2846/2700 2765/2887/2739 2766/2890/2742
f 2681/2850/2704 2680/2847/2701 2739/2888/2740 2740/2891/2743
f 2655/2851/2705 2654/2848/2702 2713/2889/2741 2714/2892/2744
f 2708/2852/2706 2707/2849/2703 2766/2890/2742 2767/2893/2745
f 2682/2853/2707 2681/2850/2704 2740/2891/2743 2741/2894/2746
f 2656/2854/2708 2655/2851/2705 2714/2892/2744 2715/2895/2747
f 2827/2896/50 2708/2852/2706 2767/2893/2745
f 2683/2856/2709 2682/2853/2707 2741/2894/2746 2742/2897/2748
f 2657/2857/2710 2656/2854/2708 2715/2895/2747 2716/2898/2749
f 2684/2858/2711 2683/2856/2709 2742/2897/2748 2743/2899/2750
f 2658/2859/2712 2657/2857/2710 2716/2898/2749 2717/2900/2751
f 2685/2860/2713 2684/2858/2711 2743/2899/2750 2744/2901/2752
f 2659/2861/2714 2658/2859/2712 2717/2900/2751 2718/2902/2753
f 2686/2862/2715 2685/2860/2713 2744/2901/2752 2745/2903/2754
f 2660/2863/2716 2659/2861/2714 2718/2902/2753 2719/2904/2755
f 2687/2803/2658 2686/2862/2715 2745/2903/2754 2746/2905/2756
f 2661/2805/2660 2660/2863/2716 2719/2904/2755 2720/2906/2757
f 2688/2804/2659 2687/2803/2658 2746/2905/2756 2747/2907/2758
f 2662/2806/2661 2661/2805/2660 2720/2906/2757 2721/2908/2759
f 2689/2807/2662 2688/2804/2659 2747/2907/2758 2748/2909/2760
f 2663/2808/2663 2662/2806/2661 2721/2908/2759 2722/2910/2761
f 2690/2809/2664 2689/2807/2662 2748/2909/2760 2749/2911/2762
f 2664/2810/2665 2663/2808/2663 2722/2910/2761 2723/2912/2763
f 2691/2811/2666 2690/2809/2664 2749/2911/2762 2750/2913/2764
f 2665/2812/2667 2664/2810/2665 2723/2912/2763 2724/2914/2765
f 2692/2813/2668 2691/2811/2666 2750/2913/2764 2751/2915/2766
f 2666/2814/2669 2665/2812/2667 2724/2914/2765 2725/2916/2767
f 2693/2815/2670 2692/2813/2668 2751/2915/2766 2752/2917/2768
f 2667/2816/2671 2666/2814/2669 2725/2916/2767 2726/2918/2769
f 2694/2817/2672 2693/2815/2670 2752/2917/2768 2753/2919/2770
f 2668/2818/2673 2667/2816/2671 2726/2918/2769 2727/2920/2771
f 2695/2819/2674 2694/2817/2672 2753/2919/2770 2754/2921/2772
f 2669/2820/2675 2668/2818/2673 2727/2920/2771 2728/2922/2773
f 2696/2821/2676 2695/2819/2674 2754/2921/2772 2755/2923/2774
f 2670/2822/2677 2669/2820/2675 2728/2922/2773 2729/2924/2775
f 2697/2823/2678 2696/2821/2676 2755/2923/2774 2756/2864/2717
f 2671/2824/2679 2670/2822/2677 2729/2924/2775 2730/2866/2719
f 2714/2892/2744 2713/2889/2741 2772/2925/2776 2773/2926/2777
f 2767/2893/2745 2766/2890/2742 2825/2927/2778 2826/2928/2779
f 2741/2894/2746 2740/2891/2743 2799/2929/2780 2800/2930/2781
f 2715/2895/2747 2714/2892/2744 2773/2926/2777 2774/2931/2782
f 2827/2932/50 2767/2893/2745 2826/2928/2779
f 2742/2897/2748 2741/2894/2746 2800/2930/2781 2801/2933/2783
f 2716/2898/2749 2715/2895/2747 2774/2931/2782 2775/2934/2784
f 2743/2899/2750 2742/2897/2748 2801/2933/2783 2802/2935/2785
f 2717/2900/2751 2716/2898/2749 2775/2934/2784 2776/2936/2786
f 2744/2901/2752 2743/2899/2750 2802/2935/2785 2803/2937/2787
f 2718/2902/2753 2717/2900/2751 2776/2936/2786 2777/2938/2788
f 2745/2903/2754 2744/2901/2752 2803/2937/2787 2804/2939/2789
f 2719/2904/2755 2718/2902/2753 2777/2938/2788 2778/2940/2790
f 2746/2905/2756 2745/2903/2754 2804/2939/2789 2805/2941/2791
f 2720/2906/2757 2719/2904/2755 2778/2940/2790 2779/2942/2792
f 2747/2907/2758 2746/2905/2756 2805/2941/2791 2806/2943/2793
f 2721/2908/2759 2720/2906/2757 2779/2942/2792 2780/2944/2794
f 2748/2909/2760 2747/2907/2758 2806/2943/2793 2807/2945/2795
f 2722/2910/2761 2721/2908/2759 2780/2944/2794 2781/2946/2796
f 2749/2911/2762 2748/2909/2760 2807/2945/2795 2808/2947/2797
f 2723/2912/2763 2722/2910/2761 2781/2946/2796 2782/2948/2798
f 2750/2913/2764 2749/2911/2762 2808/2947/2797 2809/2949/2799
f 2724/2914/2765 2723/2912/2763 2782/2948/2798 2783/2950/2800
f 2751/2915/2766 2750/2913/2764 2809/2949/2799 2810/2951/2801
f 2725/2916/2767 2724/2914/2765 2783/2950/2800 2784/2952/2802
f 2752/2917/2768 2751/2915/2766 2810/2951/2801 2811/2953/2803
f 2726/2918/2769 2725/2916/2767 2784/2952/2802 2785/2954/2804
f 2753/2919/2770 2752/2917/2768 2811/2953/2803 2812/2955/2805
f 2727/2920/2771 2726/2918/2769 2785/2954/2804 2786/2956/2806
f 2754/2921/2772 2753/2919/2770 2812/2955/2805 2813/2957/2807
f 2728/2922/2773 2727/2920/2771 2786/2956/2806 2787/2958/2808
f 2755/2923/2774 2754/2921/2772 2813/2957/2807 2814/2959/2809
f 2729/2924/2775 2728/2922/2773 2787/2958/2808 2788/2960/2810
f 2756/2864/2717 2755/2923/2774 2814/2959/2809 2815/2961/2811
f 2730/2866/2719 2729/2924/2775 2788/2960/2810 2789/2962/2812
f 2757/2865/2718 2756/2864/2717 2815/2961/2811 2816/2963/2813
f 2731/2867/2720 2730/2866/2719 2789/2962/2812 2790/2964/2814
f 2758/2868/2721 2757/2865/2718 2816/2963/2813 2817/2965/2815
f 2732/2869/2722 2731/2867/2720 2790/2964/2814 2791/2966/2816
f 2759/2870/2723 2758/2868/2721 2817/2965/2815 2818/2967/2817
f 2733/2871/2724 2732/2869/2722 2791/2966/2816 2792/2968/2818
f 2760/2872/2725 2759/2870/2723 2818/2967/2817 2819/2969/2819
f 2734/2873/2726 2733/2871/2724 2792/2968/2818 2793/2970/2820
f 2761/2874/2727 2760/2872/2725 2819/2969/2819 2820/2971/2821
f 2735/2875/2728 2734/2873/2726 2793/2970/2820 2794/2972/2822
f 2709/2877/2729 1882/2973/12 2768/2974/2823
f 2762/2878/2730 2761/2874/2727 2820/2971/2821 2821/2975/2824
f 2736/2879/2731 2735/2875/2728 2794/2972/2822 2795/2976/2825
f 2710/2880/2732 2709/2877/2729 2768/2974/2823 2769/2977/2826
f 2763/2881/2733 2762/2878/2730 2821/2975/2824 2822/2978/2827
f 2737/2882/2734 2736/2879/2731 2795/2976/2825 2796/2979/2828
f 2711/2883/2735 2710/2880/2732 2769/2977/2826 2770/2980/2829
f 2764/2884/2736 2763/2881/2733 2822/2978/2827 2823/2981/2830
f 2738/2885/2737 2737/2882/2734 2796/2979/2828 2797/2982/2831
f 2712/2886/2738 2711/2883/2735 2770/2980/2829 2771/2983/2832
f 2765/2887/2739 2764/2884/2736 2823/2981/2830 2824/2984/2833
f 2739/2888/2740 2738/2885/2737 2797/2982/2831 2798/2985/2834
f 2713/2889/2741 2712/2886/2738 2771/2983/2832 2772/2925/2776
f 2766/2890/2742 2765/2887/2739 2824/2984/2833 2825/2927/2778
f 2740/2891/2743 2739/2888/2740 2798/2985/2834 2799/2929/2780
f 2783/2950/2800 2782/2948/2798 12/81/81 13/85/85
f 2810/2951/2801 2809/2949/2799 35/83/83 36/87/87
f 2784/2952/2802 2783/2950/2800 13/85/85 14/89/89
f 2811/2953/2803 2810/2951/2801 36/87/87 37/91/91
f 2785/2954/2804 2784/2952/2802 14/89/89 2831/93/93
f 2812/2955/2805 2811/2953/2803 37/91/91 38/95/95
f 2786/2956/2806 2785/2954/2804 2831/93/93 15/97/97
f 2813/2957/2807 2812/2955/2805 38/95/95 39/99/99
f 2787/2958/2808 2786/2956/2806 15/97/97 16/101/101
f 2814/2959/2809 2813/2957/2807 39/99/99 40/103/103
f 2788/2960/2810 2787/2958/2808 16/101/101 17/105/105
f 2815/2961/2811 2814/2959/2809 40/103/103 41/107/107
f 2789/2962/2812 2788/2960/2810 17/105/105 18/109/109
f 2816/2963/2813 2815/2961/2811 41/107/107 42/111/111
f 2790/2964/2814 2789/2962/2812 18/109/109 19/113/113
f 2817/2965/2815 2816/2963/2813 42/111/111 43/115/115
f 2791/2966/2816 2790/2964/2814 19/113/113 20/117/117
f 2818/2967/2817 2817/2965/2815 43/115/115 44/119/119
f 2792/2968/2818 2791/2966/2816 20/117/117 21/2/2
f 2819/2969/2819 2818/2967/2817 44/119/119 45/6/6
f 2793/2970/2820 2792/2968/2818 21/2/2 22/1/1
f 2820/2971/2821 2819/2969/2819 45/6/6 46/5/5
f 2794/2972/2822 2793/2970/2820 22/1/1 23/9/9
f 2768/2974/2823 1882/2986/12 1/11/11
f 2821/2975/2824 2820/2971/2821 46/5/5 47/14/14
f 2795/2976/2825 2794/2972/2822 23/9/9 24/16/16
f 2769/2977/2826 2768/2974/2823 1/11/11 2/18/18
f 2822/2978/2827 2821/2975/2824 47/14/14 48/20/20
f 2796/2979/2828 2795/2976/2825 24/16/16 2832/22/22
f 2770/2980/2829 2769/2977/2826 2/18/18 2828/24/24
f 2823/2981/2830 2822/2978/2827 48/20/20 49/26/26
f 2797/2982/2831 2796/2979/2828 2832/22/22 25/28/28
f 2771/2983/2832 2770/2980/2829 2828/24/24 3/30/30
f 2824/2984/2833 2823/2981/2830 49/26/26 50/32/32
f 2798/2985/2834 2797/2982/2831 25/28/28 26/34/34
f 2772/2925/2776 2771/2983/2832 3/30/30 4/36/36
f 2825/2927/2778 2824/2984/2833 50/32/32 51/38/38
f 2799/2929/2780 2798/2985/2834 26/34/34 2833/40/40
f 2773/2926/2777 2772/2925/2776 4/36/36 2829/42/42
f 2826/2928/2779 2825/2927/2778 51/38/38 52/44/44
f 2800/2930/2781 2799/2929/2780 2833/40/40 27/46/46
f 2774/2931/2782 2773/2926/2777 2829/42/42 5/48/48
f 2827/2987/50 2826/2928/2779 52/44/44
f 2801/2933/2783 2800/2930/2781 27/46/46 28/51/51
f 2775/2934/2784 2774/2931/2782 5/48/48 6/53/53
f 2802/2935/2785 2801/2933/2783 28/51/51 29/55/55
f 2776/2936/2786 2775/2934/2784 6/53/53 7/57/57
f 2803/2937/2787 2802/2935/2785 29/55/55 30/59/59
f 2777/2938/2788 2776/2936/2786 7/57/57 8/61/61
f 2804/2939/2789 2803/2937/2787 30/59/59 31/63/63
f 2778/2940/2790 2777/2938/2788 8/61/61 9/65/65
f 2805/2941/2791 2804/2939/2789 31/63/63 2834/67/67
f 2779/2942/2792 2778/2940/2790 9/65/65 10/69/69
f 2806/2943/2793 2805/2941/2791 2834/67/67 32/71/71
f 2780/2944/2794 2779/2942/2792 10/69/69 2830/73/73
f 2807/2945/2795 2806/2943/2793 32/71/71 33/75/75
f 2781/2946/2796 2780/2944/2794 2830/73/73 11/77/77
f 2808/2947/2797 2807/2945/2795 33/75/75 34/79/79
f 2782/2948/2798 2781/2946/2796 11/77/77 12/81/81
f 2809/2949/2799 2808/2947/2797 34/79/79 35/83/83
