# Blender 4.0.2
# www.blender.org
mtllib ZPG Title.mtl
o Text
v 3.502795 0.109912 -0.179042
v 3.501721 0.109912 -0.137008
v 3.498500 0.109912 -0.097426
v 3.493132 0.109912 -0.060296
v 3.485615 0.109912 -0.025617
v 3.475951 0.109912 0.006610
v 3.464140 0.109912 0.036386
v 3.450181 0.109912 0.063710
v 3.434075 0.109912 0.088582
v 3.415821 0.109912 0.111003
v 3.395420 0.109912 0.130973
v 3.372870 0.109912 0.148491
v 3.348174 0.109912 0.163557
v 3.345245 0.109912 0.165056
v 3.342364 0.109912 0.166424
v 3.339531 0.109912 0.167662
v 3.336746 0.109912 0.168769
v 3.334010 0.109912 0.169746
v 3.331322 0.109912 0.170593
v 3.328682 0.109912 0.171310
v 3.326091 0.109912 0.171896
v 3.323548 0.109912 0.172352
v 3.321053 0.109912 0.172678
v 3.318606 0.109912 0.172874
v 3.316207 0.109912 0.172939
v 3.313283 0.109912 0.172854
v 3.310416 0.109912 0.172601
v 3.307608 0.109912 0.172179
v 3.304857 0.109912 0.171588
v 3.302164 0.109912 0.170828
v 3.299529 0.109912 0.169899
v 3.296952 0.109912 0.168801
v 3.294433 0.109912 0.167534
v 3.291972 0.109912 0.166098
v 3.289569 0.109912 0.164494
v 3.287223 0.109912 0.162720
v 3.284936 0.109912 0.160778
v 3.282771 0.109912 0.158715
v 3.280795 0.109912 0.156579
v 3.279007 0.109912 0.154371
v 3.277407 0.109912 0.152091
v 3.275996 0.109912 0.149738
v 3.274772 0.109912 0.147313
v 3.273737 0.109912 0.144816
v 3.272890 0.109912 0.142246
v 3.272232 0.109912 0.139604
v 3.271761 0.109912 0.136889
v 3.271479 0.109912 0.134102
v 3.271385 0.109912 0.131243
v 3.271529 0.109912 0.127798
v 3.271964 0.109912 0.124410
v 3.272687 0.109912 0.121080
v 3.273701 0.109912 0.117808
v 3.275004 0.109912 0.114594
v 3.276597 0.109912 0.111438
v 3.278479 0.109912 0.108340
v 3.280650 0.109912 0.105299
v 3.283111 0.109912 0.102317
v 3.285862 0.109912 0.099392
v 3.288902 0.109912 0.096526
v 3.292233 0.109912 0.093717
v 3.295241 0.109912 0.091514
v 3.298245 0.109912 0.089306
v 3.301245 0.109912 0.087094
v 3.304239 0.109912 0.084876
v 3.307229 0.109912 0.082654
v 3.310214 0.109912 0.080427
v 3.313194 0.109912 0.078195
v 3.316169 0.109912 0.075958
v 3.319139 0.109912 0.073716
v 3.322104 0.109912 0.071470
v 3.325065 0.109912 0.069219
v 3.328021 0.109912 0.066962
v 3.340175 0.109912 0.053894
v 3.351272 0.109912 0.039590
v 3.361313 0.109912 0.024051
v 3.370296 0.109912 0.007276
v 3.378222 0.109912 -0.010734
v 3.385092 0.109912 -0.029980
v 3.390904 0.109912 -0.050461
v 3.395660 0.109912 -0.072177
v 3.399360 0.109912 -0.095129
v 3.402002 0.109912 -0.119317
v 3.403587 0.109912 -0.144739
v 3.404116 0.109912 -0.171398
v 3.403986 0.109912 -0.182070
v 3.403594 0.109912 -0.192776
v 3.402943 0.109912 -0.203516
v 3.402030 0.109912 -0.214290
v 3.400858 0.109912 -0.225098
v 3.399425 0.109912 -0.235939
v 3.397730 0.109912 -0.246814
v 3.395776 0.109912 -0.257723
v 3.393561 0.109912 -0.268666
v 3.391085 0.109912 -0.279642
v 3.388349 0.109912 -0.290652
v 3.385353 0.109912 -0.301696
v 3.381716 0.109912 -0.313903
v 3.377872 0.109912 -0.325623
v 3.373821 0.109912 -0.336855
v 3.369563 0.109912 -0.347600
v 3.365096 0.109912 -0.357858
v 3.360422 0.109912 -0.367628
v 3.355541 0.109912 -0.376910
v 3.350452 0.109912 -0.385705
v 3.345156 0.109912 -0.394013
v 3.339652 0.109912 -0.401833
v 3.333941 0.109912 -0.409166
v 3.328021 0.109912 -0.416012
v 3.325126 0.109912 -0.418849
v 3.322230 0.109912 -0.421687
v 3.319335 0.109912 -0.424525
v 3.316439 0.109912 -0.427362
v 3.313543 0.109912 -0.430200
v 3.310648 0.109912 -0.433038
v 3.307752 0.109912 -0.435875
v 3.304857 0.109912 -0.438713
v 3.301961 0.109912 -0.441550
v 3.299066 0.109912 -0.444388
v 3.296170 0.109912 -0.447226
v 3.293275 0.109912 -0.450063
v 3.289723 0.109912 -0.454004
v 3.286480 0.109912 -0.457833
v 3.283546 0.109912 -0.461551
v 3.280921 0.109912 -0.465159
v 3.278604 0.109912 -0.468655
v 3.276597 0.109912 -0.472040
v 3.274898 0.109912 -0.475315
v 3.273508 0.109912 -0.478478
v 3.272427 0.109912 -0.481530
v 3.271655 0.109912 -0.484472
v 3.271192 0.109912 -0.487302
v 3.271037 0.109912 -0.490022
v 3.271131 0.109912 -0.492947
v 3.271414 0.109912 -0.495817
v 3.271884 0.109912 -0.498632
v 3.272543 0.109912 -0.501391
v 3.273390 0.109912 -0.504095
v 3.274425 0.109912 -0.506743
v 3.275648 0.109912 -0.509336
v 3.277060 0.109912 -0.511873
v 3.278660 0.109912 -0.514355
v 3.280448 0.109912 -0.516781
v 3.282424 0.109912 -0.519152
v 3.284588 0.109912 -0.521467
v 3.286883 0.109912 -0.523659
v 3.289250 0.109912 -0.525661
v 3.291690 0.109912 -0.527472
v 3.294201 0.109912 -0.529092
v 3.296786 0.109912 -0.530522
v 3.299442 0.109912 -0.531761
v 3.302171 0.109912 -0.532809
v 3.304973 0.109912 -0.533667
v 3.307847 0.109912 -0.534334
v 3.310793 0.109912 -0.534811
v 3.313811 0.109912 -0.535097
v 3.316902 0.109912 -0.535192
v 3.319079 0.109912 -0.535110
v 3.321323 0.109912 -0.534864
v 3.323635 0.109912 -0.534454
v 3.326014 0.109912 -0.533879
v 3.328460 0.109912 -0.533141
v 3.330975 0.109912 -0.532238
v 3.333557 0.109912 -0.531172
v 3.336206 0.109912 -0.529941
v 3.338923 0.109912 -0.528547
v 3.341707 0.109912 -0.526988
v 3.344560 0.109912 -0.525265
v 3.347479 0.109912 -0.523378
v 3.359382 0.109912 -0.514863
v 3.370885 0.109912 -0.505532
v 3.381987 0.109912 -0.495386
v 3.392688 0.109912 -0.484424
v 3.402989 0.109912 -0.472646
v 3.412889 0.109912 -0.460053
v 3.422389 0.109912 -0.446644
v 3.431489 0.109912 -0.432420
v 3.440187 0.109912 -0.417380
v 3.448485 0.109912 -0.401525
v 3.456383 0.109912 -0.384854
v 3.463880 0.109912 -0.367367
v 3.470095 0.109912 -0.351514
v 3.475770 0.109912 -0.335690
v 3.480906 0.109912 -0.319895
v 3.485500 0.109912 -0.304129
v 3.489553 0.109912 -0.288391
v 3.493067 0.109912 -0.272683
v 3.496040 0.109912 -0.257004
v 3.498472 0.109912 -0.241354
v 3.500364 0.109912 -0.225732
v 3.501715 0.109912 -0.210140
v 3.502526 0.109912 -0.194576
v 3.136569 0.109912 -0.032933
v 3.134146 0.109912 -0.030852
v 3.131627 0.109912 -0.028952
v 3.129012 0.109912 -0.027233
v 3.126299 0.109912 -0.025695
v 3.123491 0.109912 -0.024337
v 3.120586 0.109912 -0.023161
v 3.117584 0.109912 -0.022166
v 3.114486 0.109912 -0.021351
v 3.111291 0.109912 -0.020718
v 3.108000 0.109912 -0.020265
v 3.104612 0.109912 -0.019994
v 3.101128 0.109912 -0.019903
v 3.092525 0.109912 -0.020468
v 3.084671 0.109912 -0.022162
v 3.077565 0.109912 -0.024985
v 3.071207 0.109912 -0.028938
v 3.065597 0.109912 -0.034019
v 3.060735 0.109912 -0.040230
v 3.056621 0.109912 -0.047570
v 3.053255 0.109912 -0.056040
v 3.050637 0.109912 -0.065638
v 3.048767 0.109912 -0.076366
v 3.047645 0.109912 -0.088223
v 3.047271 0.109912 -0.101210
v 3.047379 0.109912 -0.104409
v 3.047705 0.109912 -0.107522
v 3.048248 0.109912 -0.110548
v 3.049008 0.109912 -0.113487
v 3.049985 0.109912 -0.116339
v 3.051180 0.109912 -0.119104
v 3.052591 0.109912 -0.121783
v 3.054220 0.109912 -0.124374
v 3.056066 0.109912 -0.126879
v 3.058129 0.109912 -0.129297
v 3.060410 0.109912 -0.131627
v 3.062907 0.109912 -0.133871
v 3.065433 0.109912 -0.135814
v 3.068032 0.109912 -0.137587
v 3.070703 0.109912 -0.139192
v 3.073446 0.109912 -0.140628
v 3.076262 0.109912 -0.141894
v 3.079151 0.109912 -0.142992
v 3.082111 0.109912 -0.143921
v 3.085144 0.109912 -0.144681
v 3.088250 0.109912 -0.145273
v 3.091428 0.109912 -0.145695
v 3.094678 0.109912 -0.145948
v 3.098001 0.109912 -0.146033
v 3.106436 0.109912 -0.145475
v 3.114138 0.109912 -0.143803
v 3.121107 0.109912 -0.141016
v 3.127342 0.109912 -0.137114
v 3.132843 0.109912 -0.132098
v 3.137611 0.109912 -0.125967
v 3.141646 0.109912 -0.118721
v 3.144947 0.109912 -0.110360
v 3.147514 0.109912 -0.100884
v 3.149348 0.109912 -0.090294
v 3.150448 0.109912 -0.078589
v 3.150815 0.109912 -0.065769
v 3.150716 0.109912 -0.062515
v 3.150419 0.109912 -0.059355
v 3.149925 0.109912 -0.056289
v 3.149232 0.109912 -0.053318
v 3.148342 0.109912 -0.050440
v 3.147254 0.109912 -0.047657
v 3.145967 0.109912 -0.044968
v 3.144484 0.109912 -0.042373
v 3.142802 0.109912 -0.039872
v 3.140922 0.109912 -0.037465
v 3.138844 0.109912 -0.035152
v 3.130836 0.109912 -0.267992
v 3.128441 0.109912 -0.265939
v 3.125947 0.109912 -0.264064
v 3.123355 0.109912 -0.262368
v 3.120663 0.109912 -0.260850
v 3.117872 0.109912 -0.259511
v 3.114983 0.109912 -0.258350
v 3.111995 0.109912 -0.257368
v 3.108907 0.109912 -0.256565
v 3.105721 0.109912 -0.255940
v 3.102436 0.109912 -0.255493
v 3.099051 0.109912 -0.255226
v 3.095568 0.109912 -0.255136
v 3.092030 0.109912 -0.255226
v 3.088595 0.109912 -0.255493
v 3.085264 0.109912 -0.255940
v 3.082036 0.109912 -0.256565
v 3.078913 0.109912 -0.257368
v 3.075893 0.109912 -0.258350
v 3.072977 0.109912 -0.259511
v 3.070165 0.109912 -0.260850
v 3.067456 0.109912 -0.262368
v 3.064852 0.109912 -0.264064
v 3.062351 0.109912 -0.265939
v 3.059953 0.109912 -0.267992
v 3.057706 0.109912 -0.270183
v 3.055654 0.109912 -0.272471
v 3.053797 0.109912 -0.274855
v 3.052135 0.109912 -0.277335
v 3.050669 0.109912 -0.279912
v 3.049399 0.109912 -0.282586
v 3.048324 0.109912 -0.285356
v 3.047445 0.109912 -0.288222
v 3.046761 0.109912 -0.291186
v 3.046272 0.109912 -0.294245
v 3.045979 0.109912 -0.297401
v 3.045881 0.109912 -0.300654
v 3.045870 0.109912 -0.301320
v 3.045838 0.109912 -0.302044
v 3.045784 0.109912 -0.302826
v 3.045707 0.109912 -0.303665
v 3.045609 0.109912 -0.304563
v 3.045490 0.109912 -0.305518
v 3.045349 0.109912 -0.306532
v 3.045186 0.109912 -0.307603
v 3.045002 0.109912 -0.308733
v 3.044795 0.109912 -0.309920
v 3.044567 0.109912 -0.311165
v 3.044317 0.109912 -0.312468
v 3.044068 0.109912 -0.313773
v 3.043839 0.109912 -0.315025
v 3.043633 0.109912 -0.316225
v 3.043449 0.109912 -0.317371
v 3.043286 0.109912 -0.318464
v 3.043145 0.109912 -0.319504
v 3.043025 0.109912 -0.320491
v 3.042928 0.109912 -0.321425
v 3.042851 0.109912 -0.322305
v 3.042797 0.109912 -0.323133
v 3.042765 0.109912 -0.323907
v 3.042754 0.109912 -0.324629
v 3.042856 0.109912 -0.327825
v 3.043164 0.109912 -0.330927
v 3.043677 0.109912 -0.333934
v 3.044394 0.109912 -0.336848
v 3.045318 0.109912 -0.339668
v 3.046446 0.109912 -0.342393
v 3.047779 0.109912 -0.345024
v 3.049317 0.109912 -0.347562
v 3.051060 0.109912 -0.350005
v 3.053009 0.109912 -0.352354
v 3.055162 0.109912 -0.354609
v 3.057521 0.109912 -0.356769
v 3.060022 0.109912 -0.358795
v 3.062603 0.109912 -0.360645
v 3.065263 0.109912 -0.362318
v 3.068003 0.109912 -0.363815
v 3.070822 0.109912 -0.365136
v 3.073721 0.109912 -0.366281
v 3.076700 0.109912 -0.367250
v 3.079759 0.109912 -0.368043
v 3.082897 0.109912 -0.368659
v 3.086114 0.109912 -0.369099
v 3.089412 0.109912 -0.369364
v 3.092789 0.109912 -0.369452
v 3.101113 0.109912 -0.368974
v 3.108714 0.109912 -0.367541
v 3.115591 0.109912 -0.365152
v 3.121744 0.109912 -0.361808
v 3.127173 0.109912 -0.357508
v 3.131878 0.109912 -0.352252
v 3.135859 0.109912 -0.346041
v 3.139117 0.109912 -0.338875
v 3.141651 0.109912 -0.330753
v 3.143460 0.109912 -0.321676
v 3.144546 0.109912 -0.311642
v 3.144908 0.109912 -0.300654
v 3.144810 0.109912 -0.297401
v 3.144517 0.109912 -0.294245
v 3.144029 0.109912 -0.291186
v 3.143344 0.109912 -0.288222
v 3.142465 0.109912 -0.285356
v 3.141390 0.109912 -0.282586
v 3.140120 0.109912 -0.279912
v 3.138654 0.109912 -0.277335
v 3.136992 0.109912 -0.274855
v 3.135136 0.109912 -0.272471
v 3.133084 0.109912 -0.270183
v 2.551093 0.109912 -0.019903
v 2.540686 0.109912 -0.009581
v 2.529734 0.109912 -0.000156
v 2.518236 0.109912 0.008371
v 2.506193 0.109912 0.016001
v 2.493605 0.109912 0.022733
v 2.480471 0.109912 0.028568
v 2.466792 0.109912 0.033505
v 2.452568 0.109912 0.037544
v 2.437799 0.109912 0.040686
v 2.422483 0.109912 0.042930
v 2.406623 0.109912 0.044276
v 2.390217 0.109912 0.044725
v 2.372885 0.109912 0.044199
v 2.356330 0.109912 0.042621
v 2.340552 0.109912 0.039991
v 2.325551 0.109912 0.036308
v 2.311326 0.109912 0.031574
v 2.297879 0.109912 0.025788
v 2.285208 0.109912 0.018950
v 2.273315 0.109912 0.011059
v 2.262199 0.109912 0.002117
v 2.251859 0.109912 -0.007877
v 2.242297 0.109912 -0.018924
v 2.233511 0.109912 -0.031022
v 2.232124 0.109912 -0.033216
v 2.230857 0.109912 -0.035395
v 2.229711 0.109912 -0.037559
v 2.228685 0.109912 -0.039709
v 2.227781 0.109912 -0.041844
v 2.226996 0.109912 -0.043965
v 2.226333 0.109912 -0.046072
v 2.225790 0.109912 -0.048164
v 2.225368 0.109912 -0.050241
v 2.225066 0.109912 -0.052304
v 2.224885 0.109912 -0.054353
v 2.224825 0.109912 -0.056387
v 2.224928 0.109912 -0.059476
v 2.225240 0.109912 -0.062487
v 2.225759 0.109912 -0.065421
v 2.226485 0.109912 -0.068278
v 2.227419 0.109912 -0.071058
v 2.228560 0.109912 -0.073760
v 2.229909 0.109912 -0.076386
v 2.231465 0.109912 -0.078934
v 2.233229 0.109912 -0.081404
v 2.235200 0.109912 -0.083798
v 2.237379 0.109912 -0.086115
v 2.239766 0.109912 -0.088354
v 2.242285 0.109912 -0.090463
v 2.244862 0.109912 -0.092388
v 2.247497 0.109912 -0.094130
v 2.250190 0.109912 -0.095689
v 2.252940 0.109912 -0.097064
v 2.255749 0.109912 -0.098256
v 2.258615 0.109912 -0.099265
v 2.261540 0.109912 -0.100090
v 2.264523 0.109912 -0.100732
v 2.267563 0.109912 -0.101191
v 2.270661 0.109912 -0.101466
v 2.273817 0.109912 -0.101557
v 2.277021 0.109912 -0.101456
v 2.280149 0.109912 -0.101152
v 2.283199 0.109912 -0.100645
v 2.286171 0.109912 -0.099936
v 2.289067 0.109912 -0.099024
v 2.291885 0.109912 -0.097909
v 2.294626 0.109912 -0.096592
v 2.297290 0.109912 -0.095071
v 2.299877 0.109912 -0.093349
v 2.302386 0.109912 -0.091423
v 2.304819 0.109912 -0.089295
v 2.307173 0.109912 -0.086964
v 2.311073 0.109912 -0.082901
v 2.314663 0.109912 -0.079165
v 2.317945 0.109912 -0.075758
v 2.320918 0.109912 -0.072679
v 2.323582 0.109912 -0.069929
v 2.325937 0.109912 -0.067506
v 2.327983 0.109912 -0.065412
v 2.329720 0.109912 -0.063645
v 2.331149 0.109912 -0.062207
v 2.332268 0.109912 -0.061097
v 2.333079 0.109912 -0.060315
v 2.333581 0.109912 -0.059862
v 2.337106 0.109912 -0.057531
v 2.340848 0.109912 -0.055403
v 2.344808 0.109912 -0.053477
v 2.348985 0.109912 -0.051754
v 2.353379 0.109912 -0.050234
v 2.357990 0.109912 -0.048917
v 2.362818 0.109912 -0.047802
v 2.367864 0.109912 -0.046890
v 2.373127 0.109912 -0.046180
v 2.378606 0.109912 -0.045674
v 2.384303 0.109912 -0.045370
v 2.390217 0.109912 -0.045268
v 2.399013 0.109912 -0.045541
v 2.407562 0.109912 -0.046359
v 2.415864 0.109912 -0.047722
v 2.423921 0.109912 -0.049631
v 2.431732 0.109912 -0.052085
v 2.439296 0.109912 -0.055084
v 2.446615 0.109912 -0.058629
v 2.453687 0.109912 -0.062719
v 2.460514 0.109912 -0.067354
v 2.467093 0.109912 -0.072535
v 2.473428 0.109912 -0.078260
v 2.479516 0.109912 -0.084532
v 2.485010 0.109912 -0.090955
v 2.490026 0.109912 -0.097600
v 2.494565 0.109912 -0.104467
v 2.498626 0.109912 -0.111557
v 2.502209 0.109912 -0.118868
v 2.505315 0.109912 -0.126401
v 2.507942 0.109912 -0.134156
v 2.510092 0.109912 -0.142133
v 2.511765 0.109912 -0.150333
v 2.512959 0.109912 -0.158754
v 2.513675 0.109912 -0.167397
v 2.513914 0.109912 -0.176262
v 2.513795 0.109912 -0.184710
v 2.513437 0.109912 -0.192796
v 2.512839 0.109912 -0.200519
v 2.512003 0.109912 -0.207881
v 2.510928 0.109912 -0.214881
v 2.509614 0.109912 -0.221519
v 2.508062 0.109912 -0.227795
v 2.506270 0.109912 -0.233709
v 2.504240 0.109912 -0.239262
v 2.501970 0.109912 -0.244452
v 2.499462 0.109912 -0.249280
v 2.496715 0.109912 -0.253746
v 2.493726 0.109912 -0.257853
v 2.490494 0.109912 -0.261603
v 2.487019 0.109912 -0.264996
v 2.483299 0.109912 -0.268031
v 2.479336 0.109912 -0.270709
v 2.475129 0.109912 -0.273031
v 2.470678 0.109912 -0.274995
v 2.465984 0.109912 -0.276602
v 2.461046 0.109912 -0.277852
v 2.455864 0.109912 -0.278744
v 2.450438 0.109912 -0.279280
v 2.444769 0.109912 -0.279459
v 2.434743 0.109912 -0.279184
v 2.425051 0.109912 -0.278358
v 2.415691 0.109912 -0.276983
v 2.406664 0.109912 -0.275057
v 2.397970 0.109912 -0.272582
v 2.389609 0.109912 -0.269556
v 2.381581 0.109912 -0.265980
v 2.373887 0.109912 -0.261854
v 2.366525 0.109912 -0.257178
v 2.359496 0.109912 -0.251951
v 2.352800 0.109912 -0.246175
v 2.346437 0.109912 -0.239848
v 2.344002 0.109912 -0.237071
v 2.341563 0.109912 -0.234298
v 2.339118 0.109912 -0.231530
v 2.336669 0.109912 -0.228768
v 2.334215 0.109912 -0.226010
v 2.331757 0.109912 -0.223256
v 2.329293 0.109912 -0.220508
v 2.326824 0.109912 -0.217765
v 2.324351 0.109912 -0.215026
v 2.321873 0.109912 -0.212292
v 2.319390 0.109912 -0.209563
v 2.316903 0.109912 -0.206839
v 2.313758 0.109912 -0.204008
v 2.310581 0.109912 -0.201424
v 2.307369 0.109912 -0.199086
v 2.304124 0.109912 -0.196994
v 2.300844 0.109912 -0.195148
v 2.297531 0.109912 -0.193548
v 2.294185 0.109912 -0.192195
v 2.290804 0.109912 -0.191087
v 2.287390 0.109912 -0.190226
v 2.283942 0.109912 -0.189610
v 2.280460 0.109912 -0.189241
v 2.276944 0.109912 -0.189118
v 2.273685 0.109912 -0.189212
v 2.270511 0.109912 -0.189495
v 2.267421 0.109912 -0.189965
v 2.264416 0.109912 -0.190624
v 2.261495 0.109912 -0.191471
v 2.258659 0.109912 -0.192506
v 2.255907 0.109912 -0.193729
v 2.253239 0.109912 -0.195141
v 2.250656 0.109912 -0.196741
v 2.248158 0.109912 -0.198529
v 2.245744 0.109912 -0.200505
v 2.243414 0.109912 -0.202669
v 2.241222 0.109912 -0.204962
v 2.239220 0.109912 -0.207321
v 2.237409 0.109912 -0.209749
v 2.235789 0.109912 -0.212244
v 2.234360 0.109912 -0.214806
v 2.233120 0.109912 -0.217436
v 2.232072 0.109912 -0.220134
v 2.231214 0.109912 -0.222899
v 2.230547 0.109912 -0.225732
v 2.230070 0.109912 -0.228633
v 2.229784 0.109912 -0.231600
v 2.229689 0.109912 -0.234636
v 2.229730 0.109912 -0.236277
v 2.229853 0.109912 -0.238535
v 2.230058 0.109912 -0.241411
v 2.230345 0.109912 -0.244905
v 2.230715 0.109912 -0.249017
v 2.231166 0.109912 -0.253746
v 2.231699 0.109912 -0.259093
v 2.232315 0.109912 -0.265058
v 2.233012 0.109912 -0.271641
v 2.233791 0.109912 -0.278841
v 2.234653 0.109912 -0.286659
v 2.235596 0.109912 -0.295095
v 2.237427 0.109912 -0.311589
v 2.239100 0.109912 -0.327138
v 2.240613 0.109912 -0.341742
v 2.241966 0.109912 -0.355399
v 2.243161 0.109912 -0.368110
v 2.244196 0.109912 -0.379876
v 2.245072 0.109912 -0.390695
v 2.245788 0.109912 -0.400569
v 2.246346 0.109912 -0.409497
v 2.246744 0.109912 -0.417479
v 2.246983 0.109912 -0.424515
v 2.247062 0.109912 -0.430605
v 2.247020 0.109912 -0.432039
v 2.246893 0.109912 -0.433559
v 2.246682 0.109912 -0.435166
v 2.246387 0.109912 -0.436860
v 2.246007 0.109912 -0.438640
v 2.245542 0.109912 -0.440508
v 2.244993 0.109912 -0.442463
v 2.244360 0.109912 -0.444504
v 2.243642 0.109912 -0.446632
v 2.242840 0.109912 -0.448847
v 2.241953 0.109912 -0.451149
v 2.240982 0.109912 -0.453538
v 2.240010 0.109912 -0.455927
v 2.239124 0.109912 -0.458229
v 2.238322 0.109912 -0.460444
v 2.237604 0.109912 -0.462572
v 2.236970 0.109912 -0.464613
v 2.236421 0.109912 -0.466568
v 2.235957 0.109912 -0.468435
v 2.235577 0.109912 -0.470216
v 2.235281 0.109912 -0.471910
v 2.235070 0.109912 -0.473517
v 2.234943 0.109912 -0.475037
v 2.234901 0.109912 -0.476471
v 2.235024 0.109912 -0.479308
v 2.235394 0.109912 -0.482030
v 2.236009 0.109912 -0.484636
v 2.236870 0.109912 -0.487126
v 2.237978 0.109912 -0.489500
v 2.239331 0.109912 -0.491759
v 2.240931 0.109912 -0.493902
v 2.242777 0.109912 -0.495928
v 2.244869 0.109912 -0.497840
v 2.247207 0.109912 -0.499635
v 2.249791 0.109912 -0.501314
v 2.252622 0.109912 -0.502878
v 2.254972 0.109912 -0.503988
v 2.257390 0.109912 -0.505001
v 2.259875 0.109912 -0.505918
v 2.262428 0.109912 -0.506738
v 2.265049 0.109912 -0.507462
v 2.267736 0.109912 -0.508090
v 2.270492 0.109912 -0.508621
v 2.273315 0.109912 -0.509055
v 2.276206 0.109912 -0.509393
v 2.279164 0.109912 -0.509634
v 2.282190 0.109912 -0.509779
v 2.285283 0.109912 -0.509827
v 2.286491 0.109912 -0.509819
v 2.287798 0.109912 -0.509793
v 2.289203 0.109912 -0.509751
v 2.290708 0.109912 -0.509692
v 2.292311 0.109912 -0.509616
v 2.294014 0.109912 -0.509523
v 2.295815 0.109912 -0.509413
v 2.297715 0.109912 -0.509287
v 2.299714 0.109912 -0.509143
v 2.301812 0.109912 -0.508982
v 2.304009 0.109912 -0.508805
v 2.306305 0.109912 -0.508611
v 2.308601 0.109912 -0.508417
v 2.310798 0.109912 -0.508239
v 2.312896 0.109912 -0.508079
v 2.314895 0.109912 -0.507935
v 2.316795 0.109912 -0.507809
v 2.318596 0.109912 -0.507699
v 2.320299 0.109912 -0.507606
v 2.321902 0.109912 -0.507530
v 2.323407 0.109912 -0.507471
v 2.324812 0.109912 -0.507429
v 2.326119 0.109912 -0.507403
v 2.327326 0.109912 -0.507395
v 2.494456 0.109912 -0.507047
v 2.495598 0.109912 -0.507062
v 2.496937 0.109912 -0.507105
v 2.498474 0.109912 -0.507178
v 2.500209 0.109912 -0.507279
v 2.502141 0.109912 -0.507409
v 2.504272 0.109912 -0.507569
v 2.506601 0.109912 -0.507757
v 2.509127 0.109912 -0.507974
v 2.511851 0.109912 -0.508220
v 2.514773 0.109912 -0.508495
v 2.517893 0.109912 -0.508799
v 2.521211 0.109912 -0.509132
v 2.524531 0.109912 -0.509465
v 2.527658 0.109912 -0.509769
v 2.530592 0.109912 -0.510044
v 2.533334 0.109912 -0.510290
v 2.535882 0.109912 -0.510507
v 2.538237 0.109912 -0.510696
v 2.540399 0.109912 -0.510855
v 2.542368 0.109912 -0.510985
v 2.544144 0.109912 -0.511087
v 2.545727 0.109912 -0.511159
v 2.547116 0.109912 -0.511202
v 2.548313 0.109912 -0.511217
v 2.551394 0.109912 -0.511134
v 2.554384 0.109912 -0.510884
v 2.557282 0.109912 -0.510468
v 2.560089 0.109912 -0.509885
v 2.562803 0.109912 -0.509136
v 2.565426 0.109912 -0.508220
v 2.567957 0.109912 -0.507138
v 2.570396 0.109912 -0.505889
v 2.572744 0.109912 -0.504474
v 2.575000 0.109912 -0.502892
v 2.577165 0.109912 -0.501144
v 2.579237 0.109912 -0.499229
v 2.581180 0.109912 -0.497184
v 2.582953 0.109912 -0.495045
v 2.584558 0.109912 -0.492812
v 2.585994 0.109912 -0.490485
v 2.587260 0.109912 -0.488064
v 2.588358 0.109912 -0.485548
v 2.589287 0.109912 -0.482938
v 2.590047 0.109912 -0.480235
v 2.590639 0.109912 -0.477437
v 2.591061 0.109912 -0.474545
v 2.591314 0.109912 -0.471559
v 2.591399 0.109912 -0.468479
v 2.590668 0.109912 -0.460210
v 2.588474 0.109912 -0.452660
v 2.584819 0.109912 -0.445829
v 2.579701 0.109912 -0.439717
v 2.573121 0.109912 -0.434324
v 2.565078 0.109912 -0.429650
v 2.555574 0.109912 -0.425695
v 2.544607 0.109912 -0.422459
v 2.532178 0.109912 -0.419943
v 2.518287 0.109912 -0.418145
v 2.502933 0.109912 -0.417066
v 2.486117 0.109912 -0.416707
v 2.484697 0.109912 -0.416709
v 2.483217 0.109912 -0.416716
v 2.481676 0.109912 -0.416729
v 2.480075 0.109912 -0.416745
v 2.478414 0.109912 -0.416767
v 2.476692 0.109912 -0.416794
v 2.474910 0.109912 -0.416825
v 2.473068 0.109912 -0.416861
v 2.471166 0.109912 -0.416902
v 2.469203 0.109912 -0.416948
v 2.467179 0.109912 -0.416999
v 2.465096 0.109912 -0.417054
v 2.463041 0.109912 -0.417110
v 2.461105 0.109912 -0.417160
v 2.459287 0.109912 -0.417206
v 2.457587 0.109912 -0.417247
v 2.456005 0.109912 -0.417283
v 2.454542 0.109912 -0.417315
v 2.453196 0.109912 -0.417341
v 2.451969 0.109912 -0.417363
v 2.450861 0.109912 -0.417380
v 2.449870 0.109912 -0.417392
v 2.448998 0.109912 -0.417399
v 2.448244 0.109912 -0.417402
v 2.344700 0.109912 -0.417402
v 2.344480 0.109912 -0.413676
v 2.344169 0.109912 -0.409564
v 2.343766 0.109912 -0.405067
v 2.343271 0.109912 -0.400183
v 2.342685 0.109912 -0.394913
v 2.342007 0.109912 -0.389257
v 2.341237 0.109912 -0.383215
v 2.340376 0.109912 -0.376787
v 2.339422 0.109912 -0.369973
v 2.338378 0.109912 -0.362773
v 2.337241 0.109912 -0.355186
v 2.336013 0.109912 -0.347214
v 2.343722 0.109912 -0.350766
v 2.351678 0.109912 -0.354009
v 2.359879 0.109912 -0.356943
v 2.368327 0.109912 -0.359568
v 2.377021 0.109912 -0.361885
v 2.385961 0.109912 -0.363892
v 2.395147 0.109912 -0.365591
v 2.404579 0.109912 -0.366981
v 2.414257 0.109912 -0.368062
v 2.424182 0.109912 -0.368834
v 2.434352 0.109912 -0.369297
v 2.444769 0.109912 -0.369452
v 2.458559 0.109912 -0.369015
v 2.471785 0.109912 -0.367705
v 2.484445 0.109912 -0.365521
v 2.496541 0.109912 -0.362464
v 2.508073 0.109912 -0.358533
v 2.519040 0.109912 -0.353729
v 2.529442 0.109912 -0.348051
v 2.539279 0.109912 -0.341500
v 2.548552 0.109912 -0.334076
v 2.557261 0.109912 -0.325778
v 2.565404 0.109912 -0.316606
v 2.572983 0.109912 -0.306561
v 2.578810 0.109912 -0.297746
v 2.584131 0.109912 -0.288560
v 2.588945 0.109912 -0.279003
v 2.593252 0.109912 -0.269073
v 2.597052 0.109912 -0.258773
v 2.600346 0.109912 -0.248100
v 2.603133 0.109912 -0.237056
v 2.605413 0.109912 -0.225640
v 2.607187 0.109912 -0.213853
v 2.608454 0.109912 -0.201694
v 2.609214 0.109912 -0.189164
v 2.609467 0.109912 -0.176262
v 2.609061 0.109912 -0.160737
v 2.607845 0.109912 -0.145666
v 2.605818 0.109912 -0.131048
v 2.602981 0.109912 -0.116884
v 2.599332 0.109912 -0.103174
v 2.594873 0.109912 -0.089917
v 2.589603 0.109912 -0.077114
v 2.583523 0.109912 -0.064765
v 2.576631 0.109912 -0.052869
v 2.568929 0.109912 -0.041427
v 2.560416 0.109912 -0.030438
v 2.144561 0.109912 0.008936
v 2.142256 0.109912 0.011267
v 2.139860 0.109912 0.013395
v 2.137372 0.109912 0.015321
v 2.134793 0.109912 0.017044
v 2.132122 0.109912 0.018564
v 2.129359 0.109912 0.019881
v 2.126504 0.109912 0.020996
v 2.123558 0.109912 0.021908
v 2.120520 0.109912 0.022617
v 2.117391 0.109912 0.023124
v 2.114170 0.109912 0.023428
v 2.110857 0.109912 0.023529
v 2.109342 0.109912 0.023509
v 2.107696 0.109912 0.023447
v 2.105916 0.109912 0.023345
v 2.104004 0.109912 0.023201
v 2.101959 0.109912 0.023017
v 2.099781 0.109912 0.022791
v 2.097471 0.109912 0.022525
v 2.095028 0.109912 0.022217
v 2.092452 0.109912 0.021868
v 2.089743 0.109912 0.021479
v 2.086902 0.109912 0.021048
v 2.083928 0.109912 0.020576
v 2.080959 0.109912 0.020104
v 2.078132 0.109912 0.019674
v 2.075448 0.109912 0.019284
v 2.072906 0.109912 0.018935
v 2.070506 0.109912 0.018628
v 2.068249 0.109912 0.018361
v 2.066134 0.109912 0.018135
v 2.064161 0.109912 0.017951
v 2.062331 0.109912 0.017807
v 2.060643 0.109912 0.017705
v 2.059098 0.109912 0.017643
v 2.057695 0.109912 0.017623
v 1.955540 0.109912 0.017275
v 1.953246 0.109912 0.017298
v 1.950763 0.109912 0.017367
v 1.948092 0.109912 0.017481
v 1.945232 0.109912 0.017642
v 1.942185 0.109912 0.017848
v 1.938949 0.109912 0.018100
v 1.935525 0.109912 0.018398
v 1.931913 0.109912 0.018742
v 1.928113 0.109912 0.019132
v 1.924124 0.109912 0.019567
v 1.919947 0.109912 0.020049
v 1.915582 0.109912 0.020576
v 1.911215 0.109912 0.021103
v 1.907031 0.109912 0.021585
v 1.903030 0.109912 0.022020
v 1.899213 0.109912 0.022410
v 1.895579 0.109912 0.022754
v 1.892128 0.109912 0.023052
v 1.888861 0.109912 0.023304
v 1.885777 0.109912 0.023510
v 1.882877 0.109912 0.023671
v 1.880160 0.109912 0.023785
v 1.877626 0.109912 0.023854
v 1.875276 0.109912 0.023877
v 1.874615 0.109912 0.023867
v 1.873906 0.109912 0.023838
v 1.873148 0.109912 0.023790
v 1.872342 0.109912 0.023723
v 1.871488 0.109912 0.023636
v 1.870586 0.109912 0.023529
v 1.869635 0.109912 0.023404
v 1.868636 0.109912 0.023259
v 1.867589 0.109912 0.023095
v 1.866493 0.109912 0.022912
v 1.865350 0.109912 0.022709
v 1.864157 0.109912 0.022487
v 1.862965 0.109912 0.022265
v 1.861822 0.109912 0.022062
v 1.860726 0.109912 0.021879
v 1.859679 0.109912 0.021715
v 1.858680 0.109912 0.021570
v 1.857729 0.109912 0.021445
v 1.856827 0.109912 0.021339
v 1.855973 0.109912 0.021252
v 1.855167 0.109912 0.021184
v 1.854409 0.109912 0.021136
v 1.853700 0.109912 0.021107
v 1.853039 0.109912 0.021097
v 1.847967 0.109912 0.020921
v 1.843174 0.109912 0.020393
v 1.838662 0.109912 0.019512
v 1.834430 0.109912 0.018279
v 1.830478 0.109912 0.016694
v 1.826805 0.109912 0.014756
v 1.823413 0.109912 0.012466
v 1.820300 0.109912 0.009824
v 1.817467 0.109912 0.006830
v 1.814914 0.109912 0.003483
v 1.812641 0.109912 -0.000216
v 1.810648 0.109912 -0.004268
v 1.809538 0.109912 -0.007052
v 1.808525 0.109912 -0.010078
v 1.807608 0.109912 -0.013345
v 1.806787 0.109912 -0.016853
v 1.806064 0.109912 -0.020603
v 1.805436 0.109912 -0.024594
v 1.804905 0.109912 -0.028827
v 1.804471 0.109912 -0.033300
v 1.804133 0.109912 -0.038015
v 1.803892 0.109912 -0.042971
v 1.803747 0.109912 -0.048169
v 1.803699 0.109912 -0.053607
v 1.803899 0.109912 -0.064289
v 1.804500 0.109912 -0.074677
v 1.805501 0.109912 -0.084771
v 1.806903 0.109912 -0.094569
v 1.808706 0.109912 -0.104074
v 1.810909 0.109912 -0.113284
v 1.813512 0.109912 -0.122200
v 1.816516 0.109912 -0.130822
v 1.819921 0.109912 -0.139149
v 1.823726 0.109912 -0.147181
v 1.827932 0.109912 -0.154920
v 1.832538 0.109912 -0.162363
v 1.836435 0.109912 -0.167981
v 1.840713 0.109912 -0.173598
v 1.845373 0.109912 -0.179215
v 1.850413 0.109912 -0.184833
v 1.855835 0.109912 -0.190450
v 1.861638 0.109912 -0.196067
v 1.867823 0.109912 -0.201685
v 1.874388 0.109912 -0.207302
v 1.881335 0.109912 -0.212919
v 1.888663 0.109912 -0.218537
v 1.896373 0.109912 -0.224154
v 1.904463 0.109912 -0.229771
v 1.912279 0.109912 -0.234923
v 1.920089 0.109912 -0.240070
v 1.927895 0.109912 -0.245212
v 1.935696 0.109912 -0.250349
v 1.943493 0.109912 -0.255481
v 1.951284 0.109912 -0.260609
v 1.959071 0.109912 -0.265731
v 1.966852 0.109912 -0.270849
v 1.974629 0.109912 -0.275962
v 1.982401 0.109912 -0.281071
v 1.990169 0.109912 -0.286174
v 1.997931 0.109912 -0.291272
v 2.006700 0.109912 -0.298007
v 2.014706 0.109912 -0.304891
v 2.021949 0.109912 -0.311925
v 2.028430 0.109912 -0.319108
v 2.034149 0.109912 -0.326441
v 2.039105 0.109912 -0.333924
v 2.043299 0.109912 -0.341556
v 2.046730 0.109912 -0.349337
v 2.049399 0.109912 -0.357269
v 2.051305 0.109912 -0.365350
v 2.052449 0.109912 -0.373580
v 2.052830 0.109912 -0.381960
v 2.052678 0.109912 -0.384160
v 2.052222 0.109912 -0.386357
v 2.051462 0.109912 -0.388551
v 2.050398 0.109912 -0.390744
v 2.049030 0.109912 -0.392933
v 2.047358 0.109912 -0.395121
v 2.045382 0.109912 -0.397306
v 2.043101 0.109912 -0.399488
v 2.040517 0.109912 -0.401668
v 2.037629 0.109912 -0.403846
v 2.034436 0.109912 -0.406021
v 2.030940 0.109912 -0.408194
v 2.027299 0.109912 -0.410275
v 2.023672 0.109912 -0.412175
v 2.020060 0.109912 -0.413895
v 2.016462 0.109912 -0.415433
v 2.012879 0.109912 -0.416790
v 2.009310 0.109912 -0.417966
v 2.005756 0.109912 -0.418962
v 2.002216 0.109912 -0.419776
v 1.998691 0.109912 -0.420409
v 1.995180 0.109912 -0.420862
v 1.991684 0.109912 -0.421133
v 1.988202 0.109912 -0.421224
v 1.982033 0.109912 -0.420996
v 1.975804 0.109912 -0.420312
v 1.969515 0.109912 -0.419172
v 1.963165 0.109912 -0.417575
v 1.956755 0.109912 -0.415523
v 1.950285 0.109912 -0.413015
v 1.943754 0.109912 -0.410051
v 1.937163 0.109912 -0.406630
v 1.930512 0.109912 -0.402754
v 1.923800 0.109912 -0.398422
v 1.917029 0.109912 -0.393633
v 1.910196 0.109912 -0.388389
v 1.903514 0.109912 -0.383144
v 1.897191 0.109912 -0.378356
v 1.891227 0.109912 -0.374023
v 1.885623 0.109912 -0.370147
v 1.880378 0.109912 -0.366726
v 1.875494 0.109912 -0.363762
v 1.870968 0.109912 -0.361254
v 1.866802 0.109912 -0.359202
v 1.862996 0.109912 -0.357605
v 1.859549 0.109912 -0.356465
v 1.856461 0.109912 -0.355781
v 1.853734 0.109912 -0.355553
v 1.850696 0.109912 -0.355616
v 1.847721 0.109912 -0.355804
v 1.844808 0.109912 -0.356118
v 1.841958 0.109912 -0.356557
v 1.839171 0.109912 -0.357122
v 1.836447 0.109912 -0.357812
v 1.833786 0.109912 -0.358627
v 1.831187 0.109912 -0.359568
v 1.828651 0.109912 -0.360635
v 1.826178 0.109912 -0.361827
v 1.823767 0.109912 -0.363144
v 1.821419 0.109912 -0.364587
v 1.818645 0.109912 -0.366501
v 1.816111 0.109912 -0.368535
v 1.813819 0.109912 -0.370690
v 1.811768 0.109912 -0.372965
v 1.809958 0.109912 -0.375361
v 1.808390 0.109912 -0.377878
v 1.807062 0.109912 -0.380515
v 1.805977 0.109912 -0.383273
v 1.805132 0.109912 -0.386152
v 1.804529 0.109912 -0.389151
v 1.804167 0.109912 -0.392271
v 1.804046 0.109912 -0.395512
v 1.804167 0.109912 -0.399003
v 1.804529 0.109912 -0.402413
v 1.805132 0.109912 -0.405740
v 1.805977 0.109912 -0.408985
v 1.807062 0.109912 -0.412149
v 1.808390 0.109912 -0.415230
v 1.809958 0.109912 -0.418229
v 1.811768 0.109912 -0.421147
v 1.813819 0.109912 -0.423982
v 1.816111 0.109912 -0.426735
v 1.818645 0.109912 -0.429406
v 1.821419 0.109912 -0.431995
v 1.828352 0.109912 -0.438052
v 1.835135 0.109912 -0.443828
v 1.841768 0.109912 -0.449325
v 1.848251 0.109912 -0.454542
v 1.854585 0.109912 -0.459479
v 1.860770 0.109912 -0.464136
v 1.866804 0.109912 -0.468513
v 1.872690 0.109912 -0.472610
v 1.878425 0.109912 -0.476427
v 1.884011 0.109912 -0.479964
v 1.889447 0.109912 -0.483222
v 1.894734 0.109912 -0.486200
v 1.902284 0.109912 -0.490140
v 1.909878 0.109912 -0.493738
v 1.917515 0.109912 -0.496993
v 1.925195 0.109912 -0.499905
v 1.932919 0.109912 -0.502475
v 1.940686 0.109912 -0.504702
v 1.948497 0.109912 -0.506586
v 1.956351 0.109912 -0.508128
v 1.964249 0.109912 -0.509328
v 1.972190 0.109912 -0.510184
v 1.980174 0.109912 -0.510698
v 1.988202 0.109912 -0.510869
v 1.998138 0.109912 -0.510650
v 2.007911 0.109912 -0.509991
v 2.017519 0.109912 -0.508893
v 2.026963 0.109912 -0.507356
v 2.036243 0.109912 -0.505380
v 2.045360 0.109912 -0.502965
v 2.054312 0.109912 -0.500110
v 2.063100 0.109912 -0.496816
v 2.071723 0.109912 -0.493084
v 2.080183 0.109912 -0.488912
v 2.088479 0.109912 -0.484300
v 2.096611 0.109912 -0.479250
v 2.105435 0.109912 -0.473073
v 2.113492 0.109912 -0.466587
v 2.120781 0.109912 -0.459792
v 2.127303 0.109912 -0.452689
v 2.133058 0.109912 -0.445276
v 2.138046 0.109912 -0.437555
v 2.142266 0.109912 -0.429524
v 2.145719 0.109912 -0.421185
v 2.148404 0.109912 -0.412537
v 2.150323 0.109912 -0.403580
v 2.151474 0.109912 -0.394315
v 2.151857 0.109912 -0.384740
v 2.151669 0.109912 -0.375018
v 2.151104 0.109912 -0.365543
v 2.150163 0.109912 -0.356313
v 2.148846 0.109912 -0.347330
v 2.147152 0.109912 -0.338593
v 2.145082 0.109912 -0.330102
v 2.142635 0.109912 -0.321856
v 2.139812 0.109912 -0.313858
v 2.136612 0.109912 -0.306105
v 2.133036 0.109912 -0.298598
v 2.129084 0.109912 -0.291338
v 2.124755 0.109912 -0.284323
v 2.121051 0.109912 -0.278834
v 2.117005 0.109912 -0.273368
v 2.112616 0.109912 -0.267927
v 2.107884 0.109912 -0.262510
v 2.102809 0.109912 -0.257117
v 2.097392 0.109912 -0.251749
v 2.091633 0.109912 -0.246404
v 2.085530 0.109912 -0.241083
v 2.079085 0.109912 -0.235787
v 2.072298 0.109912 -0.230515
v 2.065167 0.109912 -0.225266
v 2.057695 0.109912 -0.220042
v 2.050456 0.109912 -0.215470
v 2.043217 0.109912 -0.210902
v 2.035978 0.109912 -0.206339
v 2.028739 0.109912 -0.201781
v 2.021501 0.109912 -0.197228
v 2.014262 0.109912 -0.192680
v 2.007023 0.109912 -0.188136
v 1.999784 0.109912 -0.183597
v 1.992545 0.109912 -0.179063
v 1.985307 0.109912 -0.174534
v 1.978068 0.109912 -0.170010
v 1.970829 0.109912 -0.165491
v 1.960250 0.109912 -0.158225
v 1.950521 0.109912 -0.150791
v 1.941642 0.109912 -0.143188
v 1.933612 0.109912 -0.135416
v 1.926431 0.109912 -0.127475
v 1.920099 0.109912 -0.119365
v 1.914617 0.109912 -0.111086
v 1.909984 0.109912 -0.102638
v 1.906201 0.109912 -0.094022
v 1.903266 0.109912 -0.085236
v 1.901182 0.109912 -0.076282
v 1.899946 0.109912 -0.067158
v 1.903257 0.109912 -0.067569
v 1.906818 0.109912 -0.067989
v 1.910631 0.109912 -0.068418
v 1.914694 0.109912 -0.068857
v 1.919008 0.109912 -0.069306
v 1.923574 0.109912 -0.069764
v 1.928390 0.109912 -0.070233
v 1.933457 0.109912 -0.070710
v 1.938775 0.109912 -0.071198
v 1.944344 0.109912 -0.071695
v 1.950164 0.109912 -0.072202
v 1.956235 0.109912 -0.072718
v 1.968278 0.109912 -0.073328
v 1.979737 0.109912 -0.073886
v 1.990613 0.109912 -0.074390
v 2.000904 0.109912 -0.074841
v 2.010611 0.109912 -0.075239
v 2.019734 0.109912 -0.075584
v 2.028274 0.109912 -0.075876
v 2.036229 0.109912 -0.076115
v 2.043601 0.109912 -0.076301
v 2.050388 0.109912 -0.076434
v 2.056592 0.109912 -0.076513
v 2.062212 0.109912 -0.076540
v 2.067187 0.109912 -0.076451
v 2.072153 0.109912 -0.076183
v 2.077109 0.109912 -0.075736
v 2.082056 0.109912 -0.075112
v 2.086993 0.109912 -0.074308
v 2.091920 0.109912 -0.073326
v 2.096837 0.109912 -0.072165
v 2.101745 0.109912 -0.070826
v 2.106643 0.109912 -0.069308
v 2.111532 0.109912 -0.067612
v 2.116411 0.109912 -0.065737
v 2.121280 0.109912 -0.063684
v 2.127052 0.109912 -0.060957
v 2.132322 0.109912 -0.058105
v 2.137090 0.109912 -0.055128
v 2.141356 0.109912 -0.052025
v 2.145120 0.109912 -0.048796
v 2.148383 0.109912 -0.045442
v 2.151143 0.109912 -0.041963
v 2.153402 0.109912 -0.038358
v 2.155158 0.109912 -0.034627
v 2.156413 0.109912 -0.030771
v 2.157166 0.109912 -0.026790
v 2.157417 0.109912 -0.022683
v 2.157327 0.109912 -0.019703
v 2.157060 0.109912 -0.016786
v 2.156613 0.109912 -0.013931
v 2.155988 0.109912 -0.011140
v 2.155185 0.109912 -0.008411
v 2.154203 0.109912 -0.005744
v 2.153042 0.109912 -0.003141
v 2.151703 0.109912 -0.000600
v 2.150185 0.109912 0.001878
v 2.148489 0.109912 0.004294
v 2.146614 0.109912 0.006646
v 1.697027 0.109912 -0.041099
v 1.687858 0.109912 -0.028723
v 1.677956 0.109912 -0.017423
v 1.667319 0.109912 -0.007199
v 1.655949 0.109912 0.001948
v 1.643846 0.109912 0.010019
v 1.631009 0.109912 0.017015
v 1.617439 0.109912 0.022934
v 1.603135 0.109912 0.027776
v 1.588098 0.109912 0.031543
v 1.572327 0.109912 0.034233
v 1.555822 0.109912 0.035848
v 1.538584 0.109912 0.036386
v 1.519855 0.109912 0.035696
v 1.502004 0.109912 0.033625
v 1.485031 0.109912 0.030175
v 1.468937 0.109912 0.025344
v 1.453721 0.109912 0.019133
v 1.439383 0.109912 0.011542
v 1.425924 0.109912 0.002571
v 1.413343 0.109912 -0.007781
v 1.401640 0.109912 -0.019513
v 1.390815 0.109912 -0.032624
v 1.380869 0.109912 -0.047117
v 1.371801 0.109912 -0.062989
v 1.365697 0.109912 -0.075563
v 1.360123 0.109912 -0.088730
v 1.355080 0.109912 -0.102491
v 1.350568 0.109912 -0.116846
v 1.346586 0.109912 -0.131794
v 1.343136 0.109912 -0.147336
v 1.340216 0.109912 -0.163471
v 1.337827 0.109912 -0.180200
v 1.335969 0.109912 -0.197522
v 1.334642 0.109912 -0.215439
v 1.333846 0.109912 -0.233948
v 1.333580 0.109912 -0.253051
v 1.333930 0.109912 -0.269445
v 1.334980 0.109912 -0.285501
v 1.336729 0.109912 -0.301219
v 1.339179 0.109912 -0.316599
v 1.342327 0.109912 -0.331641
v 1.346176 0.109912 -0.346345
v 1.350724 0.109912 -0.360712
v 1.355973 0.109912 -0.374741
v 1.361921 0.109912 -0.388432
v 1.368568 0.109912 -0.401785
v 1.375916 0.109912 -0.414801
v 1.383963 0.109912 -0.427478
v 1.394348 0.109912 -0.441852
v 1.405351 0.109912 -0.454976
v 1.416972 0.109912 -0.466850
v 1.429210 0.109912 -0.477474
v 1.442066 0.109912 -0.486849
v 1.455540 0.109912 -0.494973
v 1.469632 0.109912 -0.501847
v 1.484341 0.109912 -0.507472
v 1.499668 0.109912 -0.511847
v 1.515613 0.109912 -0.514971
v 1.532175 0.109912 -0.516846
v 1.549355 0.109912 -0.517471
v 1.565609 0.109912 -0.516914
v 1.581245 0.109912 -0.515242
v 1.596263 0.109912 -0.512455
v 1.610663 0.109912 -0.508553
v 1.624446 0.109912 -0.503536
v 1.637611 0.109912 -0.497405
v 1.650158 0.109912 -0.490159
v 1.662088 0.109912 -0.481798
v 1.673400 0.109912 -0.472323
v 1.684094 0.109912 -0.461732
v 1.694170 0.109912 -0.450027
v 1.703629 0.109912 -0.437207
v 1.711010 0.109912 -0.425719
v 1.717750 0.109912 -0.413840
v 1.723847 0.109912 -0.401570
v 1.729303 0.109912 -0.388910
v 1.734117 0.109912 -0.375858
v 1.738289 0.109912 -0.362416
v 1.741819 0.109912 -0.348582
v 1.744707 0.109912 -0.334358
v 1.746953 0.109912 -0.319743
v 1.748558 0.109912 -0.304737
v 1.749521 0.109912 -0.289340
v 1.749842 0.109912 -0.273552
v 1.749475 0.109912 -0.248262
v 1.748375 0.109912 -0.224048
v 1.746541 0.109912 -0.200910
v 1.743974 0.109912 -0.178849
v 1.740673 0.109912 -0.157863
v 1.736638 0.109912 -0.137954
v 1.731870 0.109912 -0.119121
v 1.726369 0.109912 -0.101364
v 1.720134 0.109912 -0.084684
v 1.713165 0.109912 -0.069079
v 1.705463 0.109912 -0.054551
v 1.626666 0.109912 -0.385783
v 1.622172 0.109912 -0.392387
v 1.617318 0.109912 -0.398417
v 1.612105 0.109912 -0.403872
v 1.606532 0.109912 -0.408754
v 1.600600 0.109912 -0.413061
v 1.594308 0.109912 -0.416794
v 1.587657 0.109912 -0.419952
v 1.580646 0.109912 -0.422536
v 1.573276 0.109912 -0.424546
v 1.565546 0.109912 -0.425982
v 1.557457 0.109912 -0.426844
v 1.549008 0.109912 -0.427131
v 1.539781 0.109912 -0.426742
v 1.530863 0.109912 -0.425577
v 1.522253 0.109912 -0.423634
v 1.513953 0.109912 -0.420915
v 1.505961 0.109912 -0.417419
v 1.498278 0.109912 -0.413145
v 1.490904 0.109912 -0.408095
v 1.483839 0.109912 -0.402268
v 1.477083 0.109912 -0.395664
v 1.470636 0.109912 -0.388282
v 1.464497 0.109912 -0.380124
v 1.458667 0.109912 -0.371189
v 1.453895 0.109912 -0.362973
v 1.449537 0.109912 -0.354540
v 1.445594 0.109912 -0.345889
v 1.442066 0.109912 -0.337022
v 1.438954 0.109912 -0.327937
v 1.436256 0.109912 -0.318635
v 1.433973 0.109912 -0.309116
v 1.432106 0.109912 -0.299380
v 1.430653 0.109912 -0.289427
v 1.429616 0.109912 -0.279256
v 1.428993 0.109912 -0.268868
v 1.428786 0.109912 -0.258263
v 1.428897 0.109912 -0.244403
v 1.429229 0.109912 -0.231084
v 1.429785 0.109912 -0.218305
v 1.430562 0.109912 -0.206067
v 1.431560 0.109912 -0.194369
v 1.432781 0.109912 -0.183211
v 1.434224 0.109912 -0.172594
v 1.435889 0.109912 -0.162518
v 1.437776 0.109912 -0.152982
v 1.439885 0.109912 -0.143987
v 1.442216 0.109912 -0.135532
v 1.444769 0.109912 -0.127617
v 1.449349 0.109912 -0.115796
v 1.454517 0.109912 -0.105003
v 1.460274 0.109912 -0.095238
v 1.466620 0.109912 -0.086501
v 1.473555 0.109912 -0.078791
v 1.481079 0.109912 -0.072110
v 1.489191 0.109912 -0.066456
v 1.497892 0.109912 -0.061831
v 1.507182 0.109912 -0.058233
v 1.517061 0.109912 -0.055663
v 1.527528 0.109912 -0.054121
v 1.538584 0.109912 -0.053607
v 1.547884 0.109912 -0.053968
v 1.556787 0.109912 -0.055050
v 1.565295 0.109912 -0.056854
v 1.573408 0.109912 -0.059379
v 1.581124 0.109912 -0.062626
v 1.588445 0.109912 -0.066594
v 1.595370 0.109912 -0.071283
v 1.601900 0.109912 -0.076694
v 1.608033 0.109912 -0.082827
v 1.613771 0.109912 -0.089681
v 1.619114 0.109912 -0.097256
v 1.624060 0.109912 -0.105553
v 1.628611 0.109912 -0.114572
v 1.632766 0.109912 -0.124311
v 1.636525 0.109912 -0.134773
v 1.639889 0.109912 -0.145955
v 1.642857 0.109912 -0.157860
v 1.645429 0.109912 -0.170485
v 1.647606 0.109912 -0.183833
v 1.649386 0.109912 -0.197901
v 1.650771 0.109912 -0.212691
v 1.651761 0.109912 -0.228203
v 1.652354 0.109912 -0.244436
v 1.652552 0.109912 -0.261391
v 1.652372 0.109912 -0.274942
v 1.651833 0.109912 -0.287914
v 1.650934 0.109912 -0.300306
v 1.649676 0.109912 -0.312120
v 1.648058 0.109912 -0.323355
v 1.646080 0.109912 -0.334010
v 1.643744 0.109912 -0.344087
v 1.641047 0.109912 -0.353584
v 1.637991 0.109912 -0.362502
v 1.634576 0.109912 -0.370842
v 1.630801 0.109912 -0.378602
v 1.275902 0.109912 0.008936
v 1.273597 0.109912 0.011267
v 1.271201 0.109912 0.013395
v 1.268713 0.109912 0.015321
v 1.266134 0.109912 0.017044
v 1.263463 0.109912 0.018564
v 1.260700 0.109912 0.019881
v 1.257846 0.109912 0.020996
v 1.254899 0.109912 0.021908
v 1.251861 0.109912 0.022617
v 1.248732 0.109912 0.023124
v 1.245511 0.109912 0.023428
v 1.242198 0.109912 0.023529
v 1.240684 0.109912 0.023509
v 1.239037 0.109912 0.023447
v 1.237257 0.109912 0.023345
v 1.235345 0.109912 0.023201
v 1.233300 0.109912 0.023017
v 1.231122 0.109912 0.022791
v 1.228812 0.109912 0.022525
v 1.226369 0.109912 0.022217
v 1.223793 0.109912 0.021868
v 1.221084 0.109912 0.021479
v 1.218243 0.109912 0.021048
v 1.215269 0.109912 0.020576
v 1.212300 0.109912 0.020104
v 1.209473 0.109912 0.019674
v 1.206789 0.109912 0.019284
v 1.204247 0.109912 0.018935
v 1.201847 0.109912 0.018628
v 1.199590 0.109912 0.018361
v 1.197475 0.109912 0.018135
v 1.195502 0.109912 0.017951
v 1.193672 0.109912 0.017807
v 1.191984 0.109912 0.017705
v 1.190439 0.109912 0.017643
v 1.189036 0.109912 0.017623
v 1.086881 0.109912 0.017275
v 1.084587 0.109912 0.017298
v 1.082104 0.109912 0.017367
v 1.079433 0.109912 0.017481
v 1.076573 0.109912 0.017642
v 1.073526 0.109912 0.017848
v 1.070290 0.109912 0.018100
v 1.066866 0.109912 0.018398
v 1.063254 0.109912 0.018742
v 1.059453 0.109912 0.019132
v 1.055465 0.109912 0.019567
v 1.051288 0.109912 0.020049
v 1.046923 0.109912 0.020576
v 1.042556 0.109912 0.021103
v 1.038372 0.109912 0.021585
v 1.034371 0.109912 0.022020
v 1.030554 0.109912 0.022410
v 1.026920 0.109912 0.022754
v 1.023469 0.109912 0.023052
v 1.020202 0.109912 0.023304
v 1.017119 0.109912 0.023510
v 1.014218 0.109912 0.023671
v 1.011501 0.109912 0.023785
v 1.008968 0.109912 0.023854
v 1.006617 0.109912 0.023877
v 1.005956 0.109912 0.023867
v 1.005247 0.109912 0.023838
v 1.004489 0.109912 0.023790
v 1.003683 0.109912 0.023723
v 1.002829 0.109912 0.023636
v 1.001927 0.109912 0.023529
v 1.000976 0.109912 0.023404
v 0.999977 0.109912 0.023259
v 0.998930 0.109912 0.023095
v 0.997834 0.109912 0.022912
v 0.996691 0.109912 0.022709
v 0.995499 0.109912 0.022487
v 0.994307 0.109912 0.022265
v 0.993163 0.109912 0.022062
v 0.992067 0.109912 0.021879
v 0.991020 0.109912 0.021715
v 0.990021 0.109912 0.021570
v 0.989070 0.109912 0.021445
v 0.988168 0.109912 0.021339
v 0.987314 0.109912 0.021252
v 0.986508 0.109912 0.021184
v 0.985750 0.109912 0.021136
v 0.985041 0.109912 0.021107
v 0.984380 0.109912 0.021097
v 0.979308 0.109912 0.020921
v 0.974516 0.109912 0.020393
v 0.970003 0.109912 0.019512
v 0.965771 0.109912 0.018279
v 0.961819 0.109912 0.016694
v 0.958146 0.109912 0.014756
v 0.954754 0.109912 0.012466
v 0.951641 0.109912 0.009824
v 0.948808 0.109912 0.006830
v 0.946255 0.109912 0.003483
v 0.943982 0.109912 -0.000216
v 0.941989 0.109912 -0.004268
v 0.940879 0.109912 -0.007052
v 0.939866 0.109912 -0.010078
v 0.938949 0.109912 -0.013345
v 0.938128 0.109912 -0.016853
v 0.937405 0.109912 -0.020603
v 0.936777 0.109912 -0.024594
v 0.936246 0.109912 -0.028827
v 0.935812 0.109912 -0.033300
v 0.935474 0.109912 -0.038015
v 0.935233 0.109912 -0.042971
v 0.935088 0.109912 -0.048169
v 0.935040 0.109912 -0.053607
v 0.935240 0.109912 -0.064289
v 0.935841 0.109912 -0.074677
v 0.936842 0.109912 -0.084771
v 0.938244 0.109912 -0.094569
v 0.940047 0.109912 -0.104074
v 0.942250 0.109912 -0.113284
v 0.944853 0.109912 -0.122200
v 0.947857 0.109912 -0.130822
v 0.951262 0.109912 -0.139149
v 0.955067 0.109912 -0.147181
v 0.959273 0.109912 -0.154920
v 0.963879 0.109912 -0.162363
v 0.967776 0.109912 -0.167981
v 0.972054 0.109912 -0.173598
v 0.976714 0.109912 -0.179215
v 0.981754 0.109912 -0.184833
v 0.987176 0.109912 -0.190450
v 0.992979 0.109912 -0.196067
v 0.999164 0.109912 -0.201685
v 1.005729 0.109912 -0.207302
v 1.012676 0.109912 -0.212919
v 1.020004 0.109912 -0.218537
v 1.027714 0.109912 -0.224154
v 1.035804 0.109912 -0.229771
v 1.043620 0.109912 -0.234923
v 1.051430 0.109912 -0.240070
v 1.059236 0.109912 -0.245212
v 1.067037 0.109912 -0.250349
v 1.074834 0.109912 -0.255481
v 1.082625 0.109912 -0.260609
v 1.090412 0.109912 -0.265731
v 1.098193 0.109912 -0.270849
v 1.105970 0.109912 -0.275962
v 1.113742 0.109912 -0.281071
v 1.121510 0.109912 -0.286174
v 1.129272 0.109912 -0.291272
v 1.138041 0.109912 -0.298007
v 1.146047 0.109912 -0.304891
v 1.153290 0.109912 -0.311925
v 1.159772 0.109912 -0.319108
v 1.165490 0.109912 -0.326441
v 1.170446 0.109912 -0.333924
v 1.174640 0.109912 -0.341556
v 1.178071 0.109912 -0.349337
v 1.180740 0.109912 -0.357269
v 1.182646 0.109912 -0.365350
v 1.183790 0.109912 -0.373580
v 1.184171 0.109912 -0.381960
v 1.184019 0.109912 -0.384160
v 1.183563 0.109912 -0.386357
v 1.182803 0.109912 -0.388551
v 1.181739 0.109912 -0.390744
v 1.180371 0.109912 -0.392933
v 1.178699 0.109912 -0.395121
v 1.176723 0.109912 -0.397306
v 1.174442 0.109912 -0.399488
v 1.171858 0.109912 -0.401668
v 1.168970 0.109912 -0.403846
v 1.165777 0.109912 -0.406021
v 1.162281 0.109912 -0.408194
v 1.158640 0.109912 -0.410275
v 1.155013 0.109912 -0.412175
v 1.151401 0.109912 -0.413895
v 1.147803 0.109912 -0.415433
v 1.144220 0.109912 -0.416790
v 1.140651 0.109912 -0.417966
v 1.137097 0.109912 -0.418962
v 1.133557 0.109912 -0.419776
v 1.130032 0.109912 -0.420409
v 1.126521 0.109912 -0.420862
v 1.123025 0.109912 -0.421133
v 1.119543 0.109912 -0.421224
v 1.113374 0.109912 -0.420996
v 1.107145 0.109912 -0.420312
v 1.100856 0.109912 -0.419172
v 1.094506 0.109912 -0.417575
v 1.088096 0.109912 -0.415523
v 1.081626 0.109912 -0.413015
v 1.075095 0.109912 -0.410051
v 1.068504 0.109912 -0.406630
v 1.061853 0.109912 -0.402754
v 1.055142 0.109912 -0.398422
v 1.048370 0.109912 -0.393633
v 1.041538 0.109912 -0.388389
v 1.034855 0.109912 -0.383144
v 1.028532 0.109912 -0.378356
v 1.022568 0.109912 -0.374023
v 1.016964 0.109912 -0.370147
v 1.011720 0.109912 -0.366726
v 1.006835 0.109912 -0.363762
v 1.002309 0.109912 -0.361254
v 0.998143 0.109912 -0.359202
v 0.994337 0.109912 -0.357605
v 0.990890 0.109912 -0.356465
v 0.987803 0.109912 -0.355781
v 0.985075 0.109912 -0.355553
v 0.982037 0.109912 -0.355616
v 0.979062 0.109912 -0.355804
v 0.976149 0.109912 -0.356118
v 0.973300 0.109912 -0.356557
v 0.970513 0.109912 -0.357122
v 0.967788 0.109912 -0.357812
v 0.965127 0.109912 -0.358627
v 0.962528 0.109912 -0.359568
v 0.959992 0.109912 -0.360635
v 0.957519 0.109912 -0.361827
v 0.955108 0.109912 -0.363144
v 0.952761 0.109912 -0.364587
v 0.949986 0.109912 -0.366501
v 0.947452 0.109912 -0.368535
v 0.945160 0.109912 -0.370690
v 0.943109 0.109912 -0.372965
v 0.941299 0.109912 -0.375361
v 0.939731 0.109912 -0.377878
v 0.938403 0.109912 -0.380515
v 0.937318 0.109912 -0.383273
v 0.936473 0.109912 -0.386152
v 0.935870 0.109912 -0.389151
v 0.935508 0.109912 -0.392271
v 0.935387 0.109912 -0.395512
v 0.935508 0.109912 -0.399003
v 0.935870 0.109912 -0.402413
v 0.936473 0.109912 -0.405740
v 0.937318 0.109912 -0.408985
v 0.938404 0.109912 -0.412149
v 0.939731 0.109912 -0.415230
v 0.941299 0.109912 -0.418229
v 0.943109 0.109912 -0.421147
v 0.945160 0.109912 -0.423982
v 0.947452 0.109912 -0.426735
v 0.949986 0.109912 -0.429406
v 0.952761 0.109912 -0.431995
v 0.959693 0.109912 -0.438052
v 0.966476 0.109912 -0.443828
v 0.973109 0.109912 -0.449325
v 0.979592 0.109912 -0.454542
v 0.985926 0.109912 -0.459479
v 0.992111 0.109912 -0.464136
v 0.998146 0.109912 -0.468513
v 1.004031 0.109912 -0.472610
v 1.009766 0.109912 -0.476427
v 1.015352 0.109912 -0.479964
v 1.020789 0.109912 -0.483222
v 1.026075 0.109912 -0.486200
v 1.033625 0.109912 -0.490140
v 1.041219 0.109912 -0.493738
v 1.048856 0.109912 -0.496993
v 1.056536 0.109912 -0.499905
v 1.064260 0.109912 -0.502475
v 1.072027 0.109912 -0.504702
v 1.079838 0.109912 -0.506586
v 1.087692 0.109912 -0.508128
v 1.095590 0.109912 -0.509328
v 1.103531 0.109912 -0.510184
v 1.111515 0.109912 -0.510698
v 1.119543 0.109912 -0.510869
v 1.129480 0.109912 -0.510650
v 1.139252 0.109912 -0.509991
v 1.148860 0.109912 -0.508893
v 1.158304 0.109912 -0.507356
v 1.167585 0.109912 -0.505380
v 1.176701 0.109912 -0.502965
v 1.185653 0.109912 -0.500110
v 1.194441 0.109912 -0.496816
v 1.203065 0.109912 -0.493084
v 1.211524 0.109912 -0.488912
v 1.219820 0.109912 -0.484300
v 1.227952 0.109912 -0.479250
v 1.236776 0.109912 -0.473073
v 1.244833 0.109912 -0.466587
v 1.252122 0.109912 -0.459792
v 1.258644 0.109912 -0.452689
v 1.264399 0.109912 -0.445276
v 1.269387 0.109912 -0.437555
v 1.273607 0.109912 -0.429524
v 1.277060 0.109912 -0.421185
v 1.279745 0.109912 -0.412537
v 1.281664 0.109912 -0.403580
v 1.282815 0.109912 -0.394315
v 1.283198 0.109912 -0.384740
v 1.283010 0.109912 -0.375018
v 1.282446 0.109912 -0.365543
v 1.281505 0.109912 -0.356313
v 1.280187 0.109912 -0.347330
v 1.278493 0.109912 -0.338593
v 1.276423 0.109912 -0.330102
v 1.273976 0.109912 -0.321856
v 1.271153 0.109912 -0.313858
v 1.267953 0.109912 -0.306105
v 1.264377 0.109912 -0.298598
v 1.260425 0.109912 -0.291338
v 1.256096 0.109912 -0.284323
v 1.252392 0.109912 -0.278834
v 1.248346 0.109912 -0.273368
v 1.243957 0.109912 -0.267927
v 1.239225 0.109912 -0.262510
v 1.234151 0.109912 -0.257117
v 1.228733 0.109912 -0.251749
v 1.222974 0.109912 -0.246404
v 1.216872 0.109912 -0.241083
v 1.210426 0.109912 -0.235787
v 1.203639 0.109912 -0.230515
v 1.196509 0.109912 -0.225266
v 1.189036 0.109912 -0.220042
v 1.181797 0.109912 -0.215470
v 1.174558 0.109912 -0.210902
v 1.167319 0.109912 -0.206339
v 1.160080 0.109912 -0.201781
v 1.152842 0.109912 -0.197228
v 1.145603 0.109912 -0.192680
v 1.138364 0.109912 -0.188136
v 1.131125 0.109912 -0.183597
v 1.123886 0.109912 -0.179063
v 1.116647 0.109912 -0.174534
v 1.109409 0.109912 -0.170010
v 1.102170 0.109912 -0.165491
v 1.091592 0.109912 -0.158225
v 1.081863 0.109912 -0.150791
v 1.072983 0.109912 -0.143188
v 1.064953 0.109912 -0.135416
v 1.057772 0.109912 -0.127475
v 1.051440 0.109912 -0.119365
v 1.045958 0.109912 -0.111086
v 1.041325 0.109912 -0.102638
v 1.037542 0.109912 -0.094022
v 1.034608 0.109912 -0.085236
v 1.032523 0.109912 -0.076282
v 1.031287 0.109912 -0.067158
v 1.034598 0.109912 -0.067569
v 1.038159 0.109912 -0.067989
v 1.041972 0.109912 -0.068418
v 1.046035 0.109912 -0.068857
v 1.050349 0.109912 -0.069306
v 1.054915 0.109912 -0.069764
v 1.059731 0.109912 -0.070233
v 1.064798 0.109912 -0.070710
v 1.070116 0.109912 -0.071198
v 1.075685 0.109912 -0.071695
v 1.081505 0.109912 -0.072202
v 1.087576 0.109912 -0.072718
v 1.099619 0.109912 -0.073328
v 1.111079 0.109912 -0.073886
v 1.121954 0.109912 -0.074390
v 1.132245 0.109912 -0.074841
v 1.141952 0.109912 -0.075239
v 1.151075 0.109912 -0.075584
v 1.159615 0.109912 -0.075876
v 1.167570 0.109912 -0.076115
v 1.174942 0.109912 -0.076301
v 1.181729 0.109912 -0.076434
v 1.187933 0.109912 -0.076513
v 1.193553 0.109912 -0.076540
v 1.198528 0.109912 -0.076451
v 1.203494 0.109912 -0.076183
v 1.208450 0.109912 -0.075736
v 1.213397 0.109912 -0.075112
v 1.218334 0.109912 -0.074308
v 1.223261 0.109912 -0.073326
v 1.228179 0.109912 -0.072165
v 1.233086 0.109912 -0.070826
v 1.237985 0.109912 -0.069308
v 1.242873 0.109912 -0.067612
v 1.247752 0.109912 -0.065737
v 1.252622 0.109912 -0.063684
v 1.258393 0.109912 -0.060957
v 1.263663 0.109912 -0.058105
v 1.268431 0.109912 -0.055128
v 1.272697 0.109912 -0.052025
v 1.276461 0.109912 -0.048796
v 1.279724 0.109912 -0.045442
v 1.282484 0.109912 -0.041963
v 1.284743 0.109912 -0.038358
v 1.286499 0.109912 -0.034627
v 1.287754 0.109912 -0.030771
v 1.288507 0.109912 -0.026790
v 1.288758 0.109912 -0.022683
v 1.288669 0.109912 -0.019703
v 1.288401 0.109912 -0.016786
v 1.287954 0.109912 -0.013931
v 1.287329 0.109912 -0.011140
v 1.286526 0.109912 -0.008411
v 1.285544 0.109912 -0.005744
v 1.284383 0.109912 -0.003141
v 1.283044 0.109912 -0.000600
v 1.281526 0.109912 0.001878
v 1.279830 0.109912 0.004294
v 1.277955 0.109912 0.006646
v 0.584449 0.109912 -0.220737
v 0.584304 0.109912 -0.216590
v 0.583870 0.109912 -0.212601
v 0.583146 0.109912 -0.208772
v 0.582133 0.109912 -0.205102
v 0.580830 0.109912 -0.201591
v 0.579237 0.109912 -0.198239
v 0.577355 0.109912 -0.195047
v 0.575183 0.109912 -0.192014
v 0.572722 0.109912 -0.189140
v 0.569972 0.109912 -0.186425
v 0.566931 0.109912 -0.183870
v 0.563601 0.109912 -0.181474
v 0.559330 0.109912 -0.164504
v 0.554394 0.109912 -0.148108
v 0.548791 0.109912 -0.132286
v 0.542522 0.109912 -0.117039
v 0.535587 0.109912 -0.102366
v 0.527986 0.109912 -0.088267
v 0.519720 0.109912 -0.074742
v 0.510787 0.109912 -0.061792
v 0.501188 0.109912 -0.049416
v 0.490924 0.109912 -0.037614
v 0.479993 0.109912 -0.026387
v 0.468396 0.109912 -0.015734
v 0.456119 0.109912 -0.005744
v 0.443495 0.109912 0.003377
v 0.430523 0.109912 0.011629
v 0.417203 0.109912 0.019012
v 0.403536 0.109912 0.025527
v 0.389522 0.109912 0.031174
v 0.375160 0.109912 0.035951
v 0.360451 0.109912 0.039860
v 0.345394 0.109912 0.042901
v 0.329990 0.109912 0.045072
v 0.314238 0.109912 0.046375
v 0.298139 0.109912 0.046810
v 0.283056 0.109912 0.046471
v 0.268614 0.109912 0.045453
v 0.254815 0.109912 0.043758
v 0.241657 0.109912 0.041385
v 0.229141 0.109912 0.038334
v 0.217267 0.109912 0.034605
v 0.206035 0.109912 0.030198
v 0.195444 0.109912 0.025112
v 0.185496 0.109912 0.019349
v 0.176189 0.109912 0.012908
v 0.167524 0.109912 0.005788
v 0.159501 0.109912 -0.002009
v 0.152120 0.109912 -0.010485
v 0.145381 0.109912 -0.019638
v 0.139283 0.109912 -0.029470
v 0.133828 0.109912 -0.039979
v 0.129014 0.109912 -0.051167
v 0.124842 0.109912 -0.063032
v 0.121312 0.109912 -0.075576
v 0.118423 0.109912 -0.088798
v 0.116177 0.109912 -0.102697
v 0.114572 0.109912 -0.117275
v 0.113610 0.109912 -0.132531
v 0.113289 0.109912 -0.148465
v 0.113593 0.109912 -0.163321
v 0.114505 0.109912 -0.178241
v 0.116025 0.109912 -0.193223
v 0.118153 0.109912 -0.208267
v 0.120889 0.109912 -0.223375
v 0.124234 0.109912 -0.238545
v 0.128186 0.109912 -0.253778
v 0.132747 0.109912 -0.269073
v 0.137915 0.109912 -0.284432
v 0.143692 0.109912 -0.299853
v 0.150076 0.109912 -0.315337
v 0.157069 0.109912 -0.330883
v 0.164539 0.109912 -0.346215
v 0.172357 0.109912 -0.361055
v 0.180523 0.109912 -0.375402
v 0.189036 0.109912 -0.389257
v 0.197896 0.109912 -0.402620
v 0.207104 0.109912 -0.415491
v 0.216659 0.109912 -0.427869
v 0.226562 0.109912 -0.439755
v 0.236812 0.109912 -0.451149
v 0.247410 0.109912 -0.462051
v 0.258355 0.109912 -0.472460
v 0.269647 0.109912 -0.482377
v 0.277745 0.109912 -0.488871
v 0.285939 0.109912 -0.494799
v 0.294230 0.109912 -0.500163
v 0.302618 0.109912 -0.504963
v 0.311101 0.109912 -0.509197
v 0.319682 0.109912 -0.512867
v 0.328359 0.109912 -0.515973
v 0.337132 0.109912 -0.518514
v 0.346002 0.109912 -0.520490
v 0.354969 0.109912 -0.521901
v 0.364032 0.109912 -0.522748
v 0.373191 0.109912 -0.523031
v 0.378978 0.109912 -0.522862
v 0.385102 0.109912 -0.522355
v 0.391563 0.109912 -0.521510
v 0.398363 0.109912 -0.520328
v 0.405501 0.109912 -0.518808
v 0.412976 0.109912 -0.516950
v 0.420789 0.109912 -0.514754
v 0.428940 0.109912 -0.512221
v 0.437429 0.109912 -0.509349
v 0.446255 0.109912 -0.506140
v 0.455420 0.109912 -0.502593
v 0.464922 0.109912 -0.498708
v 0.475910 0.109912 -0.493875
v 0.485943 0.109912 -0.488989
v 0.495021 0.109912 -0.484050
v 0.503143 0.109912 -0.479057
v 0.510309 0.109912 -0.474012
v 0.516520 0.109912 -0.468913
v 0.521775 0.109912 -0.463762
v 0.526075 0.109912 -0.458557
v 0.529420 0.109912 -0.453299
v 0.531809 0.109912 -0.447988
v 0.533242 0.109912 -0.442624
v 0.533719 0.109912 -0.437207
v 0.533621 0.109912 -0.434108
v 0.533324 0.109912 -0.431064
v 0.532829 0.109912 -0.428075
v 0.532137 0.109912 -0.425142
v 0.531246 0.109912 -0.422265
v 0.530158 0.109912 -0.419443
v 0.528872 0.109912 -0.416677
v 0.527388 0.109912 -0.413966
v 0.525706 0.109912 -0.411310
v 0.523826 0.109912 -0.408710
v 0.521749 0.109912 -0.406166
v 0.519473 0.109912 -0.403677
v 0.517053 0.109912 -0.401318
v 0.514541 0.109912 -0.399165
v 0.511938 0.109912 -0.397216
v 0.509243 0.109912 -0.395473
v 0.506456 0.109912 -0.393935
v 0.503577 0.109912 -0.392602
v 0.500607 0.109912 -0.391474
v 0.497545 0.109912 -0.390551
v 0.494391 0.109912 -0.389833
v 0.491145 0.109912 -0.389320
v 0.487808 0.109912 -0.389012
v 0.484380 0.109912 -0.388910
v 0.482467 0.109912 -0.389046
v 0.480205 0.109912 -0.389455
v 0.477593 0.109912 -0.390137
v 0.474631 0.109912 -0.391091
v 0.471320 0.109912 -0.392318
v 0.467658 0.109912 -0.393818
v 0.463647 0.109912 -0.395590
v 0.459285 0.109912 -0.397635
v 0.454574 0.109912 -0.399953
v 0.449513 0.109912 -0.402543
v 0.444102 0.109912 -0.405406
v 0.438341 0.109912 -0.408541
v 0.432447 0.109912 -0.411677
v 0.426638 0.109912 -0.414540
v 0.420913 0.109912 -0.417130
v 0.415273 0.109912 -0.419448
v 0.409717 0.109912 -0.421493
v 0.404246 0.109912 -0.423265
v 0.398859 0.109912 -0.424765
v 0.393557 0.109912 -0.425992
v 0.388339 0.109912 -0.426946
v 0.383205 0.109912 -0.427628
v 0.378156 0.109912 -0.428037
v 0.373191 0.109912 -0.428173
v 0.367827 0.109912 -0.427705
v 0.362159 0.109912 -0.426301
v 0.356187 0.109912 -0.423960
v 0.349911 0.109912 -0.420683
v 0.343331 0.109912 -0.416470
v 0.336447 0.109912 -0.411321
v 0.329259 0.109912 -0.405236
v 0.321767 0.109912 -0.398214
v 0.313971 0.109912 -0.390256
v 0.305870 0.109912 -0.381362
v 0.297466 0.109912 -0.371532
v 0.288758 0.109912 -0.360765
v 0.276382 0.109912 -0.344321
v 0.265082 0.109912 -0.327650
v 0.254858 0.109912 -0.310752
v 0.245711 0.109912 -0.293628
v 0.237640 0.109912 -0.276276
v 0.230644 0.109912 -0.258698
v 0.224725 0.109912 -0.240893
v 0.219883 0.109912 -0.222861
v 0.216116 0.109912 -0.204602
v 0.213426 0.109912 -0.186116
v 0.211811 0.109912 -0.167404
v 0.211273 0.109912 -0.148465
v 0.211392 0.109912 -0.139052
v 0.211746 0.109912 -0.130156
v 0.212337 0.109912 -0.121775
v 0.213165 0.109912 -0.113912
v 0.214229 0.109912 -0.106564
v 0.215530 0.109912 -0.099733
v 0.217067 0.109912 -0.093419
v 0.218840 0.109912 -0.087620
v 0.220850 0.109912 -0.082338
v 0.223097 0.109912 -0.077573
v 0.225580 0.109912 -0.073324
v 0.228299 0.109912 -0.069591
v 0.231544 0.109912 -0.066094
v 0.235258 0.109912 -0.062902
v 0.239439 0.109912 -0.060014
v 0.244089 0.109912 -0.057430
v 0.249207 0.109912 -0.055149
v 0.254793 0.109912 -0.053173
v 0.260847 0.109912 -0.051501
v 0.267369 0.109912 -0.050133
v 0.274360 0.109912 -0.049069
v 0.281818 0.109912 -0.048309
v 0.289744 0.109912 -0.047853
v 0.298139 0.109912 -0.047701
v 0.306910 0.109912 -0.047910
v 0.315503 0.109912 -0.048540
v 0.323917 0.109912 -0.049590
v 0.332152 0.109912 -0.051059
v 0.340209 0.109912 -0.052949
v 0.348087 0.109912 -0.055258
v 0.355787 0.109912 -0.057987
v 0.363308 0.109912 -0.061136
v 0.370651 0.109912 -0.064705
v 0.377815 0.109912 -0.068693
v 0.384800 0.109912 -0.073102
v 0.391607 0.109912 -0.077930
v 0.398575 0.109912 -0.083460
v 0.405235 0.109912 -0.089396
v 0.411586 0.109912 -0.095737
v 0.417628 0.109912 -0.102484
v 0.423361 0.109912 -0.109636
v 0.428785 0.109912 -0.117193
v 0.433901 0.109912 -0.125156
v 0.438707 0.109912 -0.133524
v 0.443205 0.109912 -0.142297
v 0.447394 0.109912 -0.151476
v 0.451274 0.109912 -0.161060
v 0.454845 0.109912 -0.171050
v 0.441555 0.109912 -0.169865
v 0.428554 0.109912 -0.168396
v 0.415843 0.109912 -0.166642
v 0.403421 0.109912 -0.164603
v 0.391289 0.109912 -0.162279
v 0.379446 0.109912 -0.159671
v 0.367893 0.109912 -0.156778
v 0.356629 0.109912 -0.153600
v 0.345655 0.109912 -0.150137
v 0.334970 0.109912 -0.146390
v 0.324576 0.109912 -0.142358
v 0.314470 0.109912 -0.138041
v 0.312675 0.109912 -0.137264
v 0.310880 0.109912 -0.136555
v 0.309084 0.109912 -0.135913
v 0.307289 0.109912 -0.135339
v 0.305494 0.109912 -0.134832
v 0.303699 0.109912 -0.134393
v 0.301904 0.109912 -0.134021
v 0.300109 0.109912 -0.133717
v 0.298313 0.109912 -0.133481
v 0.296518 0.109912 -0.133312
v 0.294723 0.109912 -0.133210
v 0.292927 0.109912 -0.133177
v 0.289387 0.109912 -0.133288
v 0.285949 0.109912 -0.133621
v 0.282612 0.109912 -0.134176
v 0.279376 0.109912 -0.134952
v 0.276242 0.109912 -0.135951
v 0.273209 0.109912 -0.137172
v 0.270277 0.109912 -0.138615
v 0.267447 0.109912 -0.140280
v 0.264717 0.109912 -0.142167
v 0.262090 0.109912 -0.144276
v 0.259563 0.109912 -0.146607
v 0.257138 0.109912 -0.149160
v 0.255085 0.109912 -0.151561
v 0.253210 0.109912 -0.154015
v 0.251514 0.109912 -0.156522
v 0.249996 0.109912 -0.159082
v 0.248657 0.109912 -0.161695
v 0.247496 0.109912 -0.164361
v 0.246514 0.109912 -0.167081
v 0.245711 0.109912 -0.169853
v 0.245086 0.109912 -0.172679
v 0.244640 0.109912 -0.175557
v 0.244372 0.109912 -0.178489
v 0.244282 0.109912 -0.181474
v 0.245156 0.109912 -0.190112
v 0.247776 0.109912 -0.198307
v 0.252144 0.109912 -0.206057
v 0.258258 0.109912 -0.213363
v 0.266119 0.109912 -0.220226
v 0.275728 0.109912 -0.226644
v 0.287083 0.109912 -0.232619
v 0.300185 0.109912 -0.238149
v 0.315035 0.109912 -0.243236
v 0.331631 0.109912 -0.247878
v 0.349974 0.109912 -0.252077
v 0.370064 0.109912 -0.255831
v 0.382042 0.109912 -0.257718
v 0.394348 0.109912 -0.259441
v 0.406982 0.109912 -0.261000
v 0.419944 0.109912 -0.262394
v 0.433235 0.109912 -0.263625
v 0.446854 0.109912 -0.264692
v 0.460800 0.109912 -0.265594
v 0.475075 0.109912 -0.266332
v 0.489678 0.109912 -0.266907
v 0.504610 0.109912 -0.267317
v 0.519869 0.109912 -0.267563
v 0.535457 0.109912 -0.267645
v 0.538884 0.109912 -0.267551
v 0.542218 0.109912 -0.267269
v 0.545457 0.109912 -0.266798
v 0.548603 0.109912 -0.266139
v 0.551654 0.109912 -0.265292
v 0.554611 0.109912 -0.264257
v 0.557474 0.109912 -0.263034
v 0.560243 0.109912 -0.261622
v 0.562917 0.109912 -0.260022
v 0.565498 0.109912 -0.258234
v 0.567985 0.109912 -0.256258
v 0.570377 0.109912 -0.254094
v 0.572625 0.109912 -0.251792
v 0.574677 0.109912 -0.249403
v 0.576533 0.109912 -0.246927
v 0.578195 0.109912 -0.244365
v 0.579661 0.109912 -0.241715
v 0.580931 0.109912 -0.238979
v 0.582006 0.109912 -0.236156
v 0.582886 0.109912 -0.233246
v 0.583570 0.109912 -0.230249
v 0.584058 0.109912 -0.227165
v 0.584351 0.109912 -0.223995
v 0.013219 0.109912 -0.217263
v 0.002629 0.109912 -0.209882
v -0.008295 0.109912 -0.203142
v -0.019551 0.109912 -0.197045
v -0.031140 0.109912 -0.191589
v -0.043063 0.109912 -0.186775
v -0.055318 0.109912 -0.182603
v -0.067906 0.109912 -0.179073
v -0.080828 0.109912 -0.176185
v -0.094082 0.109912 -0.173938
v -0.107669 0.109912 -0.172334
v -0.121590 0.109912 -0.171371
v -0.135843 0.109912 -0.171050
v -0.136948 0.109912 -0.171067
v -0.138294 0.109912 -0.171118
v -0.139882 0.109912 -0.171202
v -0.141711 0.109912 -0.171320
v -0.143781 0.109912 -0.171472
v -0.146093 0.109912 -0.171658
v -0.148646 0.109912 -0.171878
v -0.151440 0.109912 -0.172131
v -0.154475 0.109912 -0.172418
v -0.157752 0.109912 -0.172739
v -0.161270 0.109912 -0.173094
v -0.165030 0.109912 -0.173482
v -0.165363 0.109912 -0.164941
v -0.165667 0.109912 -0.155530
v -0.165942 0.109912 -0.145251
v -0.166188 0.109912 -0.134103
v -0.166405 0.109912 -0.122087
v -0.166593 0.109912 -0.109202
v -0.166752 0.109912 -0.095448
v -0.166883 0.109912 -0.080825
v -0.166984 0.109912 -0.065334
v -0.167056 0.109912 -0.048975
v -0.167100 0.109912 -0.031746
v -0.167114 0.109912 -0.013649
v -0.167204 0.109912 -0.010616
v -0.167472 0.109912 -0.007655
v -0.167918 0.109912 -0.004767
v -0.168543 0.109912 -0.001951
v -0.169346 0.109912 0.000792
v -0.170328 0.109912 0.003463
v -0.171489 0.109912 0.006062
v -0.172828 0.109912 0.008589
v -0.174346 0.109912 0.011043
v -0.176042 0.109912 0.013424
v -0.177917 0.109912 0.015733
v -0.179971 0.109912 0.017970
v -0.182162 0.109912 0.020079
v -0.184449 0.109912 0.022005
v -0.186833 0.109912 0.023747
v -0.189314 0.109912 0.025305
v -0.191891 0.109912 0.026681
v -0.194564 0.109912 0.027873
v -0.197334 0.109912 0.028881
v -0.200201 0.109912 0.029707
v -0.203164 0.109912 0.030348
v -0.206223 0.109912 0.030807
v -0.209380 0.109912 0.031082
v -0.212632 0.109912 0.031174
v -0.215886 0.109912 0.031082
v -0.219046 0.109912 0.030807
v -0.222111 0.109912 0.030348
v -0.225083 0.109912 0.029707
v -0.227960 0.109912 0.028881
v -0.230744 0.109912 0.027873
v -0.233433 0.109912 0.026681
v -0.236028 0.109912 0.025305
v -0.238529 0.109912 0.023747
v -0.240936 0.109912 0.022005
v -0.243249 0.109912 0.020079
v -0.245467 0.109912 0.017970
v -0.247549 0.109912 0.015733
v -0.249449 0.109912 0.013424
v -0.251168 0.109912 0.011043
v -0.252706 0.109912 0.008589
v -0.254064 0.109912 0.006062
v -0.255240 0.109912 0.003464
v -0.256235 0.109912 0.000792
v -0.257050 0.109912 -0.001951
v -0.257683 0.109912 -0.004767
v -0.258135 0.109912 -0.007655
v -0.258407 0.109912 -0.010616
v -0.258497 0.109912 -0.013649
v -0.258497 0.109912 -0.110591
v -0.258449 0.109912 -0.119927
v -0.258304 0.109912 -0.129982
v -0.258063 0.109912 -0.140756
v -0.257725 0.109912 -0.152248
v -0.257291 0.109912 -0.164460
v -0.256760 0.109912 -0.177391
v -0.256133 0.109912 -0.191041
v -0.255409 0.109912 -0.205410
v -0.254588 0.109912 -0.220498
v -0.253672 0.109912 -0.236306
v -0.252658 0.109912 -0.252832
v -0.251548 0.109912 -0.270077
v -0.250491 0.109912 -0.287593
v -0.249521 0.109912 -0.304351
v -0.248638 0.109912 -0.320351
v -0.247842 0.109912 -0.335593
v -0.247132 0.109912 -0.350078
v -0.246510 0.109912 -0.363805
v -0.245974 0.109912 -0.376775
v -0.245525 0.109912 -0.388987
v -0.245163 0.109912 -0.400441
v -0.244888 0.109912 -0.411138
v -0.244700 0.109912 -0.421077
v -0.244599 0.109912 -0.430258
v -0.244193 0.109912 -0.444661
v -0.243093 0.109912 -0.457756
v -0.241298 0.109912 -0.469543
v -0.238808 0.109912 -0.480022
v -0.235623 0.109912 -0.489194
v -0.231743 0.109912 -0.497058
v -0.227168 0.109912 -0.503614
v -0.221898 0.109912 -0.508862
v -0.215933 0.109912 -0.512802
v -0.209273 0.109912 -0.515435
v -0.201919 0.109912 -0.516759
v -0.193869 0.109912 -0.516776
v -0.191837 0.109912 -0.517287
v -0.189680 0.109912 -0.517775
v -0.187398 0.109912 -0.518242
v -0.184989 0.109912 -0.518687
v -0.182456 0.109912 -0.519111
v -0.179797 0.109912 -0.519513
v -0.177012 0.109912 -0.519893
v -0.174102 0.109912 -0.520251
v -0.171067 0.109912 -0.520588
v -0.167906 0.109912 -0.520902
v -0.164620 0.109912 -0.521196
v -0.161208 0.109912 -0.521467
v -0.157670 0.109912 -0.521717
v -0.154007 0.109912 -0.521945
v -0.150219 0.109912 -0.522151
v -0.146305 0.109912 -0.522336
v -0.142266 0.109912 -0.522499
v -0.138101 0.109912 -0.522640
v -0.133811 0.109912 -0.522759
v -0.129395 0.109912 -0.522857
v -0.124854 0.109912 -0.522933
v -0.120188 0.109912 -0.522987
v -0.115396 0.109912 -0.523020
v -0.110478 0.109912 -0.523031
v -0.099185 0.109912 -0.522724
v -0.088009 0.109912 -0.521805
v -0.076948 0.109912 -0.520273
v -0.066003 0.109912 -0.518128
v -0.055173 0.109912 -0.515370
v -0.044460 0.109912 -0.511999
v -0.033862 0.109912 -0.508015
v -0.023380 0.109912 -0.503418
v -0.013014 0.109912 -0.498209
v -0.002764 0.109912 -0.492386
v 0.007370 0.109912 -0.485951
v 0.017389 0.109912 -0.478903
v 0.027989 0.109912 -0.470530
v 0.037667 0.109912 -0.461858
v 0.046424 0.109912 -0.452886
v 0.054258 0.109912 -0.443616
v 0.061172 0.109912 -0.434046
v 0.067163 0.109912 -0.424177
v 0.072232 0.109912 -0.414009
v 0.076380 0.109912 -0.403542
v 0.079606 0.109912 -0.392775
v 0.081911 0.109912 -0.381709
v 0.083293 0.109912 -0.370345
v 0.083754 0.109912 -0.358680
v 0.083264 0.109912 -0.344109
v 0.081795 0.109912 -0.330044
v 0.079346 0.109912 -0.316485
v 0.075917 0.109912 -0.303434
v 0.071508 0.109912 -0.290889
v 0.066120 0.109912 -0.278851
v 0.059752 0.109912 -0.267319
v 0.052405 0.109912 -0.256294
v 0.044078 0.109912 -0.245776
v 0.034771 0.109912 -0.235765
v 0.024485 0.109912 -0.226261
v -0.043417 0.109912 -0.411147
v -0.049194 0.109912 -0.414699
v -0.055057 0.109912 -0.417942
v -0.061008 0.109912 -0.420876
v -0.067045 0.109912 -0.423502
v -0.073169 0.109912 -0.425818
v -0.079380 0.109912 -0.427826
v -0.085678 0.109912 -0.429524
v -0.092062 0.109912 -0.430914
v -0.098534 0.109912 -0.431995
v -0.105092 0.109912 -0.432767
v -0.111737 0.109912 -0.433231
v -0.118470 0.109912 -0.433385
v -0.120305 0.109912 -0.433384
v -0.122103 0.109912 -0.433380
v -0.123866 0.109912 -0.433374
v -0.125593 0.109912 -0.433366
v -0.127283 0.109912 -0.433355
v -0.128937 0.109912 -0.433342
v -0.130555 0.109912 -0.433326
v -0.132136 0.109912 -0.433308
v -0.133682 0.109912 -0.433287
v -0.135191 0.109912 -0.433264
v -0.136664 0.109912 -0.433239
v -0.138101 0.109912 -0.433211
v -0.139502 0.109912 -0.433179
v -0.140867 0.109912 -0.433139
v -0.142195 0.109912 -0.433092
v -0.143487 0.109912 -0.433038
v -0.144743 0.109912 -0.432976
v -0.145963 0.109912 -0.432907
v -0.147146 0.109912 -0.432831
v -0.148294 0.109912 -0.432748
v -0.149405 0.109912 -0.432658
v -0.150480 0.109912 -0.432560
v -0.151518 0.109912 -0.432455
v -0.152521 0.109912 -0.432343
v -0.152523 0.109912 -0.429507
v -0.152531 0.109912 -0.426445
v -0.152543 0.109912 -0.423157
v -0.152560 0.109912 -0.419641
v -0.152581 0.109912 -0.415898
v -0.152608 0.109912 -0.411929
v -0.152639 0.109912 -0.407733
v -0.152676 0.109912 -0.403310
v -0.152717 0.109912 -0.398660
v -0.152762 0.109912 -0.393784
v -0.152813 0.109912 -0.388681
v -0.152868 0.109912 -0.383350
v -0.153020 0.109912 -0.376623
v -0.153245 0.109912 -0.369297
v -0.153542 0.109912 -0.361373
v -0.153911 0.109912 -0.352851
v -0.154352 0.109912 -0.343730
v -0.154866 0.109912 -0.334010
v -0.155453 0.109912 -0.323693
v -0.156111 0.109912 -0.312777
v -0.156843 0.109912 -0.301262
v -0.157646 0.109912 -0.289149
v -0.158522 0.109912 -0.276438
v -0.159470 0.109912 -0.263128
v -0.156599 0.109912 -0.262684
v -0.153891 0.109912 -0.262279
v -0.151348 0.109912 -0.261912
v -0.148969 0.109912 -0.261584
v -0.146754 0.109912 -0.261294
v -0.144703 0.109912 -0.261043
v -0.142816 0.109912 -0.260831
v -0.141093 0.109912 -0.260657
v -0.139534 0.109912 -0.260522
v -0.138140 0.109912 -0.260425
v -0.136909 0.109912 -0.260368
v -0.135843 0.109912 -0.260348
v -0.126937 0.109912 -0.260527
v -0.118286 0.109912 -0.261062
v -0.109892 0.109912 -0.261955
v -0.101753 0.109912 -0.263205
v -0.093870 0.109912 -0.264812
v -0.086242 0.109912 -0.266776
v -0.078871 0.109912 -0.269098
v -0.071755 0.109912 -0.271776
v -0.064895 0.109912 -0.274811
v -0.058291 0.109912 -0.278204
v -0.051942 0.109912 -0.281954
v -0.045850 0.109912 -0.286061
v -0.039745 0.109912 -0.290759
v -0.034171 0.109912 -0.295703
v -0.029128 0.109912 -0.300893
v -0.024616 0.109912 -0.306329
v -0.020635 0.109912 -0.312012
v -0.017184 0.109912 -0.317940
v -0.014264 0.109912 -0.324115
v -0.011876 0.109912 -0.330536
v -0.010018 0.109912 -0.337203
v -0.008690 0.109912 -0.344116
v -0.007894 0.109912 -0.351275
v -0.007629 0.109912 -0.358680
v -0.007877 0.109912 -0.363557
v -0.008623 0.109912 -0.368342
v -0.009866 0.109912 -0.373035
v -0.011605 0.109912 -0.377636
v -0.013842 0.109912 -0.382146
v -0.016576 0.109912 -0.386564
v -0.019807 0.109912 -0.390891
v -0.023535 0.109912 -0.395125
v -0.027760 0.109912 -0.399268
v -0.032482 0.109912 -0.403320
v -0.037701 0.109912 -0.407279
v -0.284210 0.109912 -0.453190
v -0.284528 0.109912 -0.448362
v -0.285484 0.109912 -0.443490
v -0.287076 0.109912 -0.438575
v -0.289306 0.109912 -0.433617
v -0.292172 0.109912 -0.428615
v -0.295676 0.109912 -0.423569
v -0.299817 0.109912 -0.418480
v -0.304594 0.109912 -0.413348
v -0.310009 0.109912 -0.408172
v -0.316061 0.109912 -0.402953
v -0.322749 0.109912 -0.397690
v -0.330075 0.109912 -0.392384
v -0.333320 0.109912 -0.390370
v -0.336686 0.109912 -0.388263
v -0.340173 0.109912 -0.386065
v -0.343781 0.109912 -0.383775
v -0.347509 0.109912 -0.381393
v -0.351357 0.109912 -0.378920
v -0.355327 0.109912 -0.376355
v -0.359416 0.109912 -0.373699
v -0.363627 0.109912 -0.370950
v -0.367958 0.109912 -0.368110
v -0.372410 0.109912 -0.365178
v -0.376982 0.109912 -0.362155
v -0.386919 0.109912 -0.354482
v -0.397154 0.109912 -0.345940
v -0.407689 0.109912 -0.336530
v -0.418523 0.109912 -0.326250
v -0.429657 0.109912 -0.315103
v -0.441089 0.109912 -0.303086
v -0.452821 0.109912 -0.290201
v -0.464852 0.109912 -0.276447
v -0.477182 0.109912 -0.261825
v -0.489811 0.109912 -0.246334
v -0.502740 0.109912 -0.229974
v -0.515968 0.109912 -0.212746
v -0.526218 0.109912 -0.198961
v -0.536468 0.109912 -0.185171
v -0.546718 0.109912 -0.171376
v -0.556969 0.109912 -0.157576
v -0.567219 0.109912 -0.143772
v -0.577469 0.109912 -0.129963
v -0.587719 0.109912 -0.116148
v -0.597969 0.109912 -0.102330
v -0.608220 0.109912 -0.088506
v -0.618470 0.109912 -0.074677
v -0.628720 0.109912 -0.060844
v -0.638970 0.109912 -0.047006
v -0.640360 0.109912 -0.045268
v -0.635635 0.109912 -0.045408
v -0.629917 0.109912 -0.045596
v -0.623204 0.109912 -0.045833
v -0.615497 0.109912 -0.046118
v -0.606796 0.109912 -0.046451
v -0.597101 0.109912 -0.046832
v -0.586411 0.109912 -0.047261
v -0.574728 0.109912 -0.047739
v -0.562050 0.109912 -0.048265
v -0.548378 0.109912 -0.048839
v -0.533713 0.109912 -0.049462
v -0.518053 0.109912 -0.050133
v -0.505585 0.109912 -0.050688
v -0.493547 0.109912 -0.051194
v -0.481938 0.109912 -0.051653
v -0.470759 0.109912 -0.052063
v -0.460009 0.109912 -0.052425
v -0.449689 0.109912 -0.052739
v -0.439798 0.109912 -0.053004
v -0.430337 0.109912 -0.053221
v -0.421306 0.109912 -0.053390
v -0.412704 0.109912 -0.053511
v -0.404531 0.109912 -0.053583
v -0.396788 0.109912 -0.053607
v -0.388728 0.109912 -0.053581
v -0.381113 0.109912 -0.053501
v -0.373942 0.109912 -0.053369
v -0.367215 0.109912 -0.053183
v -0.360932 0.109912 -0.052944
v -0.355092 0.109912 -0.052652
v -0.349697 0.109912 -0.052307
v -0.344746 0.109912 -0.051909
v -0.340238 0.109912 -0.051457
v -0.336175 0.109912 -0.050953
v -0.332555 0.109912 -0.050396
v -0.329380 0.109912 -0.049785
v -0.322711 0.109912 -0.048128
v -0.316601 0.109912 -0.046166
v -0.311051 0.109912 -0.043900
v -0.306061 0.109912 -0.041330
v -0.301631 0.109912 -0.038457
v -0.297761 0.109912 -0.035279
v -0.294450 0.109912 -0.031797
v -0.291699 0.109912 -0.028011
v -0.289508 0.109912 -0.023921
v -0.287877 0.109912 -0.019527
v -0.286806 0.109912 -0.014829
v -0.286294 0.109912 -0.009827
v -0.286246 0.109912 -0.006072
v -0.286449 0.109912 -0.002453
v -0.286902 0.109912 0.001031
v -0.287607 0.109912 0.004380
v -0.288563 0.109912 0.007594
v -0.289769 0.109912 0.010673
v -0.291227 0.109912 0.013617
v -0.292935 0.109912 0.016426
v -0.294894 0.109912 0.019099
v -0.297104 0.109912 0.021638
v -0.299566 0.109912 0.024041
v -0.302278 0.109912 0.026309
v -0.304751 0.109912 0.028141
v -0.307306 0.109912 0.029813
v -0.309944 0.109912 0.031326
v -0.312663 0.109912 0.032679
v -0.315464 0.109912 0.033874
v -0.318348 0.109912 0.034909
v -0.321313 0.109912 0.035785
v -0.324361 0.109912 0.036501
v -0.327491 0.109912 0.037059
v -0.330702 0.109912 0.037457
v -0.333996 0.109912 0.037696
v -0.337371 0.109912 0.037775
v -0.339121 0.109912 0.037767
v -0.341010 0.109912 0.037742
v -0.343040 0.109912 0.037699
v -0.345209 0.109912 0.037640
v -0.347518 0.109912 0.037564
v -0.349967 0.109912 0.037471
v -0.352556 0.109912 0.037362
v -0.355285 0.109912 0.037235
v -0.358154 0.109912 0.037091
v -0.361163 0.109912 0.036931
v -0.364312 0.109912 0.036754
v -0.367601 0.109912 0.036559
v -0.370890 0.109912 0.036365
v -0.374039 0.109912 0.036188
v -0.377048 0.109912 0.036027
v -0.379917 0.109912 0.035884
v -0.382646 0.109912 0.035757
v -0.385235 0.109912 0.035647
v -0.387684 0.109912 0.035554
v -0.389993 0.109912 0.035478
v -0.392162 0.109912 0.035419
v -0.394192 0.109912 0.035377
v -0.396081 0.109912 0.035352
v -0.397830 0.109912 0.035343
v -0.407001 0.109912 0.035361
v -0.416907 0.109912 0.035416
v -0.427549 0.109912 0.035506
v -0.438927 0.109912 0.035633
v -0.451042 0.109912 0.035796
v -0.463892 0.109912 0.035995
v -0.477478 0.109912 0.036230
v -0.491800 0.109912 0.036501
v -0.506858 0.109912 0.036809
v -0.522652 0.109912 0.037153
v -0.539181 0.109912 0.037533
v -0.556447 0.109912 0.037949
v -0.573713 0.109912 0.038365
v -0.590243 0.109912 0.038746
v -0.606037 0.109912 0.039089
v -0.621095 0.109912 0.039397
v -0.635417 0.109912 0.039669
v -0.649003 0.109912 0.039904
v -0.661853 0.109912 0.040103
v -0.673967 0.109912 0.040266
v -0.685346 0.109912 0.040392
v -0.695988 0.109912 0.040483
v -0.705894 0.109912 0.040537
v -0.715064 0.109912 0.040555
v -0.718773 0.109912 0.040476
v -0.722371 0.109912 0.040237
v -0.725857 0.109912 0.039839
v -0.729233 0.109912 0.039281
v -0.732498 0.109912 0.038565
v -0.735652 0.109912 0.037689
v -0.738694 0.109912 0.036653
v -0.741626 0.109912 0.035459
v -0.744447 0.109912 0.034105
v -0.747156 0.109912 0.032592
v -0.749755 0.109912 0.030920
v -0.752243 0.109912 0.029089
v -0.754851 0.109912 0.026934
v -0.757233 0.109912 0.024639
v -0.759388 0.109912 0.022205
v -0.761315 0.109912 0.019630
v -0.763017 0.109912 0.016916
v -0.764491 0.109912 0.014061
v -0.765738 0.109912 0.011067
v -0.766759 0.109912 0.007932
v -0.767553 0.109912 0.004658
v -0.768120 0.109912 0.001244
v -0.768460 0.109912 -0.002311
v -0.768574 0.109912 -0.006005
v -0.768422 0.109912 -0.010240
v -0.767966 0.109912 -0.014605
v -0.767206 0.109912 -0.019100
v -0.766142 0.109912 -0.023726
v -0.764773 0.109912 -0.028481
v -0.763101 0.109912 -0.033368
v -0.761125 0.109912 -0.038384
v -0.758845 0.109912 -0.043531
v -0.756261 0.109912 -0.048808
v -0.753372 0.109912 -0.054215
v -0.750180 0.109912 -0.059753
v -0.746683 0.109912 -0.065421
v -0.745349 0.109912 -0.067431
v -0.743662 0.109912 -0.069871
v -0.741624 0.109912 -0.072740
v -0.739232 0.109912 -0.076038
v -0.736489 0.109912 -0.079766
v -0.733393 0.109912 -0.083924
v -0.729945 0.109912 -0.088511
v -0.726145 0.109912 -0.093527
v -0.721992 0.109912 -0.098973
v -0.717487 0.109912 -0.104849
v -0.712630 0.109912 -0.111154
v -0.707420 0.109912 -0.117888
v -0.697920 0.109912 -0.130568
v -0.688416 0.109912 -0.143243
v -0.678907 0.109912 -0.155914
v -0.669392 0.109912 -0.168579
v -0.659873 0.109912 -0.181240
v -0.650349 0.109912 -0.193896
v -0.640821 0.109912 -0.206547
v -0.631287 0.109912 -0.219193
v -0.621749 0.109912 -0.231835
v -0.612206 0.109912 -0.244471
v -0.602657 0.109912 -0.257103
v -0.593105 0.109912 -0.269730
v -0.581815 0.109912 -0.284092
v -0.570645 0.109912 -0.297990
v -0.559596 0.109912 -0.311425
v -0.548668 0.109912 -0.324397
v -0.537860 0.109912 -0.336906
v -0.527174 0.109912 -0.348951
v -0.516607 0.109912 -0.360534
v -0.506162 0.109912 -0.371652
v -0.495837 0.109912 -0.382308
v -0.485632 0.109912 -0.392500
v -0.475549 0.109912 -0.402229
v -0.465586 0.109912 -0.411495
v -0.474441 0.109912 -0.410884
v -0.482939 0.109912 -0.410327
v -0.491081 0.109912 -0.409823
v -0.498865 0.109912 -0.409371
v -0.506292 0.109912 -0.408973
v -0.513362 0.109912 -0.408628
v -0.520074 0.109912 -0.408336
v -0.526430 0.109912 -0.408097
v -0.532429 0.109912 -0.407912
v -0.538070 0.109912 -0.407779
v -0.543355 0.109912 -0.407699
v -0.548282 0.109912 -0.407673
v -0.688657 0.109912 -0.407673
v -0.689318 0.109912 -0.407669
v -0.690028 0.109912 -0.407658
v -0.690785 0.109912 -0.407640
v -0.691591 0.109912 -0.407615
v -0.692445 0.109912 -0.407582
v -0.693348 0.109912 -0.407542
v -0.694299 0.109912 -0.407495
v -0.695298 0.109912 -0.407441
v -0.696345 0.109912 -0.407380
v -0.697440 0.109912 -0.407311
v -0.698584 0.109912 -0.407235
v -0.699776 0.109912 -0.407152
v -0.700968 0.109912 -0.407068
v -0.702112 0.109912 -0.406992
v -0.703207 0.109912 -0.406924
v -0.704255 0.109912 -0.406862
v -0.705253 0.109912 -0.406808
v -0.706204 0.109912 -0.406761
v -0.707107 0.109912 -0.406721
v -0.707961 0.109912 -0.406688
v -0.708767 0.109912 -0.406663
v -0.709525 0.109912 -0.406645
v -0.710234 0.109912 -0.406634
v -0.710895 0.109912 -0.406630
v -0.714268 0.109912 -0.406712
v -0.717555 0.109912 -0.406959
v -0.720754 0.109912 -0.407369
v -0.723867 0.109912 -0.407943
v -0.726893 0.109912 -0.408681
v -0.729832 0.109912 -0.409584
v -0.732684 0.109912 -0.410650
v -0.735449 0.109912 -0.411881
v -0.738128 0.109912 -0.413276
v -0.740719 0.109912 -0.414834
v -0.743224 0.109912 -0.416557
v -0.745641 0.109912 -0.418444
v -0.748194 0.109912 -0.420707
v -0.750525 0.109912 -0.423096
v -0.752634 0.109912 -0.425611
v -0.754521 0.109912 -0.428250
v -0.756186 0.109912 -0.431016
v -0.757629 0.109912 -0.433906
v -0.758850 0.109912 -0.436922
v -0.759848 0.109912 -0.440064
v -0.760625 0.109912 -0.443331
v -0.761181 0.109912 -0.446724
v -0.761514 0.109912 -0.450242
v -0.761624 0.109912 -0.453885
v -0.761135 0.109912 -0.461489
v -0.759665 0.109912 -0.468431
v -0.757216 0.109912 -0.474712
v -0.753788 0.109912 -0.480331
v -0.749379 0.109912 -0.485290
v -0.743991 0.109912 -0.489587
v -0.737624 0.109912 -0.493224
v -0.730276 0.109912 -0.496199
v -0.721949 0.109912 -0.498513
v -0.712643 0.109912 -0.500166
v -0.702356 0.109912 -0.501157
v -0.691090 0.109912 -0.501488
v -0.686930 0.109912 -0.501467
v -0.682442 0.109912 -0.501406
v -0.677625 0.109912 -0.501303
v -0.672481 0.109912 -0.501160
v -0.667008 0.109912 -0.500975
v -0.661208 0.109912 -0.500750
v -0.655079 0.109912 -0.500483
v -0.648622 0.109912 -0.500175
v -0.641837 0.109912 -0.499827
v -0.634723 0.109912 -0.499437
v -0.627282 0.109912 -0.499006
v -0.619512 0.109912 -0.498534
v -0.611742 0.109912 -0.498063
v -0.604301 0.109912 -0.497632
v -0.597187 0.109912 -0.497242
v -0.590402 0.109912 -0.496894
v -0.583945 0.109912 -0.496586
v -0.577816 0.109912 -0.496319
v -0.572016 0.109912 -0.496094
v -0.566543 0.109912 -0.495909
v -0.561399 0.109912 -0.495766
v -0.556582 0.109912 -0.495663
v -0.552094 0.109912 -0.495602
v -0.547934 0.109912 -0.495581
v -0.543291 0.109912 -0.495591
v -0.538278 0.109912 -0.495620
v -0.532896 0.109912 -0.495668
v -0.527145 0.109912 -0.495735
v -0.521024 0.109912 -0.495822
v -0.514534 0.109912 -0.495928
v -0.507676 0.109912 -0.496054
v -0.500448 0.109912 -0.496199
v -0.492851 0.109912 -0.496363
v -0.484884 0.109912 -0.496546
v -0.476549 0.109912 -0.496749
v -0.467844 0.109912 -0.496971
v -0.459139 0.109912 -0.497193
v -0.450804 0.109912 -0.497396
v -0.442838 0.109912 -0.497579
v -0.435241 0.109912 -0.497743
v -0.428012 0.109912 -0.497888
v -0.421154 0.109912 -0.498013
v -0.414664 0.109912 -0.498119
v -0.408544 0.109912 -0.498206
v -0.402792 0.109912 -0.498274
v -0.397410 0.109912 -0.498322
v -0.392397 0.109912 -0.498351
v -0.387754 0.109912 -0.498361
v -0.371215 0.109912 -0.498047
v -0.356115 0.109912 -0.497106
v -0.342453 0.109912 -0.495538
v -0.330229 0.109912 -0.493342
v -0.319443 0.109912 -0.490519
v -0.310096 0.109912 -0.487068
v -0.302186 0.109912 -0.482990
v -0.295714 0.109912 -0.478285
v -0.290681 0.109912 -0.472952
v -0.287086 0.109912 -0.466992
v -0.284929 0.109912 -0.460405
v 3.502795 -0.110088 -0.179042
v 3.501721 -0.110088 -0.137008
v 3.498500 -0.110088 -0.097426
v 3.493132 -0.110088 -0.060296
v 3.485615 -0.110088 -0.025617
v 3.475951 -0.110088 0.006610
v 3.464140 -0.110088 0.036386
v 3.450181 -0.110088 0.063710
v 3.434075 -0.110088 0.088582
v 3.415821 -0.110088 0.111003
v 3.395420 -0.110088 0.130973
v 3.372870 -0.110088 0.148491
v 3.348174 -0.110088 0.163557
v 3.345245 -0.110088 0.165056
v 3.342364 -0.110088 0.166424
v 3.339531 -0.110088 0.167662
v 3.336746 -0.110088 0.168769
v 3.334010 -0.110088 0.169746
v 3.331322 -0.110088 0.170593
v 3.328682 -0.110088 0.171310
v 3.326091 -0.110088 0.171896
v 3.323548 -0.110088 0.172352
v 3.321053 -0.110088 0.172678
v 3.318606 -0.110088 0.172874
v 3.316207 -0.110088 0.172939
v 3.313283 -0.110088 0.172854
v 3.310416 -0.110088 0.172601
v 3.307608 -0.110088 0.172179
v 3.304857 -0.110088 0.171588
v 3.302164 -0.110088 0.170828
v 3.299529 -0.110088 0.169899
v 3.296952 -0.110088 0.168801
v 3.294433 -0.110088 0.167534
v 3.291972 -0.110088 0.166098
v 3.289569 -0.110088 0.164494
v 3.287223 -0.110088 0.162720
v 3.284936 -0.110088 0.160778
v 3.282771 -0.110088 0.158715
v 3.280795 -0.110088 0.156579
v 3.279007 -0.110088 0.154371
v 3.277407 -0.110088 0.152091
v 3.275996 -0.110088 0.149738
v 3.274772 -0.110088 0.147313
v 3.273737 -0.110088 0.144816
v 3.272890 -0.110088 0.142246
v 3.272232 -0.110088 0.139604
v 3.271761 -0.110088 0.136889
v 3.271479 -0.110088 0.134102
v 3.271385 -0.110088 0.131243
v 3.271529 -0.110088 0.127798
v 3.271964 -0.110088 0.124410
v 3.272687 -0.110088 0.121080
v 3.273701 -0.110088 0.117808
v 3.275004 -0.110088 0.114594
v 3.276597 -0.110088 0.111438
v 3.278479 -0.110088 0.108340
v 3.280650 -0.110088 0.105299
v 3.283111 -0.110088 0.102317
v 3.285862 -0.110088 0.099392
v 3.288902 -0.110088 0.096526
v 3.292233 -0.110088 0.093717
v 3.295241 -0.110088 0.091514
v 3.298245 -0.110088 0.089306
v 3.301245 -0.110088 0.087094
v 3.304239 -0.110088 0.084876
v 3.307229 -0.110088 0.082654
v 3.310214 -0.110088 0.080427
v 3.313194 -0.110088 0.078195
v 3.316169 -0.110088 0.075958
v 3.319139 -0.110088 0.073716
v 3.322104 -0.110088 0.071470
v 3.325065 -0.110088 0.069219
v 3.328021 -0.110088 0.066962
v 3.340175 -0.110088 0.053894
v 3.351272 -0.110088 0.039590
v 3.361313 -0.110088 0.024051
v 3.370296 -0.110088 0.007276
v 3.378222 -0.110088 -0.010734
v 3.385092 -0.110088 -0.029980
v 3.390904 -0.110088 -0.050461
v 3.395660 -0.110088 -0.072177
v 3.399360 -0.110088 -0.095129
v 3.402002 -0.110088 -0.119317
v 3.403587 -0.110088 -0.144739
v 3.404116 -0.110088 -0.171398
v 3.403986 -0.110088 -0.182070
v 3.403594 -0.110088 -0.192776
v 3.402943 -0.110088 -0.203516
v 3.402030 -0.110088 -0.214290
v 3.400858 -0.110088 -0.225098
v 3.399425 -0.110088 -0.235939
v 3.397730 -0.110088 -0.246814
v 3.395776 -0.110088 -0.257723
v 3.393561 -0.110088 -0.268666
v 3.391085 -0.110088 -0.279642
v 3.388349 -0.110088 -0.290652
v 3.385353 -0.110088 -0.301696
v 3.381716 -0.110088 -0.313903
v 3.377872 -0.110088 -0.325623
v 3.373821 -0.110088 -0.336855
v 3.369563 -0.110088 -0.347600
v 3.365096 -0.110088 -0.357858
v 3.360422 -0.110088 -0.367628
v 3.355541 -0.110088 -0.376910
v 3.350452 -0.110088 -0.385705
v 3.345156 -0.110088 -0.394013
v 3.339652 -0.110088 -0.401833
v 3.333941 -0.110088 -0.409166
v 3.328021 -0.110088 -0.416012
v 3.325126 -0.110088 -0.418849
v 3.322230 -0.110088 -0.421687
v 3.319335 -0.110088 -0.424525
v 3.316439 -0.110088 -0.427362
v 3.313543 -0.110088 -0.430200
v 3.310648 -0.110088 -0.433038
v 3.307752 -0.110088 -0.435875
v 3.304857 -0.110088 -0.438713
v 3.301961 -0.110088 -0.441550
v 3.299066 -0.110088 -0.444388
v 3.296170 -0.110088 -0.447226
v 3.293275 -0.110088 -0.450063
v 3.289723 -0.110088 -0.454004
v 3.286480 -0.110088 -0.457833
v 3.283546 -0.110088 -0.461551
v 3.280921 -0.110088 -0.465159
v 3.278604 -0.110088 -0.468655
v 3.276597 -0.110088 -0.472040
v 3.274898 -0.110088 -0.475315
v 3.273508 -0.110088 -0.478478
v 3.272427 -0.110088 -0.481530
v 3.271655 -0.110088 -0.484472
v 3.271192 -0.110088 -0.487302
v 3.271037 -0.110088 -0.490022
v 3.271131 -0.110088 -0.492947
v 3.271414 -0.110088 -0.495817
v 3.271884 -0.110088 -0.498632
v 3.272543 -0.110088 -0.501391
v 3.273390 -0.110088 -0.504095
v 3.274425 -0.110088 -0.506743
v 3.275648 -0.110088 -0.509336
v 3.277060 -0.110088 -0.511873
v 3.278660 -0.110088 -0.514355
v 3.280448 -0.110088 -0.516781
v 3.282424 -0.110088 -0.519152
v 3.284588 -0.110088 -0.521467
v 3.286883 -0.110088 -0.523659
v 3.289250 -0.110088 -0.525661
v 3.291690 -0.110088 -0.527472
v 3.294201 -0.110088 -0.529092
v 3.296786 -0.110088 -0.530522
v 3.299442 -0.110088 -0.531761
v 3.302171 -0.110088 -0.532809
v 3.304973 -0.110088 -0.533667
v 3.307847 -0.110088 -0.534334
v 3.310793 -0.110088 -0.534811
v 3.313811 -0.110088 -0.535097
v 3.316902 -0.110088 -0.535192
v 3.319079 -0.110088 -0.535110
v 3.321323 -0.110088 -0.534864
v 3.323635 -0.110088 -0.534454
v 3.326014 -0.110088 -0.533879
v 3.328460 -0.110088 -0.533141
v 3.330975 -0.110088 -0.532238
v 3.333557 -0.110088 -0.531172
v 3.336206 -0.110088 -0.529941
v 3.338923 -0.110088 -0.528547
v 3.341707 -0.110088 -0.526988
v 3.344560 -0.110088 -0.525265
v 3.347479 -0.110088 -0.523378
v 3.359382 -0.110088 -0.514863
v 3.370885 -0.110088 -0.505532
v 3.381987 -0.110088 -0.495386
v 3.392688 -0.110088 -0.484424
v 3.402989 -0.110088 -0.472646
v 3.412889 -0.110088 -0.460053
v 3.422389 -0.110088 -0.446644
v 3.431489 -0.110088 -0.432420
v 3.440187 -0.110088 -0.417380
v 3.448485 -0.110088 -0.401525
v 3.456383 -0.110088 -0.384854
v 3.463880 -0.110088 -0.367367
v 3.470095 -0.110088 -0.351514
v 3.475770 -0.110088 -0.335690
v 3.480906 -0.110088 -0.319895
v 3.485500 -0.110088 -0.304129
v 3.489553 -0.110088 -0.288391
v 3.493067 -0.110088 -0.272683
v 3.496040 -0.110088 -0.257004
v 3.498472 -0.110088 -0.241354
v 3.500364 -0.110088 -0.225732
v 3.501715 -0.110088 -0.210140
v 3.502526 -0.110088 -0.194576
v 3.136569 -0.110088 -0.032933
v 3.134146 -0.110088 -0.030852
v 3.131627 -0.110088 -0.028952
v 3.129012 -0.110088 -0.027233
v 3.126299 -0.110088 -0.025695
v 3.123491 -0.110088 -0.024337
v 3.120586 -0.110088 -0.023161
v 3.117584 -0.110088 -0.022166
v 3.114486 -0.110088 -0.021351
v 3.111291 -0.110088 -0.020718
v 3.108000 -0.110088 -0.020265
v 3.104612 -0.110088 -0.019994
v 3.101128 -0.110088 -0.019903
v 3.092525 -0.110088 -0.020468
v 3.084671 -0.110088 -0.022162
v 3.077565 -0.110088 -0.024985
v 3.071207 -0.110088 -0.028938
v 3.065597 -0.110088 -0.034019
v 3.060735 -0.110088 -0.040230
v 3.056621 -0.110088 -0.047570
v 3.053255 -0.110088 -0.056040
v 3.050637 -0.110088 -0.065638
v 3.048767 -0.110088 -0.076366
v 3.047645 -0.110088 -0.088223
v 3.047271 -0.110088 -0.101210
v 3.047379 -0.110088 -0.104409
v 3.047705 -0.110088 -0.107522
v 3.048248 -0.110088 -0.110548
v 3.049008 -0.110088 -0.113487
v 3.049985 -0.110088 -0.116339
v 3.051180 -0.110088 -0.119104
v 3.052591 -0.110088 -0.121783
v 3.054220 -0.110088 -0.124374
v 3.056066 -0.110088 -0.126879
v 3.058129 -0.110088 -0.129297
v 3.060410 -0.110088 -0.131627
v 3.062907 -0.110088 -0.133871
v 3.065433 -0.110088 -0.135814
v 3.068032 -0.110088 -0.137587
v 3.070703 -0.110088 -0.139192
v 3.073446 -0.110088 -0.140628
v 3.076262 -0.110088 -0.141894
v 3.079151 -0.110088 -0.142992
v 3.082111 -0.110088 -0.143921
v 3.085144 -0.110088 -0.144681
v 3.088250 -0.110088 -0.145273
v 3.091428 -0.110088 -0.145695
v 3.094678 -0.110088 -0.145948
v 3.098001 -0.110088 -0.146033
v 3.106436 -0.110088 -0.145475
v 3.114138 -0.110088 -0.143803
v 3.121107 -0.110088 -0.141016
v 3.127342 -0.110088 -0.137114
v 3.132843 -0.110088 -0.132098
v 3.137611 -0.110088 -0.125967
v 3.141646 -0.110088 -0.118721
v 3.144947 -0.110088 -0.110360
v 3.147514 -0.110088 -0.100884
v 3.149348 -0.110088 -0.090294
v 3.150448 -0.110088 -0.078589
v 3.150815 -0.110088 -0.065769
v 3.150716 -0.110088 -0.062515
v 3.150419 -0.110088 -0.059355
v 3.149925 -0.110088 -0.056289
v 3.149232 -0.110088 -0.053318
v 3.148342 -0.110088 -0.050440
v 3.147254 -0.110088 -0.047657
v 3.145967 -0.110088 -0.044968
v 3.144484 -0.110088 -0.042373
v 3.142802 -0.110088 -0.039872
v 3.140922 -0.110088 -0.037465
v 3.138844 -0.110088 -0.035152
v 3.130836 -0.110088 -0.267992
v 3.128441 -0.110088 -0.265939
v 3.125947 -0.110088 -0.264064
v 3.123355 -0.110088 -0.262368
v 3.120663 -0.110088 -0.260850
v 3.117872 -0.110088 -0.259511
v 3.114983 -0.110088 -0.258350
v 3.111995 -0.110088 -0.257368
v 3.108907 -0.110088 -0.256565
v 3.105721 -0.110088 -0.255940
v 3.102436 -0.110088 -0.255493
v 3.099051 -0.110088 -0.255226
v 3.095568 -0.110088 -0.255136
v 3.092030 -0.110088 -0.255226
v 3.088595 -0.110088 -0.255493
v 3.085264 -0.110088 -0.255940
v 3.082036 -0.110088 -0.256565
v 3.078913 -0.110088 -0.257368
v 3.075893 -0.110088 -0.258350
v 3.072977 -0.110088 -0.259511
v 3.070165 -0.110088 -0.260850
v 3.067456 -0.110088 -0.262368
v 3.064852 -0.110088 -0.264064
v 3.062351 -0.110088 -0.265939
v 3.059953 -0.110088 -0.267992
v 3.057706 -0.110088 -0.270183
v 3.055654 -0.110088 -0.272471
v 3.053797 -0.110088 -0.274855
v 3.052135 -0.110088 -0.277335
v 3.050669 -0.110088 -0.279912
v 3.049399 -0.110088 -0.282586
v 3.048324 -0.110088 -0.285356
v 3.047445 -0.110088 -0.288222
v 3.046761 -0.110088 -0.291186
v 3.046272 -0.110088 -0.294245
v 3.045979 -0.110088 -0.297401
v 3.045881 -0.110088 -0.300654
v 3.045870 -0.110088 -0.301320
v 3.045838 -0.110088 -0.302044
v 3.045784 -0.110088 -0.302826
v 3.045707 -0.110088 -0.303665
v 3.045609 -0.110088 -0.304563
v 3.045490 -0.110088 -0.305518
v 3.045349 -0.110088 -0.306532
v 3.045186 -0.110088 -0.307603
v 3.045002 -0.110088 -0.308733
v 3.044795 -0.110088 -0.309920
v 3.044567 -0.110088 -0.311165
v 3.044317 -0.110088 -0.312468
v 3.044068 -0.110088 -0.313773
v 3.043839 -0.110088 -0.315025
v 3.043633 -0.110088 -0.316225
v 3.043449 -0.110088 -0.317371
v 3.043286 -0.110088 -0.318464
v 3.043145 -0.110088 -0.319504
v 3.043025 -0.110088 -0.320491
v 3.042928 -0.110088 -0.321425
v 3.042851 -0.110088 -0.322305
v 3.042797 -0.110088 -0.323133
v 3.042765 -0.110088 -0.323907
v 3.042754 -0.110088 -0.324629
v 3.042856 -0.110088 -0.327825
v 3.043164 -0.110088 -0.330927
v 3.043677 -0.110088 -0.333934
v 3.044394 -0.110088 -0.336848
v 3.045318 -0.110088 -0.339668
v 3.046446 -0.110088 -0.342393
v 3.047779 -0.110088 -0.345024
v 3.049317 -0.110088 -0.347562
v 3.051060 -0.110088 -0.350005
v 3.053009 -0.110088 -0.352354
v 3.055162 -0.110088 -0.354609
v 3.057521 -0.110088 -0.356769
v 3.060022 -0.110088 -0.358795
v 3.062603 -0.110088 -0.360645
v 3.065263 -0.110088 -0.362318
v 3.068003 -0.110088 -0.363815
v 3.070822 -0.110088 -0.365136
v 3.073721 -0.110088 -0.366281
v 3.076700 -0.110088 -0.367250
v 3.079759 -0.110088 -0.368043
v 3.082897 -0.110088 -0.368659
v 3.086114 -0.110088 -0.369099
v 3.089412 -0.110088 -0.369364
v 3.092789 -0.110088 -0.369452
v 3.101113 -0.110088 -0.368974
v 3.108714 -0.110088 -0.367541
v 3.115591 -0.110088 -0.365152
v 3.121744 -0.110088 -0.361808
v 3.127173 -0.110088 -0.357508
v 3.131878 -0.110088 -0.352252
v 3.135859 -0.110088 -0.346041
v 3.139117 -0.110088 -0.338875
v 3.141651 -0.110088 -0.330753
v 3.143460 -0.110088 -0.321676
v 3.144546 -0.110088 -0.311642
v 3.144908 -0.110088 -0.300654
v 3.144810 -0.110088 -0.297401
v 3.144517 -0.110088 -0.294245
v 3.144029 -0.110088 -0.291186
v 3.143344 -0.110088 -0.288222
v 3.142465 -0.110088 -0.285356
v 3.141390 -0.110088 -0.282586
v 3.140120 -0.110088 -0.279912
v 3.138654 -0.110088 -0.277335
v 3.136992 -0.110088 -0.274855
v 3.135136 -0.110088 -0.272471
v 3.133084 -0.110088 -0.270183
v 2.551093 -0.110088 -0.019903
v 2.540686 -0.110088 -0.009581
v 2.529734 -0.110088 -0.000156
v 2.518236 -0.110088 0.008371
v 2.506193 -0.110088 0.016001
v 2.493605 -0.110088 0.022733
v 2.480471 -0.110088 0.028568
v 2.466792 -0.110088 0.033505
v 2.452568 -0.110088 0.037544
v 2.437799 -0.110088 0.040686
v 2.422483 -0.110088 0.042930
v 2.406623 -0.110088 0.044276
v 2.390217 -0.110088 0.044725
v 2.372885 -0.110088 0.044199
v 2.356330 -0.110088 0.042621
v 2.340552 -0.110088 0.039991
v 2.325551 -0.110088 0.036308
v 2.311326 -0.110088 0.031574
v 2.297879 -0.110088 0.025788
v 2.285208 -0.110088 0.018950
v 2.273315 -0.110088 0.011059
v 2.262199 -0.110088 0.002117
v 2.251859 -0.110088 -0.007877
v 2.242297 -0.110088 -0.018924
v 2.233511 -0.110088 -0.031022
v 2.232124 -0.110088 -0.033216
v 2.230857 -0.110088 -0.035395
v 2.229711 -0.110088 -0.037559
v 2.228685 -0.110088 -0.039709
v 2.227781 -0.110088 -0.041844
v 2.226996 -0.110088 -0.043965
v 2.226333 -0.110088 -0.046072
v 2.225790 -0.110088 -0.048164
v 2.225368 -0.110088 -0.050241
v 2.225066 -0.110088 -0.052304
v 2.224885 -0.110088 -0.054353
v 2.224825 -0.110088 -0.056387
v 2.224928 -0.110088 -0.059476
v 2.225240 -0.110088 -0.062487
v 2.225759 -0.110088 -0.065421
v 2.226485 -0.110088 -0.068278
v 2.227419 -0.110088 -0.071058
v 2.228560 -0.110088 -0.073760
v 2.229909 -0.110088 -0.076386
v 2.231465 -0.110088 -0.078934
v 2.233229 -0.110088 -0.081404
v 2.235200 -0.110088 -0.083798
v 2.237379 -0.110088 -0.086115
v 2.239766 -0.110088 -0.088354
v 2.242285 -0.110088 -0.090463
v 2.244862 -0.110088 -0.092388
v 2.247497 -0.110088 -0.094130
v 2.250190 -0.110088 -0.095689
v 2.252940 -0.110088 -0.097064
v 2.255749 -0.110088 -0.098256
v 2.258615 -0.110088 -0.099265
v 2.261540 -0.110088 -0.100090
v 2.264523 -0.110088 -0.100732
v 2.267563 -0.110088 -0.101191
v 2.270661 -0.110088 -0.101466
v 2.273817 -0.110088 -0.101557
v 2.277021 -0.110088 -0.101456
v 2.280149 -0.110088 -0.101152
v 2.283199 -0.110088 -0.100645
v 2.286171 -0.110088 -0.099936
v 2.289067 -0.110088 -0.099024
v 2.291885 -0.110088 -0.097909
v 2.294626 -0.110088 -0.096592
v 2.297290 -0.110088 -0.095071
v 2.299877 -0.110088 -0.093349
v 2.302386 -0.110088 -0.091423
v 2.304819 -0.110088 -0.089295
v 2.307173 -0.110088 -0.086964
v 2.311073 -0.110088 -0.082901
v 2.314663 -0.110088 -0.079165
v 2.317945 -0.110088 -0.075758
v 2.320918 -0.110088 -0.072679
v 2.323582 -0.110088 -0.069929
v 2.325937 -0.110088 -0.067506
v 2.327983 -0.110088 -0.065412
v 2.329720 -0.110088 -0.063645
v 2.331149 -0.110088 -0.062207
v 2.332268 -0.110088 -0.061097
v 2.333079 -0.110088 -0.060315
v 2.333581 -0.110088 -0.059862
v 2.337106 -0.110088 -0.057531
v 2.340848 -0.110088 -0.055403
v 2.344808 -0.110088 -0.053477
v 2.348985 -0.110088 -0.051754
v 2.353379 -0.110088 -0.050234
v 2.357990 -0.110088 -0.048917
v 2.362818 -0.110088 -0.047802
v 2.367864 -0.110088 -0.046890
v 2.373127 -0.110088 -0.046180
v 2.378606 -0.110088 -0.045674
v 2.384303 -0.110088 -0.045370
v 2.390217 -0.110088 -0.045268
v 2.399013 -0.110088 -0.045541
v 2.407562 -0.110088 -0.046359
v 2.415864 -0.110088 -0.047722
v 2.423921 -0.110088 -0.049631
v 2.431732 -0.110088 -0.052085
v 2.439296 -0.110088 -0.055084
v 2.446615 -0.110088 -0.058629
v 2.453687 -0.110088 -0.062719
v 2.460514 -0.110088 -0.067354
v 2.467093 -0.110088 -0.072535
v 2.473428 -0.110088 -0.078260
v 2.479516 -0.110088 -0.084532
v 2.485010 -0.110088 -0.090955
v 2.490026 -0.110088 -0.097600
v 2.494565 -0.110088 -0.104467
v 2.498626 -0.110088 -0.111557
v 2.502209 -0.110088 -0.118868
v 2.505315 -0.110088 -0.126401
v 2.507942 -0.110088 -0.134156
v 2.510092 -0.110088 -0.142133
v 2.511765 -0.110088 -0.150333
v 2.512959 -0.110088 -0.158754
v 2.513675 -0.110088 -0.167397
v 2.513914 -0.110088 -0.176262
v 2.513795 -0.110088 -0.184710
v 2.513437 -0.110088 -0.192796
v 2.512839 -0.110088 -0.200519
v 2.512003 -0.110088 -0.207881
v 2.510928 -0.110088 -0.214881
v 2.509614 -0.110088 -0.221519
v 2.508062 -0.110088 -0.227795
v 2.506270 -0.110088 -0.233709
v 2.504240 -0.110088 -0.239262
v 2.501970 -0.110088 -0.244452
v 2.499462 -0.110088 -0.249280
v 2.496715 -0.110088 -0.253746
v 2.493726 -0.110088 -0.257853
v 2.490494 -0.110088 -0.261603
v 2.487019 -0.110088 -0.264996
v 2.483299 -0.110088 -0.268031
v 2.479336 -0.110088 -0.270709
v 2.475129 -0.110088 -0.273031
v 2.470678 -0.110088 -0.274995
v 2.465984 -0.110088 -0.276602
v 2.461046 -0.110088 -0.277852
v 2.455864 -0.110088 -0.278744
v 2.450438 -0.110088 -0.279280
v 2.444769 -0.110088 -0.279459
v 2.434743 -0.110088 -0.279184
v 2.425051 -0.110088 -0.278358
v 2.415691 -0.110088 -0.276983
v 2.406664 -0.110088 -0.275057
v 2.397970 -0.110088 -0.272582
v 2.389609 -0.110088 -0.269556
v 2.381581 -0.110088 -0.265980
v 2.373887 -0.110088 -0.261854
v 2.366525 -0.110088 -0.257178
v 2.359496 -0.110088 -0.251951
v 2.352800 -0.110088 -0.246175
v 2.346437 -0.110088 -0.239848
v 2.344002 -0.110088 -0.237071
v 2.341563 -0.110088 -0.234298
v 2.339118 -0.110088 -0.231530
v 2.336669 -0.110088 -0.228768
v 2.334215 -0.110088 -0.226010
v 2.331757 -0.110088 -0.223256
v 2.329293 -0.110088 -0.220508
v 2.326824 -0.110088 -0.217765
v 2.324351 -0.110088 -0.215026
v 2.321873 -0.110088 -0.212292
v 2.319390 -0.110088 -0.209563
v 2.316903 -0.110088 -0.206839
v 2.313758 -0.110088 -0.204008
v 2.310581 -0.110088 -0.201424
v 2.307369 -0.110088 -0.199086
v 2.304124 -0.110088 -0.196994
v 2.300844 -0.110088 -0.195148
v 2.297531 -0.110088 -0.193548
v 2.294185 -0.110088 -0.192195
v 2.290804 -0.110088 -0.191087
v 2.287390 -0.110088 -0.190226
v 2.283942 -0.110088 -0.189610
v 2.280460 -0.110088 -0.189241
v 2.276944 -0.110088 -0.189118
v 2.273685 -0.110088 -0.189212
v 2.270511 -0.110088 -0.189495
v 2.267421 -0.110088 -0.189965
v 2.264416 -0.110088 -0.190624
v 2.261495 -0.110088 -0.191471
v 2.258659 -0.110088 -0.192506
v 2.255907 -0.110088 -0.193729
v 2.253239 -0.110088 -0.195141
v 2.250656 -0.110088 -0.196741
v 2.248158 -0.110088 -0.198529
v 2.245744 -0.110088 -0.200505
v 2.243414 -0.110088 -0.202669
v 2.241222 -0.110088 -0.204962
v 2.239220 -0.110088 -0.207321
v 2.237409 -0.110088 -0.209749
v 2.235789 -0.110088 -0.212244
v 2.234360 -0.110088 -0.214806
v 2.233120 -0.110088 -0.217436
v 2.232072 -0.110088 -0.220134
v 2.231214 -0.110088 -0.222899
v 2.230547 -0.110088 -0.225732
v 2.230070 -0.110088 -0.228633
v 2.229784 -0.110088 -0.231600
v 2.229689 -0.110088 -0.234636
v 2.229730 -0.110088 -0.236277
v 2.229853 -0.110088 -0.238535
v 2.230058 -0.110088 -0.241411
v 2.230345 -0.110088 -0.244905
v 2.230715 -0.110088 -0.249017
v 2.231166 -0.110088 -0.253746
v 2.231699 -0.110088 -0.259093
v 2.232315 -0.110088 -0.265058
v 2.233012 -0.110088 -0.271641
v 2.233791 -0.110088 -0.278841
v 2.234653 -0.110088 -0.286659
v 2.235596 -0.110088 -0.295095
v 2.237427 -0.110088 -0.311589
v 2.239100 -0.110088 -0.327138
v 2.240613 -0.110088 -0.341742
v 2.241966 -0.110088 -0.355399
v 2.243161 -0.110088 -0.368110
v 2.244196 -0.110088 -0.379876
v 2.245072 -0.110088 -0.390695
v 2.245788 -0.110088 -0.400569
v 2.246346 -0.110088 -0.409497
v 2.246744 -0.110088 -0.417479
v 2.246983 -0.110088 -0.424515
v 2.247062 -0.110088 -0.430605
v 2.247020 -0.110088 -0.432039
v 2.246893 -0.110088 -0.433559
v 2.246682 -0.110088 -0.435166
v 2.246387 -0.110088 -0.436860
v 2.246007 -0.110088 -0.438640
v 2.245542 -0.110088 -0.440508
v 2.244993 -0.110088 -0.442463
v 2.244360 -0.110088 -0.444504
v 2.243642 -0.110088 -0.446632
v 2.242840 -0.110088 -0.448847
v 2.241953 -0.110088 -0.451149
v 2.240982 -0.110088 -0.453538
v 2.240010 -0.110088 -0.455927
v 2.239124 -0.110088 -0.458229
v 2.238322 -0.110088 -0.460444
v 2.237604 -0.110088 -0.462572
v 2.236970 -0.110088 -0.464613
v 2.236421 -0.110088 -0.466568
v 2.235957 -0.110088 -0.468435
v 2.235577 -0.110088 -0.470216
v 2.235281 -0.110088 -0.471910
v 2.235070 -0.110088 -0.473517
v 2.234943 -0.110088 -0.475037
v 2.234901 -0.110088 -0.476471
v 2.235024 -0.110088 -0.479308
v 2.235394 -0.110088 -0.482030
v 2.236009 -0.110088 -0.484636
v 2.236870 -0.110088 -0.487126
v 2.237978 -0.110088 -0.489500
v 2.239331 -0.110088 -0.491759
v 2.240931 -0.110088 -0.493902
v 2.242777 -0.110088 -0.495928
v 2.244869 -0.110088 -0.497840
v 2.247207 -0.110088 -0.499635
v 2.249791 -0.110088 -0.501314
v 2.252622 -0.110088 -0.502878
v 2.254972 -0.110088 -0.503988
v 2.257390 -0.110088 -0.505001
v 2.259875 -0.110088 -0.505918
v 2.262428 -0.110088 -0.506738
v 2.265049 -0.110088 -0.507462
v 2.267736 -0.110088 -0.508090
v 2.270492 -0.110088 -0.508621
v 2.273315 -0.110088 -0.509055
v 2.276206 -0.110088 -0.509393
v 2.279164 -0.110088 -0.509634
v 2.282190 -0.110088 -0.509779
v 2.285283 -0.110088 -0.509827
v 2.286491 -0.110088 -0.509819
v 2.287798 -0.110088 -0.509793
v 2.289203 -0.110088 -0.509751
v 2.290708 -0.110088 -0.509692
v 2.292311 -0.110088 -0.509616
v 2.294014 -0.110088 -0.509523
v 2.295815 -0.110088 -0.509413
v 2.297715 -0.110088 -0.509287
v 2.299714 -0.110088 -0.509143
v 2.301812 -0.110088 -0.508982
v 2.304009 -0.110088 -0.508805
v 2.306305 -0.110088 -0.508611
v 2.308601 -0.110088 -0.508417
v 2.310798 -0.110088 -0.508239
v 2.312896 -0.110088 -0.508079
v 2.314895 -0.110088 -0.507935
v 2.316795 -0.110088 -0.507809
v 2.318596 -0.110088 -0.507699
v 2.320299 -0.110088 -0.507606
v 2.321902 -0.110088 -0.507530
v 2.323407 -0.110088 -0.507471
v 2.324812 -0.110088 -0.507429
v 2.326119 -0.110088 -0.507403
v 2.327326 -0.110088 -0.507395
v 2.494456 -0.110088 -0.507047
v 2.495598 -0.110088 -0.507062
v 2.496937 -0.110088 -0.507105
v 2.498474 -0.110088 -0.507178
v 2.500209 -0.110088 -0.507279
v 2.502141 -0.110088 -0.507409
v 2.504272 -0.110088 -0.507569
v 2.506601 -0.110088 -0.507757
v 2.509127 -0.110088 -0.507974
v 2.511851 -0.110088 -0.508220
v 2.514773 -0.110088 -0.508495
v 2.517893 -0.110088 -0.508799
v 2.521211 -0.110088 -0.509132
v 2.524531 -0.110088 -0.509465
v 2.527658 -0.110088 -0.509769
v 2.530592 -0.110088 -0.510044
v 2.533334 -0.110088 -0.510290
v 2.535882 -0.110088 -0.510507
v 2.538237 -0.110088 -0.510696
v 2.540399 -0.110088 -0.510855
v 2.542368 -0.110088 -0.510985
v 2.544144 -0.110088 -0.511087
v 2.545727 -0.110088 -0.511159
v 2.547116 -0.110088 -0.511202
v 2.548313 -0.110088 -0.511217
v 2.551394 -0.110088 -0.511134
v 2.554384 -0.110088 -0.510884
v 2.557282 -0.110088 -0.510468
v 2.560089 -0.110088 -0.509885
v 2.562803 -0.110088 -0.509136
v 2.565426 -0.110088 -0.508220
v 2.567957 -0.110088 -0.507138
v 2.570396 -0.110088 -0.505889
v 2.572744 -0.110088 -0.504474
v 2.575000 -0.110088 -0.502892
v 2.577165 -0.110088 -0.501144
v 2.579237 -0.110088 -0.499229
v 2.581180 -0.110088 -0.497184
v 2.582953 -0.110088 -0.495045
v 2.584558 -0.110088 -0.492812
v 2.585994 -0.110088 -0.490485
v 2.587260 -0.110088 -0.488064
v 2.588358 -0.110088 -0.485548
v 2.589287 -0.110088 -0.482938
v 2.590047 -0.110088 -0.480235
v 2.590639 -0.110088 -0.477437
v 2.591061 -0.110088 -0.474545
v 2.591314 -0.110088 -0.471559
v 2.591399 -0.110088 -0.468479
v 2.590668 -0.110088 -0.460210
v 2.588474 -0.110088 -0.452660
v 2.584819 -0.110088 -0.445829
v 2.579701 -0.110088 -0.439717
v 2.573121 -0.110088 -0.434324
v 2.565078 -0.110088 -0.429650
v 2.555574 -0.110088 -0.425695
v 2.544607 -0.110088 -0.422459
v 2.532178 -0.110088 -0.419943
v 2.518287 -0.110088 -0.418145
v 2.502933 -0.110088 -0.417066
v 2.486117 -0.110088 -0.416707
v 2.484697 -0.110088 -0.416709
v 2.483217 -0.110088 -0.416716
v 2.481676 -0.110088 -0.416729
v 2.480075 -0.110088 -0.416745
v 2.478414 -0.110088 -0.416767
v 2.476692 -0.110088 -0.416794
v 2.474910 -0.110088 -0.416825
v 2.473068 -0.110088 -0.416861
v 2.471166 -0.110088 -0.416902
v 2.469203 -0.110088 -0.416948
v 2.467179 -0.110088 -0.416999
v 2.465096 -0.110088 -0.417054
v 2.463041 -0.110088 -0.417110
v 2.461105 -0.110088 -0.417160
v 2.459287 -0.110088 -0.417206
v 2.457587 -0.110088 -0.417247
v 2.456005 -0.110088 -0.417283
v 2.454542 -0.110088 -0.417315
v 2.453196 -0.110088 -0.417341
v 2.451969 -0.110088 -0.417363
v 2.450861 -0.110088 -0.417380
v 2.449870 -0.110088 -0.417392
v 2.448998 -0.110088 -0.417399
v 2.448244 -0.110088 -0.417402
v 2.344700 -0.110088 -0.417402
v 2.344480 -0.110088 -0.413676
v 2.344169 -0.110088 -0.409564
v 2.343766 -0.110088 -0.405067
v 2.343271 -0.110088 -0.400183
v 2.342685 -0.110088 -0.394913
v 2.342007 -0.110088 -0.389257
v 2.341237 -0.110088 -0.383215
v 2.340376 -0.110088 -0.376787
v 2.339422 -0.110088 -0.369973
v 2.338378 -0.110088 -0.362773
v 2.337241 -0.110088 -0.355186
v 2.336013 -0.110088 -0.347214
v 2.343722 -0.110088 -0.350766
v 2.351678 -0.110088 -0.354009
v 2.359879 -0.110088 -0.356943
v 2.368327 -0.110088 -0.359568
v 2.377021 -0.110088 -0.361885
v 2.385961 -0.110088 -0.363892
v 2.395147 -0.110088 -0.365591
v 2.404579 -0.110088 -0.366981
v 2.414257 -0.110088 -0.368062
v 2.424182 -0.110088 -0.368834
v 2.434352 -0.110088 -0.369297
v 2.444769 -0.110088 -0.369452
v 2.458559 -0.110088 -0.369015
v 2.471785 -0.110088 -0.367705
v 2.484445 -0.110088 -0.365521
v 2.496541 -0.110088 -0.362464
v 2.508073 -0.110088 -0.358533
v 2.519040 -0.110088 -0.353729
v 2.529442 -0.110088 -0.348051
v 2.539279 -0.110088 -0.341500
v 2.548552 -0.110088 -0.334076
v 2.557261 -0.110088 -0.325778
v 2.565404 -0.110088 -0.316606
v 2.572983 -0.110088 -0.306561
v 2.578810 -0.110088 -0.297746
v 2.584131 -0.110088 -0.288560
v 2.588945 -0.110088 -0.279003
v 2.593252 -0.110088 -0.269073
v 2.597052 -0.110088 -0.258773
v 2.600346 -0.110088 -0.248100
v 2.603133 -0.110088 -0.237056
v 2.605413 -0.110088 -0.225640
v 2.607187 -0.110088 -0.213853
v 2.608454 -0.110088 -0.201694
v 2.609214 -0.110088 -0.189164
v 2.609467 -0.110088 -0.176262
v 2.609061 -0.110088 -0.160737
v 2.607845 -0.110088 -0.145666
v 2.605818 -0.110088 -0.131048
v 2.602981 -0.110088 -0.116884
v 2.599332 -0.110088 -0.103174
v 2.594873 -0.110088 -0.089917
v 2.589603 -0.110088 -0.077114
v 2.583523 -0.110088 -0.064765
v 2.576631 -0.110088 -0.052869
v 2.568929 -0.110088 -0.041427
v 2.560416 -0.110088 -0.030438
v 2.144561 -0.110088 0.008936
v 2.142256 -0.110088 0.011267
v 2.139860 -0.110088 0.013395
v 2.137372 -0.110088 0.015321
v 2.134793 -0.110088 0.017044
v 2.132122 -0.110088 0.018564
v 2.129359 -0.110088 0.019881
v 2.126504 -0.110088 0.020996
v 2.123558 -0.110088 0.021908
v 2.120520 -0.110088 0.022617
v 2.117391 -0.110088 0.023124
v 2.114170 -0.110088 0.023428
v 2.110857 -0.110088 0.023529
v 2.109342 -0.110088 0.023509
v 2.107696 -0.110088 0.023447
v 2.105916 -0.110088 0.023345
v 2.104004 -0.110088 0.023201
v 2.101959 -0.110088 0.023017
v 2.099781 -0.110088 0.022791
v 2.097471 -0.110088 0.022525
v 2.095028 -0.110088 0.022217
v 2.092452 -0.110088 0.021868
v 2.089743 -0.110088 0.021479
v 2.086902 -0.110088 0.021048
v 2.083928 -0.110088 0.020576
v 2.080959 -0.110088 0.020104
v 2.078132 -0.110088 0.019674
v 2.075448 -0.110088 0.019284
v 2.072906 -0.110088 0.018935
v 2.070506 -0.110088 0.018628
v 2.068249 -0.110088 0.018361
v 2.066134 -0.110088 0.018135
v 2.064161 -0.110088 0.017951
v 2.062331 -0.110088 0.017807
v 2.060643 -0.110088 0.017705
v 2.059098 -0.110088 0.017643
v 2.057695 -0.110088 0.017623
v 1.955540 -0.110088 0.017275
v 1.953246 -0.110088 0.017298
v 1.950763 -0.110088 0.017367
v 1.948092 -0.110088 0.017481
v 1.945232 -0.110088 0.017642
v 1.942185 -0.110088 0.017848
v 1.938949 -0.110088 0.018100
v 1.935525 -0.110088 0.018398
v 1.931913 -0.110088 0.018742
v 1.928113 -0.110088 0.019132
v 1.924124 -0.110088 0.019567
v 1.919947 -0.110088 0.020049
v 1.915582 -0.110088 0.020576
v 1.911215 -0.110088 0.021103
v 1.907031 -0.110088 0.021585
v 1.903030 -0.110088 0.022020
v 1.899213 -0.110088 0.022410
v 1.895579 -0.110088 0.022754
v 1.892128 -0.110088 0.023052
v 1.888861 -0.110088 0.023304
v 1.885777 -0.110088 0.023510
v 1.882877 -0.110088 0.023671
v 1.880160 -0.110088 0.023785
v 1.877626 -0.110088 0.023854
v 1.875276 -0.110088 0.023877
v 1.874615 -0.110088 0.023867
v 1.873906 -0.110088 0.023838
v 1.873148 -0.110088 0.023790
v 1.872342 -0.110088 0.023723
v 1.871488 -0.110088 0.023636
v 1.870586 -0.110088 0.023529
v 1.869635 -0.110088 0.023404
v 1.868636 -0.110088 0.023259
v 1.867589 -0.110088 0.023095
v 1.866493 -0.110088 0.022912
v 1.865350 -0.110088 0.022709
v 1.864157 -0.110088 0.022487
v 1.862965 -0.110088 0.022265
v 1.861822 -0.110088 0.022062
v 1.860726 -0.110088 0.021879
v 1.859679 -0.110088 0.021715
v 1.858680 -0.110088 0.021570
v 1.857729 -0.110088 0.021445
v 1.856827 -0.110088 0.021339
v 1.855973 -0.110088 0.021252
v 1.855167 -0.110088 0.021184
v 1.854409 -0.110088 0.021136
v 1.853700 -0.110088 0.021107
v 1.853039 -0.110088 0.021097
v 1.847967 -0.110088 0.020921
v 1.843174 -0.110088 0.020393
v 1.838662 -0.110088 0.019512
v 1.834430 -0.110088 0.018279
v 1.830478 -0.110088 0.016694
v 1.826805 -0.110088 0.014756
v 1.823413 -0.110088 0.012466
v 1.820300 -0.110088 0.009824
v 1.817467 -0.110088 0.006830
v 1.814914 -0.110088 0.003483
v 1.812641 -0.110088 -0.000216
v 1.810648 -0.110088 -0.004268
v 1.809538 -0.110088 -0.007052
v 1.808525 -0.110088 -0.010078
v 1.807608 -0.110088 -0.013345
v 1.806787 -0.110088 -0.016853
v 1.806064 -0.110088 -0.020603
v 1.805436 -0.110088 -0.024594
v 1.804905 -0.110088 -0.028827
v 1.804471 -0.110088 -0.033300
v 1.804133 -0.110088 -0.038015
v 1.803892 -0.110088 -0.042971
v 1.803747 -0.110088 -0.048169
v 1.803699 -0.110088 -0.053607
v 1.803899 -0.110088 -0.064289
v 1.804500 -0.110088 -0.074677
v 1.805501 -0.110088 -0.084771
v 1.806903 -0.110088 -0.094569
v 1.808706 -0.110088 -0.104074
v 1.810909 -0.110088 -0.113284
v 1.813512 -0.110088 -0.122200
v 1.816516 -0.110088 -0.130822
v 1.819921 -0.110088 -0.139149
v 1.823726 -0.110088 -0.147181
v 1.827932 -0.110088 -0.154920
v 1.832538 -0.110088 -0.162363
v 1.836435 -0.110088 -0.167981
v 1.840713 -0.110088 -0.173598
v 1.845373 -0.110088 -0.179215
v 1.850413 -0.110088 -0.184833
v 1.855835 -0.110088 -0.190450
v 1.861638 -0.110088 -0.196067
v 1.867823 -0.110088 -0.201685
v 1.874388 -0.110088 -0.207302
v 1.881335 -0.110088 -0.212919
v 1.888663 -0.110088 -0.218537
v 1.896373 -0.110088 -0.224154
v 1.904463 -0.110088 -0.229771
v 1.912279 -0.110088 -0.234923
v 1.920089 -0.110088 -0.240070
v 1.927895 -0.110088 -0.245212
v 1.935696 -0.110088 -0.250349
v 1.943493 -0.110088 -0.255481
v 1.951284 -0.110088 -0.260609
v 1.959071 -0.110088 -0.265731
v 1.966852 -0.110088 -0.270849
v 1.974629 -0.110088 -0.275962
v 1.982401 -0.110088 -0.281071
v 1.990169 -0.110088 -0.286174
v 1.997931 -0.110088 -0.291272
v 2.006700 -0.110088 -0.298007
v 2.014706 -0.110088 -0.304891
v 2.021949 -0.110088 -0.311925
v 2.028430 -0.110088 -0.319108
v 2.034149 -0.110088 -0.326441
v 2.039105 -0.110088 -0.333924
v 2.043299 -0.110088 -0.341556
v 2.046730 -0.110088 -0.349337
v 2.049399 -0.110088 -0.357269
v 2.051305 -0.110088 -0.365350
v 2.052449 -0.110088 -0.373580
v 2.052830 -0.110088 -0.381960
v 2.052678 -0.110088 -0.384160
v 2.052222 -0.110088 -0.386357
v 2.051462 -0.110088 -0.388551
v 2.050398 -0.110088 -0.390744
v 2.049030 -0.110088 -0.392933
v 2.047358 -0.110088 -0.395121
v 2.045382 -0.110088 -0.397306
v 2.043101 -0.110088 -0.399488
v 2.040517 -0.110088 -0.401668
v 2.037629 -0.110088 -0.403846
v 2.034436 -0.110088 -0.406021
v 2.030940 -0.110088 -0.408194
v 2.027299 -0.110088 -0.410275
v 2.023672 -0.110088 -0.412175
v 2.020060 -0.110088 -0.413895
v 2.016462 -0.110088 -0.415433
v 2.012879 -0.110088 -0.416790
v 2.009310 -0.110088 -0.417966
v 2.005756 -0.110088 -0.418962
v 2.002216 -0.110088 -0.419776
v 1.998691 -0.110088 -0.420409
v 1.995180 -0.110088 -0.420862
v 1.991684 -0.110088 -0.421133
v 1.988202 -0.110088 -0.421224
v 1.982033 -0.110088 -0.420996
v 1.975804 -0.110088 -0.420312
v 1.969515 -0.110088 -0.419172
v 1.963165 -0.110088 -0.417575
v 1.956755 -0.110088 -0.415523
v 1.950285 -0.110088 -0.413015
v 1.943754 -0.110088 -0.410051
v 1.937163 -0.110088 -0.406630
v 1.930512 -0.110088 -0.402754
v 1.923800 -0.110088 -0.398422
v 1.917029 -0.110088 -0.393633
v 1.910196 -0.110088 -0.388389
v 1.903514 -0.110088 -0.383144
v 1.897191 -0.110088 -0.378356
v 1.891227 -0.110088 -0.374023
v 1.885623 -0.110088 -0.370147
v 1.880378 -0.110088 -0.366726
v 1.875494 -0.110088 -0.363762
v 1.870968 -0.110088 -0.361254
v 1.866802 -0.110088 -0.359202
v 1.862996 -0.110088 -0.357605
v 1.859549 -0.110088 -0.356465
v 1.856461 -0.110088 -0.355781
v 1.853734 -0.110088 -0.355553
v 1.850696 -0.110088 -0.355616
v 1.847721 -0.110088 -0.355804
v 1.844808 -0.110088 -0.356118
v 1.841958 -0.110088 -0.356557
v 1.839171 -0.110088 -0.357122
v 1.836447 -0.110088 -0.357812
v 1.833786 -0.110088 -0.358627
v 1.831187 -0.110088 -0.359568
v 1.828651 -0.110088 -0.360635
v 1.826178 -0.110088 -0.361827
v 1.823767 -0.110088 -0.363144
v 1.821419 -0.110088 -0.364587
v 1.818645 -0.110088 -0.366501
v 1.816111 -0.110088 -0.368535
v 1.813819 -0.110088 -0.370690
v 1.811768 -0.110088 -0.372965
v 1.809958 -0.110088 -0.375361
v 1.808390 -0.110088 -0.377878
v 1.807062 -0.110088 -0.380515
v 1.805977 -0.110088 -0.383273
v 1.805132 -0.110088 -0.386152
v 1.804529 -0.110088 -0.389151
v 1.804167 -0.110088 -0.392271
v 1.804046 -0.110088 -0.395512
v 1.804167 -0.110088 -0.399003
v 1.804529 -0.110088 -0.402413
v 1.805132 -0.110088 -0.405740
v 1.805977 -0.110088 -0.408985
v 1.807062 -0.110088 -0.412149
v 1.808390 -0.110088 -0.415230
v 1.809958 -0.110088 -0.418229
v 1.811768 -0.110088 -0.421147
v 1.813819 -0.110088 -0.423982
v 1.816111 -0.110088 -0.426735
v 1.818645 -0.110088 -0.429406
v 1.821419 -0.110088 -0.431995
v 1.828352 -0.110088 -0.438052
v 1.835135 -0.110088 -0.443828
v 1.841768 -0.110088 -0.449325
v 1.848251 -0.110088 -0.454542
v 1.854585 -0.110088 -0.459479
v 1.860770 -0.110088 -0.464136
v 1.866804 -0.110088 -0.468513
v 1.872690 -0.110088 -0.472610
v 1.878425 -0.110088 -0.476427
v 1.884011 -0.110088 -0.479964
v 1.889447 -0.110088 -0.483222
v 1.894734 -0.110088 -0.486200
v 1.902284 -0.110088 -0.490140
v 1.909878 -0.110088 -0.493738
v 1.917515 -0.110088 -0.496993
v 1.925195 -0.110088 -0.499905
v 1.932919 -0.110088 -0.502475
v 1.940686 -0.110088 -0.504702
v 1.948497 -0.110088 -0.506586
v 1.956351 -0.110088 -0.508128
v 1.964249 -0.110088 -0.509328
v 1.972190 -0.110088 -0.510184
v 1.980174 -0.110088 -0.510698
v 1.988202 -0.110088 -0.510869
v 1.998138 -0.110088 -0.510650
v 2.007911 -0.110088 -0.509991
v 2.017519 -0.110088 -0.508893
v 2.026963 -0.110088 -0.507356
v 2.036243 -0.110088 -0.505380
v 2.045360 -0.110088 -0.502965
v 2.054312 -0.110088 -0.500110
v 2.063100 -0.110088 -0.496816
v 2.071723 -0.110088 -0.493084
v 2.080183 -0.110088 -0.488912
v 2.088479 -0.110088 -0.484300
v 2.096611 -0.110088 -0.479250
v 2.105435 -0.110088 -0.473073
v 2.113492 -0.110088 -0.466587
v 2.120781 -0.110088 -0.459792
v 2.127303 -0.110088 -0.452689
v 2.133058 -0.110088 -0.445276
v 2.138046 -0.110088 -0.437555
v 2.142266 -0.110088 -0.429524
v 2.145719 -0.110088 -0.421185
v 2.148404 -0.110088 -0.412537
v 2.150323 -0.110088 -0.403580
v 2.151474 -0.110088 -0.394315
v 2.151857 -0.110088 -0.384740
v 2.151669 -0.110088 -0.375018
v 2.151104 -0.110088 -0.365543
v 2.150163 -0.110088 -0.356313
v 2.148846 -0.110088 -0.347330
v 2.147152 -0.110088 -0.338593
v 2.145082 -0.110088 -0.330102
v 2.142635 -0.110088 -0.321856
v 2.139812 -0.110088 -0.313858
v 2.136612 -0.110088 -0.306105
v 2.133036 -0.110088 -0.298598
v 2.129084 -0.110088 -0.291338
v 2.124755 -0.110088 -0.284323
v 2.121051 -0.110088 -0.278834
v 2.117005 -0.110088 -0.273368
v 2.112616 -0.110088 -0.267927
v 2.107884 -0.110088 -0.262510
v 2.102809 -0.110088 -0.257117
v 2.097392 -0.110088 -0.251749
v 2.091633 -0.110088 -0.246404
v 2.085530 -0.110088 -0.241083
v 2.079085 -0.110088 -0.235787
v 2.072298 -0.110088 -0.230515
v 2.065167 -0.110088 -0.225266
v 2.057695 -0.110088 -0.220042
v 2.050456 -0.110088 -0.215470
v 2.043217 -0.110088 -0.210902
v 2.035978 -0.110088 -0.206339
v 2.028739 -0.110088 -0.201781
v 2.021501 -0.110088 -0.197228
v 2.014262 -0.110088 -0.192680
v 2.007023 -0.110088 -0.188136
v 1.999784 -0.110088 -0.183597
v 1.992545 -0.110088 -0.179063
v 1.985307 -0.110088 -0.174534
v 1.978068 -0.110088 -0.170010
v 1.970829 -0.110088 -0.165491
v 1.960250 -0.110088 -0.158225
v 1.950521 -0.110088 -0.150791
v 1.941642 -0.110088 -0.143188
v 1.933612 -0.110088 -0.135416
v 1.926431 -0.110088 -0.127475
v 1.920099 -0.110088 -0.119365
v 1.914617 -0.110088 -0.111086
v 1.909984 -0.110088 -0.102638
v 1.906201 -0.110088 -0.094022
v 1.903266 -0.110088 -0.085236
v 1.901182 -0.110088 -0.076282
v 1.899946 -0.110088 -0.067158
v 1.903257 -0.110088 -0.067569
v 1.906818 -0.110088 -0.067989
v 1.910631 -0.110088 -0.068418
v 1.914694 -0.110088 -0.068857
v 1.919008 -0.110088 -0.069306
v 1.923574 -0.110088 -0.069764
v 1.928390 -0.110088 -0.070233
v 1.933457 -0.110088 -0.070710
v 1.938775 -0.110088 -0.071198
v 1.944344 -0.110088 -0.071695
v 1.950164 -0.110088 -0.072202
v 1.956235 -0.110088 -0.072718
v 1.968278 -0.110088 -0.073328
v 1.979737 -0.110088 -0.073886
v 1.990613 -0.110088 -0.074390
v 2.000904 -0.110088 -0.074841
v 2.010611 -0.110088 -0.075239
v 2.019734 -0.110088 -0.075584
v 2.028274 -0.110088 -0.075876
v 2.036229 -0.110088 -0.076115
v 2.043601 -0.110088 -0.076301
v 2.050388 -0.110088 -0.076434
v 2.056592 -0.110088 -0.076513
v 2.062212 -0.110088 -0.076540
v 2.067187 -0.110088 -0.076451
v 2.072153 -0.110088 -0.076183
v 2.077109 -0.110088 -0.075736
v 2.082056 -0.110088 -0.075112
v 2.086993 -0.110088 -0.074308
v 2.091920 -0.110088 -0.073326
v 2.096837 -0.110088 -0.072165
v 2.101745 -0.110088 -0.070826
v 2.106643 -0.110088 -0.069308
v 2.111532 -0.110088 -0.067612
v 2.116411 -0.110088 -0.065737
v 2.121280 -0.110088 -0.063684
v 2.127052 -0.110088 -0.060957
v 2.132322 -0.110088 -0.058105
v 2.137090 -0.110088 -0.055128
v 2.141356 -0.110088 -0.052025
v 2.145120 -0.110088 -0.048796
v 2.148383 -0.110088 -0.045442
v 2.151143 -0.110088 -0.041963
v 2.153402 -0.110088 -0.038358
v 2.155158 -0.110088 -0.034627
v 2.156413 -0.110088 -0.030771
v 2.157166 -0.110088 -0.026790
v 2.157417 -0.110088 -0.022683
v 2.157327 -0.110088 -0.019703
v 2.157060 -0.110088 -0.016786
v 2.156613 -0.110088 -0.013931
v 2.155988 -0.110088 -0.011140
v 2.155185 -0.110088 -0.008411
v 2.154203 -0.110088 -0.005744
v 2.153042 -0.110088 -0.003141
v 2.151703 -0.110088 -0.000600
v 2.150185 -0.110088 0.001878
v 2.148489 -0.110088 0.004294
v 2.146614 -0.110088 0.006646
v 1.697027 -0.110088 -0.041099
v 1.687858 -0.110088 -0.028723
v 1.677956 -0.110088 -0.017423
v 1.667319 -0.110088 -0.007199
v 1.655949 -0.110088 0.001948
v 1.643846 -0.110088 0.010019
v 1.631009 -0.110088 0.017015
v 1.617439 -0.110088 0.022934
v 1.603135 -0.110088 0.027776
v 1.588098 -0.110088 0.031543
v 1.572327 -0.110088 0.034233
v 1.555822 -0.110088 0.035848
v 1.538584 -0.110088 0.036386
v 1.519855 -0.110088 0.035696
v 1.502004 -0.110088 0.033625
v 1.485031 -0.110088 0.030175
v 1.468937 -0.110088 0.025344
v 1.453721 -0.110088 0.019133
v 1.439383 -0.110088 0.011542
v 1.425924 -0.110088 0.002571
v 1.413343 -0.110088 -0.007781
v 1.401640 -0.110088 -0.019513
v 1.390815 -0.110088 -0.032624
v 1.380869 -0.110088 -0.047117
v 1.371801 -0.110088 -0.062989
v 1.365697 -0.110088 -0.075563
v 1.360123 -0.110088 -0.088730
v 1.355080 -0.110088 -0.102491
v 1.350568 -0.110088 -0.116846
v 1.346586 -0.110088 -0.131794
v 1.343136 -0.110088 -0.147336
v 1.340216 -0.110088 -0.163471
v 1.337827 -0.110088 -0.180200
v 1.335969 -0.110088 -0.197522
v 1.334642 -0.110088 -0.215439
v 1.333846 -0.110088 -0.233948
v 1.333580 -0.110088 -0.253051
v 1.333930 -0.110088 -0.269445
v 1.334980 -0.110088 -0.285501
v 1.336729 -0.110088 -0.301219
v 1.339179 -0.110088 -0.316599
v 1.342327 -0.110088 -0.331641
v 1.346176 -0.110088 -0.346345
v 1.350724 -0.110088 -0.360712
v 1.355973 -0.110088 -0.374741
v 1.361921 -0.110088 -0.388432
v 1.368568 -0.110088 -0.401785
v 1.375916 -0.110088 -0.414801
v 1.383963 -0.110088 -0.427478
v 1.394348 -0.110088 -0.441852
v 1.405351 -0.110088 -0.454976
v 1.416972 -0.110088 -0.466850
v 1.429210 -0.110088 -0.477474
v 1.442066 -0.110088 -0.486849
v 1.455540 -0.110088 -0.494973
v 1.469632 -0.110088 -0.501847
v 1.484341 -0.110088 -0.507472
v 1.499668 -0.110088 -0.511847
v 1.515613 -0.110088 -0.514971
v 1.532175 -0.110088 -0.516846
v 1.549355 -0.110088 -0.517471
v 1.565609 -0.110088 -0.516914
v 1.581245 -0.110088 -0.515242
v 1.596263 -0.110088 -0.512455
v 1.610663 -0.110088 -0.508553
v 1.624446 -0.110088 -0.503536
v 1.637611 -0.110088 -0.497405
v 1.650158 -0.110088 -0.490159
v 1.662088 -0.110088 -0.481798
v 1.673400 -0.110088 -0.472323
v 1.684094 -0.110088 -0.461732
v 1.694170 -0.110088 -0.450027
v 1.703629 -0.110088 -0.437207
v 1.711010 -0.110088 -0.425719
v 1.717750 -0.110088 -0.413840
v 1.723847 -0.110088 -0.401570
v 1.729303 -0.110088 -0.388910
v 1.734117 -0.110088 -0.375858
v 1.738289 -0.110088 -0.362416
v 1.741819 -0.110088 -0.348582
v 1.744707 -0.110088 -0.334358
v 1.746953 -0.110088 -0.319743
v 1.748558 -0.110088 -0.304737
v 1.749521 -0.110088 -0.289340
v 1.749842 -0.110088 -0.273552
v 1.749475 -0.110088 -0.248262
v 1.748375 -0.110088 -0.224048
v 1.746541 -0.110088 -0.200910
v 1.743974 -0.110088 -0.178849
v 1.740673 -0.110088 -0.157863
v 1.736638 -0.110088 -0.137954
v 1.731870 -0.110088 -0.119121
v 1.726369 -0.110088 -0.101364
v 1.720134 -0.110088 -0.084684
v 1.713165 -0.110088 -0.069079
v 1.705463 -0.110088 -0.054551
v 1.626666 -0.110088 -0.385783
v 1.622172 -0.110088 -0.392387
v 1.617318 -0.110088 -0.398417
v 1.612105 -0.110088 -0.403872
v 1.606532 -0.110088 -0.408754
v 1.600600 -0.110088 -0.413061
v 1.594308 -0.110088 -0.416794
v 1.587657 -0.110088 -0.419952
v 1.580646 -0.110088 -0.422536
v 1.573276 -0.110088 -0.424546
v 1.565546 -0.110088 -0.425982
v 1.557457 -0.110088 -0.426844
v 1.549008 -0.110088 -0.427131
v 1.539781 -0.110088 -0.426742
v 1.530863 -0.110088 -0.425577
v 1.522253 -0.110088 -0.423634
v 1.513953 -0.110088 -0.420915
v 1.505961 -0.110088 -0.417419
v 1.498278 -0.110088 -0.413145
v 1.490904 -0.110088 -0.408095
v 1.483839 -0.110088 -0.402268
v 1.477083 -0.110088 -0.395664
v 1.470636 -0.110088 -0.388282
v 1.464497 -0.110088 -0.380124
v 1.458667 -0.110088 -0.371189
v 1.453895 -0.110088 -0.362973
v 1.449537 -0.110088 -0.354540
v 1.445594 -0.110088 -0.345889
v 1.442066 -0.110088 -0.337022
v 1.438954 -0.110088 -0.327937
v 1.436256 -0.110088 -0.318635
v 1.433973 -0.110088 -0.309116
v 1.432106 -0.110088 -0.299380
v 1.430653 -0.110088 -0.289427
v 1.429616 -0.110088 -0.279256
v 1.428993 -0.110088 -0.268868
v 1.428786 -0.110088 -0.258263
v 1.428897 -0.110088 -0.244403
v 1.429229 -0.110088 -0.231084
v 1.429785 -0.110088 -0.218305
v 1.430562 -0.110088 -0.206067
v 1.431560 -0.110088 -0.194369
v 1.432781 -0.110088 -0.183211
v 1.434224 -0.110088 -0.172594
v 1.435889 -0.110088 -0.162518
v 1.437776 -0.110088 -0.152982
v 1.439885 -0.110088 -0.143987
v 1.442216 -0.110088 -0.135532
v 1.444769 -0.110088 -0.127617
v 1.449349 -0.110088 -0.115796
v 1.454517 -0.110088 -0.105003
v 1.460274 -0.110088 -0.095238
v 1.466620 -0.110088 -0.086501
v 1.473555 -0.110088 -0.078791
v 1.481079 -0.110088 -0.072110
v 1.489191 -0.110088 -0.066456
v 1.497892 -0.110088 -0.061831
v 1.507182 -0.110088 -0.058233
v 1.517061 -0.110088 -0.055663
v 1.527528 -0.110088 -0.054121
v 1.538584 -0.110088 -0.053607
v 1.547884 -0.110088 -0.053968
v 1.556787 -0.110088 -0.055050
v 1.565295 -0.110088 -0.056854
v 1.573408 -0.110088 -0.059379
v 1.581124 -0.110088 -0.062626
v 1.588445 -0.110088 -0.066594
v 1.595370 -0.110088 -0.071283
v 1.601900 -0.110088 -0.076694
v 1.608033 -0.110088 -0.082827
v 1.613771 -0.110088 -0.089681
v 1.619114 -0.110088 -0.097256
v 1.624060 -0.110088 -0.105553
v 1.628611 -0.110088 -0.114572
v 1.632766 -0.110088 -0.124311
v 1.636525 -0.110088 -0.134773
v 1.639889 -0.110088 -0.145955
v 1.642857 -0.110088 -0.157860
v 1.645429 -0.110088 -0.170485
v 1.647606 -0.110088 -0.183833
v 1.649386 -0.110088 -0.197901
v 1.650771 -0.110088 -0.212691
v 1.651761 -0.110088 -0.228203
v 1.652354 -0.110088 -0.244436
v 1.652552 -0.110088 -0.261391
v 1.652372 -0.110088 -0.274942
v 1.651833 -0.110088 -0.287914
v 1.650934 -0.110088 -0.300306
v 1.649676 -0.110088 -0.312120
v 1.648058 -0.110088 -0.323355
v 1.646080 -0.110088 -0.334010
v 1.643744 -0.110088 -0.344087
v 1.641047 -0.110088 -0.353584
v 1.637991 -0.110088 -0.362502
v 1.634576 -0.110088 -0.370842
v 1.630801 -0.110088 -0.378602
v 1.275902 -0.110088 0.008936
v 1.273597 -0.110088 0.011267
v 1.271201 -0.110088 0.013395
v 1.268713 -0.110088 0.015321
v 1.266134 -0.110088 0.017044
v 1.263463 -0.110088 0.018564
v 1.260700 -0.110088 0.019881
v 1.257846 -0.110088 0.020996
v 1.254899 -0.110088 0.021908
v 1.251861 -0.110088 0.022617
v 1.248732 -0.110088 0.023124
v 1.245511 -0.110088 0.023428
v 1.242198 -0.110088 0.023529
v 1.240684 -0.110088 0.023509
v 1.239037 -0.110088 0.023447
v 1.237257 -0.110088 0.023345
v 1.235345 -0.110088 0.023201
v 1.233300 -0.110088 0.023017
v 1.231122 -0.110088 0.022791
v 1.228812 -0.110088 0.022525
v 1.226369 -0.110088 0.022217
v 1.223793 -0.110088 0.021868
v 1.221084 -0.110088 0.021479
v 1.218243 -0.110088 0.021048
v 1.215269 -0.110088 0.020576
v 1.212300 -0.110088 0.020104
v 1.209473 -0.110088 0.019674
v 1.206789 -0.110088 0.019284
v 1.204247 -0.110088 0.018935
v 1.201847 -0.110088 0.018628
v 1.199590 -0.110088 0.018361
v 1.197475 -0.110088 0.018135
v 1.195502 -0.110088 0.017951
v 1.193672 -0.110088 0.017807
v 1.191984 -0.110088 0.017705
v 1.190439 -0.110088 0.017643
v 1.189036 -0.110088 0.017623
v 1.086881 -0.110088 0.017275
v 1.084587 -0.110088 0.017298
v 1.082104 -0.110088 0.017367
v 1.079433 -0.110088 0.017481
v 1.076573 -0.110088 0.017642
v 1.073526 -0.110088 0.017848
v 1.070290 -0.110088 0.018100
v 1.066866 -0.110088 0.018398
v 1.063254 -0.110088 0.018742
v 1.059453 -0.110088 0.019132
v 1.055465 -0.110088 0.019567
v 1.051288 -0.110088 0.020049
v 1.046923 -0.110088 0.020576
v 1.042556 -0.110088 0.021103
v 1.038372 -0.110088 0.021585
v 1.034371 -0.110088 0.022020
v 1.030554 -0.110088 0.022410
v 1.026920 -0.110088 0.022754
v 1.023469 -0.110088 0.023052
v 1.020202 -0.110088 0.023304
v 1.017119 -0.110088 0.023510
v 1.014218 -0.110088 0.023671
v 1.011501 -0.110088 0.023785
v 1.008968 -0.110088 0.023854
v 1.006617 -0.110088 0.023877
v 1.005956 -0.110088 0.023867
v 1.005247 -0.110088 0.023838
v 1.004489 -0.110088 0.023790
v 1.003683 -0.110088 0.023723
v 1.002829 -0.110088 0.023636
v 1.001927 -0.110088 0.023529
v 1.000976 -0.110088 0.023404
v 0.999977 -0.110088 0.023259
v 0.998930 -0.110088 0.023095
v 0.997834 -0.110088 0.022912
v 0.996691 -0.110088 0.022709
v 0.995499 -0.110088 0.022487
v 0.994307 -0.110088 0.022265
v 0.993163 -0.110088 0.022062
v 0.992067 -0.110088 0.021879
v 0.991020 -0.110088 0.021715
v 0.990021 -0.110088 0.021570
v 0.989070 -0.110088 0.021445
v 0.988168 -0.110088 0.021339
v 0.987314 -0.110088 0.021252
v 0.986508 -0.110088 0.021184
v 0.985750 -0.110088 0.021136
v 0.985041 -0.110088 0.021107
v 0.984380 -0.110088 0.021097
v 0.979308 -0.110088 0.020921
v 0.974516 -0.110088 0.020393
v 0.970003 -0.110088 0.019512
v 0.965771 -0.110088 0.018279
v 0.961819 -0.110088 0.016694
v 0.958146 -0.110088 0.014756
v 0.954754 -0.110088 0.012466
v 0.951641 -0.110088 0.009824
v 0.948808 -0.110088 0.006830
v 0.946255 -0.110088 0.003483
v 0.943982 -0.110088 -0.000216
v 0.941989 -0.110088 -0.004268
v 0.940879 -0.110088 -0.007052
v 0.939866 -0.110088 -0.010078
v 0.938949 -0.110088 -0.013345
v 0.938128 -0.110088 -0.016853
v 0.937405 -0.110088 -0.020603
v 0.936777 -0.110088 -0.024594
v 0.936246 -0.110088 -0.028827
v 0.935812 -0.110088 -0.033300
v 0.935474 -0.110088 -0.038015
v 0.935233 -0.110088 -0.042971
v 0.935088 -0.110088 -0.048169
v 0.935040 -0.110088 -0.053607
v 0.935240 -0.110088 -0.064289
v 0.935841 -0.110088 -0.074677
v 0.936842 -0.110088 -0.084771
v 0.938244 -0.110088 -0.094569
v 0.940047 -0.110088 -0.104074
v 0.942250 -0.110088 -0.113284
v 0.944853 -0.110088 -0.122200
v 0.947857 -0.110088 -0.130822
v 0.951262 -0.110088 -0.139149
v 0.955067 -0.110088 -0.147181
v 0.959273 -0.110088 -0.154920
v 0.963879 -0.110088 -0.162363
v 0.967776 -0.110088 -0.167981
v 0.972054 -0.110088 -0.173598
v 0.976714 -0.110088 -0.179215
v 0.981754 -0.110088 -0.184833
v 0.987176 -0.110088 -0.190450
v 0.992979 -0.110088 -0.196067
v 0.999164 -0.110088 -0.201685
v 1.005729 -0.110088 -0.207302
v 1.012676 -0.110088 -0.212919
v 1.020004 -0.110088 -0.218537
v 1.027714 -0.110088 -0.224154
v 1.035804 -0.110088 -0.229771
v 1.043620 -0.110088 -0.234923
v 1.051430 -0.110088 -0.240070
v 1.059236 -0.110088 -0.245212
v 1.067037 -0.110088 -0.250349
v 1.074834 -0.110088 -0.255481
v 1.082625 -0.110088 -0.260609
v 1.090412 -0.110088 -0.265731
v 1.098193 -0.110088 -0.270849
v 1.105970 -0.110088 -0.275962
v 1.113742 -0.110088 -0.281071
v 1.121510 -0.110088 -0.286174
v 1.129272 -0.110088 -0.291272
v 1.138041 -0.110088 -0.298007
v 1.146047 -0.110088 -0.304891
v 1.153290 -0.110088 -0.311925
v 1.159772 -0.110088 -0.319108
v 1.165490 -0.110088 -0.326441
v 1.170446 -0.110088 -0.333924
v 1.174640 -0.110088 -0.341556
v 1.178071 -0.110088 -0.349337
v 1.180740 -0.110088 -0.357269
v 1.182646 -0.110088 -0.365350
v 1.183790 -0.110088 -0.373580
v 1.184171 -0.110088 -0.381960
v 1.184019 -0.110088 -0.384160
v 1.183563 -0.110088 -0.386357
v 1.182803 -0.110088 -0.388551
v 1.181739 -0.110088 -0.390744
v 1.180371 -0.110088 -0.392933
v 1.178699 -0.110088 -0.395121
v 1.176723 -0.110088 -0.397306
v 1.174442 -0.110088 -0.399488
v 1.171858 -0.110088 -0.401668
v 1.168970 -0.110088 -0.403846
v 1.165777 -0.110088 -0.406021
v 1.162281 -0.110088 -0.408194
v 1.158640 -0.110088 -0.410275
v 1.155013 -0.110088 -0.412175
v 1.151401 -0.110088 -0.413895
v 1.147803 -0.110088 -0.415433
v 1.144220 -0.110088 -0.416790
v 1.140651 -0.110088 -0.417966
v 1.137097 -0.110088 -0.418962
v 1.133557 -0.110088 -0.419776
v 1.130032 -0.110088 -0.420409
v 1.126521 -0.110088 -0.420862
v 1.123025 -0.110088 -0.421133
v 1.119543 -0.110088 -0.421224
v 1.113374 -0.110088 -0.420996
v 1.107145 -0.110088 -0.420312
v 1.100856 -0.110088 -0.419172
v 1.094506 -0.110088 -0.417575
v 1.088096 -0.110088 -0.415523
v 1.081626 -0.110088 -0.413015
v 1.075095 -0.110088 -0.410051
v 1.068504 -0.110088 -0.406630
v 1.061853 -0.110088 -0.402754
v 1.055142 -0.110088 -0.398422
v 1.048370 -0.110088 -0.393633
v 1.041538 -0.110088 -0.388389
v 1.034855 -0.110088 -0.383144
v 1.028532 -0.110088 -0.378356
v 1.022568 -0.110088 -0.374023
v 1.016964 -0.110088 -0.370147
v 1.011720 -0.110088 -0.366726
v 1.006835 -0.110088 -0.363762
v 1.002309 -0.110088 -0.361254
v 0.998143 -0.110088 -0.359202
v 0.994337 -0.110088 -0.357605
v 0.990890 -0.110088 -0.356465
v 0.987803 -0.110088 -0.355781
v 0.985075 -0.110088 -0.355553
v 0.982037 -0.110088 -0.355616
v 0.979062 -0.110088 -0.355804
v 0.976149 -0.110088 -0.356118
v 0.973300 -0.110088 -0.356557
v 0.970513 -0.110088 -0.357122
v 0.967788 -0.110088 -0.357812
v 0.965127 -0.110088 -0.358627
v 0.962528 -0.110088 -0.359568
v 0.959992 -0.110088 -0.360635
v 0.957519 -0.110088 -0.361827
v 0.955108 -0.110088 -0.363144
v 0.952761 -0.110088 -0.364587
v 0.949986 -0.110088 -0.366501
v 0.947452 -0.110088 -0.368535
v 0.945160 -0.110088 -0.370690
v 0.943109 -0.110088 -0.372965
v 0.941299 -0.110088 -0.375361
v 0.939731 -0.110088 -0.377878
v 0.938403 -0.110088 -0.380515
v 0.937318 -0.110088 -0.383273
v 0.936473 -0.110088 -0.386152
v 0.935870 -0.110088 -0.389151
v 0.935508 -0.110088 -0.392271
v 0.935387 -0.110088 -0.395512
v 0.935508 -0.110088 -0.399003
v 0.935870 -0.110088 -0.402413
v 0.936473 -0.110088 -0.405740
v 0.937318 -0.110088 -0.408985
v 0.938404 -0.110088 -0.412149
v 0.939731 -0.110088 -0.415230
v 0.941299 -0.110088 -0.418229
v 0.943109 -0.110088 -0.421147
v 0.945160 -0.110088 -0.423982
v 0.947452 -0.110088 -0.426735
v 0.949986 -0.110088 -0.429406
v 0.952761 -0.110088 -0.431995
v 0.959693 -0.110088 -0.438052
v 0.966476 -0.110088 -0.443828
v 0.973109 -0.110088 -0.449325
v 0.979592 -0.110088 -0.454542
v 0.985926 -0.110088 -0.459479
v 0.992111 -0.110088 -0.464136
v 0.998146 -0.110088 -0.468513
v 1.004031 -0.110088 -0.472610
v 1.009766 -0.110088 -0.476427
v 1.015352 -0.110088 -0.479964
v 1.020789 -0.110088 -0.483222
v 1.026075 -0.110088 -0.486200
v 1.033625 -0.110088 -0.490140
v 1.041219 -0.110088 -0.493738
v 1.048856 -0.110088 -0.496993
v 1.056536 -0.110088 -0.499905
v 1.064260 -0.110088 -0.502475
v 1.072027 -0.110088 -0.504702
v 1.079838 -0.110088 -0.506586
v 1.087692 -0.110088 -0.508128
v 1.095590 -0.110088 -0.509328
v 1.103531 -0.110088 -0.510184
v 1.111515 -0.110088 -0.510698
v 1.119543 -0.110088 -0.510869
v 1.129480 -0.110088 -0.510650
v 1.139252 -0.110088 -0.509991
v 1.148860 -0.110088 -0.508893
v 1.158304 -0.110088 -0.507356
v 1.167585 -0.110088 -0.505380
v 1.176701 -0.110088 -0.502965
v 1.185653 -0.110088 -0.500110
v 1.194441 -0.110088 -0.496816
v 1.203065 -0.110088 -0.493084
v 1.211524 -0.110088 -0.488912
v 1.219820 -0.110088 -0.484300
v 1.227952 -0.110088 -0.479250
v 1.236776 -0.110088 -0.473073
v 1.244833 -0.110088 -0.466587
v 1.252122 -0.110088 -0.459792
v 1.258644 -0.110088 -0.452689
v 1.264399 -0.110088 -0.445276
v 1.269387 -0.110088 -0.437555
v 1.273607 -0.110088 -0.429524
v 1.277060 -0.110088 -0.421185
v 1.279745 -0.110088 -0.412537
v 1.281664 -0.110088 -0.403580
v 1.282815 -0.110088 -0.394315
v 1.283198 -0.110088 -0.384740
v 1.283010 -0.110088 -0.375018
v 1.282446 -0.110088 -0.365543
v 1.281505 -0.110088 -0.356313
v 1.280187 -0.110088 -0.347330
v 1.278493 -0.110088 -0.338593
v 1.276423 -0.110088 -0.330102
v 1.273976 -0.110088 -0.321856
v 1.271153 -0.110088 -0.313858
v 1.267953 -0.110088 -0.306105
v 1.264377 -0.110088 -0.298598
v 1.260425 -0.110088 -0.291338
v 1.256096 -0.110088 -0.284323
v 1.252392 -0.110088 -0.278834
v 1.248346 -0.110088 -0.273368
v 1.243957 -0.110088 -0.267927
v 1.239225 -0.110088 -0.262510
v 1.234151 -0.110088 -0.257117
v 1.228733 -0.110088 -0.251749
v 1.222974 -0.110088 -0.246404
v 1.216872 -0.110088 -0.241083
v 1.210426 -0.110088 -0.235787
v 1.203639 -0.110088 -0.230515
v 1.196509 -0.110088 -0.225266
v 1.189036 -0.110088 -0.220042
v 1.181797 -0.110088 -0.215470
v 1.174558 -0.110088 -0.210902
v 1.167319 -0.110088 -0.206339
v 1.160080 -0.110088 -0.201781
v 1.152842 -0.110088 -0.197228
v 1.145603 -0.110088 -0.192680
v 1.138364 -0.110088 -0.188136
v 1.131125 -0.110088 -0.183597
v 1.123886 -0.110088 -0.179063
v 1.116647 -0.110088 -0.174534
v 1.109409 -0.110088 -0.170010
v 1.102170 -0.110088 -0.165491
v 1.091592 -0.110088 -0.158225
v 1.081863 -0.110088 -0.150791
v 1.072983 -0.110088 -0.143188
v 1.064953 -0.110088 -0.135416
v 1.057772 -0.110088 -0.127475
v 1.051440 -0.110088 -0.119365
v 1.045958 -0.110088 -0.111086
v 1.041325 -0.110088 -0.102638
v 1.037542 -0.110088 -0.094022
v 1.034608 -0.110088 -0.085236
v 1.032523 -0.110088 -0.076282
v 1.031287 -0.110088 -0.067158
v 1.034598 -0.110088 -0.067569
v 1.038159 -0.110088 -0.067989
v 1.041972 -0.110088 -0.068418
v 1.046035 -0.110088 -0.068857
v 1.050349 -0.110088 -0.069306
v 1.054915 -0.110088 -0.069764
v 1.059731 -0.110088 -0.070233
v 1.064798 -0.110088 -0.070710
v 1.070116 -0.110088 -0.071198
v 1.075685 -0.110088 -0.071695
v 1.081505 -0.110088 -0.072202
v 1.087576 -0.110088 -0.072718
v 1.099619 -0.110088 -0.073328
v 1.111079 -0.110088 -0.073886
v 1.121954 -0.110088 -0.074390
v 1.132245 -0.110088 -0.074841
v 1.141952 -0.110088 -0.075239
v 1.151075 -0.110088 -0.075584
v 1.159615 -0.110088 -0.075876
v 1.167570 -0.110088 -0.076115
v 1.174942 -0.110088 -0.076301
v 1.181729 -0.110088 -0.076434
v 1.187933 -0.110088 -0.076513
v 1.193553 -0.110088 -0.076540
v 1.198528 -0.110088 -0.076451
v 1.203494 -0.110088 -0.076183
v 1.208450 -0.110088 -0.075736
v 1.213397 -0.110088 -0.075112
v 1.218334 -0.110088 -0.074308
v 1.223261 -0.110088 -0.073326
v 1.228179 -0.110088 -0.072165
v 1.233086 -0.110088 -0.070826
v 1.237985 -0.110088 -0.069308
v 1.242873 -0.110088 -0.067612
v 1.247752 -0.110088 -0.065737
v 1.252622 -0.110088 -0.063684
v 1.258393 -0.110088 -0.060957
v 1.263663 -0.110088 -0.058105
v 1.268431 -0.110088 -0.055128
v 1.272697 -0.110088 -0.052025
v 1.276461 -0.110088 -0.048796
v 1.279724 -0.110088 -0.045442
v 1.282484 -0.110088 -0.041963
v 1.284743 -0.110088 -0.038358
v 1.286499 -0.110088 -0.034627
v 1.287754 -0.110088 -0.030771
v 1.288507 -0.110088 -0.026790
v 1.288758 -0.110088 -0.022683
v 1.288669 -0.110088 -0.019703
v 1.288401 -0.110088 -0.016786
v 1.287954 -0.110088 -0.013931
v 1.287329 -0.110088 -0.011140
v 1.286526 -0.110088 -0.008411
v 1.285544 -0.110088 -0.005744
v 1.284383 -0.110088 -0.003141
v 1.283044 -0.110088 -0.000600
v 1.281526 -0.110088 0.001878
v 1.279830 -0.110088 0.004294
v 1.277955 -0.110088 0.006646
v 0.584449 -0.110088 -0.220737
v 0.584304 -0.110088 -0.216590
v 0.583870 -0.110088 -0.212601
v 0.583146 -0.110088 -0.208772
v 0.582133 -0.110088 -0.205102
v 0.580830 -0.110088 -0.201591
v 0.579237 -0.110088 -0.198239
v 0.577355 -0.110088 -0.195047
v 0.575183 -0.110088 -0.192014
v 0.572722 -0.110088 -0.189140
v 0.569972 -0.110088 -0.186425
v 0.566931 -0.110088 -0.183870
v 0.563601 -0.110088 -0.181474
v 0.559330 -0.110088 -0.164504
v 0.554394 -0.110088 -0.148108
v 0.548791 -0.110088 -0.132286
v 0.542522 -0.110088 -0.117039
v 0.535587 -0.110088 -0.102366
v 0.527986 -0.110088 -0.088267
v 0.519720 -0.110088 -0.074742
v 0.510787 -0.110088 -0.061792
v 0.501188 -0.110088 -0.049416
v 0.490924 -0.110088 -0.037614
v 0.479993 -0.110088 -0.026387
v 0.468396 -0.110088 -0.015734
v 0.456119 -0.110088 -0.005744
v 0.443495 -0.110088 0.003377
v 0.430523 -0.110088 0.011629
v 0.417203 -0.110088 0.019012
v 0.403536 -0.110088 0.025527
v 0.389522 -0.110088 0.031174
v 0.375160 -0.110088 0.035951
v 0.360451 -0.110088 0.039860
v 0.345394 -0.110088 0.042901
v 0.329990 -0.110088 0.045072
v 0.314238 -0.110088 0.046375
v 0.298139 -0.110088 0.046810
v 0.283056 -0.110088 0.046471
v 0.268614 -0.110088 0.045453
v 0.254815 -0.110088 0.043758
v 0.241657 -0.110088 0.041385
v 0.229141 -0.110088 0.038334
v 0.217267 -0.110088 0.034605
v 0.206035 -0.110088 0.030198
v 0.195444 -0.110088 0.025112
v 0.185496 -0.110088 0.019349
v 0.176189 -0.110088 0.012908
v 0.167524 -0.110088 0.005788
v 0.159501 -0.110088 -0.002009
v 0.152120 -0.110088 -0.010485
v 0.145381 -0.110088 -0.019638
v 0.139283 -0.110088 -0.029470
v 0.133828 -0.110088 -0.039979
v 0.129014 -0.110088 -0.051167
v 0.124842 -0.110088 -0.063032
v 0.121312 -0.110088 -0.075576
v 0.118423 -0.110088 -0.088798
v 0.116177 -0.110088 -0.102697
v 0.114572 -0.110088 -0.117275
v 0.113610 -0.110088 -0.132531
v 0.113289 -0.110088 -0.148465
v 0.113593 -0.110088 -0.163321
v 0.114505 -0.110088 -0.178241
v 0.116025 -0.110088 -0.193223
v 0.118153 -0.110088 -0.208267
v 0.120889 -0.110088 -0.223375
v 0.124234 -0.110088 -0.238545
v 0.128186 -0.110088 -0.253778
v 0.132747 -0.110088 -0.269073
v 0.137915 -0.110088 -0.284432
v 0.143692 -0.110088 -0.299853
v 0.150076 -0.110088 -0.315337
v 0.157069 -0.110088 -0.330883
v 0.164539 -0.110088 -0.346215
v 0.172357 -0.110088 -0.361055
v 0.180523 -0.110088 -0.375402
v 0.189036 -0.110088 -0.389257
v 0.197896 -0.110088 -0.402620
v 0.207104 -0.110088 -0.415491
v 0.216659 -0.110088 -0.427869
v 0.226562 -0.110088 -0.439755
v 0.236812 -0.110088 -0.451149
v 0.247410 -0.110088 -0.462051
v 0.258355 -0.110088 -0.472460
v 0.269647 -0.110088 -0.482377
v 0.277745 -0.110088 -0.488871
v 0.285939 -0.110088 -0.494799
v 0.294230 -0.110088 -0.500163
v 0.302618 -0.110088 -0.504963
v 0.311101 -0.110088 -0.509197
v 0.319682 -0.110088 -0.512867
v 0.328359 -0.110088 -0.515973
v 0.337132 -0.110088 -0.518514
v 0.346002 -0.110088 -0.520490
v 0.354969 -0.110088 -0.521901
v 0.364032 -0.110088 -0.522748
v 0.373191 -0.110088 -0.523031
v 0.378978 -0.110088 -0.522862
v 0.385102 -0.110088 -0.522355
v 0.391563 -0.110088 -0.521510
v 0.398363 -0.110088 -0.520328
v 0.405501 -0.110088 -0.518808
v 0.412976 -0.110088 -0.516950
v 0.420789 -0.110088 -0.514754
v 0.428940 -0.110088 -0.512221
v 0.437429 -0.110088 -0.509349
v 0.446255 -0.110088 -0.506140
v 0.455420 -0.110088 -0.502593
v 0.464922 -0.110088 -0.498708
v 0.475910 -0.110088 -0.493875
v 0.485943 -0.110088 -0.488989
v 0.495021 -0.110088 -0.484050
v 0.503143 -0.110088 -0.479057
v 0.510309 -0.110088 -0.474012
v 0.516520 -0.110088 -0.468913
v 0.521775 -0.110088 -0.463762
v 0.526075 -0.110088 -0.458557
v 0.529420 -0.110088 -0.453299
v 0.531809 -0.110088 -0.447988
v 0.533242 -0.110088 -0.442624
v 0.533719 -0.110088 -0.437207
v 0.533621 -0.110088 -0.434108
v 0.533324 -0.110088 -0.431064
v 0.532829 -0.110088 -0.428075
v 0.532137 -0.110088 -0.425142
v 0.531246 -0.110088 -0.422265
v 0.530158 -0.110088 -0.419443
v 0.528872 -0.110088 -0.416677
v 0.527388 -0.110088 -0.413966
v 0.525706 -0.110088 -0.411310
v 0.523826 -0.110088 -0.408710
v 0.521749 -0.110088 -0.406166
v 0.519473 -0.110088 -0.403677
v 0.517053 -0.110088 -0.401318
v 0.514541 -0.110088 -0.399165
v 0.511938 -0.110088 -0.397216
v 0.509243 -0.110088 -0.395473
v 0.506456 -0.110088 -0.393935
v 0.503577 -0.110088 -0.392602
v 0.500607 -0.110088 -0.391474
v 0.497545 -0.110088 -0.390551
v 0.494391 -0.110088 -0.389833
v 0.491145 -0.110088 -0.389320
v 0.487808 -0.110088 -0.389012
v 0.484380 -0.110088 -0.388910
v 0.482467 -0.110088 -0.389046
v 0.480205 -0.110088 -0.389455
v 0.477593 -0.110088 -0.390137
v 0.474631 -0.110088 -0.391091
v 0.471320 -0.110088 -0.392318
v 0.467658 -0.110088 -0.393818
v 0.463647 -0.110088 -0.395590
v 0.459285 -0.110088 -0.397635
v 0.454574 -0.110088 -0.399953
v 0.449513 -0.110088 -0.402543
v 0.444102 -0.110088 -0.405406
v 0.438341 -0.110088 -0.408541
v 0.432447 -0.110088 -0.411677
v 0.426638 -0.110088 -0.414540
v 0.420913 -0.110088 -0.417130
v 0.415273 -0.110088 -0.419448
v 0.409717 -0.110088 -0.421493
v 0.404246 -0.110088 -0.423265
v 0.398859 -0.110088 -0.424765
v 0.393557 -0.110088 -0.425992
v 0.388339 -0.110088 -0.426946
v 0.383205 -0.110088 -0.427628
v 0.378156 -0.110088 -0.428037
v 0.373191 -0.110088 -0.428173
v 0.367827 -0.110088 -0.427705
v 0.362159 -0.110088 -0.426301
v 0.356187 -0.110088 -0.423960
v 0.349911 -0.110088 -0.420683
v 0.343331 -0.110088 -0.416470
v 0.336447 -0.110088 -0.411321
v 0.329259 -0.110088 -0.405236
v 0.321767 -0.110088 -0.398214
v 0.313971 -0.110088 -0.390256
v 0.305870 -0.110088 -0.381362
v 0.297466 -0.110088 -0.371532
v 0.288758 -0.110088 -0.360765
v 0.276382 -0.110088 -0.344321
v 0.265082 -0.110088 -0.327650
v 0.254858 -0.110088 -0.310752
v 0.245711 -0.110088 -0.293628
v 0.237640 -0.110088 -0.276276
v 0.230644 -0.110088 -0.258698
v 0.224725 -0.110088 -0.240893
v 0.219883 -0.110088 -0.222861
v 0.216116 -0.110088 -0.204602
v 0.213426 -0.110088 -0.186116
v 0.211811 -0.110088 -0.167404
v 0.211273 -0.110088 -0.148465
v 0.211392 -0.110088 -0.139052
v 0.211746 -0.110088 -0.130156
v 0.212337 -0.110088 -0.121775
v 0.213165 -0.110088 -0.113912
v 0.214229 -0.110088 -0.106564
v 0.215530 -0.110088 -0.099733
v 0.217067 -0.110088 -0.093419
v 0.218840 -0.110088 -0.087620
v 0.220850 -0.110088 -0.082338
v 0.223097 -0.110088 -0.077573
v 0.225580 -0.110088 -0.073324
v 0.228299 -0.110088 -0.069591
v 0.231544 -0.110088 -0.066094
v 0.235258 -0.110088 -0.062902
v 0.239439 -0.110088 -0.060014
v 0.244089 -0.110088 -0.057430
v 0.249207 -0.110088 -0.055149
v 0.254793 -0.110088 -0.053173
v 0.260847 -0.110088 -0.051501
v 0.267369 -0.110088 -0.050133
v 0.274360 -0.110088 -0.049069
v 0.281818 -0.110088 -0.048309
v 0.289744 -0.110088 -0.047853
v 0.298139 -0.110088 -0.047701
v 0.306910 -0.110088 -0.047910
v 0.315503 -0.110088 -0.048540
v 0.323917 -0.110088 -0.049590
v 0.332152 -0.110088 -0.051059
v 0.340209 -0.110088 -0.052949
v 0.348087 -0.110088 -0.055258
v 0.355787 -0.110088 -0.057987
v 0.363308 -0.110088 -0.061136
v 0.370651 -0.110088 -0.064705
v 0.377815 -0.110088 -0.068693
v 0.384800 -0.110088 -0.073102
v 0.391607 -0.110088 -0.077930
v 0.398575 -0.110088 -0.083460
v 0.405235 -0.110088 -0.089396
v 0.411586 -0.110088 -0.095737
v 0.417628 -0.110088 -0.102484
v 0.423361 -0.110088 -0.109636
v 0.428785 -0.110088 -0.117193
v 0.433901 -0.110088 -0.125156
v 0.438707 -0.110088 -0.133524
v 0.443205 -0.110088 -0.142297
v 0.447394 -0.110088 -0.151476
v 0.451274 -0.110088 -0.161060
v 0.454845 -0.110088 -0.171050
v 0.441555 -0.110088 -0.169865
v 0.428554 -0.110088 -0.168396
v 0.415843 -0.110088 -0.166642
v 0.403421 -0.110088 -0.164603
v 0.391289 -0.110088 -0.162279
v 0.379446 -0.110088 -0.159671
v 0.367893 -0.110088 -0.156778
v 0.356629 -0.110088 -0.153600
v 0.345655 -0.110088 -0.150137
v 0.334970 -0.110088 -0.146390
v 0.324576 -0.110088 -0.142358
v 0.314470 -0.110088 -0.138041
v 0.312675 -0.110088 -0.137264
v 0.310880 -0.110088 -0.136555
v 0.309084 -0.110088 -0.135913
v 0.307289 -0.110088 -0.135339
v 0.305494 -0.110088 -0.134832
v 0.303699 -0.110088 -0.134393
v 0.301904 -0.110088 -0.134021
v 0.300109 -0.110088 -0.133717
v 0.298313 -0.110088 -0.133481
v 0.296518 -0.110088 -0.133312
v 0.294723 -0.110088 -0.133210
v 0.292927 -0.110088 -0.133177
v 0.289387 -0.110088 -0.133288
v 0.285949 -0.110088 -0.133621
v 0.282612 -0.110088 -0.134176
v 0.279376 -0.110088 -0.134952
v 0.276242 -0.110088 -0.135951
v 0.273209 -0.110088 -0.137172
v 0.270277 -0.110088 -0.138615
v 0.267447 -0.110088 -0.140280
v 0.264717 -0.110088 -0.142167
v 0.262090 -0.110088 -0.144276
v 0.259563 -0.110088 -0.146607
v 0.257138 -0.110088 -0.149160
v 0.255085 -0.110088 -0.151561
v 0.253210 -0.110088 -0.154015
v 0.251514 -0.110088 -0.156522
v 0.249996 -0.110088 -0.159082
v 0.248657 -0.110088 -0.161695
v 0.247496 -0.110088 -0.164361
v 0.246514 -0.110088 -0.167081
v 0.245711 -0.110088 -0.169853
v 0.245086 -0.110088 -0.172679
v 0.244640 -0.110088 -0.175557
v 0.244372 -0.110088 -0.178489
v 0.244282 -0.110088 -0.181474
v 0.245156 -0.110088 -0.190112
v 0.247776 -0.110088 -0.198307
v 0.252144 -0.110088 -0.206057
v 0.258258 -0.110088 -0.213363
v 0.266119 -0.110088 -0.220226
v 0.275728 -0.110088 -0.226644
v 0.287083 -0.110088 -0.232619
v 0.300185 -0.110088 -0.238149
v 0.315035 -0.110088 -0.243236
v 0.331631 -0.110088 -0.247878
v 0.349974 -0.110088 -0.252077
v 0.370064 -0.110088 -0.255831
v 0.382042 -0.110088 -0.257718
v 0.394348 -0.110088 -0.259441
v 0.406982 -0.110088 -0.261000
v 0.419944 -0.110088 -0.262394
v 0.433235 -0.110088 -0.263625
v 0.446854 -0.110088 -0.264692
v 0.460800 -0.110088 -0.265594
v 0.475075 -0.110088 -0.266332
v 0.489678 -0.110088 -0.266907
v 0.504610 -0.110088 -0.267317
v 0.519869 -0.110088 -0.267563
v 0.535457 -0.110088 -0.267645
v 0.538884 -0.110088 -0.267551
v 0.542218 -0.110088 -0.267269
v 0.545457 -0.110088 -0.266798
v 0.548603 -0.110088 -0.266139
v 0.551654 -0.110088 -0.265292
v 0.554611 -0.110088 -0.264257
v 0.557474 -0.110088 -0.263034
v 0.560243 -0.110088 -0.261622
v 0.562917 -0.110088 -0.260022
v 0.565498 -0.110088 -0.258234
v 0.567985 -0.110088 -0.256258
v 0.570377 -0.110088 -0.254094
v 0.572625 -0.110088 -0.251792
v 0.574677 -0.110088 -0.249403
v 0.576533 -0.110088 -0.246927
v 0.578195 -0.110088 -0.244365
v 0.579661 -0.110088 -0.241715
v 0.580931 -0.110088 -0.238979
v 0.582006 -0.110088 -0.236156
v 0.582886 -0.110088 -0.233246
v 0.583570 -0.110088 -0.230249
v 0.584058 -0.110088 -0.227165
v 0.584351 -0.110088 -0.223995
v 0.013219 -0.110088 -0.217263
v 0.002629 -0.110088 -0.209882
v -0.008295 -0.110088 -0.203142
v -0.019551 -0.110088 -0.197045
v -0.031140 -0.110088 -0.191589
v -0.043063 -0.110088 -0.186775
v -0.055318 -0.110088 -0.182603
v -0.067906 -0.110088 -0.179073
v -0.080828 -0.110088 -0.176185
v -0.094082 -0.110088 -0.173938
v -0.107669 -0.110088 -0.172334
v -0.121590 -0.110088 -0.171371
v -0.135843 -0.110088 -0.171050
v -0.136948 -0.110088 -0.171067
v -0.138294 -0.110088 -0.171118
v -0.139882 -0.110088 -0.171202
v -0.141711 -0.110088 -0.171320
v -0.143781 -0.110088 -0.171472
v -0.146093 -0.110088 -0.171658
v -0.148646 -0.110088 -0.171878
v -0.151440 -0.110088 -0.172131
v -0.154475 -0.110088 -0.172418
v -0.157752 -0.110088 -0.172739
v -0.161270 -0.110088 -0.173094
v -0.165030 -0.110088 -0.173482
v -0.165363 -0.110088 -0.164941
v -0.165667 -0.110088 -0.155530
v -0.165942 -0.110088 -0.145251
v -0.166188 -0.110088 -0.134103
v -0.166405 -0.110088 -0.122087
v -0.166593 -0.110088 -0.109202
v -0.166752 -0.110088 -0.095448
v -0.166883 -0.110088 -0.080825
v -0.166984 -0.110088 -0.065334
v -0.167056 -0.110088 -0.048975
v -0.167100 -0.110088 -0.031746
v -0.167114 -0.110088 -0.013649
v -0.167204 -0.110088 -0.010616
v -0.167472 -0.110088 -0.007655
v -0.167918 -0.110088 -0.004767
v -0.168543 -0.110088 -0.001951
v -0.169346 -0.110088 0.000792
v -0.170328 -0.110088 0.003463
v -0.171489 -0.110088 0.006062
v -0.172828 -0.110088 0.008589
v -0.174346 -0.110088 0.011043
v -0.176042 -0.110088 0.013424
v -0.177917 -0.110088 0.015733
v -0.179971 -0.110088 0.017970
v -0.182162 -0.110088 0.020079
v -0.184449 -0.110088 0.022005
v -0.186833 -0.110088 0.023747
v -0.189314 -0.110088 0.025305
v -0.191891 -0.110088 0.026681
v -0.194564 -0.110088 0.027873
v -0.197334 -0.110088 0.028881
v -0.200201 -0.110088 0.029707
v -0.203164 -0.110088 0.030348
v -0.206223 -0.110088 0.030807
v -0.209380 -0.110088 0.031082
v -0.212632 -0.110088 0.031174
v -0.215886 -0.110088 0.031082
v -0.219046 -0.110088 0.030807
v -0.222111 -0.110088 0.030348
v -0.225083 -0.110088 0.029707
v -0.227960 -0.110088 0.028881
v -0.230744 -0.110088 0.027873
v -0.233433 -0.110088 0.026681
v -0.236028 -0.110088 0.025305
v -0.238529 -0.110088 0.023747
v -0.240936 -0.110088 0.022005
v -0.243249 -0.110088 0.020079
v -0.245467 -0.110088 0.017970
v -0.247549 -0.110088 0.015733
v -0.249449 -0.110088 0.013424
v -0.251168 -0.110088 0.011043
v -0.252706 -0.110088 0.008589
v -0.254064 -0.110088 0.006062
v -0.255240 -0.110088 0.003464
v -0.256235 -0.110088 0.000792
v -0.257050 -0.110088 -0.001951
v -0.257683 -0.110088 -0.004767
v -0.258135 -0.110088 -0.007655
v -0.258407 -0.110088 -0.010616
v -0.258497 -0.110088 -0.013649
v -0.258497 -0.110088 -0.110591
v -0.258449 -0.110088 -0.119927
v -0.258304 -0.110088 -0.129982
v -0.258063 -0.110088 -0.140756
v -0.257725 -0.110088 -0.152248
v -0.257291 -0.110088 -0.164460
v -0.256760 -0.110088 -0.177391
v -0.256133 -0.110088 -0.191041
v -0.255409 -0.110088 -0.205410
v -0.254588 -0.110088 -0.220498
v -0.253672 -0.110088 -0.236306
v -0.252658 -0.110088 -0.252832
v -0.251548 -0.110088 -0.270077
v -0.250491 -0.110088 -0.287593
v -0.249521 -0.110088 -0.304351
v -0.248638 -0.110088 -0.320351
v -0.247842 -0.110088 -0.335593
v -0.247132 -0.110088 -0.350078
v -0.246510 -0.110088 -0.363805
v -0.245974 -0.110088 -0.376775
v -0.245525 -0.110088 -0.388987
v -0.245163 -0.110088 -0.400441
v -0.244888 -0.110088 -0.411138
v -0.244700 -0.110088 -0.421077
v -0.244599 -0.110088 -0.430258
v -0.244193 -0.110088 -0.444661
v -0.243093 -0.110088 -0.457756
v -0.241298 -0.110088 -0.469543
v -0.238808 -0.110088 -0.480022
v -0.235623 -0.110088 -0.489194
v -0.231743 -0.110088 -0.497058
v -0.227168 -0.110088 -0.503614
v -0.221898 -0.110088 -0.508862
v -0.215933 -0.110088 -0.512802
v -0.209273 -0.110088 -0.515435
v -0.201919 -0.110088 -0.516759
v -0.193869 -0.110088 -0.516776
v -0.191837 -0.110088 -0.517287
v -0.189680 -0.110088 -0.517775
v -0.187398 -0.110088 -0.518242
v -0.184989 -0.110088 -0.518687
v -0.182456 -0.110088 -0.519111
v -0.179797 -0.110088 -0.519513
v -0.177012 -0.110088 -0.519893
v -0.174102 -0.110088 -0.520251
v -0.171067 -0.110088 -0.520588
v -0.167906 -0.110088 -0.520902
v -0.164620 -0.110088 -0.521196
v -0.161208 -0.110088 -0.521467
v -0.157670 -0.110088 -0.521717
v -0.154007 -0.110088 -0.521945
v -0.150219 -0.110088 -0.522151
v -0.146305 -0.110088 -0.522336
v -0.142266 -0.110088 -0.522499
v -0.138101 -0.110088 -0.522640
v -0.133811 -0.110088 -0.522759
v -0.129395 -0.110088 -0.522857
v -0.124854 -0.110088 -0.522933
v -0.120188 -0.110088 -0.522987
v -0.115396 -0.110088 -0.523020
v -0.110478 -0.110088 -0.523031
v -0.099185 -0.110088 -0.522724
v -0.088009 -0.110088 -0.521805
v -0.076948 -0.110088 -0.520273
v -0.066003 -0.110088 -0.518128
v -0.055173 -0.110088 -0.515370
v -0.044460 -0.110088 -0.511999
v -0.033862 -0.110088 -0.508015
v -0.023380 -0.110088 -0.503418
v -0.013014 -0.110088 -0.498209
v -0.002764 -0.110088 -0.492386
v 0.007370 -0.110088 -0.485951
v 0.017389 -0.110088 -0.478903
v 0.027989 -0.110088 -0.470530
v 0.037667 -0.110088 -0.461858
v 0.046424 -0.110088 -0.452886
v 0.054258 -0.110088 -0.443616
v 0.061172 -0.110088 -0.434046
v 0.067163 -0.110088 -0.424177
v 0.072232 -0.110088 -0.414009
v 0.076380 -0.110088 -0.403542
v 0.079606 -0.110088 -0.392775
v 0.081911 -0.110088 -0.381709
v 0.083293 -0.110088 -0.370345
v 0.083754 -0.110088 -0.358680
v 0.083264 -0.110088 -0.344109
v 0.081795 -0.110088 -0.330044
v 0.079346 -0.110088 -0.316485
v 0.075917 -0.110088 -0.303434
v 0.071508 -0.110088 -0.290889
v 0.066120 -0.110088 -0.278851
v 0.059752 -0.110088 -0.267319
v 0.052405 -0.110088 -0.256294
v 0.044078 -0.110088 -0.245776
v 0.034771 -0.110088 -0.235765
v 0.024485 -0.110088 -0.226261
v -0.043417 -0.110088 -0.411147
v -0.049194 -0.110088 -0.414699
v -0.055057 -0.110088 -0.417942
v -0.061008 -0.110088 -0.420876
v -0.067045 -0.110088 -0.423502
v -0.073169 -0.110088 -0.425818
v -0.079380 -0.110088 -0.427826
v -0.085678 -0.110088 -0.429524
v -0.092062 -0.110088 -0.430914
v -0.098534 -0.110088 -0.431995
v -0.105092 -0.110088 -0.432767
v -0.111737 -0.110088 -0.433231
v -0.118470 -0.110088 -0.433385
v -0.120305 -0.110088 -0.433384
v -0.122103 -0.110088 -0.433380
v -0.123866 -0.110088 -0.433374
v -0.125593 -0.110088 -0.433366
v -0.127283 -0.110088 -0.433355
v -0.128937 -0.110088 -0.433342
v -0.130555 -0.110088 -0.433326
v -0.132136 -0.110088 -0.433308
v -0.133682 -0.110088 -0.433287
v -0.135191 -0.110088 -0.433264
v -0.136664 -0.110088 -0.433239
v -0.138101 -0.110088 -0.433211
v -0.139502 -0.110088 -0.433179
v -0.140867 -0.110088 -0.433139
v -0.142195 -0.110088 -0.433092
v -0.143487 -0.110088 -0.433038
v -0.144743 -0.110088 -0.432976
v -0.145963 -0.110088 -0.432907
v -0.147146 -0.110088 -0.432831
v -0.148294 -0.110088 -0.432748
v -0.149405 -0.110088 -0.432658
v -0.150480 -0.110088 -0.432560
v -0.151518 -0.110088 -0.432455
v -0.152521 -0.110088 -0.432343
v -0.152523 -0.110088 -0.429507
v -0.152531 -0.110088 -0.426445
v -0.152543 -0.110088 -0.423157
v -0.152560 -0.110088 -0.419641
v -0.152581 -0.110088 -0.415898
v -0.152608 -0.110088 -0.411929
v -0.152639 -0.110088 -0.407733
v -0.152676 -0.110088 -0.403310
v -0.152717 -0.110088 -0.398660
v -0.152762 -0.110088 -0.393784
v -0.152813 -0.110088 -0.388681
v -0.152868 -0.110088 -0.383350
v -0.153020 -0.110088 -0.376623
v -0.153245 -0.110088 -0.369297
v -0.153542 -0.110088 -0.361373
v -0.153911 -0.110088 -0.352851
v -0.154352 -0.110088 -0.343730
v -0.154866 -0.110088 -0.334010
v -0.155453 -0.110088 -0.323693
v -0.156111 -0.110088 -0.312777
v -0.156843 -0.110088 -0.301262
v -0.157646 -0.110088 -0.289149
v -0.158522 -0.110088 -0.276438
v -0.159470 -0.110088 -0.263128
v -0.156599 -0.110088 -0.262684
v -0.153891 -0.110088 -0.262279
v -0.151348 -0.110088 -0.261912
v -0.148969 -0.110088 -0.261584
v -0.146754 -0.110088 -0.261294
v -0.144703 -0.110088 -0.261043
v -0.142816 -0.110088 -0.260831
v -0.141093 -0.110088 -0.260657
v -0.139534 -0.110088 -0.260522
v -0.138140 -0.110088 -0.260425
v -0.136909 -0.110088 -0.260368
v -0.135843 -0.110088 -0.260348
v -0.126937 -0.110088 -0.260527
v -0.118286 -0.110088 -0.261062
v -0.109892 -0.110088 -0.261955
v -0.101753 -0.110088 -0.263205
v -0.093870 -0.110088 -0.264812
v -0.086242 -0.110088 -0.266776
v -0.078871 -0.110088 -0.269098
v -0.071755 -0.110088 -0.271776
v -0.064895 -0.110088 -0.274811
v -0.058291 -0.110088 -0.278204
v -0.051942 -0.110088 -0.281954
v -0.045850 -0.110088 -0.286061
v -0.039745 -0.110088 -0.290759
v -0.034171 -0.110088 -0.295703
v -0.029128 -0.110088 -0.300893
v -0.024616 -0.110088 -0.306329
v -0.020635 -0.110088 -0.312012
v -0.017184 -0.110088 -0.317940
v -0.014264 -0.110088 -0.324115
v -0.011876 -0.110088 -0.330536
v -0.010018 -0.110088 -0.337203
v -0.008690 -0.110088 -0.344116
v -0.007894 -0.110088 -0.351275
v -0.007629 -0.110088 -0.358680
v -0.007877 -0.110088 -0.363557
v -0.008623 -0.110088 -0.368342
v -0.009866 -0.110088 -0.373035
v -0.011605 -0.110088 -0.377636
v -0.013842 -0.110088 -0.382146
v -0.016576 -0.110088 -0.386564
v -0.019807 -0.110088 -0.390891
v -0.023535 -0.110088 -0.395125
v -0.027760 -0.110088 -0.399268
v -0.032482 -0.110088 -0.403320
v -0.037701 -0.110088 -0.407279
v -0.284210 -0.110088 -0.453190
v -0.284528 -0.110088 -0.448362
v -0.285484 -0.110088 -0.443490
v -0.287076 -0.110088 -0.438575
v -0.289306 -0.110088 -0.433617
v -0.292172 -0.110088 -0.428615
v -0.295676 -0.110088 -0.423569
v -0.299817 -0.110088 -0.418480
v -0.304594 -0.110088 -0.413348
v -0.310009 -0.110088 -0.408172
v -0.316061 -0.110088 -0.402953
v -0.322749 -0.110088 -0.397690
v -0.330075 -0.110088 -0.392384
v -0.333320 -0.110088 -0.390370
v -0.336686 -0.110088 -0.388263
v -0.340173 -0.110088 -0.386065
v -0.343781 -0.110088 -0.383775
v -0.347509 -0.110088 -0.381393
v -0.351357 -0.110088 -0.378920
v -0.355327 -0.110088 -0.376355
v -0.359416 -0.110088 -0.373699
v -0.363627 -0.110088 -0.370950
v -0.367958 -0.110088 -0.368110
v -0.372410 -0.110088 -0.365178
v -0.376982 -0.110088 -0.362155
v -0.386919 -0.110088 -0.354482
v -0.397154 -0.110088 -0.345940
v -0.407689 -0.110088 -0.336530
v -0.418523 -0.110088 -0.326250
v -0.429657 -0.110088 -0.315103
v -0.441089 -0.110088 -0.303086
v -0.452821 -0.110088 -0.290201
v -0.464852 -0.110088 -0.276447
v -0.477182 -0.110088 -0.261825
v -0.489811 -0.110088 -0.246334
v -0.502740 -0.110088 -0.229974
v -0.515968 -0.110088 -0.212746
v -0.526218 -0.110088 -0.198961
v -0.536468 -0.110088 -0.185171
v -0.546718 -0.110088 -0.171376
v -0.556969 -0.110088 -0.157576
v -0.567219 -0.110088 -0.143772
v -0.577469 -0.110088 -0.129963
v -0.587719 -0.110088 -0.116148
v -0.597969 -0.110088 -0.102330
v -0.608220 -0.110088 -0.088506
v -0.618470 -0.110088 -0.074677
v -0.628720 -0.110088 -0.060844
v -0.638970 -0.110088 -0.047006
v -0.640360 -0.110088 -0.045268
v -0.635635 -0.110088 -0.045408
v -0.629917 -0.110088 -0.045596
v -0.623204 -0.110088 -0.045833
v -0.615497 -0.110088 -0.046118
v -0.606796 -0.110088 -0.046451
v -0.597101 -0.110088 -0.046832
v -0.586411 -0.110088 -0.047261
v -0.574728 -0.110088 -0.047739
v -0.562050 -0.110088 -0.048265
v -0.548378 -0.110088 -0.048839
v -0.533713 -0.110088 -0.049462
v -0.518053 -0.110088 -0.050133
v -0.505585 -0.110088 -0.050688
v -0.493547 -0.110088 -0.051194
v -0.481938 -0.110088 -0.051653
v -0.470759 -0.110088 -0.052063
v -0.460009 -0.110088 -0.052425
v -0.449689 -0.110088 -0.052739
v -0.439798 -0.110088 -0.053004
v -0.430337 -0.110088 -0.053221
v -0.421306 -0.110088 -0.053390
v -0.412704 -0.110088 -0.053511
v -0.404531 -0.110088 -0.053583
v -0.396788 -0.110088 -0.053607
v -0.388728 -0.110088 -0.053581
v -0.381113 -0.110088 -0.053501
v -0.373942 -0.110088 -0.053369
v -0.367215 -0.110088 -0.053183
v -0.360932 -0.110088 -0.052944
v -0.355092 -0.110088 -0.052652
v -0.349697 -0.110088 -0.052307
v -0.344746 -0.110088 -0.051909
v -0.340238 -0.110088 -0.051457
v -0.336175 -0.110088 -0.050953
v -0.332555 -0.110088 -0.050396
v -0.329380 -0.110088 -0.049785
v -0.322711 -0.110088 -0.048128
v -0.316601 -0.110088 -0.046166
v -0.311051 -0.110088 -0.043900
v -0.306061 -0.110088 -0.041330
v -0.301631 -0.110088 -0.038457
v -0.297761 -0.110088 -0.035279
v -0.294450 -0.110088 -0.031797
v -0.291699 -0.110088 -0.028011
v -0.289508 -0.110088 -0.023921
v -0.287877 -0.110088 -0.019527
v -0.286806 -0.110088 -0.014829
v -0.286294 -0.110088 -0.009827
v -0.286246 -0.110088 -0.006072
v -0.286449 -0.110088 -0.002453
v -0.286902 -0.110088 0.001031
v -0.287607 -0.110088 0.004380
v -0.288563 -0.110088 0.007594
v -0.289769 -0.110088 0.010673
v -0.291227 -0.110088 0.013617
v -0.292935 -0.110088 0.016426
v -0.294894 -0.110088 0.019099
v -0.297104 -0.110088 0.021638
v -0.299566 -0.110088 0.024041
v -0.302278 -0.110088 0.026309
v -0.304751 -0.110088 0.028141
v -0.307306 -0.110088 0.029813
v -0.309944 -0.110088 0.031326
v -0.312663 -0.110088 0.032679
v -0.315464 -0.110088 0.033874
v -0.318348 -0.110088 0.034909
v -0.321313 -0.110088 0.035785
v -0.324361 -0.110088 0.036501
v -0.327491 -0.110088 0.037059
v -0.330702 -0.110088 0.037457
v -0.333996 -0.110088 0.037696
v -0.337371 -0.110088 0.037775
v -0.339121 -0.110088 0.037767
v -0.341010 -0.110088 0.037742
v -0.343040 -0.110088 0.037699
v -0.345209 -0.110088 0.037640
v -0.347518 -0.110088 0.037564
v -0.349967 -0.110088 0.037471
v -0.352556 -0.110088 0.037362
v -0.355285 -0.110088 0.037235
v -0.358154 -0.110088 0.037091
v -0.361163 -0.110088 0.036931
v -0.364312 -0.110088 0.036754
v -0.367601 -0.110088 0.036559
v -0.370890 -0.110088 0.036365
v -0.374039 -0.110088 0.036188
v -0.377048 -0.110088 0.036027
v -0.379917 -0.110088 0.035884
v -0.382646 -0.110088 0.035757
v -0.385235 -0.110088 0.035647
v -0.387684 -0.110088 0.035554
v -0.389993 -0.110088 0.035478
v -0.392162 -0.110088 0.035419
v -0.394192 -0.110088 0.035377
v -0.396081 -0.110088 0.035352
v -0.397830 -0.110088 0.035343
v -0.407001 -0.110088 0.035361
v -0.416907 -0.110088 0.035416
v -0.427549 -0.110088 0.035506
v -0.438927 -0.110088 0.035633
v -0.451042 -0.110088 0.035796
v -0.463892 -0.110088 0.035995
v -0.477478 -0.110088 0.036230
v -0.491800 -0.110088 0.036501
v -0.506858 -0.110088 0.036809
v -0.522652 -0.110088 0.037153
v -0.539181 -0.110088 0.037533
v -0.556447 -0.110088 0.037949
v -0.573713 -0.110088 0.038365
v -0.590243 -0.110088 0.038746
v -0.606037 -0.110088 0.039089
v -0.621095 -0.110088 0.039397
v -0.635417 -0.110088 0.039669
v -0.649003 -0.110088 0.039904
v -0.661853 -0.110088 0.040103
v -0.673967 -0.110088 0.040266
v -0.685346 -0.110088 0.040392
v -0.695988 -0.110088 0.040483
v -0.705894 -0.110088 0.040537
v -0.715064 -0.110088 0.040555
v -0.718773 -0.110088 0.040476
v -0.722371 -0.110088 0.040237
v -0.725857 -0.110088 0.039839
v -0.729233 -0.110088 0.039281
v -0.732498 -0.110088 0.038565
v -0.735652 -0.110088 0.037689
v -0.738694 -0.110088 0.036653
v -0.741626 -0.110088 0.035459
v -0.744447 -0.110088 0.034105
v -0.747156 -0.110088 0.032592
v -0.749755 -0.110088 0.030920
v -0.752243 -0.110088 0.029089
v -0.754851 -0.110088 0.026934
v -0.757233 -0.110088 0.024639
v -0.759388 -0.110088 0.022205
v -0.761315 -0.110088 0.019630
v -0.763017 -0.110088 0.016916
v -0.764491 -0.110088 0.014061
v -0.765738 -0.110088 0.011067
v -0.766759 -0.110088 0.007932
v -0.767553 -0.110088 0.004658
v -0.768120 -0.110088 0.001244
v -0.768460 -0.110088 -0.002311
v -0.768574 -0.110088 -0.006005
v -0.768422 -0.110088 -0.010240
v -0.767966 -0.110088 -0.014605
v -0.767206 -0.110088 -0.019100
v -0.766142 -0.110088 -0.023726
v -0.764773 -0.110088 -0.028481
v -0.763101 -0.110088 -0.033368
v -0.761125 -0.110088 -0.038384
v -0.758845 -0.110088 -0.043531
v -0.756261 -0.110088 -0.048808
v -0.753372 -0.110088 -0.054215
v -0.750180 -0.110088 -0.059753
v -0.746683 -0.110088 -0.065421
v -0.745349 -0.110088 -0.067431
v -0.743662 -0.110088 -0.069871
v -0.741624 -0.110088 -0.072740
v -0.739232 -0.110088 -0.076038
v -0.736489 -0.110088 -0.079766
v -0.733393 -0.110088 -0.083924
v -0.729945 -0.110088 -0.088511
v -0.726145 -0.110088 -0.093527
v -0.721992 -0.110088 -0.098973
v -0.717487 -0.110088 -0.104849
v -0.712630 -0.110088 -0.111154
v -0.707420 -0.110088 -0.117888
v -0.697920 -0.110088 -0.130568
v -0.688416 -0.110088 -0.143243
v -0.678907 -0.110088 -0.155914
v -0.669392 -0.110088 -0.168579
v -0.659873 -0.110088 -0.181240
v -0.650349 -0.110088 -0.193896
v -0.640821 -0.110088 -0.206547
v -0.631287 -0.110088 -0.219193
v -0.621749 -0.110088 -0.231835
v -0.612206 -0.110088 -0.244471
v -0.602657 -0.110088 -0.257103
v -0.593105 -0.110088 -0.269730
v -0.581815 -0.110088 -0.284092
v -0.570645 -0.110088 -0.297990
v -0.559596 -0.110088 -0.311425
v -0.548668 -0.110088 -0.324397
v -0.537860 -0.110088 -0.336906
v -0.527174 -0.110088 -0.348951
v -0.516607 -0.110088 -0.360534
v -0.506162 -0.110088 -0.371652
v -0.495837 -0.110088 -0.382308
v -0.485632 -0.110088 -0.392500
v -0.475549 -0.110088 -0.402229
v -0.465586 -0.110088 -0.411495
v -0.474441 -0.110088 -0.410884
v -0.482939 -0.110088 -0.410327
v -0.491081 -0.110088 -0.409823
v -0.498865 -0.110088 -0.409371
v -0.506292 -0.110088 -0.408973
v -0.513362 -0.110088 -0.408628
v -0.520074 -0.110088 -0.408336
v -0.526430 -0.110088 -0.408097
v -0.532429 -0.110088 -0.407912
v -0.538070 -0.110088 -0.407779
v -0.543355 -0.110088 -0.407699
v -0.548282 -0.110088 -0.407673
v -0.688657 -0.110088 -0.407673
v -0.689318 -0.110088 -0.407669
v -0.690028 -0.110088 -0.407658
v -0.690785 -0.110088 -0.407640
v -0.691591 -0.110088 -0.407615
v -0.692445 -0.110088 -0.407582
v -0.693348 -0.110088 -0.407542
v -0.694299 -0.110088 -0.407495
v -0.695298 -0.110088 -0.407441
v -0.696345 -0.110088 -0.407380
v -0.697440 -0.110088 -0.407311
v -0.698584 -0.110088 -0.407235
v -0.699776 -0.110088 -0.407152
v -0.700968 -0.110088 -0.407068
v -0.702112 -0.110088 -0.406992
v -0.703207 -0.110088 -0.406924
v -0.704255 -0.110088 -0.406862
v -0.705253 -0.110088 -0.406808
v -0.706204 -0.110088 -0.406761
v -0.707107 -0.110088 -0.406721
v -0.707961 -0.110088 -0.406688
v -0.708767 -0.110088 -0.406663
v -0.709525 -0.110088 -0.406645
v -0.710234 -0.110088 -0.406634
v -0.710895 -0.110088 -0.406630
v -0.714268 -0.110088 -0.406712
v -0.717555 -0.110088 -0.406959
v -0.720754 -0.110088 -0.407369
v -0.723867 -0.110088 -0.407943
v -0.726893 -0.110088 -0.408681
v -0.729832 -0.110088 -0.409584
v -0.732684 -0.110088 -0.410650
v -0.735449 -0.110088 -0.411881
v -0.738128 -0.110088 -0.413276
v -0.740719 -0.110088 -0.414834
v -0.743224 -0.110088 -0.416557
v -0.745641 -0.110088 -0.418444
v -0.748194 -0.110088 -0.420707
v -0.750525 -0.110088 -0.423096
v -0.752634 -0.110088 -0.425611
v -0.754521 -0.110088 -0.428250
v -0.756186 -0.110088 -0.431016
v -0.757629 -0.110088 -0.433906
v -0.758850 -0.110088 -0.436922
v -0.759848 -0.110088 -0.440064
v -0.760625 -0.110088 -0.443331
v -0.761181 -0.110088 -0.446724
v -0.761514 -0.110088 -0.450242
v -0.761624 -0.110088 -0.453885
v -0.761135 -0.110088 -0.461489
v -0.759665 -0.110088 -0.468431
v -0.757216 -0.110088 -0.474712
v -0.753788 -0.110088 -0.480331
v -0.749379 -0.110088 -0.485290
v -0.743991 -0.110088 -0.489587
v -0.737624 -0.110088 -0.493224
v -0.730276 -0.110088 -0.496199
v -0.721949 -0.110088 -0.498513
v -0.712643 -0.110088 -0.500166
v -0.702356 -0.110088 -0.501157
v -0.691090 -0.110088 -0.501488
v -0.686930 -0.110088 -0.501467
v -0.682442 -0.110088 -0.501406
v -0.677625 -0.110088 -0.501303
v -0.672481 -0.110088 -0.501160
v -0.667008 -0.110088 -0.500975
v -0.661208 -0.110088 -0.500750
v -0.655079 -0.110088 -0.500483
v -0.648622 -0.110088 -0.500175
v -0.641837 -0.110088 -0.499827
v -0.634723 -0.110088 -0.499437
v -0.627282 -0.110088 -0.499006
v -0.619512 -0.110088 -0.498534
v -0.611742 -0.110088 -0.498063
v -0.604301 -0.110088 -0.497632
v -0.597187 -0.110088 -0.497242
v -0.590402 -0.110088 -0.496894
v -0.583945 -0.110088 -0.496586
v -0.577816 -0.110088 -0.496319
v -0.572016 -0.110088 -0.496094
v -0.566543 -0.110088 -0.495909
v -0.561399 -0.110088 -0.495766
v -0.556582 -0.110088 -0.495663
v -0.552094 -0.110088 -0.495602
v -0.547934 -0.110088 -0.495581
v -0.543291 -0.110088 -0.495591
v -0.538278 -0.110088 -0.495620
v -0.532896 -0.110088 -0.495668
v -0.527145 -0.110088 -0.495735
v -0.521024 -0.110088 -0.495822
v -0.514534 -0.110088 -0.495928
v -0.507676 -0.110088 -0.496054
v -0.500448 -0.110088 -0.496199
v -0.492851 -0.110088 -0.496363
v -0.484884 -0.110088 -0.496546
v -0.476549 -0.110088 -0.496749
v -0.467844 -0.110088 -0.496971
v -0.459139 -0.110088 -0.497193
v -0.450804 -0.110088 -0.497396
v -0.442838 -0.110088 -0.497579
v -0.435241 -0.110088 -0.497743
v -0.428012 -0.110088 -0.497888
v -0.421154 -0.110088 -0.498013
v -0.414664 -0.110088 -0.498119
v -0.408544 -0.110088 -0.498206
v -0.402792 -0.110088 -0.498274
v -0.397410 -0.110088 -0.498322
v -0.392397 -0.110088 -0.498351
v -0.387754 -0.110088 -0.498361
v -0.371215 -0.110088 -0.498047
v -0.356115 -0.110088 -0.497106
v -0.342453 -0.110088 -0.495538
v -0.330229 -0.110088 -0.493342
v -0.319443 -0.110088 -0.490519
v -0.310096 -0.110088 -0.487068
v -0.302186 -0.110088 -0.482990
v -0.295714 -0.110088 -0.478285
v -0.290681 -0.110088 -0.472952
v -0.287086 -0.110088 -0.466992
v -0.284929 -0.110088 -0.460405
v -0.284210 -0.110088 -0.453190
v -0.284210 0.109912 -0.453190
v -0.284528 -0.110088 -0.448362
v -0.284528 0.109912 -0.448362
v -0.285484 -0.110088 -0.443490
v -0.285484 0.109912 -0.443490
v -0.287076 -0.110088 -0.438575
v -0.287076 0.109912 -0.438575
v -0.289306 -0.110088 -0.433617
v -0.289306 0.109912 -0.433617
v -0.292172 -0.110088 -0.428615
v -0.292172 0.109912 -0.428615
v -0.295676 -0.110088 -0.423569
v -0.295676 0.109912 -0.423569
v -0.299817 -0.110088 -0.418480
v -0.299817 0.109912 -0.418480
v -0.304594 -0.110088 -0.413348
v -0.304594 0.109912 -0.413348
v -0.310009 -0.110088 -0.408172
v -0.310009 0.109912 -0.408172
v -0.316061 -0.110088 -0.402953
v -0.316061 0.109912 -0.402953
v -0.322749 -0.110088 -0.397690
v -0.322749 0.109912 -0.397690
v -0.330075 -0.110088 -0.392384
v -0.330075 0.109912 -0.392384
v -0.333320 -0.110088 -0.390370
v -0.333320 0.109912 -0.390370
v -0.336686 -0.110088 -0.388263
v -0.336686 0.109912 -0.388263
v -0.340173 -0.110088 -0.386065
v -0.340173 0.109912 -0.386065
v -0.343781 -0.110088 -0.383775
v -0.343781 0.109912 -0.383775
v -0.347509 -0.110088 -0.381393
v -0.347509 0.109912 -0.381393
v -0.351357 -0.110088 -0.378920
v -0.351357 0.109912 -0.378920
v -0.355327 -0.110088 -0.376355
v -0.355327 0.109912 -0.376355
v -0.359416 -0.110088 -0.373699
v -0.359416 0.109912 -0.373699
v -0.363627 -0.110088 -0.370950
v -0.363627 0.109912 -0.370950
v -0.367958 -0.110088 -0.368110
v -0.367958 0.109912 -0.368110
v -0.372410 -0.110088 -0.365178
v -0.372410 0.109912 -0.365178
v -0.376982 -0.110088 -0.362155
v -0.376982 0.109912 -0.362155
v -0.386919 -0.110088 -0.354482
v -0.386919 0.109912 -0.354482
v -0.397154 -0.110088 -0.345940
v -0.397154 0.109912 -0.345940
v -0.407689 -0.110088 -0.336530
v -0.407689 0.109912 -0.336530
v -0.418523 -0.110088 -0.326250
v -0.418523 0.109912 -0.326250
v -0.429657 -0.110088 -0.315103
v -0.429657 0.109912 -0.315103
v -0.441089 -0.110088 -0.303086
v -0.441089 0.109912 -0.303086
v -0.452821 -0.110088 -0.290201
v -0.452821 0.109912 -0.290201
v -0.464852 -0.110088 -0.276447
v -0.464852 0.109912 -0.276447
v -0.477182 -0.110088 -0.261825
v -0.477182 0.109912 -0.261825
v -0.489811 -0.110088 -0.246334
v -0.489811 0.109912 -0.246334
v -0.502740 -0.110088 -0.229974
v -0.502740 0.109912 -0.229974
v -0.515968 -0.110088 -0.212746
v -0.515968 0.109912 -0.212746
v -0.526218 -0.110088 -0.198961
v -0.526218 0.109912 -0.198961
v -0.536468 -0.110088 -0.185171
v -0.536468 0.109912 -0.185171
v -0.546718 -0.110088 -0.171376
v -0.546718 0.109912 -0.171376
v -0.556969 -0.110088 -0.157576
v -0.556969 0.109912 -0.157576
v -0.567219 -0.110088 -0.143772
v -0.567219 0.109912 -0.143772
v -0.577469 -0.110088 -0.129963
v -0.577469 0.109912 -0.129963
v -0.587719 -0.110088 -0.116148
v -0.587719 0.109912 -0.116148
v -0.597969 -0.110088 -0.102330
v -0.597969 0.109912 -0.102330
v -0.608220 -0.110088 -0.088506
v -0.608220 0.109912 -0.088506
v -0.618470 -0.110088 -0.074677
v -0.618470 0.109912 -0.074677
v -0.628720 -0.110088 -0.060844
v -0.628720 0.109912 -0.060844
v -0.638970 -0.110088 -0.047006
v -0.638970 0.109912 -0.047006
v -0.640360 -0.110088 -0.045268
v -0.640360 0.109912 -0.045268
v -0.635635 -0.110088 -0.045408
v -0.635635 0.109912 -0.045408
v -0.629917 -0.110088 -0.045596
v -0.629917 0.109912 -0.045596
v -0.623204 -0.110088 -0.045833
v -0.623204 0.109912 -0.045833
v -0.615497 -0.110088 -0.046118
v -0.615497 0.109912 -0.046118
v -0.606796 -0.110088 -0.046451
v -0.606796 0.109912 -0.046451
v -0.597101 -0.110088 -0.046832
v -0.597101 0.109912 -0.046832
v -0.586411 -0.110088 -0.047261
v -0.586411 0.109912 -0.047261
v -0.574728 -0.110088 -0.047739
v -0.574728 0.109912 -0.047739
v -0.562050 -0.110088 -0.048265
v -0.562050 0.109912 -0.048265
v -0.548378 -0.110088 -0.048839
v -0.548378 0.109912 -0.048839
v -0.533713 -0.110088 -0.049462
v -0.533713 0.109912 -0.049462
v -0.518053 -0.110088 -0.050133
v -0.518053 0.109912 -0.050133
v -0.505585 -0.110088 -0.050688
v -0.505585 0.109912 -0.050688
v -0.493547 -0.110088 -0.051194
v -0.493547 0.109912 -0.051194
v -0.481938 -0.110088 -0.051653
v -0.481938 0.109912 -0.051653
v -0.470759 -0.110088 -0.052063
v -0.470759 0.109912 -0.052063
v -0.460009 -0.110088 -0.052425
v -0.460009 0.109912 -0.052425
v -0.449689 -0.110088 -0.052739
v -0.449689 0.109912 -0.052739
v -0.439798 -0.110088 -0.053004
v -0.439798 0.109912 -0.053004
v -0.430337 -0.110088 -0.053221
v -0.430337 0.109912 -0.053221
v -0.421306 -0.110088 -0.053390
v -0.421306 0.109912 -0.053390
v -0.412704 -0.110088 -0.053511
v -0.412704 0.109912 -0.053511
v -0.404531 -0.110088 -0.053583
v -0.404531 0.109912 -0.053583
v -0.396788 -0.110088 -0.053607
v -0.396788 0.109912 -0.053607
v -0.388728 -0.110088 -0.053581
v -0.388728 0.109912 -0.053581
v -0.381113 -0.110088 -0.053501
v -0.381113 0.109912 -0.053501
v -0.373942 -0.110088 -0.053369
v -0.373942 0.109912 -0.053369
v -0.367215 -0.110088 -0.053183
v -0.367215 0.109912 -0.053183
v -0.360932 -0.110088 -0.052944
v -0.360932 0.109912 -0.052944
v -0.355092 -0.110088 -0.052652
v -0.355092 0.109912 -0.052652
v -0.349697 -0.110088 -0.052307
v -0.349697 0.109912 -0.052307
v -0.344746 -0.110088 -0.051909
v -0.344746 0.109912 -0.051909
v -0.340238 -0.110088 -0.051457
v -0.340238 0.109912 -0.051457
v -0.336175 -0.110088 -0.050953
v -0.336175 0.109912 -0.050953
v -0.332555 -0.110088 -0.050396
v -0.332555 0.109912 -0.050396
v -0.329380 -0.110088 -0.049785
v -0.329380 0.109912 -0.049785
v -0.322711 -0.110088 -0.048128
v -0.322711 0.109912 -0.048128
v -0.316601 -0.110088 -0.046166
v -0.316601 0.109912 -0.046166
v -0.311051 -0.110088 -0.043900
v -0.311051 0.109912 -0.043900
v -0.306061 -0.110088 -0.041330
v -0.306061 0.109912 -0.041330
v -0.301631 -0.110088 -0.038457
v -0.301631 0.109912 -0.038457
v -0.297761 -0.110088 -0.035279
v -0.297761 0.109912 -0.035279
v -0.294450 -0.110088 -0.031797
v -0.294450 0.109912 -0.031797
v -0.291699 -0.110088 -0.028011
v -0.291699 0.109912 -0.028011
v -0.289508 -0.110088 -0.023921
v -0.289508 0.109912 -0.023921
v -0.287877 -0.110088 -0.019527
v -0.287877 0.109912 -0.019527
v -0.286806 -0.110088 -0.014829
v -0.286806 0.109912 -0.014829
v -0.286294 -0.110088 -0.009827
v -0.286294 0.109912 -0.009827
v -0.286246 -0.110088 -0.006072
v -0.286246 0.109912 -0.006072
v -0.286449 -0.110088 -0.002453
v -0.286449 0.109912 -0.002453
v -0.286902 -0.110088 0.001031
v -0.286902 0.109912 0.001031
v -0.287607 -0.110088 0.004380
v -0.287607 0.109912 0.004380
v -0.288563 -0.110088 0.007594
v -0.288563 0.109912 0.007594
v -0.289769 -0.110088 0.010673
v -0.289769 0.109912 0.010673
v -0.291227 -0.110088 0.013617
v -0.291227 0.109912 0.013617
v -0.292935 -0.110088 0.016426
v -0.292935 0.109912 0.016426
v -0.294894 -0.110088 0.019099
v -0.294894 0.109912 0.019099
v -0.297104 -0.110088 0.021638
v -0.297104 0.109912 0.021638
v -0.299566 -0.110088 0.024041
v -0.299566 0.109912 0.024041
v -0.302278 -0.110088 0.026309
v -0.302278 0.109912 0.026309
v -0.304751 -0.110088 0.028141
v -0.304751 0.109912 0.028141
v -0.307306 -0.110088 0.029813
v -0.307306 0.109912 0.029813
v -0.309944 -0.110088 0.031326
v -0.309944 0.109912 0.031326
v -0.312663 -0.110088 0.032679
v -0.312663 0.109912 0.032679
v -0.315464 -0.110088 0.033874
v -0.315464 0.109912 0.033874
v -0.318348 -0.110088 0.034909
v -0.318348 0.109912 0.034909
v -0.321313 -0.110088 0.035785
v -0.321313 0.109912 0.035785
v -0.324361 -0.110088 0.036501
v -0.324361 0.109912 0.036501
v -0.327491 -0.110088 0.037059
v -0.327491 0.109912 0.037059
v -0.330702 -0.110088 0.037457
v -0.330702 0.109912 0.037457
v -0.333996 -0.110088 0.037696
v -0.333996 0.109912 0.037696
v -0.337371 -0.110088 0.037775
v -0.337371 0.109912 0.037775
v -0.339121 -0.110088 0.037767
v -0.339121 0.109912 0.037767
v -0.341010 -0.110088 0.037742
v -0.341010 0.109912 0.037742
v -0.343040 -0.110088 0.037699
v -0.343040 0.109912 0.037699
v -0.345209 -0.110088 0.037640
v -0.345209 0.109912 0.037640
v -0.347518 -0.110088 0.037564
v -0.347518 0.109912 0.037564
v -0.349967 -0.110088 0.037471
v -0.349967 0.109912 0.037471
v -0.352556 -0.110088 0.037362
v -0.352556 0.109912 0.037362
v -0.355285 -0.110088 0.037235
v -0.355285 0.109912 0.037235
v -0.358154 -0.110088 0.037091
v -0.358154 0.109912 0.037091
v -0.361163 -0.110088 0.036931
v -0.361163 0.109912 0.036931
v -0.364312 -0.110088 0.036754
v -0.364312 0.109912 0.036754
v -0.367601 -0.110088 0.036559
v -0.367601 0.109912 0.036559
v -0.370890 -0.110088 0.036365
v -0.370890 0.109912 0.036365
v -0.374039 -0.110088 0.036188
v -0.374039 0.109912 0.036188
v -0.377048 -0.110088 0.036027
v -0.377048 0.109912 0.036027
v -0.379917 -0.110088 0.035884
v -0.379917 0.109912 0.035884
v -0.382646 -0.110088 0.035757
v -0.382646 0.109912 0.035757
v -0.385235 -0.110088 0.035647
v -0.385235 0.109912 0.035647
v -0.387684 -0.110088 0.035554
v -0.387684 0.109912 0.035554
v -0.389993 -0.110088 0.035478
v -0.389993 0.109912 0.035478
v -0.392162 -0.110088 0.035419
v -0.392162 0.109912 0.035419
v -0.394192 -0.110088 0.035377
v -0.394192 0.109912 0.035377
v -0.396081 -0.110088 0.035352
v -0.396081 0.109912 0.035352
v -0.397830 -0.110088 0.035343
v -0.397830 0.109912 0.035343
v -0.407001 -0.110088 0.035361
v -0.407001 0.109912 0.035361
v -0.416907 -0.110088 0.035416
v -0.416907 0.109912 0.035416
v -0.427549 -0.110088 0.035506
v -0.427549 0.109912 0.035506
v -0.438927 -0.110088 0.035633
v -0.438927 0.109912 0.035633
v -0.451042 -0.110088 0.035796
v -0.451042 0.109912 0.035796
v -0.463892 -0.110088 0.035995
v -0.463892 0.109912 0.035995
v -0.477478 -0.110088 0.036230
v -0.477478 0.109912 0.036230
v -0.491800 -0.110088 0.036501
v -0.491800 0.109912 0.036501
v -0.506858 -0.110088 0.036809
v -0.506858 0.109912 0.036809
v -0.522652 -0.110088 0.037153
v -0.522652 0.109912 0.037153
v -0.539181 -0.110088 0.037533
v -0.539181 0.109912 0.037533
v -0.556447 -0.110088 0.037949
v -0.556447 0.109912 0.037949
v -0.573713 -0.110088 0.038365
v -0.573713 0.109912 0.038365
v -0.590243 -0.110088 0.038746
v -0.590243 0.109912 0.038746
v -0.606037 -0.110088 0.039089
v -0.606037 0.109912 0.039089
v -0.621095 -0.110088 0.039397
v -0.621095 0.109912 0.039397
v -0.635417 -0.110088 0.039669
v -0.635417 0.109912 0.039669
v -0.649003 -0.110088 0.039904
v -0.649003 0.109912 0.039904
v -0.661853 -0.110088 0.040103
v -0.661853 0.109912 0.040103
v -0.673967 -0.110088 0.040266
v -0.673967 0.109912 0.040266
v -0.685346 -0.110088 0.040392
v -0.685346 0.109912 0.040392
v -0.695988 -0.110088 0.040483
v -0.695988 0.109912 0.040483
v -0.705894 -0.110088 0.040537
v -0.705894 0.109912 0.040537
v -0.715064 -0.110088 0.040555
v -0.715064 0.109912 0.040555
v -0.718773 -0.110088 0.040476
v -0.718773 0.109912 0.040476
v -0.722371 -0.110088 0.040237
v -0.722371 0.109912 0.040237
v -0.725857 -0.110088 0.039839
v -0.725857 0.109912 0.039839
v -0.729233 -0.110088 0.039281
v -0.729233 0.109912 0.039281
v -0.732498 -0.110088 0.038565
v -0.732498 0.109912 0.038565
v -0.735652 -0.110088 0.037689
v -0.735652 0.109912 0.037689
v -0.738694 -0.110088 0.036653
v -0.738694 0.109912 0.036653
v -0.741626 -0.110088 0.035459
v -0.741626 0.109912 0.035459
v -0.744447 -0.110088 0.034105
v -0.744447 0.109912 0.034105
v -0.747156 -0.110088 0.032592
v -0.747156 0.109912 0.032592
v -0.749755 -0.110088 0.030920
v -0.749755 0.109912 0.030920
v -0.752243 -0.110088 0.029089
v -0.752243 0.109912 0.029089
v -0.754851 -0.110088 0.026934
v -0.754851 0.109912 0.026934
v -0.757233 -0.110088 0.024639
v -0.757233 0.109912 0.024639
v -0.759388 -0.110088 0.022205
v -0.759388 0.109912 0.022205
v -0.761315 -0.110088 0.019630
v -0.761315 0.109912 0.019630
v -0.763017 -0.110088 0.016916
v -0.763017 0.109912 0.016916
v -0.764491 -0.110088 0.014061
v -0.764491 0.109912 0.014061
v -0.765738 -0.110088 0.011067
v -0.765738 0.109912 0.011067
v -0.766759 -0.110088 0.007932
v -0.766759 0.109912 0.007932
v -0.767553 -0.110088 0.004658
v -0.767553 0.109912 0.004658
v -0.768120 -0.110088 0.001244
v -0.768120 0.109912 0.001244
v -0.768460 -0.110088 -0.002311
v -0.768460 0.109912 -0.002311
v -0.768574 -0.110088 -0.006005
v -0.768574 0.109912 -0.006005
v -0.768422 -0.110088 -0.010240
v -0.768422 0.109912 -0.010240
v -0.767966 -0.110088 -0.014605
v -0.767966 0.109912 -0.014605
v -0.767206 -0.110088 -0.019100
v -0.767206 0.109912 -0.019100
v -0.766142 -0.110088 -0.023726
v -0.766142 0.109912 -0.023726
v -0.764773 -0.110088 -0.028481
v -0.764773 0.109912 -0.028481
v -0.763101 -0.110088 -0.033368
v -0.763101 0.109912 -0.033368
v -0.761125 -0.110088 -0.038384
v -0.761125 0.109912 -0.038384
v -0.758845 -0.110088 -0.043531
v -0.758845 0.109912 -0.043531
v -0.756261 -0.110088 -0.048808
v -0.756261 0.109912 -0.048808
v -0.753372 -0.110088 -0.054215
v -0.753372 0.109912 -0.054215
v -0.750180 -0.110088 -0.059753
v -0.750180 0.109912 -0.059753
v -0.746683 -0.110088 -0.065421
v -0.746683 0.109912 -0.065421
v -0.745349 -0.110088 -0.067431
v -0.745349 0.109912 -0.067431
v -0.743662 -0.110088 -0.069871
v -0.743662 0.109912 -0.069871
v -0.741624 -0.110088 -0.072740
v -0.741624 0.109912 -0.072740
v -0.739232 -0.110088 -0.076038
v -0.739232 0.109912 -0.076038
v -0.736489 -0.110088 -0.079766
v -0.736489 0.109912 -0.079766
v -0.733393 -0.110088 -0.083924
v -0.733393 0.109912 -0.083924
v -0.729945 -0.110088 -0.088511
v -0.729945 0.109912 -0.088511
v -0.726145 -0.110088 -0.093527
v -0.726145 0.109912 -0.093527
v -0.721992 -0.110088 -0.098973
v -0.721992 0.109912 -0.098973
v -0.717487 -0.110088 -0.104849
v -0.717487 0.109912 -0.104849
v -0.712630 -0.110088 -0.111154
v -0.712630 0.109912 -0.111154
v -0.707420 -0.110088 -0.117888
v -0.707420 0.109912 -0.117888
v -0.697920 -0.110088 -0.130568
v -0.697920 0.109912 -0.130568
v -0.688416 -0.110088 -0.143243
v -0.688416 0.109912 -0.143243
v -0.678907 -0.110088 -0.155914
v -0.678907 0.109912 -0.155914
v -0.669392 -0.110088 -0.168579
v -0.669392 0.109912 -0.168579
v -0.659873 -0.110088 -0.181240
v -0.659873 0.109912 -0.181240
v -0.650349 -0.110088 -0.193896
v -0.650349 0.109912 -0.193896
v -0.640821 -0.110088 -0.206547
v -0.640821 0.109912 -0.206547
v -0.631287 -0.110088 -0.219193
v -0.631287 0.109912 -0.219193
v -0.621749 -0.110088 -0.231835
v -0.621749 0.109912 -0.231835
v -0.612206 -0.110088 -0.244471
v -0.612206 0.109912 -0.244471
v -0.602657 -0.110088 -0.257103
v -0.602657 0.109912 -0.257103
v -0.593105 -0.110088 -0.269730
v -0.593105 0.109912 -0.269730
v -0.581815 -0.110088 -0.284092
v -0.581815 0.109912 -0.284092
v -0.570645 -0.110088 -0.297990
v -0.570645 0.109912 -0.297990
v -0.559596 -0.110088 -0.311425
v -0.559596 0.109912 -0.311425
v -0.548668 -0.110088 -0.324397
v -0.548668 0.109912 -0.324397
v -0.537860 -0.110088 -0.336906
v -0.537860 0.109912 -0.336906
v -0.527174 -0.110088 -0.348951
v -0.527174 0.109912 -0.348951
v -0.516607 -0.110088 -0.360534
v -0.516607 0.109912 -0.360534
v -0.506162 -0.110088 -0.371652
v -0.506162 0.109912 -0.371652
v -0.495837 -0.110088 -0.382308
v -0.495837 0.109912 -0.382308
v -0.485632 -0.110088 -0.392500
v -0.485632 0.109912 -0.392500
v -0.475549 -0.110088 -0.402229
v -0.475549 0.109912 -0.402229
v -0.465586 -0.110088 -0.411495
v -0.465586 0.109912 -0.411495
v -0.474441 -0.110088 -0.410884
v -0.474441 0.109912 -0.410884
v -0.482939 -0.110088 -0.410327
v -0.482939 0.109912 -0.410327
v -0.491081 -0.110088 -0.409823
v -0.491081 0.109912 -0.409823
v -0.498865 -0.110088 -0.409371
v -0.498865 0.109912 -0.409371
v -0.506292 -0.110088 -0.408973
v -0.506292 0.109912 -0.408973
v -0.513362 -0.110088 -0.408628
v -0.513362 0.109912 -0.408628
v -0.520074 -0.110088 -0.408336
v -0.520074 0.109912 -0.408336
v -0.526430 -0.110088 -0.408097
v -0.526430 0.109912 -0.408097
v -0.532429 -0.110088 -0.407912
v -0.532429 0.109912 -0.407912
v -0.538070 -0.110088 -0.407779
v -0.538070 0.109912 -0.407779
v -0.543355 -0.110088 -0.407699
v -0.543355 0.109912 -0.407699
v -0.548282 -0.110088 -0.407673
v -0.548282 0.109912 -0.407673
v -0.688657 -0.110088 -0.407673
v -0.688657 0.109912 -0.407673
v -0.689318 -0.110088 -0.407669
v -0.689318 0.109912 -0.407669
v -0.690028 -0.110088 -0.407658
v -0.690028 0.109912 -0.407658
v -0.690785 -0.110088 -0.407640
v -0.690785 0.109912 -0.407640
v -0.691591 -0.110088 -0.407615
v -0.691591 0.109912 -0.407615
v -0.692445 -0.110088 -0.407582
v -0.692445 0.109912 -0.407582
v -0.693348 -0.110088 -0.407542
v -0.693348 0.109912 -0.407542
v -0.694299 -0.110088 -0.407495
v -0.694299 0.109912 -0.407495
v -0.695298 -0.110088 -0.407441
v -0.695298 0.109912 -0.407441
v -0.696345 -0.110088 -0.407380
v -0.696345 0.109912 -0.407380
v -0.697440 -0.110088 -0.407311
v -0.697440 0.109912 -0.407311
v -0.698584 -0.110088 -0.407235
v -0.698584 0.109912 -0.407235
v -0.699776 -0.110088 -0.407152
v -0.699776 0.109912 -0.407152
v -0.700968 -0.110088 -0.407068
v -0.700968 0.109912 -0.407068
v -0.702112 -0.110088 -0.406992
v -0.702112 0.109912 -0.406992
v -0.703207 -0.110088 -0.406924
v -0.703207 0.109912 -0.406924
v -0.704255 -0.110088 -0.406862
v -0.704255 0.109912 -0.406862
v -0.705253 -0.110088 -0.406808
v -0.705253 0.109912 -0.406808
v -0.706204 -0.110088 -0.406761
v -0.706204 0.109912 -0.406761
v -0.707107 -0.110088 -0.406721
v -0.707107 0.109912 -0.406721
v -0.707961 -0.110088 -0.406688
v -0.707961 0.109912 -0.406688
v -0.708767 -0.110088 -0.406663
v -0.708767 0.109912 -0.406663
v -0.709525 -0.110088 -0.406645
v -0.709525 0.109912 -0.406645
v -0.710234 -0.110088 -0.406634
v -0.710234 0.109912 -0.406634
v -0.710895 -0.110088 -0.406630
v -0.710895 0.109912 -0.406630
v -0.714268 -0.110088 -0.406712
v -0.714268 0.109912 -0.406712
v -0.717555 -0.110088 -0.406959
v -0.717555 0.109912 -0.406959
v -0.720754 -0.110088 -0.407369
v -0.720754 0.109912 -0.407369
v -0.723867 -0.110088 -0.407943
v -0.723867 0.109912 -0.407943
v -0.726893 -0.110088 -0.408681
v -0.726893 0.109912 -0.408681
v -0.729832 -0.110088 -0.409584
v -0.729832 0.109912 -0.409584
v -0.732684 -0.110088 -0.410650
v -0.732684 0.109912 -0.410650
v -0.735449 -0.110088 -0.411881
v -0.735449 0.109912 -0.411881
v -0.738128 -0.110088 -0.413276
v -0.738128 0.109912 -0.413276
v -0.740719 -0.110088 -0.414834
v -0.740719 0.109912 -0.414834
v -0.743224 -0.110088 -0.416557
v -0.743224 0.109912 -0.416557
v -0.745641 -0.110088 -0.418444
v -0.745641 0.109912 -0.418444
v -0.748194 -0.110088 -0.420707
v -0.748194 0.109912 -0.420707
v -0.750525 -0.110088 -0.423096
v -0.750525 0.109912 -0.423096
v -0.752634 -0.110088 -0.425611
v -0.752634 0.109912 -0.425611
v -0.754521 -0.110088 -0.428250
v -0.754521 0.109912 -0.428250
v -0.756186 -0.110088 -0.431016
v -0.756186 0.109912 -0.431016
v -0.757629 -0.110088 -0.433906
v -0.757629 0.109912 -0.433906
v -0.758850 -0.110088 -0.436922
v -0.758850 0.109912 -0.436922
v -0.759848 -0.110088 -0.440064
v -0.759848 0.109912 -0.440064
v -0.760625 -0.110088 -0.443331
v -0.760625 0.109912 -0.443331
v -0.761181 -0.110088 -0.446724
v -0.761181 0.109912 -0.446724
v -0.761514 -0.110088 -0.450242
v -0.761514 0.109912 -0.450242
v -0.761624 -0.110088 -0.453885
v -0.761624 0.109912 -0.453885
v -0.761135 -0.110088 -0.461489
v -0.761135 0.109912 -0.461489
v -0.759665 -0.110088 -0.468431
v -0.759665 0.109912 -0.468431
v -0.757216 -0.110088 -0.474712
v -0.757216 0.109912 -0.474712
v -0.753788 -0.110088 -0.480331
v -0.753788 0.109912 -0.480331
v -0.749379 -0.110088 -0.485290
v -0.749379 0.109912 -0.485290
v -0.743991 -0.110088 -0.489587
v -0.743991 0.109912 -0.489587
v -0.737624 -0.110088 -0.493224
v -0.737624 0.109912 -0.493224
v -0.730276 -0.110088 -0.496199
v -0.730276 0.109912 -0.496199
v -0.721949 -0.110088 -0.498513
v -0.721949 0.109912 -0.498513
v -0.712643 -0.110088 -0.500166
v -0.712643 0.109912 -0.500166
v -0.702356 -0.110088 -0.501157
v -0.702356 0.109912 -0.501157
v -0.691090 -0.110088 -0.501488
v -0.691090 0.109912 -0.501488
v -0.686930 -0.110088 -0.501467
v -0.686930 0.109912 -0.501467
v -0.682442 -0.110088 -0.501406
v -0.682442 0.109912 -0.501406
v -0.677625 -0.110088 -0.501303
v -0.677625 0.109912 -0.501303
v -0.672481 -0.110088 -0.501160
v -0.672481 0.109912 -0.501160
v -0.667008 -0.110088 -0.500975
v -0.667008 0.109912 -0.500975
v -0.661208 -0.110088 -0.500750
v -0.661208 0.109912 -0.500750
v -0.655079 -0.110088 -0.500483
v -0.655079 0.109912 -0.500483
v -0.648622 -0.110088 -0.500175
v -0.648622 0.109912 -0.500175
v -0.641837 -0.110088 -0.499827
v -0.641837 0.109912 -0.499827
v -0.634723 -0.110088 -0.499437
v -0.634723 0.109912 -0.499437
v -0.627282 -0.110088 -0.499006
v -0.627282 0.109912 -0.499006
v -0.619512 -0.110088 -0.498534
v -0.619512 0.109912 -0.498534
v -0.611742 -0.110088 -0.498063
v -0.611742 0.109912 -0.498063
v -0.604301 -0.110088 -0.497632
v -0.604301 0.109912 -0.497632
v -0.597187 -0.110088 -0.497242
v -0.597187 0.109912 -0.497242
v -0.590402 -0.110088 -0.496894
v -0.590402 0.109912 -0.496894
v -0.583945 -0.110088 -0.496586
v -0.583945 0.109912 -0.496586
v -0.577816 -0.110088 -0.496319
v -0.577816 0.109912 -0.496319
v -0.572016 -0.110088 -0.496094
v -0.572016 0.109912 -0.496094
v -0.566543 -0.110088 -0.495909
v -0.566543 0.109912 -0.495909
v -0.561399 -0.110088 -0.495766
v -0.561399 0.109912 -0.495766
v -0.556582 -0.110088 -0.495663
v -0.556582 0.109912 -0.495663
v -0.552094 -0.110088 -0.495602
v -0.552094 0.109912 -0.495602
v -0.547934 -0.110088 -0.495581
v -0.547934 0.109912 -0.495581
v -0.543291 -0.110088 -0.495591
v -0.543291 0.109912 -0.495591
v -0.538278 -0.110088 -0.495620
v -0.538278 0.109912 -0.495620
v -0.532896 -0.110088 -0.495668
v -0.532896 0.109912 -0.495668
v -0.527145 -0.110088 -0.495735
v -0.527145 0.109912 -0.495735
v -0.521024 -0.110088 -0.495822
v -0.521024 0.109912 -0.495822
v -0.514534 -0.110088 -0.495928
v -0.514534 0.109912 -0.495928
v -0.507676 -0.110088 -0.496054
v -0.507676 0.109912 -0.496054
v -0.500448 -0.110088 -0.496199
v -0.500448 0.109912 -0.496199
v -0.492851 -0.110088 -0.496363
v -0.492851 0.109912 -0.496363
v -0.484884 -0.110088 -0.496546
v -0.484884 0.109912 -0.496546
v -0.476549 -0.110088 -0.496749
v -0.476549 0.109912 -0.496749
v -0.467844 -0.110088 -0.496971
v -0.467844 0.109912 -0.496971
v -0.459139 -0.110088 -0.497193
v -0.459139 0.109912 -0.497193
v -0.450804 -0.110088 -0.497396
v -0.450804 0.109912 -0.497396
v -0.442838 -0.110088 -0.497579
v -0.442838 0.109912 -0.497579
v -0.435241 -0.110088 -0.497743
v -0.435241 0.109912 -0.497743
v -0.428012 -0.110088 -0.497888
v -0.428012 0.109912 -0.497888
v -0.421154 -0.110088 -0.498013
v -0.421154 0.109912 -0.498013
v -0.414664 -0.110088 -0.498119
v -0.414664 0.109912 -0.498119
v -0.408544 -0.110088 -0.498206
v -0.408544 0.109912 -0.498206
v -0.402792 -0.110088 -0.498274
v -0.402792 0.109912 -0.498274
v -0.397410 -0.110088 -0.498322
v -0.397410 0.109912 -0.498322
v -0.392397 -0.110088 -0.498351
v -0.392397 0.109912 -0.498351
v -0.387754 -0.110088 -0.498361
v -0.387754 0.109912 -0.498361
v -0.371215 -0.110088 -0.498047
v -0.371215 0.109912 -0.498047
v -0.356115 -0.110088 -0.497106
v -0.356115 0.109912 -0.497106
v -0.342453 -0.110088 -0.495538
v -0.342453 0.109912 -0.495538
v -0.330229 -0.110088 -0.493342
v -0.330229 0.109912 -0.493342
v -0.319443 -0.110088 -0.490519
v -0.319443 0.109912 -0.490519
v -0.310096 -0.110088 -0.487068
v -0.310096 0.109912 -0.487068
v -0.302186 -0.110088 -0.482990
v -0.302186 0.109912 -0.482990
v -0.295714 -0.110088 -0.478285
v -0.295714 0.109912 -0.478285
v -0.290681 -0.110088 -0.472952
v -0.290681 0.109912 -0.472952
v -0.287086 -0.110088 -0.466992
v -0.287086 0.109912 -0.466992
v -0.284929 -0.110088 -0.460405
v -0.284929 0.109912 -0.460405
v 0.013219 -0.110088 -0.217263
v 0.013219 0.109912 -0.217263
v 0.002629 -0.110088 -0.209882
v 0.002629 0.109912 -0.209882
v -0.008295 -0.110088 -0.203142
v -0.008295 0.109912 -0.203142
v -0.019551 -0.110088 -0.197045
v -0.019551 0.109912 -0.197045
v -0.031140 -0.110088 -0.191589
v -0.031140 0.109912 -0.191589
v -0.043063 -0.110088 -0.186775
v -0.043063 0.109912 -0.186775
v -0.055318 -0.110088 -0.182603
v -0.055318 0.109912 -0.182603
v -0.067906 -0.110088 -0.179073
v -0.067906 0.109912 -0.179073
v -0.080828 -0.110088 -0.176185
v -0.080828 0.109912 -0.176185
v -0.094082 -0.110088 -0.173938
v -0.094082 0.109912 -0.173938
v -0.107669 -0.110088 -0.172334
v -0.107669 0.109912 -0.172334
v -0.121590 -0.110088 -0.171371
v -0.121590 0.109912 -0.171371
v -0.135843 -0.110088 -0.171050
v -0.135843 0.109912 -0.171050
v -0.136948 -0.110088 -0.171067
v -0.136948 0.109912 -0.171067
v -0.138294 -0.110088 -0.171118
v -0.138294 0.109912 -0.171118
v -0.139882 -0.110088 -0.171202
v -0.139882 0.109912 -0.171202
v -0.141711 -0.110088 -0.171320
v -0.141711 0.109912 -0.171320
v -0.143781 -0.110088 -0.171472
v -0.143781 0.109912 -0.171472
v -0.146093 -0.110088 -0.171658
v -0.146093 0.109912 -0.171658
v -0.148646 -0.110088 -0.171878
v -0.148646 0.109912 -0.171878
v -0.151440 -0.110088 -0.172131
v -0.151440 0.109912 -0.172131
v -0.154475 -0.110088 -0.172418
v -0.154475 0.109912 -0.172418
v -0.157752 -0.110088 -0.172739
v -0.157752 0.109912 -0.172739
v -0.161270 -0.110088 -0.173094
v -0.161270 0.109912 -0.173094
v -0.165030 -0.110088 -0.173482
v -0.165030 0.109912 -0.173482
v -0.165363 -0.110088 -0.164941
v -0.165363 0.109912 -0.164941
v -0.165667 -0.110088 -0.155530
v -0.165667 0.109912 -0.155530
v -0.165942 -0.110088 -0.145251
v -0.165942 0.109912 -0.145251
v -0.166188 -0.110088 -0.134103
v -0.166188 0.109912 -0.134103
v -0.166405 -0.110088 -0.122087
v -0.166405 0.109912 -0.122087
v -0.166593 -0.110088 -0.109202
v -0.166593 0.109912 -0.109202
v -0.166752 -0.110088 -0.095448
v -0.166752 0.109912 -0.095448
v -0.166883 -0.110088 -0.080825
v -0.166883 0.109912 -0.080825
v -0.166984 -0.110088 -0.065334
v -0.166984 0.109912 -0.065334
v -0.167056 -0.110088 -0.048975
v -0.167056 0.109912 -0.048975
v -0.167100 -0.110088 -0.031746
v -0.167100 0.109912 -0.031746
v -0.167114 -0.110088 -0.013649
v -0.167114 0.109912 -0.013649
v -0.167204 -0.110088 -0.010616
v -0.167204 0.109912 -0.010616
v -0.167472 -0.110088 -0.007655
v -0.167472 0.109912 -0.007655
v -0.167918 -0.110088 -0.004767
v -0.167918 0.109912 -0.004767
v -0.168543 -0.110088 -0.001951
v -0.168543 0.109912 -0.001951
v -0.169346 -0.110088 0.000792
v -0.169346 0.109912 0.000792
v -0.170328 -0.110088 0.003463
v -0.170328 0.109912 0.003463
v -0.171489 -0.110088 0.006062
v -0.171489 0.109912 0.006062
v -0.172828 -0.110088 0.008589
v -0.172828 0.109912 0.008589
v -0.174346 -0.110088 0.011043
v -0.174346 0.109912 0.011043
v -0.176042 -0.110088 0.013424
v -0.176042 0.109912 0.013424
v -0.177917 -0.110088 0.015733
v -0.177917 0.109912 0.015733
v -0.179971 -0.110088 0.017970
v -0.179971 0.109912 0.017970
v -0.182162 -0.110088 0.020079
v -0.182162 0.109912 0.020079
v -0.184449 -0.110088 0.022005
v -0.184449 0.109912 0.022005
v -0.186833 -0.110088 0.023747
v -0.186833 0.109912 0.023747
v -0.189314 -0.110088 0.025305
v -0.189314 0.109912 0.025305
v -0.191891 -0.110088 0.026681
v -0.191891 0.109912 0.026681
v -0.194564 -0.110088 0.027873
v -0.194564 0.109912 0.027873
v -0.197334 -0.110088 0.028881
v -0.197334 0.109912 0.028881
v -0.200201 -0.110088 0.029707
v -0.200201 0.109912 0.029707
v -0.203164 -0.110088 0.030348
v -0.203164 0.109912 0.030348
v -0.206223 -0.110088 0.030807
v -0.206223 0.109912 0.030807
v -0.209380 -0.110088 0.031082
v -0.209380 0.109912 0.031082
v -0.212632 -0.110088 0.031174
v -0.212632 0.109912 0.031174
v -0.215886 -0.110088 0.031082
v -0.215886 0.109912 0.031082
v -0.219046 -0.110088 0.030807
v -0.219046 0.109912 0.030807
v -0.222111 -0.110088 0.030348
v -0.222111 0.109912 0.030348
v -0.225083 -0.110088 0.029707
v -0.225083 0.109912 0.029707
v -0.227960 -0.110088 0.028881
v -0.227960 0.109912 0.028881
v -0.230744 -0.110088 0.027873
v -0.230744 0.109912 0.027873
v -0.233433 -0.110088 0.026681
v -0.233433 0.109912 0.026681
v -0.236028 -0.110088 0.025305
v -0.236028 0.109912 0.025305
v -0.238529 -0.110088 0.023747
v -0.238529 0.109912 0.023747
v -0.240936 -0.110088 0.022005
v -0.240936 0.109912 0.022005
v -0.243249 -0.110088 0.020079
v -0.243249 0.109912 0.020079
v -0.245467 -0.110088 0.017970
v -0.245467 0.109912 0.017970
v -0.247549 -0.110088 0.015733
v -0.247549 0.109912 0.015733
v -0.249449 -0.110088 0.013424
v -0.249449 0.109912 0.013424
v -0.251168 -0.110088 0.011043
v -0.251168 0.109912 0.011043
v -0.252706 -0.110088 0.008589
v -0.252706 0.109912 0.008589
v -0.254064 -0.110088 0.006062
v -0.254064 0.109912 0.006062
v -0.255240 -0.110088 0.003464
v -0.255240 0.109912 0.003464
v -0.256235 -0.110088 0.000792
v -0.256235 0.109912 0.000792
v -0.257050 -0.110088 -0.001951
v -0.257050 0.109912 -0.001951
v -0.257683 -0.110088 -0.004767
v -0.257683 0.109912 -0.004767
v -0.258135 -0.110088 -0.007655
v -0.258135 0.109912 -0.007655
v -0.258407 -0.110088 -0.010616
v -0.258407 0.109912 -0.010616
v -0.258497 -0.110088 -0.013649
v -0.258497 0.109912 -0.013649
v -0.258497 -0.110088 -0.110591
v -0.258497 0.109912 -0.110591
v -0.258449 -0.110088 -0.119927
v -0.258449 0.109912 -0.119927
v -0.258304 -0.110088 -0.129982
v -0.258304 0.109912 -0.129982
v -0.258063 -0.110088 -0.140756
v -0.258063 0.109912 -0.140756
v -0.257725 -0.110088 -0.152248
v -0.257725 0.109912 -0.152248
v -0.257291 -0.110088 -0.164460
v -0.257291 0.109912 -0.164460
v -0.256760 -0.110088 -0.177391
v -0.256760 0.109912 -0.177391
v -0.256133 -0.110088 -0.191041
v -0.256133 0.109912 -0.191041
v -0.255409 -0.110088 -0.205410
v -0.255409 0.109912 -0.205410
v -0.254588 -0.110088 -0.220498
v -0.254588 0.109912 -0.220498
v -0.253672 -0.110088 -0.236306
v -0.253672 0.109912 -0.236306
v -0.252658 -0.110088 -0.252832
v -0.252658 0.109912 -0.252832
v -0.251548 -0.110088 -0.270077
v -0.251548 0.109912 -0.270077
v -0.250491 -0.110088 -0.287593
v -0.250491 0.109912 -0.287593
v -0.249521 -0.110088 -0.304351
v -0.249521 0.109912 -0.304351
v -0.248638 -0.110088 -0.320351
v -0.248638 0.109912 -0.320351
v -0.247842 -0.110088 -0.335593
v -0.247842 0.109912 -0.335593
v -0.247132 -0.110088 -0.350078
v -0.247132 0.109912 -0.350078
v -0.246510 -0.110088 -0.363805
v -0.246510 0.109912 -0.363805
v -0.245974 -0.110088 -0.376775
v -0.245974 0.109912 -0.376775
v -0.245525 -0.110088 -0.388987
v -0.245525 0.109912 -0.388987
v -0.245163 -0.110088 -0.400441
v -0.245163 0.109912 -0.400441
v -0.244888 -0.110088 -0.411138
v -0.244888 0.109912 -0.411138
v -0.244700 -0.110088 -0.421077
v -0.244700 0.109912 -0.421077
v -0.244599 -0.110088 -0.430258
v -0.244599 0.109912 -0.430258
v -0.244193 -0.110088 -0.444661
v -0.244193 0.109912 -0.444661
v -0.243093 -0.110088 -0.457756
v -0.243093 0.109912 -0.457756
v -0.241298 -0.110088 -0.469543
v -0.241298 0.109912 -0.469543
v -0.238808 -0.110088 -0.480022
v -0.238808 0.109912 -0.480022
v -0.235623 -0.110088 -0.489194
v -0.235623 0.109912 -0.489194
v -0.231743 -0.110088 -0.497058
v -0.231743 0.109912 -0.497058
v -0.227168 -0.110088 -0.503614
v -0.227168 0.109912 -0.503614
v -0.221898 -0.110088 -0.508862
v -0.221898 0.109912 -0.508862
v -0.215933 -0.110088 -0.512802
v -0.215933 0.109912 -0.512802
v -0.209273 -0.110088 -0.515435
v -0.209273 0.109912 -0.515435
v -0.201919 -0.110088 -0.516759
v -0.201919 0.109912 -0.516759
v -0.193869 -0.110088 -0.516776
v -0.193869 0.109912 -0.516776
v -0.191837 -0.110088 -0.517287
v -0.191837 0.109912 -0.517287
v -0.189680 -0.110088 -0.517775
v -0.189680 0.109912 -0.517775
v -0.187398 -0.110088 -0.518242
v -0.187398 0.109912 -0.518242
v -0.184989 -0.110088 -0.518687
v -0.184989 0.109912 -0.518687
v -0.182456 -0.110088 -0.519111
v -0.182456 0.109912 -0.519111
v -0.179797 -0.110088 -0.519513
v -0.179797 0.109912 -0.519513
v -0.177012 -0.110088 -0.519893
v -0.177012 0.109912 -0.519893
v -0.174102 -0.110088 -0.520251
v -0.174102 0.109912 -0.520251
v -0.171067 -0.110088 -0.520588
v -0.171067 0.109912 -0.520588
v -0.167906 -0.110088 -0.520902
v -0.167906 0.109912 -0.520902
v -0.164620 -0.110088 -0.521196
v -0.164620 0.109912 -0.521196
v -0.161208 -0.110088 -0.521467
v -0.161208 0.109912 -0.521467
v -0.157670 -0.110088 -0.521717
v -0.157670 0.109912 -0.521717
v -0.154007 -0.110088 -0.521945
v -0.154007 0.109912 -0.521945
v -0.150219 -0.110088 -0.522151
v -0.150219 0.109912 -0.522151
v -0.146305 -0.110088 -0.522336
v -0.146305 0.109912 -0.522336
v -0.142266 -0.110088 -0.522499
v -0.142266 0.109912 -0.522499
v -0.138101 -0.110088 -0.522640
v -0.138101 0.109912 -0.522640
v -0.133811 -0.110088 -0.522759
v -0.133811 0.109912 -0.522759
v -0.129395 -0.110088 -0.522857
v -0.129395 0.109912 -0.522857
v -0.124854 -0.110088 -0.522933
v -0.124854 0.109912 -0.522933
v -0.120188 -0.110088 -0.522987
v -0.120188 0.109912 -0.522987
v -0.115396 -0.110088 -0.523020
v -0.115396 0.109912 -0.523020
v -0.110478 -0.110088 -0.523031
v -0.110478 0.109912 -0.523031
v -0.099185 -0.110088 -0.522724
v -0.099185 0.109912 -0.522724
v -0.088009 -0.110088 -0.521805
v -0.088009 0.109912 -0.521805
v -0.076948 -0.110088 -0.520273
v -0.076948 0.109912 -0.520273
v -0.066003 -0.110088 -0.518128
v -0.066003 0.109912 -0.518128
v -0.055173 -0.110088 -0.515370
v -0.055173 0.109912 -0.515370
v -0.044460 -0.110088 -0.511999
v -0.044460 0.109912 -0.511999
v -0.033862 -0.110088 -0.508015
v -0.033862 0.109912 -0.508015
v -0.023380 -0.110088 -0.503418
v -0.023380 0.109912 -0.503418
v -0.013014 -0.110088 -0.498209
v -0.013014 0.109912 -0.498209
v -0.002764 -0.110088 -0.492386
v -0.002764 0.109912 -0.492386
v 0.007370 -0.110088 -0.485951
v 0.007370 0.109912 -0.485951
v 0.017389 -0.110088 -0.478903
v 0.017389 0.109912 -0.478903
v 0.027989 -0.110088 -0.470530
v 0.027989 0.109912 -0.470530
v 0.037667 -0.110088 -0.461858
v 0.037667 0.109912 -0.461858
v 0.046424 -0.110088 -0.452886
v 0.046424 0.109912 -0.452886
v 0.054258 -0.110088 -0.443616
v 0.054258 0.109912 -0.443616
v 0.061172 -0.110088 -0.434046
v 0.061172 0.109912 -0.434046
v 0.067163 -0.110088 -0.424177
v 0.067163 0.109912 -0.424177
v 0.072232 -0.110088 -0.414009
v 0.072232 0.109912 -0.414009
v 0.076380 -0.110088 -0.403542
v 0.076380 0.109912 -0.403542
v 0.079606 -0.110088 -0.392775
v 0.079606 0.109912 -0.392775
v 0.081911 -0.110088 -0.381709
v 0.081911 0.109912 -0.381709
v 0.083293 -0.110088 -0.370345
v 0.083293 0.109912 -0.370345
v 0.083754 -0.110088 -0.358680
v 0.083754 0.109912 -0.358680
v 0.083264 -0.110088 -0.344109
v 0.083264 0.109912 -0.344109
v 0.081795 -0.110088 -0.330044
v 0.081795 0.109912 -0.330044
v 0.079346 -0.110088 -0.316485
v 0.079346 0.109912 -0.316485
v 0.075917 -0.110088 -0.303434
v 0.075917 0.109912 -0.303434
v 0.071508 -0.110088 -0.290889
v 0.071508 0.109912 -0.290889
v 0.066120 -0.110088 -0.278851
v 0.066120 0.109912 -0.278851
v 0.059752 -0.110088 -0.267319
v 0.059752 0.109912 -0.267319
v 0.052405 -0.110088 -0.256294
v 0.052405 0.109912 -0.256294
v 0.044078 -0.110088 -0.245776
v 0.044078 0.109912 -0.245776
v 0.034771 -0.110088 -0.235765
v 0.034771 0.109912 -0.235765
v 0.024485 -0.110088 -0.226261
v 0.024485 0.109912 -0.226261
v -0.043417 -0.110088 -0.411147
v -0.043417 0.109912 -0.411147
v -0.049194 -0.110088 -0.414699
v -0.049194 0.109912 -0.414699
v -0.055057 -0.110088 -0.417942
v -0.055057 0.109912 -0.417942
v -0.061008 -0.110088 -0.420876
v -0.061008 0.109912 -0.420876
v -0.067045 -0.110088 -0.423502
v -0.067045 0.109912 -0.423502
v -0.073169 -0.110088 -0.425818
v -0.073169 0.109912 -0.425818
v -0.079380 -0.110088 -0.427826
v -0.079380 0.109912 -0.427826
v -0.085678 -0.110088 -0.429524
v -0.085678 0.109912 -0.429524
v -0.092062 -0.110088 -0.430914
v -0.092062 0.109912 -0.430914
v -0.098534 -0.110088 -0.431995
v -0.098534 0.109912 -0.431995
v -0.105092 -0.110088 -0.432767
v -0.105092 0.109912 -0.432767
v -0.111737 -0.110088 -0.433231
v -0.111737 0.109912 -0.433231
v -0.118470 -0.110088 -0.433385
v -0.118470 0.109912 -0.433385
v -0.120305 -0.110088 -0.433384
v -0.120305 0.109912 -0.433384
v -0.122103 -0.110088 -0.433380
v -0.122103 0.109912 -0.433380
v -0.123866 -0.110088 -0.433374
v -0.123866 0.109912 -0.433374
v -0.125593 -0.110088 -0.433366
v -0.125593 0.109912 -0.433366
v -0.127283 -0.110088 -0.433355
v -0.127283 0.109912 -0.433355
v -0.128937 -0.110088 -0.433342
v -0.128937 0.109912 -0.433342
v -0.130555 -0.110088 -0.433326
v -0.130555 0.109912 -0.433326
v -0.132136 -0.110088 -0.433308
v -0.132136 0.109912 -0.433308
v -0.133682 -0.110088 -0.433287
v -0.133682 0.109912 -0.433287
v -0.135191 -0.110088 -0.433264
v -0.135191 0.109912 -0.433264
v -0.136664 -0.110088 -0.433239
v -0.136664 0.109912 -0.433239
v -0.138101 -0.110088 -0.433211
v -0.138101 0.109912 -0.433211
v -0.139502 -0.110088 -0.433179
v -0.139502 0.109912 -0.433179
v -0.140867 -0.110088 -0.433139
v -0.140867 0.109912 -0.433139
v -0.142195 -0.110088 -0.433092
v -0.142195 0.109912 -0.433092
v -0.143487 -0.110088 -0.433038
v -0.143487 0.109912 -0.433038
v -0.144743 -0.110088 -0.432976
v -0.144743 0.109912 -0.432976
v -0.145963 -0.110088 -0.432907
v -0.145963 0.109912 -0.432907
v -0.147146 -0.110088 -0.432831
v -0.147146 0.109912 -0.432831
v -0.148294 -0.110088 -0.432748
v -0.148294 0.109912 -0.432748
v -0.149405 -0.110088 -0.432658
v -0.149405 0.109912 -0.432658
v -0.150480 -0.110088 -0.432560
v -0.150480 0.109912 -0.432560
v -0.151518 -0.110088 -0.432455
v -0.151518 0.109912 -0.432455
v -0.152521 -0.110088 -0.432343
v -0.152521 0.109912 -0.432343
v -0.152523 -0.110088 -0.429507
v -0.152523 0.109912 -0.429507
v -0.152531 -0.110088 -0.426445
v -0.152531 0.109912 -0.426445
v -0.152543 -0.110088 -0.423157
v -0.152543 0.109912 -0.423157
v -0.152560 -0.110088 -0.419641
v -0.152560 0.109912 -0.419641
v -0.152581 -0.110088 -0.415898
v -0.152581 0.109912 -0.415898
v -0.152608 -0.110088 -0.411929
v -0.152608 0.109912 -0.411929
v -0.152639 -0.110088 -0.407733
v -0.152639 0.109912 -0.407733
v -0.152676 -0.110088 -0.403310
v -0.152676 0.109912 -0.403310
v -0.152717 -0.110088 -0.398660
v -0.152717 0.109912 -0.398660
v -0.152762 -0.110088 -0.393784
v -0.152762 0.109912 -0.393784
v -0.152813 -0.110088 -0.388681
v -0.152813 0.109912 -0.388681
v -0.152868 -0.110088 -0.383350
v -0.152868 0.109912 -0.383350
v -0.153020 -0.110088 -0.376623
v -0.153020 0.109912 -0.376623
v -0.153245 -0.110088 -0.369297
v -0.153245 0.109912 -0.369297
v -0.153542 -0.110088 -0.361373
v -0.153542 0.109912 -0.361373
v -0.153911 -0.110088 -0.352851
v -0.153911 0.109912 -0.352851
v -0.154352 -0.110088 -0.343730
v -0.154352 0.109912 -0.343730
v -0.154866 -0.110088 -0.334010
v -0.154866 0.109912 -0.334010
v -0.155453 -0.110088 -0.323693
v -0.155453 0.109912 -0.323693
v -0.156111 -0.110088 -0.312777
v -0.156111 0.109912 -0.312777
v -0.156843 -0.110088 -0.301262
v -0.156843 0.109912 -0.301262
v -0.157646 -0.110088 -0.289149
v -0.157646 0.109912 -0.289149
v -0.158522 -0.110088 -0.276438
v -0.158522 0.109912 -0.276438
v -0.159470 -0.110088 -0.263128
v -0.159470 0.109912 -0.263128
v -0.156599 -0.110088 -0.262684
v -0.156599 0.109912 -0.262684
v -0.153891 -0.110088 -0.262279
v -0.153891 0.109912 -0.262279
v -0.151348 -0.110088 -0.261912
v -0.151348 0.109912 -0.261912
v -0.148969 -0.110088 -0.261584
v -0.148969 0.109912 -0.261584
v -0.146754 -0.110088 -0.261294
v -0.146754 0.109912 -0.261294
v -0.144703 -0.110088 -0.261043
v -0.144703 0.109912 -0.261043
v -0.142816 -0.110088 -0.260831
v -0.142816 0.109912 -0.260831
v -0.141093 -0.110088 -0.260657
v -0.141093 0.109912 -0.260657
v -0.139534 -0.110088 -0.260522
v -0.139534 0.109912 -0.260522
v -0.138140 -0.110088 -0.260425
v -0.138140 0.109912 -0.260425
v -0.136909 -0.110088 -0.260368
v -0.136909 0.109912 -0.260368
v -0.135843 -0.110088 -0.260348
v -0.135843 0.109912 -0.260348
v -0.126937 -0.110088 -0.260527
v -0.126937 0.109912 -0.260527
v -0.118286 -0.110088 -0.261062
v -0.118286 0.109912 -0.261062
v -0.109892 -0.110088 -0.261955
v -0.109892 0.109912 -0.261955
v -0.101753 -0.110088 -0.263205
v -0.101753 0.109912 -0.263205
v -0.093870 -0.110088 -0.264812
v -0.093870 0.109912 -0.264812
v -0.086242 -0.110088 -0.266776
v -0.086242 0.109912 -0.266776
v -0.078871 -0.110088 -0.269098
v -0.078871 0.109912 -0.269098
v -0.071755 -0.110088 -0.271776
v -0.071755 0.109912 -0.271776
v -0.064895 -0.110088 -0.274811
v -0.064895 0.109912 -0.274811
v -0.058291 -0.110088 -0.278204
v -0.058291 0.109912 -0.278204
v -0.051942 -0.110088 -0.281954
v -0.051942 0.109912 -0.281954
v -0.045850 -0.110088 -0.286061
v -0.045850 0.109912 -0.286061
v -0.039745 -0.110088 -0.290759
v -0.039745 0.109912 -0.290759
v -0.034171 -0.110088 -0.295703
v -0.034171 0.109912 -0.295703
v -0.029128 -0.110088 -0.300893
v -0.029128 0.109912 -0.300893
v -0.024616 -0.110088 -0.306329
v -0.024616 0.109912 -0.306329
v -0.020635 -0.110088 -0.312012
v -0.020635 0.109912 -0.312012
v -0.017184 -0.110088 -0.317940
v -0.017184 0.109912 -0.317940
v -0.014264 -0.110088 -0.324115
v -0.014264 0.109912 -0.324115
v -0.011876 -0.110088 -0.330536
v -0.011876 0.109912 -0.330536
v -0.010018 -0.110088 -0.337203
v -0.010018 0.109912 -0.337203
v -0.008690 -0.110088 -0.344116
v -0.008690 0.109912 -0.344116
v -0.007894 -0.110088 -0.351275
v -0.007894 0.109912 -0.351275
v -0.007629 -0.110088 -0.358680
v -0.007629 0.109912 -0.358680
v -0.007877 -0.110088 -0.363557
v -0.007877 0.109912 -0.363557
v -0.008623 -0.110088 -0.368342
v -0.008623 0.109912 -0.368342
v -0.009866 -0.110088 -0.373035
v -0.009866 0.109912 -0.373035
v -0.011605 -0.110088 -0.377636
v -0.011605 0.109912 -0.377636
v -0.013842 -0.110088 -0.382146
v -0.013842 0.109912 -0.382146
v -0.016576 -0.110088 -0.386564
v -0.016576 0.109912 -0.386564
v -0.019807 -0.110088 -0.390891
v -0.019807 0.109912 -0.390891
v -0.023535 -0.110088 -0.395125
v -0.023535 0.109912 -0.395125
v -0.027760 -0.110088 -0.399268
v -0.027760 0.109912 -0.399268
v -0.032482 -0.110088 -0.403320
v -0.032482 0.109912 -0.403320
v -0.037701 -0.110088 -0.407279
v -0.037701 0.109912 -0.407279
v 0.584449 -0.110088 -0.220737
v 0.584449 0.109912 -0.220737
v 0.584304 -0.110088 -0.216590
v 0.584304 0.109912 -0.216590
v 0.583870 -0.110088 -0.212601
v 0.583870 0.109912 -0.212601
v 0.583146 -0.110088 -0.208772
v 0.583146 0.109912 -0.208772
v 0.582133 -0.110088 -0.205102
v 0.582133 0.109912 -0.205102
v 0.580830 -0.110088 -0.201591
v 0.580830 0.109912 -0.201591
v 0.579237 -0.110088 -0.198239
v 0.579237 0.109912 -0.198239
v 0.577355 -0.110088 -0.195047
v 0.577355 0.109912 -0.195047
v 0.575183 -0.110088 -0.192014
v 0.575183 0.109912 -0.192014
v 0.572722 -0.110088 -0.189140
v 0.572722 0.109912 -0.189140
v 0.569972 -0.110088 -0.186425
v 0.569972 0.109912 -0.186425
v 0.566931 -0.110088 -0.183870
v 0.566931 0.109912 -0.183870
v 0.563601 -0.110088 -0.181474
v 0.563601 0.109912 -0.181474
v 0.559330 -0.110088 -0.164504
v 0.559330 0.109912 -0.164504
v 0.554394 -0.110088 -0.148108
v 0.554394 0.109912 -0.148108
v 0.548791 -0.110088 -0.132286
v 0.548791 0.109912 -0.132286
v 0.542522 -0.110088 -0.117039
v 0.542522 0.109912 -0.117039
v 0.535587 -0.110088 -0.102366
v 0.535587 0.109912 -0.102366
v 0.527986 -0.110088 -0.088267
v 0.527986 0.109912 -0.088267
v 0.519720 -0.110088 -0.074742
v 0.519720 0.109912 -0.074742
v 0.510787 -0.110088 -0.061792
v 0.510787 0.109912 -0.061792
v 0.501188 -0.110088 -0.049416
v 0.501188 0.109912 -0.049416
v 0.490924 -0.110088 -0.037614
v 0.490924 0.109912 -0.037614
v 0.479993 -0.110088 -0.026387
v 0.479993 0.109912 -0.026387
v 0.468396 -0.110088 -0.015734
v 0.468396 0.109912 -0.015734
v 0.456119 -0.110088 -0.005744
v 0.456119 0.109912 -0.005744
v 0.443495 -0.110088 0.003377
v 0.443495 0.109912 0.003377
v 0.430523 -0.110088 0.011629
v 0.430523 0.109912 0.011629
v 0.417203 -0.110088 0.019012
v 0.417203 0.109912 0.019012
v 0.403536 -0.110088 0.025527
v 0.403536 0.109912 0.025527
v 0.389522 -0.110088 0.031174
v 0.389522 0.109912 0.031174
v 0.375160 -0.110088 0.035951
v 0.375160 0.109912 0.035951
v 0.360451 -0.110088 0.039860
v 0.360451 0.109912 0.039860
v 0.345394 -0.110088 0.042901
v 0.345394 0.109912 0.042901
v 0.329990 -0.110088 0.045072
v 0.329990 0.109912 0.045072
v 0.314238 -0.110088 0.046375
v 0.314238 0.109912 0.046375
v 0.298139 -0.110088 0.046810
v 0.298139 0.109912 0.046810
v 0.283056 -0.110088 0.046471
v 0.283056 0.109912 0.046471
v 0.268614 -0.110088 0.045453
v 0.268614 0.109912 0.045453
v 0.254815 -0.110088 0.043758
v 0.254815 0.109912 0.043758
v 0.241657 -0.110088 0.041385
v 0.241657 0.109912 0.041385
v 0.229141 -0.110088 0.038334
v 0.229141 0.109912 0.038334
v 0.217267 -0.110088 0.034605
v 0.217267 0.109912 0.034605
v 0.206035 -0.110088 0.030198
v 0.206035 0.109912 0.030198
v 0.195444 -0.110088 0.025112
v 0.195444 0.109912 0.025112
v 0.185496 -0.110088 0.019349
v 0.185496 0.109912 0.019349
v 0.176189 -0.110088 0.012908
v 0.176189 0.109912 0.012908
v 0.167524 -0.110088 0.005788
v 0.167524 0.109912 0.005788
v 0.159501 -0.110088 -0.002009
v 0.159501 0.109912 -0.002009
v 0.152120 -0.110088 -0.010485
v 0.152120 0.109912 -0.010485
v 0.145381 -0.110088 -0.019638
v 0.145381 0.109912 -0.019638
v 0.139283 -0.110088 -0.029470
v 0.139283 0.109912 -0.029470
v 0.133828 -0.110088 -0.039979
v 0.133828 0.109912 -0.039979
v 0.129014 -0.110088 -0.051167
v 0.129014 0.109912 -0.051167
v 0.124842 -0.110088 -0.063032
v 0.124842 0.109912 -0.063032
v 0.121312 -0.110088 -0.075576
v 0.121312 0.109912 -0.075576
v 0.118423 -0.110088 -0.088798
v 0.118423 0.109912 -0.088798
v 0.116177 -0.110088 -0.102697
v 0.116177 0.109912 -0.102697
v 0.114572 -0.110088 -0.117275
v 0.114572 0.109912 -0.117275
v 0.113610 -0.110088 -0.132531
v 0.113610 0.109912 -0.132531
v 0.113289 -0.110088 -0.148465
v 0.113289 0.109912 -0.148465
v 0.113593 -0.110088 -0.163321
v 0.113593 0.109912 -0.163321
v 0.114505 -0.110088 -0.178241
v 0.114505 0.109912 -0.178241
v 0.116025 -0.110088 -0.193223
v 0.116025 0.109912 -0.193223
v 0.118153 -0.110088 -0.208267
v 0.118153 0.109912 -0.208267
v 0.120889 -0.110088 -0.223375
v 0.120889 0.109912 -0.223375
v 0.124234 -0.110088 -0.238545
v 0.124234 0.109912 -0.238545
v 0.128186 -0.110088 -0.253778
v 0.128186 0.109912 -0.253778
v 0.132747 -0.110088 -0.269073
v 0.132747 0.109912 -0.269073
v 0.137915 -0.110088 -0.284432
v 0.137915 0.109912 -0.284432
v 0.143692 -0.110088 -0.299853
v 0.143692 0.109912 -0.299853
v 0.150076 -0.110088 -0.315337
v 0.150076 0.109912 -0.315337
v 0.157069 -0.110088 -0.330883
v 0.157069 0.109912 -0.330883
v 0.164539 -0.110088 -0.346215
v 0.164539 0.109912 -0.346215
v 0.172357 -0.110088 -0.361055
v 0.172357 0.109912 -0.361055
v 0.180523 -0.110088 -0.375402
v 0.180523 0.109912 -0.375402
v 0.189036 -0.110088 -0.389257
v 0.189036 0.109912 -0.389257
v 0.197896 -0.110088 -0.402620
v 0.197896 0.109912 -0.402620
v 0.207104 -0.110088 -0.415491
v 0.207104 0.109912 -0.415491
v 0.216659 -0.110088 -0.427869
v 0.216659 0.109912 -0.427869
v 0.226562 -0.110088 -0.439755
v 0.226562 0.109912 -0.439755
v 0.236812 -0.110088 -0.451149
v 0.236812 0.109912 -0.451149
v 0.247410 -0.110088 -0.462051
v 0.247410 0.109912 -0.462051
v 0.258355 -0.110088 -0.472460
v 0.258355 0.109912 -0.472460
v 0.269647 -0.110088 -0.482377
v 0.269647 0.109912 -0.482377
v 0.277745 -0.110088 -0.488871
v 0.277745 0.109912 -0.488871
v 0.285939 -0.110088 -0.494799
v 0.285939 0.109912 -0.494799
v 0.294230 -0.110088 -0.500163
v 0.294230 0.109912 -0.500163
v 0.302618 -0.110088 -0.504963
v 0.302618 0.109912 -0.504963
v 0.311101 -0.110088 -0.509197
v 0.311101 0.109912 -0.509197
v 0.319682 -0.110088 -0.512867
v 0.319682 0.109912 -0.512867
v 0.328359 -0.110088 -0.515973
v 0.328359 0.109912 -0.515973
v 0.337132 -0.110088 -0.518514
v 0.337132 0.109912 -0.518514
v 0.346002 -0.110088 -0.520490
v 0.346002 0.109912 -0.520490
v 0.354969 -0.110088 -0.521901
v 0.354969 0.109912 -0.521901
v 0.364032 -0.110088 -0.522748
v 0.364032 0.109912 -0.522748
v 0.373191 -0.110088 -0.523031
v 0.373191 0.109912 -0.523031
v 0.378978 -0.110088 -0.522862
v 0.378978 0.109912 -0.522862
v 0.385102 -0.110088 -0.522355
v 0.385102 0.109912 -0.522355
v 0.391563 -0.110088 -0.521510
v 0.391563 0.109912 -0.521510
v 0.398363 -0.110088 -0.520328
v 0.398363 0.109912 -0.520328
v 0.405501 -0.110088 -0.518808
v 0.405501 0.109912 -0.518808
v 0.412976 -0.110088 -0.516950
v 0.412976 0.109912 -0.516950
v 0.420789 -0.110088 -0.514754
v 0.420789 0.109912 -0.514754
v 0.428940 -0.110088 -0.512221
v 0.428940 0.109912 -0.512221
v 0.437429 -0.110088 -0.509349
v 0.437429 0.109912 -0.509349
v 0.446255 -0.110088 -0.506140
v 0.446255 0.109912 -0.506140
v 0.455420 -0.110088 -0.502593
v 0.455420 0.109912 -0.502593
v 0.464922 -0.110088 -0.498708
v 0.464922 0.109912 -0.498708
v 0.475910 -0.110088 -0.493875
v 0.475910 0.109912 -0.493875
v 0.485943 -0.110088 -0.488989
v 0.485943 0.109912 -0.488989
v 0.495021 -0.110088 -0.484050
v 0.495021 0.109912 -0.484050
v 0.503143 -0.110088 -0.479057
v 0.503143 0.109912 -0.479057
v 0.510309 -0.110088 -0.474012
v 0.510309 0.109912 -0.474012
v 0.516520 -0.110088 -0.468913
v 0.516520 0.109912 -0.468913
v 0.521775 -0.110088 -0.463762
v 0.521775 0.109912 -0.463762
v 0.526075 -0.110088 -0.458557
v 0.526075 0.109912 -0.458557
v 0.529420 -0.110088 -0.453299
v 0.529420 0.109912 -0.453299
v 0.531809 -0.110088 -0.447988
v 0.531809 0.109912 -0.447988
v 0.533242 -0.110088 -0.442624
v 0.533242 0.109912 -0.442624
v 0.533719 -0.110088 -0.437207
v 0.533719 0.109912 -0.437207
v 0.533621 -0.110088 -0.434108
v 0.533621 0.109912 -0.434108
v 0.533324 -0.110088 -0.431064
v 0.533324 0.109912 -0.431064
v 0.532829 -0.110088 -0.428075
v 0.532829 0.109912 -0.428075
v 0.532137 -0.110088 -0.425142
v 0.532137 0.109912 -0.425142
v 0.531246 -0.110088 -0.422265
v 0.531246 0.109912 -0.422265
v 0.530158 -0.110088 -0.419443
v 0.530158 0.109912 -0.419443
v 0.528872 -0.110088 -0.416677
v 0.528872 0.109912 -0.416677
v 0.527388 -0.110088 -0.413966
v 0.527388 0.109912 -0.413966
v 0.525706 -0.110088 -0.411310
v 0.525706 0.109912 -0.411310
v 0.523826 -0.110088 -0.408710
v 0.523826 0.109912 -0.408710
v 0.521749 -0.110088 -0.406166
v 0.521749 0.109912 -0.406166
v 0.519473 -0.110088 -0.403677
v 0.519473 0.109912 -0.403677
v 0.517053 -0.110088 -0.401318
v 0.517053 0.109912 -0.401318
v 0.514541 -0.110088 -0.399165
v 0.514541 0.109912 -0.399165
v 0.511938 -0.110088 -0.397216
v 0.511938 0.109912 -0.397216
v 0.509243 -0.110088 -0.395473
v 0.509243 0.109912 -0.395473
v 0.506456 -0.110088 -0.393935
v 0.506456 0.109912 -0.393935
v 0.503577 -0.110088 -0.392602
v 0.503577 0.109912 -0.392602
v 0.500607 -0.110088 -0.391474
v 0.500607 0.109912 -0.391474
v 0.497545 -0.110088 -0.390551
v 0.497545 0.109912 -0.390551
v 0.494391 -0.110088 -0.389833
v 0.494391 0.109912 -0.389833
v 0.491145 -0.110088 -0.389320
v 0.491145 0.109912 -0.389320
v 0.487808 -0.110088 -0.389012
v 0.487808 0.109912 -0.389012
v 0.484380 -0.110088 -0.388910
v 0.484380 0.109912 -0.388910
v 0.482467 -0.110088 -0.389046
v 0.482467 0.109912 -0.389046
v 0.480205 -0.110088 -0.389455
v 0.480205 0.109912 -0.389455
v 0.477593 -0.110088 -0.390137
v 0.477593 0.109912 -0.390137
v 0.474631 -0.110088 -0.391091
v 0.474631 0.109912 -0.391091
v 0.471320 -0.110088 -0.392318
v 0.471320 0.109912 -0.392318
v 0.467658 -0.110088 -0.393818
v 0.467658 0.109912 -0.393818
v 0.463647 -0.110088 -0.395590
v 0.463647 0.109912 -0.395590
v 0.459285 -0.110088 -0.397635
v 0.459285 0.109912 -0.397635
v 0.454574 -0.110088 -0.399953
v 0.454574 0.109912 -0.399953
v 0.449513 -0.110088 -0.402543
v 0.449513 0.109912 -0.402543
v 0.444102 -0.110088 -0.405406
v 0.444102 0.109912 -0.405406
v 0.438341 -0.110088 -0.408541
v 0.438341 0.109912 -0.408541
v 0.432447 -0.110088 -0.411677
v 0.432447 0.109912 -0.411677
v 0.426638 -0.110088 -0.414540
v 0.426638 0.109912 -0.414540
v 0.420913 -0.110088 -0.417130
v 0.420913 0.109912 -0.417130
v 0.415273 -0.110088 -0.419448
v 0.415273 0.109912 -0.419448
v 0.409717 -0.110088 -0.421493
v 0.409717 0.109912 -0.421493
v 0.404246 -0.110088 -0.423265
v 0.404246 0.109912 -0.423265
v 0.398859 -0.110088 -0.424765
v 0.398859 0.109912 -0.424765
v 0.393557 -0.110088 -0.425992
v 0.393557 0.109912 -0.425992
v 0.388339 -0.110088 -0.426946
v 0.388339 0.109912 -0.426946
v 0.383205 -0.110088 -0.427628
v 0.383205 0.109912 -0.427628
v 0.378156 -0.110088 -0.428037
v 0.378156 0.109912 -0.428037
v 0.373191 -0.110088 -0.428173
v 0.373191 0.109912 -0.428173
v 0.367827 -0.110088 -0.427705
v 0.367827 0.109912 -0.427705
v 0.362159 -0.110088 -0.426301
v 0.362159 0.109912 -0.426301
v 0.356187 -0.110088 -0.423960
v 0.356187 0.109912 -0.423960
v 0.349911 -0.110088 -0.420683
v 0.349911 0.109912 -0.420683
v 0.343331 -0.110088 -0.416470
v 0.343331 0.109912 -0.416470
v 0.336447 -0.110088 -0.411321
v 0.336447 0.109912 -0.411321
v 0.329259 -0.110088 -0.405236
v 0.329259 0.109912 -0.405236
v 0.321767 -0.110088 -0.398214
v 0.321767 0.109912 -0.398214
v 0.313971 -0.110088 -0.390256
v 0.313971 0.109912 -0.390256
v 0.305870 -0.110088 -0.381362
v 0.305870 0.109912 -0.381362
v 0.297466 -0.110088 -0.371532
v 0.297466 0.109912 -0.371532
v 0.288758 -0.110088 -0.360765
v 0.288758 0.109912 -0.360765
v 0.276382 -0.110088 -0.344321
v 0.276382 0.109912 -0.344321
v 0.265082 -0.110088 -0.327650
v 0.265082 0.109912 -0.327650
v 0.254858 -0.110088 -0.310752
v 0.254858 0.109912 -0.310752
v 0.245711 -0.110088 -0.293628
v 0.245711 0.109912 -0.293628
v 0.237640 -0.110088 -0.276276
v 0.237640 0.109912 -0.276276
v 0.230644 -0.110088 -0.258698
v 0.230644 0.109912 -0.258698
v 0.224725 -0.110088 -0.240893
v 0.224725 0.109912 -0.240893
v 0.219883 -0.110088 -0.222861
v 0.219883 0.109912 -0.222861
v 0.216116 -0.110088 -0.204602
v 0.216116 0.109912 -0.204602
v 0.213426 -0.110088 -0.186116
v 0.213426 0.109912 -0.186116
v 0.211811 -0.110088 -0.167404
v 0.211811 0.109912 -0.167404
v 0.211273 -0.110088 -0.148465
v 0.211273 0.109912 -0.148465
v 0.211392 -0.110088 -0.139052
v 0.211392 0.109912 -0.139052
v 0.211746 -0.110088 -0.130156
v 0.211746 0.109912 -0.130156
v 0.212337 -0.110088 -0.121775
v 0.212337 0.109912 -0.121775
v 0.213165 -0.110088 -0.113912
v 0.213165 0.109912 -0.113912
v 0.214229 -0.110088 -0.106564
v 0.214229 0.109912 -0.106564
v 0.215530 -0.110088 -0.099733
v 0.215530 0.109912 -0.099733
v 0.217067 -0.110088 -0.093419
v 0.217067 0.109912 -0.093419
v 0.218840 -0.110088 -0.087620
v 0.218840 0.109912 -0.087620
v 0.220850 -0.110088 -0.082338
v 0.220850 0.109912 -0.082338
v 0.223097 -0.110088 -0.077573
v 0.223097 0.109912 -0.077573
v 0.225580 -0.110088 -0.073324
v 0.225580 0.109912 -0.073324
v 0.228299 -0.110088 -0.069591
v 0.228299 0.109912 -0.069591
v 0.231544 -0.110088 -0.066094
v 0.231544 0.109912 -0.066094
v 0.235258 -0.110088 -0.062902
v 0.235258 0.109912 -0.062902
v 0.239439 -0.110088 -0.060014
v 0.239439 0.109912 -0.060014
v 0.244089 -0.110088 -0.057430
v 0.244089 0.109912 -0.057430
v 0.249207 -0.110088 -0.055149
v 0.249207 0.109912 -0.055149
v 0.254793 -0.110088 -0.053173
v 0.254793 0.109912 -0.053173
v 0.260847 -0.110088 -0.051501
v 0.260847 0.109912 -0.051501
v 0.267369 -0.110088 -0.050133
v 0.267369 0.109912 -0.050133
v 0.274360 -0.110088 -0.049069
v 0.274360 0.109912 -0.049069
v 0.281818 -0.110088 -0.048309
v 0.281818 0.109912 -0.048309
v 0.289744 -0.110088 -0.047853
v 0.289744 0.109912 -0.047853
v 0.298139 -0.110088 -0.047701
v 0.298139 0.109912 -0.047701
v 0.306910 -0.110088 -0.047910
v 0.306910 0.109912 -0.047910
v 0.315503 -0.110088 -0.048540
v 0.315503 0.109912 -0.048540
v 0.323917 -0.110088 -0.049590
v 0.323917 0.109912 -0.049590
v 0.332152 -0.110088 -0.051059
v 0.332152 0.109912 -0.051059
v 0.340209 -0.110088 -0.052949
v 0.340209 0.109912 -0.052949
v 0.348087 -0.110088 -0.055258
v 0.348087 0.109912 -0.055258
v 0.355787 -0.110088 -0.057987
v 0.355787 0.109912 -0.057987
v 0.363308 -0.110088 -0.061136
v 0.363308 0.109912 -0.061136
v 0.370651 -0.110088 -0.064705
v 0.370651 0.109912 -0.064705
v 0.377815 -0.110088 -0.068693
v 0.377815 0.109912 -0.068693
v 0.384800 -0.110088 -0.073102
v 0.384800 0.109912 -0.073102
v 0.391607 -0.110088 -0.077930
v 0.391607 0.109912 -0.077930
v 0.398575 -0.110088 -0.083460
v 0.398575 0.109912 -0.083460
v 0.405235 -0.110088 -0.089396
v 0.405235 0.109912 -0.089396
v 0.411586 -0.110088 -0.095737
v 0.411586 0.109912 -0.095737
v 0.417628 -0.110088 -0.102484
v 0.417628 0.109912 -0.102484
v 0.423361 -0.110088 -0.109636
v 0.423361 0.109912 -0.109636
v 0.428785 -0.110088 -0.117193
v 0.428785 0.109912 -0.117193
v 0.433901 -0.110088 -0.125156
v 0.433901 0.109912 -0.125156
v 0.438707 -0.110088 -0.133524
v 0.438707 0.109912 -0.133524
v 0.443205 -0.110088 -0.142297
v 0.443205 0.109912 -0.142297
v 0.447394 -0.110088 -0.151476
v 0.447394 0.109912 -0.151476
v 0.451274 -0.110088 -0.161060
v 0.451274 0.109912 -0.161060
v 0.454845 -0.110088 -0.171050
v 0.454845 0.109912 -0.171050
v 0.441555 -0.110088 -0.169865
v 0.441555 0.109912 -0.169865
v 0.428554 -0.110088 -0.168396
v 0.428554 0.109912 -0.168396
v 0.415843 -0.110088 -0.166642
v 0.415843 0.109912 -0.166642
v 0.403421 -0.110088 -0.164603
v 0.403421 0.109912 -0.164603
v 0.391289 -0.110088 -0.162279
v 0.391289 0.109912 -0.162279
v 0.379446 -0.110088 -0.159671
v 0.379446 0.109912 -0.159671
v 0.367893 -0.110088 -0.156778
v 0.367893 0.109912 -0.156778
v 0.356629 -0.110088 -0.153600
v 0.356629 0.109912 -0.153600
v 0.345655 -0.110088 -0.150137
v 0.345655 0.109912 -0.150137
v 0.334970 -0.110088 -0.146390
v 0.334970 0.109912 -0.146390
v 0.324576 -0.110088 -0.142358
v 0.324576 0.109912 -0.142358
v 0.314470 -0.110088 -0.138041
v 0.314470 0.109912 -0.138041
v 0.312675 -0.110088 -0.137264
v 0.312675 0.109912 -0.137264
v 0.310880 -0.110088 -0.136555
v 0.310880 0.109912 -0.136555
v 0.309084 -0.110088 -0.135913
v 0.309084 0.109912 -0.135913
v 0.307289 -0.110088 -0.135339
v 0.307289 0.109912 -0.135339
v 0.305494 -0.110088 -0.134832
v 0.305494 0.109912 -0.134832
v 0.303699 -0.110088 -0.134393
v 0.303699 0.109912 -0.134393
v 0.301904 -0.110088 -0.134021
v 0.301904 0.109912 -0.134021
v 0.300109 -0.110088 -0.133717
v 0.300109 0.109912 -0.133717
v 0.298313 -0.110088 -0.133481
v 0.298313 0.109912 -0.133481
v 0.296518 -0.110088 -0.133312
v 0.296518 0.109912 -0.133312
v 0.294723 -0.110088 -0.133210
v 0.294723 0.109912 -0.133210
v 0.292927 -0.110088 -0.133177
v 0.292927 0.109912 -0.133177
v 0.289387 -0.110088 -0.133288
v 0.289387 0.109912 -0.133288
v 0.285949 -0.110088 -0.133621
v 0.285949 0.109912 -0.133621
v 0.282612 -0.110088 -0.134176
v 0.282612 0.109912 -0.134176
v 0.279376 -0.110088 -0.134952
v 0.279376 0.109912 -0.134952
v 0.276242 -0.110088 -0.135951
v 0.276242 0.109912 -0.135951
v 0.273209 -0.110088 -0.137172
v 0.273209 0.109912 -0.137172
v 0.270277 -0.110088 -0.138615
v 0.270277 0.109912 -0.138615
v 0.267447 -0.110088 -0.140280
v 0.267447 0.109912 -0.140280
v 0.264717 -0.110088 -0.142167
v 0.264717 0.109912 -0.142167
v 0.262090 -0.110088 -0.144276
v 0.262090 0.109912 -0.144276
v 0.259563 -0.110088 -0.146607
v 0.259563 0.109912 -0.146607
v 0.257138 -0.110088 -0.149160
v 0.257138 0.109912 -0.149160
v 0.255085 -0.110088 -0.151561
v 0.255085 0.109912 -0.151561
v 0.253210 -0.110088 -0.154015
v 0.253210 0.109912 -0.154015
v 0.251514 -0.110088 -0.156522
v 0.251514 0.109912 -0.156522
v 0.249996 -0.110088 -0.159082
v 0.249996 0.109912 -0.159082
v 0.248657 -0.110088 -0.161695
v 0.248657 0.109912 -0.161695
v 0.247496 -0.110088 -0.164361
v 0.247496 0.109912 -0.164361
v 0.246514 -0.110088 -0.167081
v 0.246514 0.109912 -0.167081
v 0.245711 -0.110088 -0.169853
v 0.245711 0.109912 -0.169853
v 0.245086 -0.110088 -0.172679
v 0.245086 0.109912 -0.172679
v 0.244640 -0.110088 -0.175557
v 0.244640 0.109912 -0.175557
v 0.244372 -0.110088 -0.178489
v 0.244372 0.109912 -0.178489
v 0.244282 -0.110088 -0.181474
v 0.244282 0.109912 -0.181474
v 0.245156 -0.110088 -0.190112
v 0.245156 0.109912 -0.190112
v 0.247776 -0.110088 -0.198307
v 0.247776 0.109912 -0.198307
v 0.252144 -0.110088 -0.206057
v 0.252144 0.109912 -0.206057
v 0.258258 -0.110088 -0.213363
v 0.258258 0.109912 -0.213363
v 0.266119 -0.110088 -0.220226
v 0.266119 0.109912 -0.220226
v 0.275728 -0.110088 -0.226644
v 0.275728 0.109912 -0.226644
v 0.287083 -0.110088 -0.232619
v 0.287083 0.109912 -0.232619
v 0.300185 -0.110088 -0.238149
v 0.300185 0.109912 -0.238149
v 0.315035 -0.110088 -0.243236
v 0.315035 0.109912 -0.243236
v 0.331631 -0.110088 -0.247878
v 0.331631 0.109912 -0.247878
v 0.349974 -0.110088 -0.252077
v 0.349974 0.109912 -0.252077
v 0.370064 -0.110088 -0.255831
v 0.370064 0.109912 -0.255831
v 0.382042 -0.110088 -0.257718
v 0.382042 0.109912 -0.257718
v 0.394348 -0.110088 -0.259441
v 0.394348 0.109912 -0.259441
v 0.406982 -0.110088 -0.261000
v 0.406982 0.109912 -0.261000
v 0.419944 -0.110088 -0.262394
v 0.419944 0.109912 -0.262394
v 0.433235 -0.110088 -0.263625
v 0.433235 0.109912 -0.263625
v 0.446854 -0.110088 -0.264692
v 0.446854 0.109912 -0.264692
v 0.460800 -0.110088 -0.265594
v 0.460800 0.109912 -0.265594
v 0.475075 -0.110088 -0.266332
v 0.475075 0.109912 -0.266332
v 0.489678 -0.110088 -0.266907
v 0.489678 0.109912 -0.266907
v 0.504610 -0.110088 -0.267317
v 0.504610 0.109912 -0.267317
v 0.519869 -0.110088 -0.267563
v 0.519869 0.109912 -0.267563
v 0.535457 -0.110088 -0.267645
v 0.535457 0.109912 -0.267645
v 0.538884 -0.110088 -0.267551
v 0.538884 0.109912 -0.267551
v 0.542218 -0.110088 -0.267269
v 0.542218 0.109912 -0.267269
v 0.545457 -0.110088 -0.266798
v 0.545457 0.109912 -0.266798
v 0.548603 -0.110088 -0.266139
v 0.548603 0.109912 -0.266139
v 0.551654 -0.110088 -0.265292
v 0.551654 0.109912 -0.265292
v 0.554611 -0.110088 -0.264257
v 0.554611 0.109912 -0.264257
v 0.557474 -0.110088 -0.263034
v 0.557474 0.109912 -0.263034
v 0.560243 -0.110088 -0.261622
v 0.560243 0.109912 -0.261622
v 0.562917 -0.110088 -0.260022
v 0.562917 0.109912 -0.260022
v 0.565498 -0.110088 -0.258234
v 0.565498 0.109912 -0.258234
v 0.567985 -0.110088 -0.256258
v 0.567985 0.109912 -0.256258
v 0.570377 -0.110088 -0.254094
v 0.570377 0.109912 -0.254094
v 0.572625 -0.110088 -0.251792
v 0.572625 0.109912 -0.251792
v 0.574677 -0.110088 -0.249403
v 0.574677 0.109912 -0.249403
v 0.576533 -0.110088 -0.246927
v 0.576533 0.109912 -0.246927
v 0.578195 -0.110088 -0.244365
v 0.578195 0.109912 -0.244365
v 0.579661 -0.110088 -0.241715
v 0.579661 0.109912 -0.241715
v 0.580931 -0.110088 -0.238979
v 0.580931 0.109912 -0.238979
v 0.582006 -0.110088 -0.236156
v 0.582006 0.109912 -0.236156
v 0.582886 -0.110088 -0.233246
v 0.582886 0.109912 -0.233246
v 0.583570 -0.110088 -0.230249
v 0.583570 0.109912 -0.230249
v 0.584058 -0.110088 -0.227165
v 0.584058 0.109912 -0.227165
v 0.584351 -0.110088 -0.223995
v 0.584351 0.109912 -0.223995
v 1.275902 -0.110088 0.008936
v 1.275902 0.109912 0.008936
v 1.273597 -0.110088 0.011267
v 1.273597 0.109912 0.011267
v 1.271201 -0.110088 0.013395
v 1.271201 0.109912 0.013395
v 1.268713 -0.110088 0.015321
v 1.268713 0.109912 0.015321
v 1.266134 -0.110088 0.017044
v 1.266134 0.109912 0.017044
v 1.263463 -0.110088 0.018564
v 1.263463 0.109912 0.018564
v 1.260700 -0.110088 0.019881
v 1.260700 0.109912 0.019881
v 1.257846 -0.110088 0.020996
v 1.257846 0.109912 0.020996
v 1.254899 -0.110088 0.021908
v 1.254899 0.109912 0.021908
v 1.251861 -0.110088 0.022617
v 1.251861 0.109912 0.022617
v 1.248732 -0.110088 0.023124
v 1.248732 0.109912 0.023124
v 1.245511 -0.110088 0.023428
v 1.245511 0.109912 0.023428
v 1.242198 -0.110088 0.023529
v 1.242198 0.109912 0.023529
v 1.240684 -0.110088 0.023509
v 1.240684 0.109912 0.023509
v 1.239037 -0.110088 0.023447
v 1.239037 0.109912 0.023447
v 1.237257 -0.110088 0.023345
v 1.237257 0.109912 0.023345
v 1.235345 -0.110088 0.023201
v 1.235345 0.109912 0.023201
v 1.233300 -0.110088 0.023017
v 1.233300 0.109912 0.023017
v 1.231122 -0.110088 0.022791
v 1.231122 0.109912 0.022791
v 1.228812 -0.110088 0.022525
v 1.228812 0.109912 0.022525
v 1.226369 -0.110088 0.022217
v 1.226369 0.109912 0.022217
v 1.223793 -0.110088 0.021868
v 1.223793 0.109912 0.021868
v 1.221084 -0.110088 0.021479
v 1.221084 0.109912 0.021479
v 1.218243 -0.110088 0.021048
v 1.218243 0.109912 0.021048
v 1.215269 -0.110088 0.020576
v 1.215269 0.109912 0.020576
v 1.212300 -0.110088 0.020104
v 1.212300 0.109912 0.020104
v 1.209473 -0.110088 0.019674
v 1.209473 0.109912 0.019674
v 1.206789 -0.110088 0.019284
v 1.206789 0.109912 0.019284
v 1.204247 -0.110088 0.018935
v 1.204247 0.109912 0.018935
v 1.201847 -0.110088 0.018628
v 1.201847 0.109912 0.018628
v 1.199590 -0.110088 0.018361
v 1.199590 0.109912 0.018361
v 1.197475 -0.110088 0.018135
v 1.197475 0.109912 0.018135
v 1.195502 -0.110088 0.017951
v 1.195502 0.109912 0.017951
v 1.193672 -0.110088 0.017807
v 1.193672 0.109912 0.017807
v 1.191984 -0.110088 0.017705
v 1.191984 0.109912 0.017705
v 1.190439 -0.110088 0.017643
v 1.190439 0.109912 0.017643
v 1.189036 -0.110088 0.017623
v 1.189036 0.109912 0.017623
v 1.086881 -0.110088 0.017275
v 1.086881 0.109912 0.017275
v 1.084587 -0.110088 0.017298
v 1.084587 0.109912 0.017298
v 1.082104 -0.110088 0.017367
v 1.082104 0.109912 0.017367
v 1.079433 -0.110088 0.017481
v 1.079433 0.109912 0.017481
v 1.076573 -0.110088 0.017642
v 1.076573 0.109912 0.017642
v 1.073526 -0.110088 0.017848
v 1.073526 0.109912 0.017848
v 1.070290 -0.110088 0.018100
v 1.070290 0.109912 0.018100
v 1.066866 -0.110088 0.018398
v 1.066866 0.109912 0.018398
v 1.063254 -0.110088 0.018742
v 1.063254 0.109912 0.018742
v 1.059453 -0.110088 0.019132
v 1.059453 0.109912 0.019132
v 1.055465 -0.110088 0.019567
v 1.055465 0.109912 0.019567
v 1.051288 -0.110088 0.020049
v 1.051288 0.109912 0.020049
v 1.046923 -0.110088 0.020576
v 1.046923 0.109912 0.020576
v 1.042556 -0.110088 0.021103
v 1.042556 0.109912 0.021103
v 1.038372 -0.110088 0.021585
v 1.038372 0.109912 0.021585
v 1.034371 -0.110088 0.022020
v 1.034371 0.109912 0.022020
v 1.030554 -0.110088 0.022410
v 1.030554 0.109912 0.022410
v 1.026920 -0.110088 0.022754
v 1.026920 0.109912 0.022754
v 1.023469 -0.110088 0.023052
v 1.023469 0.109912 0.023052
v 1.020202 -0.110088 0.023304
v 1.020202 0.109912 0.023304
v 1.017119 -0.110088 0.023510
v 1.017119 0.109912 0.023510
v 1.014218 -0.110088 0.023671
v 1.014218 0.109912 0.023671
v 1.011501 -0.110088 0.023785
v 1.011501 0.109912 0.023785
v 1.008968 -0.110088 0.023854
v 1.008968 0.109912 0.023854
v 1.006617 -0.110088 0.023877
v 1.006617 0.109912 0.023877
v 1.005956 -0.110088 0.023867
v 1.005956 0.109912 0.023867
v 1.005247 -0.110088 0.023838
v 1.005247 0.109912 0.023838
v 1.004489 -0.110088 0.023790
v 1.004489 0.109912 0.023790
v 1.003683 -0.110088 0.023723
v 1.003683 0.109912 0.023723
v 1.002829 -0.110088 0.023636
v 1.002829 0.109912 0.023636
v 1.001927 -0.110088 0.023529
v 1.001927 0.109912 0.023529
v 1.000976 -0.110088 0.023404
v 1.000976 0.109912 0.023404
v 0.999977 -0.110088 0.023259
v 0.999977 0.109912 0.023259
v 0.998930 -0.110088 0.023095
v 0.998930 0.109912 0.023095
v 0.997834 -0.110088 0.022912
v 0.997834 0.109912 0.022912
v 0.996691 -0.110088 0.022709
v 0.996691 0.109912 0.022709
v 0.995499 -0.110088 0.022487
v 0.995499 0.109912 0.022487
v 0.994307 -0.110088 0.022265
v 0.994307 0.109912 0.022265
v 0.993163 -0.110088 0.022062
v 0.993163 0.109912 0.022062
v 0.992067 -0.110088 0.021879
v 0.992067 0.109912 0.021879
v 0.991020 -0.110088 0.021715
v 0.991020 0.109912 0.021715
v 0.990021 -0.110088 0.021570
v 0.990021 0.109912 0.021570
v 0.989070 -0.110088 0.021445
v 0.989070 0.109912 0.021445
v 0.988168 -0.110088 0.021339
v 0.988168 0.109912 0.021339
v 0.987314 -0.110088 0.021252
v 0.987314 0.109912 0.021252
v 0.986508 -0.110088 0.021184
v 0.986508 0.109912 0.021184
v 0.985750 -0.110088 0.021136
v 0.985750 0.109912 0.021136
v 0.985041 -0.110088 0.021107
v 0.985041 0.109912 0.021107
v 0.984380 -0.110088 0.021097
v 0.984380 0.109912 0.021097
v 0.979308 -0.110088 0.020921
v 0.979308 0.109912 0.020921
v 0.974516 -0.110088 0.020393
v 0.974516 0.109912 0.020393
v 0.970003 -0.110088 0.019512
v 0.970003 0.109912 0.019512
v 0.965771 -0.110088 0.018279
v 0.965771 0.109912 0.018279
v 0.961819 -0.110088 0.016694
v 0.961819 0.109912 0.016694
v 0.958146 -0.110088 0.014756
v 0.958146 0.109912 0.014756
v 0.954754 -0.110088 0.012466
v 0.954754 0.109912 0.012466
v 0.951641 -0.110088 0.009824
v 0.951641 0.109912 0.009824
v 0.948808 -0.110088 0.006830
v 0.948808 0.109912 0.006830
v 0.946255 -0.110088 0.003483
v 0.946255 0.109912 0.003483
v 0.943982 -0.110088 -0.000216
v 0.943982 0.109912 -0.000216
v 0.941989 -0.110088 -0.004268
v 0.941989 0.109912 -0.004268
v 0.940879 -0.110088 -0.007052
v 0.940879 0.109912 -0.007052
v 0.939866 -0.110088 -0.010078
v 0.939866 0.109912 -0.010078
v 0.938949 -0.110088 -0.013345
v 0.938949 0.109912 -0.013345
v 0.938128 -0.110088 -0.016853
v 0.938128 0.109912 -0.016853
v 0.937405 -0.110088 -0.020603
v 0.937405 0.109912 -0.020603
v 0.936777 -0.110088 -0.024594
v 0.936777 0.109912 -0.024594
v 0.936246 -0.110088 -0.028827
v 0.936246 0.109912 -0.028827
v 0.935812 -0.110088 -0.033300
v 0.935812 0.109912 -0.033300
v 0.935474 -0.110088 -0.038015
v 0.935474 0.109912 -0.038015
v 0.935233 -0.110088 -0.042971
v 0.935233 0.109912 -0.042971
v 0.935088 -0.110088 -0.048169
v 0.935088 0.109912 -0.048169
v 0.935040 -0.110088 -0.053607
v 0.935040 0.109912 -0.053607
v 0.935240 -0.110088 -0.064289
v 0.935240 0.109912 -0.064289
v 0.935841 -0.110088 -0.074677
v 0.935841 0.109912 -0.074677
v 0.936842 -0.110088 -0.084771
v 0.936842 0.109912 -0.084771
v 0.938244 -0.110088 -0.094569
v 0.938244 0.109912 -0.094569
v 0.940047 -0.110088 -0.104074
v 0.940047 0.109912 -0.104074
v 0.942250 -0.110088 -0.113284
v 0.942250 0.109912 -0.113284
v 0.944853 -0.110088 -0.122200
v 0.944853 0.109912 -0.122200
v 0.947857 -0.110088 -0.130822
v 0.947857 0.109912 -0.130822
v 0.951262 -0.110088 -0.139149
v 0.951262 0.109912 -0.139149
v 0.955067 -0.110088 -0.147181
v 0.955067 0.109912 -0.147181
v 0.959273 -0.110088 -0.154920
v 0.959273 0.109912 -0.154920
v 0.963879 -0.110088 -0.162363
v 0.963879 0.109912 -0.162363
v 0.967776 -0.110088 -0.167981
v 0.967776 0.109912 -0.167981
v 0.972054 -0.110088 -0.173598
v 0.972054 0.109912 -0.173598
v 0.976714 -0.110088 -0.179215
v 0.976714 0.109912 -0.179215
v 0.981754 -0.110088 -0.184833
v 0.981754 0.109912 -0.184833
v 0.987176 -0.110088 -0.190450
v 0.987176 0.109912 -0.190450
v 0.992979 -0.110088 -0.196067
v 0.992979 0.109912 -0.196067
v 0.999164 -0.110088 -0.201685
v 0.999164 0.109912 -0.201685
v 1.005729 -0.110088 -0.207302
v 1.005729 0.109912 -0.207302
v 1.012676 -0.110088 -0.212919
v 1.012676 0.109912 -0.212919
v 1.020004 -0.110088 -0.218537
v 1.020004 0.109912 -0.218537
v 1.027714 -0.110088 -0.224154
v 1.027714 0.109912 -0.224154
v 1.035804 -0.110088 -0.229771
v 1.035804 0.109912 -0.229771
v 1.043620 -0.110088 -0.234923
v 1.043620 0.109912 -0.234923
v 1.051430 -0.110088 -0.240070
v 1.051430 0.109912 -0.240070
v 1.059236 -0.110088 -0.245212
v 1.059236 0.109912 -0.245212
v 1.067037 -0.110088 -0.250349
v 1.067037 0.109912 -0.250349
v 1.074834 -0.110088 -0.255481
v 1.074834 0.109912 -0.255481
v 1.082625 -0.110088 -0.260609
v 1.082625 0.109912 -0.260609
v 1.090412 -0.110088 -0.265731
v 1.090412 0.109912 -0.265731
v 1.098193 -0.110088 -0.270849
v 1.098193 0.109912 -0.270849
v 1.105970 -0.110088 -0.275962
v 1.105970 0.109912 -0.275962
v 1.113742 -0.110088 -0.281071
v 1.113742 0.109912 -0.281071
v 1.121510 -0.110088 -0.286174
v 1.121510 0.109912 -0.286174
v 1.129272 -0.110088 -0.291272
v 1.129272 0.109912 -0.291272
v 1.138041 -0.110088 -0.298007
v 1.138041 0.109912 -0.298007
v 1.146047 -0.110088 -0.304891
v 1.146047 0.109912 -0.304891
v 1.153290 -0.110088 -0.311925
v 1.153290 0.109912 -0.311925
v 1.159772 -0.110088 -0.319108
v 1.159772 0.109912 -0.319108
v 1.165490 -0.110088 -0.326441
v 1.165490 0.109912 -0.326441
v 1.170446 -0.110088 -0.333924
v 1.170446 0.109912 -0.333924
v 1.174640 -0.110088 -0.341556
v 1.174640 0.109912 -0.341556
v 1.178071 -0.110088 -0.349337
v 1.178071 0.109912 -0.349337
v 1.180740 -0.110088 -0.357269
v 1.180740 0.109912 -0.357269
v 1.182646 -0.110088 -0.365350
v 1.182646 0.109912 -0.365350
v 1.183790 -0.110088 -0.373580
v 1.183790 0.109912 -0.373580
v 1.184171 -0.110088 -0.381960
v 1.184171 0.109912 -0.381960
v 1.184019 -0.110088 -0.384160
v 1.184019 0.109912 -0.384160
v 1.183563 -0.110088 -0.386357
v 1.183563 0.109912 -0.386357
v 1.182803 -0.110088 -0.388551
v 1.182803 0.109912 -0.388551
v 1.181739 -0.110088 -0.390744
v 1.181739 0.109912 -0.390744
v 1.180371 -0.110088 -0.392933
v 1.180371 0.109912 -0.392933
v 1.178699 -0.110088 -0.395121
v 1.178699 0.109912 -0.395121
v 1.176723 -0.110088 -0.397306
v 1.176723 0.109912 -0.397306
v 1.174442 -0.110088 -0.399488
v 1.174442 0.109912 -0.399488
v 1.171858 -0.110088 -0.401668
v 1.171858 0.109912 -0.401668
v 1.168970 -0.110088 -0.403846
v 1.168970 0.109912 -0.403846
v 1.165777 -0.110088 -0.406021
v 1.165777 0.109912 -0.406021
v 1.162281 -0.110088 -0.408194
v 1.162281 0.109912 -0.408194
v 1.158640 -0.110088 -0.410275
v 1.158640 0.109912 -0.410275
v 1.155013 -0.110088 -0.412175
v 1.155013 0.109912 -0.412175
v 1.151401 -0.110088 -0.413895
v 1.151401 0.109912 -0.413895
v 1.147803 -0.110088 -0.415433
v 1.147803 0.109912 -0.415433
v 1.144220 -0.110088 -0.416790
v 1.144220 0.109912 -0.416790
v 1.140651 -0.110088 -0.417966
v 1.140651 0.109912 -0.417966
v 1.137097 -0.110088 -0.418962
v 1.137097 0.109912 -0.418962
v 1.133557 -0.110088 -0.419776
v 1.133557 0.109912 -0.419776
v 1.130032 -0.110088 -0.420409
v 1.130032 0.109912 -0.420409
v 1.126521 -0.110088 -0.420862
v 1.126521 0.109912 -0.420862
v 1.123025 -0.110088 -0.421133
v 1.123025 0.109912 -0.421133
v 1.119543 -0.110088 -0.421224
v 1.119543 0.109912 -0.421224
v 1.113374 -0.110088 -0.420996
v 1.113374 0.109912 -0.420996
v 1.107145 -0.110088 -0.420312
v 1.107145 0.109912 -0.420312
v 1.100856 -0.110088 -0.419172
v 1.100856 0.109912 -0.419172
v 1.094506 -0.110088 -0.417575
v 1.094506 0.109912 -0.417575
v 1.088096 -0.110088 -0.415523
v 1.088096 0.109912 -0.415523
v 1.081626 -0.110088 -0.413015
v 1.081626 0.109912 -0.413015
v 1.075095 -0.110088 -0.410051
v 1.075095 0.109912 -0.410051
v 1.068504 -0.110088 -0.406630
v 1.068504 0.109912 -0.406630
v 1.061853 -0.110088 -0.402754
v 1.061853 0.109912 -0.402754
v 1.055142 -0.110088 -0.398422
v 1.055142 0.109912 -0.398422
v 1.048370 -0.110088 -0.393633
v 1.048370 0.109912 -0.393633
v 1.041538 -0.110088 -0.388389
v 1.041538 0.109912 -0.388389
v 1.034855 -0.110088 -0.383144
v 1.034855 0.109912 -0.383144
v 1.028532 -0.110088 -0.378356
v 1.028532 0.109912 -0.378356
v 1.022568 -0.110088 -0.374023
v 1.022568 0.109912 -0.374023
v 1.016964 -0.110088 -0.370147
v 1.016964 0.109912 -0.370147
v 1.011720 -0.110088 -0.366726
v 1.011720 0.109912 -0.366726
v 1.006835 -0.110088 -0.363762
v 1.006835 0.109912 -0.363762
v 1.002309 -0.110088 -0.361254
v 1.002309 0.109912 -0.361254
v 0.998143 -0.110088 -0.359202
v 0.998143 0.109912 -0.359202
v 0.994337 -0.110088 -0.357605
v 0.994337 0.109912 -0.357605
v 0.990890 -0.110088 -0.356465
v 0.990890 0.109912 -0.356465
v 0.987803 -0.110088 -0.355781
v 0.987803 0.109912 -0.355781
v 0.985075 -0.110088 -0.355553
v 0.985075 0.109912 -0.355553
v 0.982037 -0.110088 -0.355616
v 0.982037 0.109912 -0.355616
v 0.979062 -0.110088 -0.355804
v 0.979062 0.109912 -0.355804
v 0.976149 -0.110088 -0.356118
v 0.976149 0.109912 -0.356118
v 0.973300 -0.110088 -0.356557
v 0.973300 0.109912 -0.356557
v 0.970513 -0.110088 -0.357122
v 0.970513 0.109912 -0.357122
v 0.967788 -0.110088 -0.357812
v 0.967788 0.109912 -0.357812
v 0.965127 -0.110088 -0.358627
v 0.965127 0.109912 -0.358627
v 0.962528 -0.110088 -0.359568
v 0.962528 0.109912 -0.359568
v 0.959992 -0.110088 -0.360635
v 0.959992 0.109912 -0.360635
v 0.957519 -0.110088 -0.361827
v 0.957519 0.109912 -0.361827
v 0.955108 -0.110088 -0.363144
v 0.955108 0.109912 -0.363144
v 0.952761 -0.110088 -0.364587
v 0.952761 0.109912 -0.364587
v 0.949986 -0.110088 -0.366501
v 0.949986 0.109912 -0.366501
v 0.947452 -0.110088 -0.368535
v 0.947452 0.109912 -0.368535
v 0.945160 -0.110088 -0.370690
v 0.945160 0.109912 -0.370690
v 0.943109 -0.110088 -0.372965
v 0.943109 0.109912 -0.372965
v 0.941299 -0.110088 -0.375361
v 0.941299 0.109912 -0.375361
v 0.939731 -0.110088 -0.377878
v 0.939731 0.109912 -0.377878
v 0.938403 -0.110088 -0.380515
v 0.938403 0.109912 -0.380515
v 0.937318 -0.110088 -0.383273
v 0.937318 0.109912 -0.383273
v 0.936473 -0.110088 -0.386152
v 0.936473 0.109912 -0.386152
v 0.935870 -0.110088 -0.389151
v 0.935870 0.109912 -0.389151
v 0.935508 -0.110088 -0.392271
v 0.935508 0.109912 -0.392271
v 0.935387 -0.110088 -0.395512
v 0.935387 0.109912 -0.395512
v 0.935508 -0.110088 -0.399003
v 0.935508 0.109912 -0.399003
v 0.935870 -0.110088 -0.402413
v 0.935870 0.109912 -0.402413
v 0.936473 -0.110088 -0.405740
v 0.936473 0.109912 -0.405740
v 0.937318 -0.110088 -0.408985
v 0.937318 0.109912 -0.408985
v 0.938404 -0.110088 -0.412149
v 0.938404 0.109912 -0.412149
v 0.939731 -0.110088 -0.415230
v 0.939731 0.109912 -0.415230
v 0.941299 -0.110088 -0.418229
v 0.941299 0.109912 -0.418229
v 0.943109 -0.110088 -0.421147
v 0.943109 0.109912 -0.421147
v 0.945160 -0.110088 -0.423982
v 0.945160 0.109912 -0.423982
v 0.947452 -0.110088 -0.426735
v 0.947452 0.109912 -0.426735
v 0.949986 -0.110088 -0.429406
v 0.949986 0.109912 -0.429406
v 0.952761 -0.110088 -0.431995
v 0.952761 0.109912 -0.431995
v 0.959693 -0.110088 -0.438052
v 0.959693 0.109912 -0.438052
v 0.966476 -0.110088 -0.443828
v 0.966476 0.109912 -0.443828
v 0.973109 -0.110088 -0.449325
v 0.973109 0.109912 -0.449325
v 0.979592 -0.110088 -0.454542
v 0.979592 0.109912 -0.454542
v 0.985926 -0.110088 -0.459479
v 0.985926 0.109912 -0.459479
v 0.992111 -0.110088 -0.464136
v 0.992111 0.109912 -0.464136
v 0.998146 -0.110088 -0.468513
v 0.998146 0.109912 -0.468513
v 1.004031 -0.110088 -0.472610
v 1.004031 0.109912 -0.472610
v 1.009766 -0.110088 -0.476427
v 1.009766 0.109912 -0.476427
v 1.015352 -0.110088 -0.479964
v 1.015352 0.109912 -0.479964
v 1.020789 -0.110088 -0.483222
v 1.020789 0.109912 -0.483222
v 1.026075 -0.110088 -0.486200
v 1.026075 0.109912 -0.486200
v 1.033625 -0.110088 -0.490140
v 1.033625 0.109912 -0.490140
v 1.041219 -0.110088 -0.493738
v 1.041219 0.109912 -0.493738
v 1.048856 -0.110088 -0.496993
v 1.048856 0.109912 -0.496993
v 1.056536 -0.110088 -0.499905
v 1.056536 0.109912 -0.499905
v 1.064260 -0.110088 -0.502475
v 1.064260 0.109912 -0.502475
v 1.072027 -0.110088 -0.504702
v 1.072027 0.109912 -0.504702
v 1.079838 -0.110088 -0.506586
v 1.079838 0.109912 -0.506586
v 1.087692 -0.110088 -0.508128
v 1.087692 0.109912 -0.508128
v 1.095590 -0.110088 -0.509328
v 1.095590 0.109912 -0.509328
v 1.103531 -0.110088 -0.510184
v 1.103531 0.109912 -0.510184
v 1.111515 -0.110088 -0.510698
v 1.111515 0.109912 -0.510698
v 1.119543 -0.110088 -0.510869
v 1.119543 0.109912 -0.510869
v 1.129480 -0.110088 -0.510650
v 1.129480 0.109912 -0.510650
v 1.139252 -0.110088 -0.509991
v 1.139252 0.109912 -0.509991
v 1.148860 -0.110088 -0.508893
v 1.148860 0.109912 -0.508893
v 1.158304 -0.110088 -0.507356
v 1.158304 0.109912 -0.507356
v 1.167585 -0.110088 -0.505380
v 1.167585 0.109912 -0.505380
v 1.176701 -0.110088 -0.502965
v 1.176701 0.109912 -0.502965
v 1.185653 -0.110088 -0.500110
v 1.185653 0.109912 -0.500110
v 1.194441 -0.110088 -0.496816
v 1.194441 0.109912 -0.496816
v 1.203065 -0.110088 -0.493084
v 1.203065 0.109912 -0.493084
v 1.211524 -0.110088 -0.488912
v 1.211524 0.109912 -0.488912
v 1.219820 -0.110088 -0.484300
v 1.219820 0.109912 -0.484300
v 1.227952 -0.110088 -0.479250
v 1.227952 0.109912 -0.479250
v 1.236776 -0.110088 -0.473073
v 1.236776 0.109912 -0.473073
v 1.244833 -0.110088 -0.466587
v 1.244833 0.109912 -0.466587
v 1.252122 -0.110088 -0.459792
v 1.252122 0.109912 -0.459792
v 1.258644 -0.110088 -0.452689
v 1.258644 0.109912 -0.452689
v 1.264399 -0.110088 -0.445276
v 1.264399 0.109912 -0.445276
v 1.269387 -0.110088 -0.437555
v 1.269387 0.109912 -0.437555
v 1.273607 -0.110088 -0.429524
v 1.273607 0.109912 -0.429524
v 1.277060 -0.110088 -0.421185
v 1.277060 0.109912 -0.421185
v 1.279745 -0.110088 -0.412537
v 1.279745 0.109912 -0.412537
v 1.281664 -0.110088 -0.403580
v 1.281664 0.109912 -0.403580
v 1.282815 -0.110088 -0.394315
v 1.282815 0.109912 -0.394315
v 1.283198 -0.110088 -0.384740
v 1.283198 0.109912 -0.384740
v 1.283010 -0.110088 -0.375018
v 1.283010 0.109912 -0.375018
v 1.282446 -0.110088 -0.365543
v 1.282446 0.109912 -0.365543
v 1.281505 -0.110088 -0.356313
v 1.281505 0.109912 -0.356313
v 1.280187 -0.110088 -0.347330
v 1.280187 0.109912 -0.347330
v 1.278493 -0.110088 -0.338593
v 1.278493 0.109912 -0.338593
v 1.276423 -0.110088 -0.330102
v 1.276423 0.109912 -0.330102
v 1.273976 -0.110088 -0.321856
v 1.273976 0.109912 -0.321856
v 1.271153 -0.110088 -0.313858
v 1.271153 0.109912 -0.313858
v 1.267953 -0.110088 -0.306105
v 1.267953 0.109912 -0.306105
v 1.264377 -0.110088 -0.298598
v 1.264377 0.109912 -0.298598
v 1.260425 -0.110088 -0.291338
v 1.260425 0.109912 -0.291338
v 1.256096 -0.110088 -0.284323
v 1.256096 0.109912 -0.284323
v 1.252392 -0.110088 -0.278834
v 1.252392 0.109912 -0.278834
v 1.248346 -0.110088 -0.273368
v 1.248346 0.109912 -0.273368
v 1.243957 -0.110088 -0.267927
v 1.243957 0.109912 -0.267927
v 1.239225 -0.110088 -0.262510
v 1.239225 0.109912 -0.262510
v 1.234151 -0.110088 -0.257117
v 1.234151 0.109912 -0.257117
v 1.228733 -0.110088 -0.251749
v 1.228733 0.109912 -0.251749
v 1.222974 -0.110088 -0.246404
v 1.222974 0.109912 -0.246404
v 1.216872 -0.110088 -0.241083
v 1.216872 0.109912 -0.241083
v 1.210426 -0.110088 -0.235787
v 1.210426 0.109912 -0.235787
v 1.203639 -0.110088 -0.230515
v 1.203639 0.109912 -0.230515
v 1.196509 -0.110088 -0.225266
v 1.196509 0.109912 -0.225266
v 1.189036 -0.110088 -0.220042
v 1.189036 0.109912 -0.220042
v 1.181797 -0.110088 -0.215470
v 1.181797 0.109912 -0.215470
v 1.174558 -0.110088 -0.210902
v 1.174558 0.109912 -0.210902
v 1.167319 -0.110088 -0.206339
v 1.167319 0.109912 -0.206339
v 1.160080 -0.110088 -0.201781
v 1.160080 0.109912 -0.201781
v 1.152842 -0.110088 -0.197228
v 1.152842 0.109912 -0.197228
v 1.145603 -0.110088 -0.192680
v 1.145603 0.109912 -0.192680
v 1.138364 -0.110088 -0.188136
v 1.138364 0.109912 -0.188136
v 1.131125 -0.110088 -0.183597
v 1.131125 0.109912 -0.183597
v 1.123886 -0.110088 -0.179063
v 1.123886 0.109912 -0.179063
v 1.116647 -0.110088 -0.174534
v 1.116647 0.109912 -0.174534
v 1.109409 -0.110088 -0.170010
v 1.109409 0.109912 -0.170010
v 1.102170 -0.110088 -0.165491
v 1.102170 0.109912 -0.165491
v 1.091592 -0.110088 -0.158225
v 1.091592 0.109912 -0.158225
v 1.081863 -0.110088 -0.150791
v 1.081863 0.109912 -0.150791
v 1.072983 -0.110088 -0.143188
v 1.072983 0.109912 -0.143188
v 1.064953 -0.110088 -0.135416
v 1.064953 0.109912 -0.135416
v 1.057772 -0.110088 -0.127475
v 1.057772 0.109912 -0.127475
v 1.051440 -0.110088 -0.119365
v 1.051440 0.109912 -0.119365
v 1.045958 -0.110088 -0.111086
v 1.045958 0.109912 -0.111086
v 1.041325 -0.110088 -0.102638
v 1.041325 0.109912 -0.102638
v 1.037542 -0.110088 -0.094022
v 1.037542 0.109912 -0.094022
v 1.034608 -0.110088 -0.085236
v 1.034608 0.109912 -0.085236
v 1.032523 -0.110088 -0.076282
v 1.032523 0.109912 -0.076282
v 1.031287 -0.110088 -0.067158
v 1.031287 0.109912 -0.067158
v 1.034598 -0.110088 -0.067569
v 1.034598 0.109912 -0.067569
v 1.038159 -0.110088 -0.067989
v 1.038159 0.109912 -0.067989
v 1.041972 -0.110088 -0.068418
v 1.041972 0.109912 -0.068418
v 1.046035 -0.110088 -0.068857
v 1.046035 0.109912 -0.068857
v 1.050349 -0.110088 -0.069306
v 1.050349 0.109912 -0.069306
v 1.054915 -0.110088 -0.069764
v 1.054915 0.109912 -0.069764
v 1.059731 -0.110088 -0.070233
v 1.059731 0.109912 -0.070233
v 1.064798 -0.110088 -0.070710
v 1.064798 0.109912 -0.070710
v 1.070116 -0.110088 -0.071198
v 1.070116 0.109912 -0.071198
v 1.075685 -0.110088 -0.071695
v 1.075685 0.109912 -0.071695
v 1.081505 -0.110088 -0.072202
v 1.081505 0.109912 -0.072202
v 1.087576 -0.110088 -0.072718
v 1.087576 0.109912 -0.072718
v 1.099619 -0.110088 -0.073328
v 1.099619 0.109912 -0.073328
v 1.111079 -0.110088 -0.073886
v 1.111079 0.109912 -0.073886
v 1.121954 -0.110088 -0.074390
v 1.121954 0.109912 -0.074390
v 1.132245 -0.110088 -0.074841
v 1.132245 0.109912 -0.074841
v 1.141952 -0.110088 -0.075239
v 1.141952 0.109912 -0.075239
v 1.151075 -0.110088 -0.075584
v 1.151075 0.109912 -0.075584
v 1.159615 -0.110088 -0.075876
v 1.159615 0.109912 -0.075876
v 1.167570 -0.110088 -0.076115
v 1.167570 0.109912 -0.076115
v 1.174942 -0.110088 -0.076301
v 1.174942 0.109912 -0.076301
v 1.181729 -0.110088 -0.076434
v 1.181729 0.109912 -0.076434
v 1.187933 -0.110088 -0.076513
v 1.187933 0.109912 -0.076513
v 1.193553 -0.110088 -0.076540
v 1.193553 0.109912 -0.076540
v 1.198528 -0.110088 -0.076451
v 1.198528 0.109912 -0.076451
v 1.203494 -0.110088 -0.076183
v 1.203494 0.109912 -0.076183
v 1.208450 -0.110088 -0.075736
v 1.208450 0.109912 -0.075736
v 1.213397 -0.110088 -0.075112
v 1.213397 0.109912 -0.075112
v 1.218334 -0.110088 -0.074308
v 1.218334 0.109912 -0.074308
v 1.223261 -0.110088 -0.073326
v 1.223261 0.109912 -0.073326
v 1.228179 -0.110088 -0.072165
v 1.228179 0.109912 -0.072165
v 1.233086 -0.110088 -0.070826
v 1.233086 0.109912 -0.070826
v 1.237985 -0.110088 -0.069308
v 1.237985 0.109912 -0.069308
v 1.242873 -0.110088 -0.067612
v 1.242873 0.109912 -0.067612
v 1.247752 -0.110088 -0.065737
v 1.247752 0.109912 -0.065737
v 1.252622 -0.110088 -0.063684
v 1.252622 0.109912 -0.063684
v 1.258393 -0.110088 -0.060957
v 1.258393 0.109912 -0.060957
v 1.263663 -0.110088 -0.058105
v 1.263663 0.109912 -0.058105
v 1.268431 -0.110088 -0.055128
v 1.268431 0.109912 -0.055128
v 1.272697 -0.110088 -0.052025
v 1.272697 0.109912 -0.052025
v 1.276461 -0.110088 -0.048796
v 1.276461 0.109912 -0.048796
v 1.279724 -0.110088 -0.045442
v 1.279724 0.109912 -0.045442
v 1.282484 -0.110088 -0.041963
v 1.282484 0.109912 -0.041963
v 1.284743 -0.110088 -0.038358
v 1.284743 0.109912 -0.038358
v 1.286499 -0.110088 -0.034627
v 1.286499 0.109912 -0.034627
v 1.287754 -0.110088 -0.030771
v 1.287754 0.109912 -0.030771
v 1.288507 -0.110088 -0.026790
v 1.288507 0.109912 -0.026790
v 1.288758 -0.110088 -0.022683
v 1.288758 0.109912 -0.022683
v 1.288669 -0.110088 -0.019703
v 1.288669 0.109912 -0.019703
v 1.288401 -0.110088 -0.016786
v 1.288401 0.109912 -0.016786
v 1.287954 -0.110088 -0.013931
v 1.287954 0.109912 -0.013931
v 1.287329 -0.110088 -0.011140
v 1.287329 0.109912 -0.011140
v 1.286526 -0.110088 -0.008411
v 1.286526 0.109912 -0.008411
v 1.285544 -0.110088 -0.005744
v 1.285544 0.109912 -0.005744
v 1.284383 -0.110088 -0.003141
v 1.284383 0.109912 -0.003141
v 1.283044 -0.110088 -0.000600
v 1.283044 0.109912 -0.000600
v 1.281526 -0.110088 0.001878
v 1.281526 0.109912 0.001878
v 1.279830 -0.110088 0.004294
v 1.279830 0.109912 0.004294
v 1.277955 -0.110088 0.006646
v 1.277955 0.109912 0.006646
v 1.697027 -0.110088 -0.041099
v 1.697027 0.109912 -0.041099
v 1.687858 -0.110088 -0.028723
v 1.687858 0.109912 -0.028723
v 1.677956 -0.110088 -0.017423
v 1.677956 0.109912 -0.017423
v 1.667319 -0.110088 -0.007199
v 1.667319 0.109912 -0.007199
v 1.655949 -0.110088 0.001948
v 1.655949 0.109912 0.001948
v 1.643846 -0.110088 0.010019
v 1.643846 0.109912 0.010019
v 1.631009 -0.110088 0.017015
v 1.631009 0.109912 0.017015
v 1.617439 -0.110088 0.022934
v 1.617439 0.109912 0.022934
v 1.603135 -0.110088 0.027776
v 1.603135 0.109912 0.027776
v 1.588098 -0.110088 0.031543
v 1.588098 0.109912 0.031543
v 1.572327 -0.110088 0.034233
v 1.572327 0.109912 0.034233
v 1.555822 -0.110088 0.035848
v 1.555822 0.109912 0.035848
v 1.538584 -0.110088 0.036386
v 1.538584 0.109912 0.036386
v 1.519855 -0.110088 0.035696
v 1.519855 0.109912 0.035696
v 1.502004 -0.110088 0.033625
v 1.502004 0.109912 0.033625
v 1.485031 -0.110088 0.030175
v 1.485031 0.109912 0.030175
v 1.468937 -0.110088 0.025344
v 1.468937 0.109912 0.025344
v 1.453721 -0.110088 0.019133
v 1.453721 0.109912 0.019133
v 1.439383 -0.110088 0.011542
v 1.439383 0.109912 0.011542
v 1.425924 -0.110088 0.002571
v 1.425924 0.109912 0.002571
v 1.413343 -0.110088 -0.007781
v 1.413343 0.109912 -0.007781
v 1.401640 -0.110088 -0.019513
v 1.401640 0.109912 -0.019513
v 1.390815 -0.110088 -0.032624
v 1.390815 0.109912 -0.032624
v 1.380869 -0.110088 -0.047117
v 1.380869 0.109912 -0.047117
v 1.371801 -0.110088 -0.062989
v 1.371801 0.109912 -0.062989
v 1.365697 -0.110088 -0.075563
v 1.365697 0.109912 -0.075563
v 1.360123 -0.110088 -0.088730
v 1.360123 0.109912 -0.088730
v 1.355080 -0.110088 -0.102491
v 1.355080 0.109912 -0.102491
v 1.350568 -0.110088 -0.116846
v 1.350568 0.109912 -0.116846
v 1.346586 -0.110088 -0.131794
v 1.346586 0.109912 -0.131794
v 1.343136 -0.110088 -0.147336
v 1.343136 0.109912 -0.147336
v 1.340216 -0.110088 -0.163471
v 1.340216 0.109912 -0.163471
v 1.337827 -0.110088 -0.180200
v 1.337827 0.109912 -0.180200
v 1.335969 -0.110088 -0.197522
v 1.335969 0.109912 -0.197522
v 1.334642 -0.110088 -0.215439
v 1.334642 0.109912 -0.215439
v 1.333846 -0.110088 -0.233948
v 1.333846 0.109912 -0.233948
v 1.333580 -0.110088 -0.253051
v 1.333580 0.109912 -0.253051
v 1.333930 -0.110088 -0.269445
v 1.333930 0.109912 -0.269445
v 1.334980 -0.110088 -0.285501
v 1.334980 0.109912 -0.285501
v 1.336729 -0.110088 -0.301219
v 1.336729 0.109912 -0.301219
v 1.339179 -0.110088 -0.316599
v 1.339179 0.109912 -0.316599
v 1.342327 -0.110088 -0.331641
v 1.342327 0.109912 -0.331641
v 1.346176 -0.110088 -0.346345
v 1.346176 0.109912 -0.346345
v 1.350724 -0.110088 -0.360712
v 1.350724 0.109912 -0.360712
v 1.355973 -0.110088 -0.374741
v 1.355973 0.109912 -0.374741
v 1.361921 -0.110088 -0.388432
v 1.361921 0.109912 -0.388432
v 1.368568 -0.110088 -0.401785
v 1.368568 0.109912 -0.401785
v 1.375916 -0.110088 -0.414801
v 1.375916 0.109912 -0.414801
v 1.383963 -0.110088 -0.427478
v 1.383963 0.109912 -0.427478
v 1.394348 -0.110088 -0.441852
v 1.394348 0.109912 -0.441852
v 1.405351 -0.110088 -0.454976
v 1.405351 0.109912 -0.454976
v 1.416972 -0.110088 -0.466850
v 1.416972 0.109912 -0.466850
v 1.429210 -0.110088 -0.477474
v 1.429210 0.109912 -0.477474
v 1.442066 -0.110088 -0.486849
v 1.442066 0.109912 -0.486849
v 1.455540 -0.110088 -0.494973
v 1.455540 0.109912 -0.494973
v 1.469632 -0.110088 -0.501847
v 1.469632 0.109912 -0.501847
v 1.484341 -0.110088 -0.507472
v 1.484341 0.109912 -0.507472
v 1.499668 -0.110088 -0.511847
v 1.499668 0.109912 -0.511847
v 1.515613 -0.110088 -0.514971
v 1.515613 0.109912 -0.514971
v 1.532175 -0.110088 -0.516846
v 1.532175 0.109912 -0.516846
v 1.549355 -0.110088 -0.517471
v 1.549355 0.109912 -0.517471
v 1.565609 -0.110088 -0.516914
v 1.565609 0.109912 -0.516914
v 1.581245 -0.110088 -0.515242
v 1.581245 0.109912 -0.515242
v 1.596263 -0.110088 -0.512455
v 1.596263 0.109912 -0.512455
v 1.610663 -0.110088 -0.508553
v 1.610663 0.109912 -0.508553
v 1.624446 -0.110088 -0.503536
v 1.624446 0.109912 -0.503536
v 1.637611 -0.110088 -0.497405
v 1.637611 0.109912 -0.497405
v 1.650158 -0.110088 -0.490159
v 1.650158 0.109912 -0.490159
v 1.662088 -0.110088 -0.481798
v 1.662088 0.109912 -0.481798
v 1.673400 -0.110088 -0.472323
v 1.673400 0.109912 -0.472323
v 1.684094 -0.110088 -0.461732
v 1.684094 0.109912 -0.461732
v 1.694170 -0.110088 -0.450027
v 1.694170 0.109912 -0.450027
v 1.703629 -0.110088 -0.437207
v 1.703629 0.109912 -0.437207
v 1.711010 -0.110088 -0.425719
v 1.711010 0.109912 -0.425719
v 1.717750 -0.110088 -0.413840
v 1.717750 0.109912 -0.413840
v 1.723847 -0.110088 -0.401570
v 1.723847 0.109912 -0.401570
v 1.729303 -0.110088 -0.388910
v 1.729303 0.109912 -0.388910
v 1.734117 -0.110088 -0.375858
v 1.734117 0.109912 -0.375858
v 1.738289 -0.110088 -0.362416
v 1.738289 0.109912 -0.362416
v 1.741819 -0.110088 -0.348582
v 1.741819 0.109912 -0.348582
v 1.744707 -0.110088 -0.334358
v 1.744707 0.109912 -0.334358
v 1.746953 -0.110088 -0.319743
v 1.746953 0.109912 -0.319743
v 1.748558 -0.110088 -0.304737
v 1.748558 0.109912 -0.304737
v 1.749521 -0.110088 -0.289340
v 1.749521 0.109912 -0.289340
v 1.749842 -0.110088 -0.273552
v 1.749842 0.109912 -0.273552
v 1.749475 -0.110088 -0.248262
v 1.749475 0.109912 -0.248262
v 1.748375 -0.110088 -0.224048
v 1.748375 0.109912 -0.224048
v 1.746541 -0.110088 -0.200910
v 1.746541 0.109912 -0.200910
v 1.743974 -0.110088 -0.178849
v 1.743974 0.109912 -0.178849
v 1.740673 -0.110088 -0.157863
v 1.740673 0.109912 -0.157863
v 1.736638 -0.110088 -0.137954
v 1.736638 0.109912 -0.137954
v 1.731870 -0.110088 -0.119121
v 1.731870 0.109912 -0.119121
v 1.726369 -0.110088 -0.101364
v 1.726369 0.109912 -0.101364
v 1.720134 -0.110088 -0.084684
v 1.720134 0.109912 -0.084684
v 1.713165 -0.110088 -0.069079
v 1.713165 0.109912 -0.069079
v 1.705463 -0.110088 -0.054551
v 1.705463 0.109912 -0.054551
v 1.626666 -0.110088 -0.385783
v 1.626666 0.109912 -0.385783
v 1.622172 -0.110088 -0.392387
v 1.622172 0.109912 -0.392387
v 1.617318 -0.110088 -0.398417
v 1.617318 0.109912 -0.398417
v 1.612105 -0.110088 -0.403872
v 1.612105 0.109912 -0.403872
v 1.606532 -0.110088 -0.408754
v 1.606532 0.109912 -0.408754
v 1.600600 -0.110088 -0.413061
v 1.600600 0.109912 -0.413061
v 1.594308 -0.110088 -0.416794
v 1.594308 0.109912 -0.416794
v 1.587657 -0.110088 -0.419952
v 1.587657 0.109912 -0.419952
v 1.580646 -0.110088 -0.422536
v 1.580646 0.109912 -0.422536
v 1.573276 -0.110088 -0.424546
v 1.573276 0.109912 -0.424546
v 1.565546 -0.110088 -0.425982
v 1.565546 0.109912 -0.425982
v 1.557457 -0.110088 -0.426844
v 1.557457 0.109912 -0.426844
v 1.549008 -0.110088 -0.427131
v 1.549008 0.109912 -0.427131
v 1.539781 -0.110088 -0.426742
v 1.539781 0.109912 -0.426742
v 1.530863 -0.110088 -0.425577
v 1.530863 0.109912 -0.425577
v 1.522253 -0.110088 -0.423634
v 1.522253 0.109912 -0.423634
v 1.513953 -0.110088 -0.420915
v 1.513953 0.109912 -0.420915
v 1.505961 -0.110088 -0.417419
v 1.505961 0.109912 -0.417419
v 1.498278 -0.110088 -0.413145
v 1.498278 0.109912 -0.413145
v 1.490904 -0.110088 -0.408095
v 1.490904 0.109912 -0.408095
v 1.483839 -0.110088 -0.402268
v 1.483839 0.109912 -0.402268
v 1.477083 -0.110088 -0.395664
v 1.477083 0.109912 -0.395664
v 1.470636 -0.110088 -0.388282
v 1.470636 0.109912 -0.388282
v 1.464497 -0.110088 -0.380124
v 1.464497 0.109912 -0.380124
v 1.458667 -0.110088 -0.371189
v 1.458667 0.109912 -0.371189
v 1.453895 -0.110088 -0.362973
v 1.453895 0.109912 -0.362973
v 1.449537 -0.110088 -0.354540
v 1.449537 0.109912 -0.354540
v 1.445594 -0.110088 -0.345889
v 1.445594 0.109912 -0.345889
v 1.442066 -0.110088 -0.337022
v 1.442066 0.109912 -0.337022
v 1.438954 -0.110088 -0.327937
v 1.438954 0.109912 -0.327937
v 1.436256 -0.110088 -0.318635
v 1.436256 0.109912 -0.318635
v 1.433973 -0.110088 -0.309116
v 1.433973 0.109912 -0.309116
v 1.432106 -0.110088 -0.299380
v 1.432106 0.109912 -0.299380
v 1.430653 -0.110088 -0.289427
v 1.430653 0.109912 -0.289427
v 1.429616 -0.110088 -0.279256
v 1.429616 0.109912 -0.279256
v 1.428993 -0.110088 -0.268868
v 1.428993 0.109912 -0.268868
v 1.428786 -0.110088 -0.258263
v 1.428786 0.109912 -0.258263
v 1.428897 -0.110088 -0.244403
v 1.428897 0.109912 -0.244403
v 1.429229 -0.110088 -0.231084
v 1.429229 0.109912 -0.231084
v 1.429785 -0.110088 -0.218305
v 1.429785 0.109912 -0.218305
v 1.430562 -0.110088 -0.206067
v 1.430562 0.109912 -0.206067
v 1.431560 -0.110088 -0.194369
v 1.431560 0.109912 -0.194369
v 1.432781 -0.110088 -0.183211
v 1.432781 0.109912 -0.183211
v 1.434224 -0.110088 -0.172594
v 1.434224 0.109912 -0.172594
v 1.435889 -0.110088 -0.162518
v 1.435889 0.109912 -0.162518
v 1.437776 -0.110088 -0.152982
v 1.437776 0.109912 -0.152982
v 1.439885 -0.110088 -0.143987
v 1.439885 0.109912 -0.143987
v 1.442216 -0.110088 -0.135532
v 1.442216 0.109912 -0.135532
v 1.444769 -0.110088 -0.127617
v 1.444769 0.109912 -0.127617
v 1.449349 -0.110088 -0.115796
v 1.449349 0.109912 -0.115796
v 1.454517 -0.110088 -0.105003
v 1.454517 0.109912 -0.105003
v 1.460274 -0.110088 -0.095238
v 1.460274 0.109912 -0.095238
v 1.466620 -0.110088 -0.086501
v 1.466620 0.109912 -0.086501
v 1.473555 -0.110088 -0.078791
v 1.473555 0.109912 -0.078791
v 1.481079 -0.110088 -0.072110
v 1.481079 0.109912 -0.072110
v 1.489191 -0.110088 -0.066456
v 1.489191 0.109912 -0.066456
v 1.497892 -0.110088 -0.061831
v 1.497892 0.109912 -0.061831
v 1.507182 -0.110088 -0.058233
v 1.507182 0.109912 -0.058233
v 1.517061 -0.110088 -0.055663
v 1.517061 0.109912 -0.055663
v 1.527528 -0.110088 -0.054121
v 1.527528 0.109912 -0.054121
v 1.538584 -0.110088 -0.053607
v 1.538584 0.109912 -0.053607
v 1.547884 -0.110088 -0.053968
v 1.547884 0.109912 -0.053968
v 1.556787 -0.110088 -0.055050
v 1.556787 0.109912 -0.055050
v 1.565295 -0.110088 -0.056854
v 1.565295 0.109912 -0.056854
v 1.573408 -0.110088 -0.059379
v 1.573408 0.109912 -0.059379
v 1.581124 -0.110088 -0.062626
v 1.581124 0.109912 -0.062626
v 1.588445 -0.110088 -0.066594
v 1.588445 0.109912 -0.066594
v 1.595370 -0.110088 -0.071283
v 1.595370 0.109912 -0.071283
v 1.601900 -0.110088 -0.076694
v 1.601900 0.109912 -0.076694
v 1.608033 -0.110088 -0.082827
v 1.608033 0.109912 -0.082827
v 1.613771 -0.110088 -0.089681
v 1.613771 0.109912 -0.089681
v 1.619114 -0.110088 -0.097256
v 1.619114 0.109912 -0.097256
v 1.624060 -0.110088 -0.105553
v 1.624060 0.109912 -0.105553
v 1.628611 -0.110088 -0.114572
v 1.628611 0.109912 -0.114572
v 1.632766 -0.110088 -0.124311
v 1.632766 0.109912 -0.124311
v 1.636525 -0.110088 -0.134773
v 1.636525 0.109912 -0.134773
v 1.639889 -0.110088 -0.145955
v 1.639889 0.109912 -0.145955
v 1.642857 -0.110088 -0.157860
v 1.642857 0.109912 -0.157860
v 1.645429 -0.110088 -0.170485
v 1.645429 0.109912 -0.170485
v 1.647606 -0.110088 -0.183833
v 1.647606 0.109912 -0.183833
v 1.649386 -0.110088 -0.197901
v 1.649386 0.109912 -0.197901
v 1.650771 -0.110088 -0.212691
v 1.650771 0.109912 -0.212691
v 1.651761 -0.110088 -0.228203
v 1.651761 0.109912 -0.228203
v 1.652354 -0.110088 -0.244436
v 1.652354 0.109912 -0.244436
v 1.652552 -0.110088 -0.261391
v 1.652552 0.109912 -0.261391
v 1.652372 -0.110088 -0.274942
v 1.652372 0.109912 -0.274942
v 1.651833 -0.110088 -0.287914
v 1.651833 0.109912 -0.287914
v 1.650934 -0.110088 -0.300306
v 1.650934 0.109912 -0.300306
v 1.649676 -0.110088 -0.312120
v 1.649676 0.109912 -0.312120
v 1.648058 -0.110088 -0.323355
v 1.648058 0.109912 -0.323355
v 1.646080 -0.110088 -0.334010
v 1.646080 0.109912 -0.334010
v 1.643744 -0.110088 -0.344087
v 1.643744 0.109912 -0.344087
v 1.641047 -0.110088 -0.353584
v 1.641047 0.109912 -0.353584
v 1.637991 -0.110088 -0.362502
v 1.637991 0.109912 -0.362502
v 1.634576 -0.110088 -0.370842
v 1.634576 0.109912 -0.370842
v 1.630801 -0.110088 -0.378602
v 1.630801 0.109912 -0.378602
v 2.144561 -0.110088 0.008936
v 2.144561 0.109912 0.008936
v 2.142256 -0.110088 0.011267
v 2.142256 0.109912 0.011267
v 2.139860 -0.110088 0.013395
v 2.139860 0.109912 0.013395
v 2.137372 -0.110088 0.015321
v 2.137372 0.109912 0.015321
v 2.134793 -0.110088 0.017044
v 2.134793 0.109912 0.017044
v 2.132122 -0.110088 0.018564
v 2.132122 0.109912 0.018564
v 2.129359 -0.110088 0.019881
v 2.129359 0.109912 0.019881
v 2.126504 -0.110088 0.020996
v 2.126504 0.109912 0.020996
v 2.123558 -0.110088 0.021908
v 2.123558 0.109912 0.021908
v 2.120520 -0.110088 0.022617
v 2.120520 0.109912 0.022617
v 2.117391 -0.110088 0.023124
v 2.117391 0.109912 0.023124
v 2.114170 -0.110088 0.023428
v 2.114170 0.109912 0.023428
v 2.110857 -0.110088 0.023529
v 2.110857 0.109912 0.023529
v 2.109342 -0.110088 0.023509
v 2.109342 0.109912 0.023509
v 2.107696 -0.110088 0.023447
v 2.107696 0.109912 0.023447
v 2.105916 -0.110088 0.023345
v 2.105916 0.109912 0.023345
v 2.104004 -0.110088 0.023201
v 2.104004 0.109912 0.023201
v 2.101959 -0.110088 0.023017
v 2.101959 0.109912 0.023017
v 2.099781 -0.110088 0.022791
v 2.099781 0.109912 0.022791
v 2.097471 -0.110088 0.022525
v 2.097471 0.109912 0.022525
v 2.095028 -0.110088 0.022217
v 2.095028 0.109912 0.022217
v 2.092452 -0.110088 0.021868
v 2.092452 0.109912 0.021868
v 2.089743 -0.110088 0.021479
v 2.089743 0.109912 0.021479
v 2.086902 -0.110088 0.021048
v 2.086902 0.109912 0.021048
v 2.083928 -0.110088 0.020576
v 2.083928 0.109912 0.020576
v 2.080959 -0.110088 0.020104
v 2.080959 0.109912 0.020104
v 2.078132 -0.110088 0.019674
v 2.078132 0.109912 0.019674
v 2.075448 -0.110088 0.019284
v 2.075448 0.109912 0.019284
v 2.072906 -0.110088 0.018935
v 2.072906 0.109912 0.018935
v 2.070506 -0.110088 0.018628
v 2.070506 0.109912 0.018628
v 2.068249 -0.110088 0.018361
v 2.068249 0.109912 0.018361
v 2.066134 -0.110088 0.018135
v 2.066134 0.109912 0.018135
v 2.064161 -0.110088 0.017951
v 2.064161 0.109912 0.017951
v 2.062331 -0.110088 0.017807
v 2.062331 0.109912 0.017807
v 2.060643 -0.110088 0.017705
v 2.060643 0.109912 0.017705
v 2.059098 -0.110088 0.017643
v 2.059098 0.109912 0.017643
v 2.057695 -0.110088 0.017623
v 2.057695 0.109912 0.017623
v 1.955540 -0.110088 0.017275
v 1.955540 0.109912 0.017275
v 1.953246 -0.110088 0.017298
v 1.953246 0.109912 0.017298
v 1.950763 -0.110088 0.017367
v 1.950763 0.109912 0.017367
v 1.948092 -0.110088 0.017481
v 1.948092 0.109912 0.017481
v 1.945232 -0.110088 0.017642
v 1.945232 0.109912 0.017642
v 1.942185 -0.110088 0.017848
v 1.942185 0.109912 0.017848
v 1.938949 -0.110088 0.018100
v 1.938949 0.109912 0.018100
v 1.935525 -0.110088 0.018398
v 1.935525 0.109912 0.018398
v 1.931913 -0.110088 0.018742
v 1.931913 0.109912 0.018742
v 1.928113 -0.110088 0.019132
v 1.928113 0.109912 0.019132
v 1.924124 -0.110088 0.019567
v 1.924124 0.109912 0.019567
v 1.919947 -0.110088 0.020049
v 1.919947 0.109912 0.020049
v 1.915582 -0.110088 0.020576
v 1.915582 0.109912 0.020576
v 1.911215 -0.110088 0.021103
v 1.911215 0.109912 0.021103
v 1.907031 -0.110088 0.021585
v 1.907031 0.109912 0.021585
v 1.903030 -0.110088 0.022020
v 1.903030 0.109912 0.022020
v 1.899213 -0.110088 0.022410
v 1.899213 0.109912 0.022410
v 1.895579 -0.110088 0.022754
v 1.895579 0.109912 0.022754
v 1.892128 -0.110088 0.023052
v 1.892128 0.109912 0.023052
v 1.888861 -0.110088 0.023304
v 1.888861 0.109912 0.023304
v 1.885777 -0.110088 0.023510
v 1.885777 0.109912 0.023510
v 1.882877 -0.110088 0.023671
v 1.882877 0.109912 0.023671
v 1.880160 -0.110088 0.023785
v 1.880160 0.109912 0.023785
v 1.877626 -0.110088 0.023854
v 1.877626 0.109912 0.023854
v 1.875276 -0.110088 0.023877
v 1.875276 0.109912 0.023877
v 1.874615 -0.110088 0.023867
v 1.874615 0.109912 0.023867
v 1.873906 -0.110088 0.023838
v 1.873906 0.109912 0.023838
v 1.873148 -0.110088 0.023790
v 1.873148 0.109912 0.023790
v 1.872342 -0.110088 0.023723
v 1.872342 0.109912 0.023723
v 1.871488 -0.110088 0.023636
v 1.871488 0.109912 0.023636
v 1.870586 -0.110088 0.023529
v 1.870586 0.109912 0.023529
v 1.869635 -0.110088 0.023404
v 1.869635 0.109912 0.023404
v 1.868636 -0.110088 0.023259
v 1.868636 0.109912 0.023259
v 1.867589 -0.110088 0.023095
v 1.867589 0.109912 0.023095
v 1.866493 -0.110088 0.022912
v 1.866493 0.109912 0.022912
v 1.865350 -0.110088 0.022709
v 1.865350 0.109912 0.022709
v 1.864157 -0.110088 0.022487
v 1.864157 0.109912 0.022487
v 1.862965 -0.110088 0.022265
v 1.862965 0.109912 0.022265
v 1.861822 -0.110088 0.022062
v 1.861822 0.109912 0.022062
v 1.860726 -0.110088 0.021879
v 1.860726 0.109912 0.021879
v 1.859679 -0.110088 0.021715
v 1.859679 0.109912 0.021715
v 1.858680 -0.110088 0.021570
v 1.858680 0.109912 0.021570
v 1.857729 -0.110088 0.021445
v 1.857729 0.109912 0.021445
v 1.856827 -0.110088 0.021339
v 1.856827 0.109912 0.021339
v 1.855973 -0.110088 0.021252
v 1.855973 0.109912 0.021252
v 1.855167 -0.110088 0.021184
v 1.855167 0.109912 0.021184
v 1.854409 -0.110088 0.021136
v 1.854409 0.109912 0.021136
v 1.853700 -0.110088 0.021107
v 1.853700 0.109912 0.021107
v 1.853039 -0.110088 0.021097
v 1.853039 0.109912 0.021097
v 1.847967 -0.110088 0.020921
v 1.847967 0.109912 0.020921
v 1.843174 -0.110088 0.020393
v 1.843174 0.109912 0.020393
v 1.838662 -0.110088 0.019512
v 1.838662 0.109912 0.019512
v 1.834430 -0.110088 0.018279
v 1.834430 0.109912 0.018279
v 1.830478 -0.110088 0.016694
v 1.830478 0.109912 0.016694
v 1.826805 -0.110088 0.014756
v 1.826805 0.109912 0.014756
v 1.823413 -0.110088 0.012466
v 1.823413 0.109912 0.012466
v 1.820300 -0.110088 0.009824
v 1.820300 0.109912 0.009824
v 1.817467 -0.110088 0.006830
v 1.817467 0.109912 0.006830
v 1.814914 -0.110088 0.003483
v 1.814914 0.109912 0.003483
v 1.812641 -0.110088 -0.000216
v 1.812641 0.109912 -0.000216
v 1.810648 -0.110088 -0.004268
v 1.810648 0.109912 -0.004268
v 1.809538 -0.110088 -0.007052
v 1.809538 0.109912 -0.007052
v 1.808525 -0.110088 -0.010078
v 1.808525 0.109912 -0.010078
v 1.807608 -0.110088 -0.013345
v 1.807608 0.109912 -0.013345
v 1.806787 -0.110088 -0.016853
v 1.806787 0.109912 -0.016853
v 1.806064 -0.110088 -0.020603
v 1.806064 0.109912 -0.020603
v 1.805436 -0.110088 -0.024594
v 1.805436 0.109912 -0.024594
v 1.804905 -0.110088 -0.028827
v 1.804905 0.109912 -0.028827
v 1.804471 -0.110088 -0.033300
v 1.804471 0.109912 -0.033300
v 1.804133 -0.110088 -0.038015
v 1.804133 0.109912 -0.038015
v 1.803892 -0.110088 -0.042971
v 1.803892 0.109912 -0.042971
v 1.803747 -0.110088 -0.048169
v 1.803747 0.109912 -0.048169
v 1.803699 -0.110088 -0.053607
v 1.803699 0.109912 -0.053607
v 1.803899 -0.110088 -0.064289
v 1.803899 0.109912 -0.064289
v 1.804500 -0.110088 -0.074677
v 1.804500 0.109912 -0.074677
v 1.805501 -0.110088 -0.084771
v 1.805501 0.109912 -0.084771
v 1.806903 -0.110088 -0.094569
v 1.806903 0.109912 -0.094569
v 1.808706 -0.110088 -0.104074
v 1.808706 0.109912 -0.104074
v 1.810909 -0.110088 -0.113284
v 1.810909 0.109912 -0.113284
v 1.813512 -0.110088 -0.122200
v 1.813512 0.109912 -0.122200
v 1.816516 -0.110088 -0.130822
v 1.816516 0.109912 -0.130822
v 1.819921 -0.110088 -0.139149
v 1.819921 0.109912 -0.139149
v 1.823726 -0.110088 -0.147181
v 1.823726 0.109912 -0.147181
v 1.827932 -0.110088 -0.154920
v 1.827932 0.109912 -0.154920
v 1.832538 -0.110088 -0.162363
v 1.832538 0.109912 -0.162363
v 1.836435 -0.110088 -0.167981
v 1.836435 0.109912 -0.167981
v 1.840713 -0.110088 -0.173598
v 1.840713 0.109912 -0.173598
v 1.845373 -0.110088 -0.179215
v 1.845373 0.109912 -0.179215
v 1.850413 -0.110088 -0.184833
v 1.850413 0.109912 -0.184833
v 1.855835 -0.110088 -0.190450
v 1.855835 0.109912 -0.190450
v 1.861638 -0.110088 -0.196067
v 1.861638 0.109912 -0.196067
v 1.867823 -0.110088 -0.201685
v 1.867823 0.109912 -0.201685
v 1.874388 -0.110088 -0.207302
v 1.874388 0.109912 -0.207302
v 1.881335 -0.110088 -0.212919
v 1.881335 0.109912 -0.212919
v 1.888663 -0.110088 -0.218537
v 1.888663 0.109912 -0.218537
v 1.896373 -0.110088 -0.224154
v 1.896373 0.109912 -0.224154
v 1.904463 -0.110088 -0.229771
v 1.904463 0.109912 -0.229771
v 1.912279 -0.110088 -0.234923
v 1.912279 0.109912 -0.234923
v 1.920089 -0.110088 -0.240070
v 1.920089 0.109912 -0.240070
v 1.927895 -0.110088 -0.245212
v 1.927895 0.109912 -0.245212
v 1.935696 -0.110088 -0.250349
v 1.935696 0.109912 -0.250349
v 1.943493 -0.110088 -0.255481
v 1.943493 0.109912 -0.255481
v 1.951284 -0.110088 -0.260609
v 1.951284 0.109912 -0.260609
v 1.959071 -0.110088 -0.265731
v 1.959071 0.109912 -0.265731
v 1.966852 -0.110088 -0.270849
v 1.966852 0.109912 -0.270849
v 1.974629 -0.110088 -0.275962
v 1.974629 0.109912 -0.275962
v 1.982401 -0.110088 -0.281071
v 1.982401 0.109912 -0.281071
v 1.990169 -0.110088 -0.286174
v 1.990169 0.109912 -0.286174
v 1.997931 -0.110088 -0.291272
v 1.997931 0.109912 -0.291272
v 2.006700 -0.110088 -0.298007
v 2.006700 0.109912 -0.298007
v 2.014706 -0.110088 -0.304891
v 2.014706 0.109912 -0.304891
v 2.021949 -0.110088 -0.311925
v 2.021949 0.109912 -0.311925
v 2.028430 -0.110088 -0.319108
v 2.028430 0.109912 -0.319108
v 2.034149 -0.110088 -0.326441
v 2.034149 0.109912 -0.326441
v 2.039105 -0.110088 -0.333924
v 2.039105 0.109912 -0.333924
v 2.043299 -0.110088 -0.341556
v 2.043299 0.109912 -0.341556
v 2.046730 -0.110088 -0.349337
v 2.046730 0.109912 -0.349337
v 2.049399 -0.110088 -0.357269
v 2.049399 0.109912 -0.357269
v 2.051305 -0.110088 -0.365350
v 2.051305 0.109912 -0.365350
v 2.052449 -0.110088 -0.373580
v 2.052449 0.109912 -0.373580
v 2.052830 -0.110088 -0.381960
v 2.052830 0.109912 -0.381960
v 2.052678 -0.110088 -0.384160
v 2.052678 0.109912 -0.384160
v 2.052222 -0.110088 -0.386357
v 2.052222 0.109912 -0.386357
v 2.051462 -0.110088 -0.388551
v 2.051462 0.109912 -0.388551
v 2.050398 -0.110088 -0.390744
v 2.050398 0.109912 -0.390744
v 2.049030 -0.110088 -0.392933
v 2.049030 0.109912 -0.392933
v 2.047358 -0.110088 -0.395121
v 2.047358 0.109912 -0.395121
v 2.045382 -0.110088 -0.397306
v 2.045382 0.109912 -0.397306
v 2.043101 -0.110088 -0.399488
v 2.043101 0.109912 -0.399488
v 2.040517 -0.110088 -0.401668
v 2.040517 0.109912 -0.401668
v 2.037629 -0.110088 -0.403846
v 2.037629 0.109912 -0.403846
v 2.034436 -0.110088 -0.406021
v 2.034436 0.109912 -0.406021
v 2.030940 -0.110088 -0.408194
v 2.030940 0.109912 -0.408194
v 2.027299 -0.110088 -0.410275
v 2.027299 0.109912 -0.410275
v 2.023672 -0.110088 -0.412175
v 2.023672 0.109912 -0.412175
v 2.020060 -0.110088 -0.413895
v 2.020060 0.109912 -0.413895
v 2.016462 -0.110088 -0.415433
v 2.016462 0.109912 -0.415433
v 2.012879 -0.110088 -0.416790
v 2.012879 0.109912 -0.416790
v 2.009310 -0.110088 -0.417966
v 2.009310 0.109912 -0.417966
v 2.005756 -0.110088 -0.418962
v 2.005756 0.109912 -0.418962
v 2.002216 -0.110088 -0.419776
v 2.002216 0.109912 -0.419776
v 1.998691 -0.110088 -0.420409
v 1.998691 0.109912 -0.420409
v 1.995180 -0.110088 -0.420862
v 1.995180 0.109912 -0.420862
v 1.991684 -0.110088 -0.421133
v 1.991684 0.109912 -0.421133
v 1.988202 -0.110088 -0.421224
v 1.988202 0.109912 -0.421224
v 1.982033 -0.110088 -0.420996
v 1.982033 0.109912 -0.420996
v 1.975804 -0.110088 -0.420312
v 1.975804 0.109912 -0.420312
v 1.969515 -0.110088 -0.419172
v 1.969515 0.109912 -0.419172
v 1.963165 -0.110088 -0.417575
v 1.963165 0.109912 -0.417575
v 1.956755 -0.110088 -0.415523
v 1.956755 0.109912 -0.415523
v 1.950285 -0.110088 -0.413015
v 1.950285 0.109912 -0.413015
v 1.943754 -0.110088 -0.410051
v 1.943754 0.109912 -0.410051
v 1.937163 -0.110088 -0.406630
v 1.937163 0.109912 -0.406630
v 1.930512 -0.110088 -0.402754
v 1.930512 0.109912 -0.402754
v 1.923800 -0.110088 -0.398422
v 1.923800 0.109912 -0.398422
v 1.917029 -0.110088 -0.393633
v 1.917029 0.109912 -0.393633
v 1.910196 -0.110088 -0.388389
v 1.910196 0.109912 -0.388389
v 1.903514 -0.110088 -0.383144
v 1.903514 0.109912 -0.383144
v 1.897191 -0.110088 -0.378356
v 1.897191 0.109912 -0.378356
v 1.891227 -0.110088 -0.374023
v 1.891227 0.109912 -0.374023
v 1.885623 -0.110088 -0.370147
v 1.885623 0.109912 -0.370147
v 1.880378 -0.110088 -0.366726
v 1.880378 0.109912 -0.366726
v 1.875494 -0.110088 -0.363762
v 1.875494 0.109912 -0.363762
v 1.870968 -0.110088 -0.361254
v 1.870968 0.109912 -0.361254
v 1.866802 -0.110088 -0.359202
v 1.866802 0.109912 -0.359202
v 1.862996 -0.110088 -0.357605
v 1.862996 0.109912 -0.357605
v 1.859549 -0.110088 -0.356465
v 1.859549 0.109912 -0.356465
v 1.856461 -0.110088 -0.355781
v 1.856461 0.109912 -0.355781
v 1.853734 -0.110088 -0.355553
v 1.853734 0.109912 -0.355553
v 1.850696 -0.110088 -0.355616
v 1.850696 0.109912 -0.355616
v 1.847721 -0.110088 -0.355804
v 1.847721 0.109912 -0.355804
v 1.844808 -0.110088 -0.356118
v 1.844808 0.109912 -0.356118
v 1.841958 -0.110088 -0.356557
v 1.841958 0.109912 -0.356557
v 1.839171 -0.110088 -0.357122
v 1.839171 0.109912 -0.357122
v 1.836447 -0.110088 -0.357812
v 1.836447 0.109912 -0.357812
v 1.833786 -0.110088 -0.358627
v 1.833786 0.109912 -0.358627
v 1.831187 -0.110088 -0.359568
v 1.831187 0.109912 -0.359568
v 1.828651 -0.110088 -0.360635
v 1.828651 0.109912 -0.360635
v 1.826178 -0.110088 -0.361827
v 1.826178 0.109912 -0.361827
v 1.823767 -0.110088 -0.363144
v 1.823767 0.109912 -0.363144
v 1.821419 -0.110088 -0.364587
v 1.821419 0.109912 -0.364587
v 1.818645 -0.110088 -0.366501
v 1.818645 0.109912 -0.366501
v 1.816111 -0.110088 -0.368535
v 1.816111 0.109912 -0.368535
v 1.813819 -0.110088 -0.370690
v 1.813819 0.109912 -0.370690
v 1.811768 -0.110088 -0.372965
v 1.811768 0.109912 -0.372965
v 1.809958 -0.110088 -0.375361
v 1.809958 0.109912 -0.375361
v 1.808390 -0.110088 -0.377878
v 1.808390 0.109912 -0.377878
v 1.807062 -0.110088 -0.380515
v 1.807062 0.109912 -0.380515
v 1.805977 -0.110088 -0.383273
v 1.805977 0.109912 -0.383273
v 1.805132 -0.110088 -0.386152
v 1.805132 0.109912 -0.386152
v 1.804529 -0.110088 -0.389151
v 1.804529 0.109912 -0.389151
v 1.804167 -0.110088 -0.392271
v 1.804167 0.109912 -0.392271
v 1.804046 -0.110088 -0.395512
v 1.804046 0.109912 -0.395512
v 1.804167 -0.110088 -0.399003
v 1.804167 0.109912 -0.399003
v 1.804529 -0.110088 -0.402413
v 1.804529 0.109912 -0.402413
v 1.805132 -0.110088 -0.405740
v 1.805132 0.109912 -0.405740
v 1.805977 -0.110088 -0.408985
v 1.805977 0.109912 -0.408985
v 1.807062 -0.110088 -0.412149
v 1.807062 0.109912 -0.412149
v 1.808390 -0.110088 -0.415230
v 1.808390 0.109912 -0.415230
v 1.809958 -0.110088 -0.418229
v 1.809958 0.109912 -0.418229
v 1.811768 -0.110088 -0.421147
v 1.811768 0.109912 -0.421147
v 1.813819 -0.110088 -0.423982
v 1.813819 0.109912 -0.423982
v 1.816111 -0.110088 -0.426735
v 1.816111 0.109912 -0.426735
v 1.818645 -0.110088 -0.429406
v 1.818645 0.109912 -0.429406
v 1.821419 -0.110088 -0.431995
v 1.821419 0.109912 -0.431995
v 1.828352 -0.110088 -0.438052
v 1.828352 0.109912 -0.438052
v 1.835135 -0.110088 -0.443828
v 1.835135 0.109912 -0.443828
v 1.841768 -0.110088 -0.449325
v 1.841768 0.109912 -0.449325
v 1.848251 -0.110088 -0.454542
v 1.848251 0.109912 -0.454542
v 1.854585 -0.110088 -0.459479
v 1.854585 0.109912 -0.459479
v 1.860770 -0.110088 -0.464136
v 1.860770 0.109912 -0.464136
v 1.866804 -0.110088 -0.468513
v 1.866804 0.109912 -0.468513
v 1.872690 -0.110088 -0.472610
v 1.872690 0.109912 -0.472610
v 1.878425 -0.110088 -0.476427
v 1.878425 0.109912 -0.476427
v 1.884011 -0.110088 -0.479964
v 1.884011 0.109912 -0.479964
v 1.889447 -0.110088 -0.483222
v 1.889447 0.109912 -0.483222
v 1.894734 -0.110088 -0.486200
v 1.894734 0.109912 -0.486200
v 1.902284 -0.110088 -0.490140
v 1.902284 0.109912 -0.490140
v 1.909878 -0.110088 -0.493738
v 1.909878 0.109912 -0.493738
v 1.917515 -0.110088 -0.496993
v 1.917515 0.109912 -0.496993
v 1.925195 -0.110088 -0.499905
v 1.925195 0.109912 -0.499905
v 1.932919 -0.110088 -0.502475
v 1.932919 0.109912 -0.502475
v 1.940686 -0.110088 -0.504702
v 1.940686 0.109912 -0.504702
v 1.948497 -0.110088 -0.506586
v 1.948497 0.109912 -0.506586
v 1.956351 -0.110088 -0.508128
v 1.956351 0.109912 -0.508128
v 1.964249 -0.110088 -0.509328
v 1.964249 0.109912 -0.509328
v 1.972190 -0.110088 -0.510184
v 1.972190 0.109912 -0.510184
v 1.980174 -0.110088 -0.510698
v 1.980174 0.109912 -0.510698
v 1.988202 -0.110088 -0.510869
v 1.988202 0.109912 -0.510869
v 1.998138 -0.110088 -0.510650
v 1.998138 0.109912 -0.510650
v 2.007911 -0.110088 -0.509991
v 2.007911 0.109912 -0.509991
v 2.017519 -0.110088 -0.508893
v 2.017519 0.109912 -0.508893
v 2.026963 -0.110088 -0.507356
v 2.026963 0.109912 -0.507356
v 2.036243 -0.110088 -0.505380
v 2.036243 0.109912 -0.505380
v 2.045360 -0.110088 -0.502965
v 2.045360 0.109912 -0.502965
v 2.054312 -0.110088 -0.500110
v 2.054312 0.109912 -0.500110
v 2.063100 -0.110088 -0.496816
v 2.063100 0.109912 -0.496816
v 2.071723 -0.110088 -0.493084
v 2.071723 0.109912 -0.493084
v 2.080183 -0.110088 -0.488912
v 2.080183 0.109912 -0.488912
v 2.088479 -0.110088 -0.484300
v 2.088479 0.109912 -0.484300
v 2.096611 -0.110088 -0.479250
v 2.096611 0.109912 -0.479250
v 2.105435 -0.110088 -0.473073
v 2.105435 0.109912 -0.473073
v 2.113492 -0.110088 -0.466587
v 2.113492 0.109912 -0.466587
v 2.120781 -0.110088 -0.459792
v 2.120781 0.109912 -0.459792
v 2.127303 -0.110088 -0.452689
v 2.127303 0.109912 -0.452689
v 2.133058 -0.110088 -0.445276
v 2.133058 0.109912 -0.445276
v 2.138046 -0.110088 -0.437555
v 2.138046 0.109912 -0.437555
v 2.142266 -0.110088 -0.429524
v 2.142266 0.109912 -0.429524
v 2.145719 -0.110088 -0.421185
v 2.145719 0.109912 -0.421185
v 2.148404 -0.110088 -0.412537
v 2.148404 0.109912 -0.412537
v 2.150323 -0.110088 -0.403580
v 2.150323 0.109912 -0.403580
v 2.151474 -0.110088 -0.394315
v 2.151474 0.109912 -0.394315
v 2.151857 -0.110088 -0.384740
v 2.151857 0.109912 -0.384740
v 2.151669 -0.110088 -0.375018
v 2.151669 0.109912 -0.375018
v 2.151104 -0.110088 -0.365543
v 2.151104 0.109912 -0.365543
v 2.150163 -0.110088 -0.356313
v 2.150163 0.109912 -0.356313
v 2.148846 -0.110088 -0.347330
v 2.148846 0.109912 -0.347330
v 2.147152 -0.110088 -0.338593
v 2.147152 0.109912 -0.338593
v 2.145082 -0.110088 -0.330102
v 2.145082 0.109912 -0.330102
v 2.142635 -0.110088 -0.321856
v 2.142635 0.109912 -0.321856
v 2.139812 -0.110088 -0.313858
v 2.139812 0.109912 -0.313858
v 2.136612 -0.110088 -0.306105
v 2.136612 0.109912 -0.306105
v 2.133036 -0.110088 -0.298598
v 2.133036 0.109912 -0.298598
v 2.129084 -0.110088 -0.291338
v 2.129084 0.109912 -0.291338
v 2.124755 -0.110088 -0.284323
v 2.124755 0.109912 -0.284323
v 2.121051 -0.110088 -0.278834
v 2.121051 0.109912 -0.278834
v 2.117005 -0.110088 -0.273368
v 2.117005 0.109912 -0.273368
v 2.112616 -0.110088 -0.267927
v 2.112616 0.109912 -0.267927
v 2.107884 -0.110088 -0.262510
v 2.107884 0.109912 -0.262510
v 2.102809 -0.110088 -0.257117
v 2.102809 0.109912 -0.257117
v 2.097392 -0.110088 -0.251749
v 2.097392 0.109912 -0.251749
v 2.091633 -0.110088 -0.246404
v 2.091633 0.109912 -0.246404
v 2.085530 -0.110088 -0.241083
v 2.085530 0.109912 -0.241083
v 2.079085 -0.110088 -0.235787
v 2.079085 0.109912 -0.235787
v 2.072298 -0.110088 -0.230515
v 2.072298 0.109912 -0.230515
v 2.065167 -0.110088 -0.225266
v 2.065167 0.109912 -0.225266
v 2.057695 -0.110088 -0.220042
v 2.057695 0.109912 -0.220042
v 2.050456 -0.110088 -0.215470
v 2.050456 0.109912 -0.215470
v 2.043217 -0.110088 -0.210902
v 2.043217 0.109912 -0.210902
v 2.035978 -0.110088 -0.206339
v 2.035978 0.109912 -0.206339
v 2.028739 -0.110088 -0.201781
v 2.028739 0.109912 -0.201781
v 2.021501 -0.110088 -0.197228
v 2.021501 0.109912 -0.197228
v 2.014262 -0.110088 -0.192680
v 2.014262 0.109912 -0.192680
v 2.007023 -0.110088 -0.188136
v 2.007023 0.109912 -0.188136
v 1.999784 -0.110088 -0.183597
v 1.999784 0.109912 -0.183597
v 1.992545 -0.110088 -0.179063
v 1.992545 0.109912 -0.179063
v 1.985307 -0.110088 -0.174534
v 1.985307 0.109912 -0.174534
v 1.978068 -0.110088 -0.170010
v 1.978068 0.109912 -0.170010
v 1.970829 -0.110088 -0.165491
v 1.970829 0.109912 -0.165491
v 1.960250 -0.110088 -0.158225
v 1.960250 0.109912 -0.158225
v 1.950521 -0.110088 -0.150791
v 1.950521 0.109912 -0.150791
v 1.941642 -0.110088 -0.143188
v 1.941642 0.109912 -0.143188
v 1.933612 -0.110088 -0.135416
v 1.933612 0.109912 -0.135416
v 1.926431 -0.110088 -0.127475
v 1.926431 0.109912 -0.127475
v 1.920099 -0.110088 -0.119365
v 1.920099 0.109912 -0.119365
v 1.914617 -0.110088 -0.111086
v 1.914617 0.109912 -0.111086
v 1.909984 -0.110088 -0.102638
v 1.909984 0.109912 -0.102638
v 1.906201 -0.110088 -0.094022
v 1.906201 0.109912 -0.094022
v 1.903266 -0.110088 -0.085236
v 1.903266 0.109912 -0.085236
v 1.901182 -0.110088 -0.076282
v 1.901182 0.109912 -0.076282
v 1.899946 -0.110088 -0.067158
v 1.899946 0.109912 -0.067158
v 1.903257 -0.110088 -0.067569
v 1.903257 0.109912 -0.067569
v 1.906818 -0.110088 -0.067989
v 1.906818 0.109912 -0.067989
v 1.910631 -0.110088 -0.068418
v 1.910631 0.109912 -0.068418
v 1.914694 -0.110088 -0.068857
v 1.914694 0.109912 -0.068857
v 1.919008 -0.110088 -0.069306
v 1.919008 0.109912 -0.069306
v 1.923574 -0.110088 -0.069764
v 1.923574 0.109912 -0.069764
v 1.928390 -0.110088 -0.070233
v 1.928390 0.109912 -0.070233
v 1.933457 -0.110088 -0.070710
v 1.933457 0.109912 -0.070710
v 1.938775 -0.110088 -0.071198
v 1.938775 0.109912 -0.071198
v 1.944344 -0.110088 -0.071695
v 1.944344 0.109912 -0.071695
v 1.950164 -0.110088 -0.072202
v 1.950164 0.109912 -0.072202
v 1.956235 -0.110088 -0.072718
v 1.956235 0.109912 -0.072718
v 1.968278 -0.110088 -0.073328
v 1.968278 0.109912 -0.073328
v 1.979737 -0.110088 -0.073886
v 1.979737 0.109912 -0.073886
v 1.990613 -0.110088 -0.074390
v 1.990613 0.109912 -0.074390
v 2.000904 -0.110088 -0.074841
v 2.000904 0.109912 -0.074841
v 2.010611 -0.110088 -0.075239
v 2.010611 0.109912 -0.075239
v 2.019734 -0.110088 -0.075584
v 2.019734 0.109912 -0.075584
v 2.028274 -0.110088 -0.075876
v 2.028274 0.109912 -0.075876
v 2.036229 -0.110088 -0.076115
v 2.036229 0.109912 -0.076115
v 2.043601 -0.110088 -0.076301
v 2.043601 0.109912 -0.076301
v 2.050388 -0.110088 -0.076434
v 2.050388 0.109912 -0.076434
v 2.056592 -0.110088 -0.076513
v 2.056592 0.109912 -0.076513
v 2.062212 -0.110088 -0.076540
v 2.062212 0.109912 -0.076540
v 2.067187 -0.110088 -0.076451
v 2.067187 0.109912 -0.076451
v 2.072153 -0.110088 -0.076183
v 2.072153 0.109912 -0.076183
v 2.077109 -0.110088 -0.075736
v 2.077109 0.109912 -0.075736
v 2.082056 -0.110088 -0.075112
v 2.082056 0.109912 -0.075112
v 2.086993 -0.110088 -0.074308
v 2.086993 0.109912 -0.074308
v 2.091920 -0.110088 -0.073326
v 2.091920 0.109912 -0.073326
v 2.096837 -0.110088 -0.072165
v 2.096837 0.109912 -0.072165
v 2.101745 -0.110088 -0.070826
v 2.101745 0.109912 -0.070826
v 2.106643 -0.110088 -0.069308
v 2.106643 0.109912 -0.069308
v 2.111532 -0.110088 -0.067612
v 2.111532 0.109912 -0.067612
v 2.116411 -0.110088 -0.065737
v 2.116411 0.109912 -0.065737
v 2.121280 -0.110088 -0.063684
v 2.121280 0.109912 -0.063684
v 2.127052 -0.110088 -0.060957
v 2.127052 0.109912 -0.060957
v 2.132322 -0.110088 -0.058105
v 2.132322 0.109912 -0.058105
v 2.137090 -0.110088 -0.055128
v 2.137090 0.109912 -0.055128
v 2.141356 -0.110088 -0.052025
v 2.141356 0.109912 -0.052025
v 2.145120 -0.110088 -0.048796
v 2.145120 0.109912 -0.048796
v 2.148383 -0.110088 -0.045442
v 2.148383 0.109912 -0.045442
v 2.151143 -0.110088 -0.041963
v 2.151143 0.109912 -0.041963
v 2.153402 -0.110088 -0.038358
v 2.153402 0.109912 -0.038358
v 2.155158 -0.110088 -0.034627
v 2.155158 0.109912 -0.034627
v 2.156413 -0.110088 -0.030771
v 2.156413 0.109912 -0.030771
v 2.157166 -0.110088 -0.026790
v 2.157166 0.109912 -0.026790
v 2.157417 -0.110088 -0.022683
v 2.157417 0.109912 -0.022683
v 2.157327 -0.110088 -0.019703
v 2.157327 0.109912 -0.019703
v 2.157060 -0.110088 -0.016786
v 2.157060 0.109912 -0.016786
v 2.156613 -0.110088 -0.013931
v 2.156613 0.109912 -0.013931
v 2.155988 -0.110088 -0.011140
v 2.155988 0.109912 -0.011140
v 2.155185 -0.110088 -0.008411
v 2.155185 0.109912 -0.008411
v 2.154203 -0.110088 -0.005744
v 2.154203 0.109912 -0.005744
v 2.153042 -0.110088 -0.003141
v 2.153042 0.109912 -0.003141
v 2.151703 -0.110088 -0.000600
v 2.151703 0.109912 -0.000600
v 2.150185 -0.110088 0.001878
v 2.150185 0.109912 0.001878
v 2.148489 -0.110088 0.004294
v 2.148489 0.109912 0.004294
v 2.146614 -0.110088 0.006646
v 2.146614 0.109912 0.006646
v 2.551093 -0.110088 -0.019903
v 2.551093 0.109912 -0.019903
v 2.540686 -0.110088 -0.009581
v 2.540686 0.109912 -0.009581
v 2.529734 -0.110088 -0.000156
v 2.529734 0.109912 -0.000156
v 2.518236 -0.110088 0.008371
v 2.518236 0.109912 0.008371
v 2.506193 -0.110088 0.016001
v 2.506193 0.109912 0.016001
v 2.493605 -0.110088 0.022733
v 2.493605 0.109912 0.022733
v 2.480471 -0.110088 0.028568
v 2.480471 0.109912 0.028568
v 2.466792 -0.110088 0.033505
v 2.466792 0.109912 0.033505
v 2.452568 -0.110088 0.037544
v 2.452568 0.109912 0.037544
v 2.437799 -0.110088 0.040686
v 2.437799 0.109912 0.040686
v 2.422483 -0.110088 0.042930
v 2.422483 0.109912 0.042930
v 2.406623 -0.110088 0.044276
v 2.406623 0.109912 0.044276
v 2.390217 -0.110088 0.044725
v 2.390217 0.109912 0.044725
v 2.372885 -0.110088 0.044199
v 2.372885 0.109912 0.044199
v 2.356330 -0.110088 0.042621
v 2.356330 0.109912 0.042621
v 2.340552 -0.110088 0.039991
v 2.340552 0.109912 0.039991
v 2.325551 -0.110088 0.036308
v 2.325551 0.109912 0.036308
v 2.311326 -0.110088 0.031574
v 2.311326 0.109912 0.031574
v 2.297879 -0.110088 0.025788
v 2.297879 0.109912 0.025788
v 2.285208 -0.110088 0.018950
v 2.285208 0.109912 0.018950
v 2.273315 -0.110088 0.011059
v 2.273315 0.109912 0.011059
v 2.262199 -0.110088 0.002117
v 2.262199 0.109912 0.002117
v 2.251859 -0.110088 -0.007877
v 2.251859 0.109912 -0.007877
v 2.242297 -0.110088 -0.018924
v 2.242297 0.109912 -0.018924
v 2.233511 -0.110088 -0.031022
v 2.233511 0.109912 -0.031022
v 2.232124 -0.110088 -0.033216
v 2.232124 0.109912 -0.033216
v 2.230857 -0.110088 -0.035395
v 2.230857 0.109912 -0.035395
v 2.229711 -0.110088 -0.037559
v 2.229711 0.109912 -0.037559
v 2.228685 -0.110088 -0.039709
v 2.228685 0.109912 -0.039709
v 2.227781 -0.110088 -0.041844
v 2.227781 0.109912 -0.041844
v 2.226996 -0.110088 -0.043965
v 2.226996 0.109912 -0.043965
v 2.226333 -0.110088 -0.046072
v 2.226333 0.109912 -0.046072
v 2.225790 -0.110088 -0.048164
v 2.225790 0.109912 -0.048164
v 2.225368 -0.110088 -0.050241
v 2.225368 0.109912 -0.050241
v 2.225066 -0.110088 -0.052304
v 2.225066 0.109912 -0.052304
v 2.224885 -0.110088 -0.054353
v 2.224885 0.109912 -0.054353
v 2.224825 -0.110088 -0.056387
v 2.224825 0.109912 -0.056387
v 2.224928 -0.110088 -0.059476
v 2.224928 0.109912 -0.059476
v 2.225240 -0.110088 -0.062487
v 2.225240 0.109912 -0.062487
v 2.225759 -0.110088 -0.065421
v 2.225759 0.109912 -0.065421
v 2.226485 -0.110088 -0.068278
v 2.226485 0.109912 -0.068278
v 2.227419 -0.110088 -0.071058
v 2.227419 0.109912 -0.071058
v 2.228560 -0.110088 -0.073760
v 2.228560 0.109912 -0.073760
v 2.229909 -0.110088 -0.076386
v 2.229909 0.109912 -0.076386
v 2.231465 -0.110088 -0.078934
v 2.231465 0.109912 -0.078934
v 2.233229 -0.110088 -0.081404
v 2.233229 0.109912 -0.081404
v 2.235200 -0.110088 -0.083798
v 2.235200 0.109912 -0.083798
v 2.237379 -0.110088 -0.086115
v 2.237379 0.109912 -0.086115
v 2.239766 -0.110088 -0.088354
v 2.239766 0.109912 -0.088354
v 2.242285 -0.110088 -0.090463
v 2.242285 0.109912 -0.090463
v 2.244862 -0.110088 -0.092388
v 2.244862 0.109912 -0.092388
v 2.247497 -0.110088 -0.094130
v 2.247497 0.109912 -0.094130
v 2.250190 -0.110088 -0.095689
v 2.250190 0.109912 -0.095689
v 2.252940 -0.110088 -0.097064
v 2.252940 0.109912 -0.097064
v 2.255749 -0.110088 -0.098256
v 2.255749 0.109912 -0.098256
v 2.258615 -0.110088 -0.099265
v 2.258615 0.109912 -0.099265
v 2.261540 -0.110088 -0.100090
v 2.261540 0.109912 -0.100090
v 2.264523 -0.110088 -0.100732
v 2.264523 0.109912 -0.100732
v 2.267563 -0.110088 -0.101191
v 2.267563 0.109912 -0.101191
v 2.270661 -0.110088 -0.101466
v 2.270661 0.109912 -0.101466
v 2.273817 -0.110088 -0.101557
v 2.273817 0.109912 -0.101557
v 2.277021 -0.110088 -0.101456
v 2.277021 0.109912 -0.101456
v 2.280149 -0.110088 -0.101152
v 2.280149 0.109912 -0.101152
v 2.283199 -0.110088 -0.100645
v 2.283199 0.109912 -0.100645
v 2.286171 -0.110088 -0.099936
v 2.286171 0.109912 -0.099936
v 2.289067 -0.110088 -0.099024
v 2.289067 0.109912 -0.099024
v 2.291885 -0.110088 -0.097909
v 2.291885 0.109912 -0.097909
v 2.294626 -0.110088 -0.096592
v 2.294626 0.109912 -0.096592
v 2.297290 -0.110088 -0.095071
v 2.297290 0.109912 -0.095071
v 2.299877 -0.110088 -0.093349
v 2.299877 0.109912 -0.093349
v 2.302386 -0.110088 -0.091423
v 2.302386 0.109912 -0.091423
v 2.304819 -0.110088 -0.089295
v 2.304819 0.109912 -0.089295
v 2.307173 -0.110088 -0.086964
v 2.307173 0.109912 -0.086964
v 2.311073 -0.110088 -0.082901
v 2.311073 0.109912 -0.082901
v 2.314663 -0.110088 -0.079165
v 2.314663 0.109912 -0.079165
v 2.317945 -0.110088 -0.075758
v 2.317945 0.109912 -0.075758
v 2.320918 -0.110088 -0.072679
v 2.320918 0.109912 -0.072679
v 2.323582 -0.110088 -0.069929
v 2.323582 0.109912 -0.069929
v 2.325937 -0.110088 -0.067506
v 2.325937 0.109912 -0.067506
v 2.327983 -0.110088 -0.065412
v 2.327983 0.109912 -0.065412
v 2.329720 -0.110088 -0.063645
v 2.329720 0.109912 -0.063645
v 2.331149 -0.110088 -0.062207
v 2.331149 0.109912 -0.062207
v 2.332268 -0.110088 -0.061097
v 2.332268 0.109912 -0.061097
v 2.333079 -0.110088 -0.060315
v 2.333079 0.109912 -0.060315
v 2.333581 -0.110088 -0.059862
v 2.333581 0.109912 -0.059862
v 2.337106 -0.110088 -0.057531
v 2.337106 0.109912 -0.057531
v 2.340848 -0.110088 -0.055403
v 2.340848 0.109912 -0.055403
v 2.344808 -0.110088 -0.053477
v 2.344808 0.109912 -0.053477
v 2.348985 -0.110088 -0.051754
v 2.348985 0.109912 -0.051754
v 2.353379 -0.110088 -0.050234
v 2.353379 0.109912 -0.050234
v 2.357990 -0.110088 -0.048917
v 2.357990 0.109912 -0.048917
v 2.362818 -0.110088 -0.047802
v 2.362818 0.109912 -0.047802
v 2.367864 -0.110088 -0.046890
v 2.367864 0.109912 -0.046890
v 2.373127 -0.110088 -0.046180
v 2.373127 0.109912 -0.046180
v 2.378606 -0.110088 -0.045674
v 2.378606 0.109912 -0.045674
v 2.384303 -0.110088 -0.045370
v 2.384303 0.109912 -0.045370
v 2.390217 -0.110088 -0.045268
v 2.390217 0.109912 -0.045268
v 2.399013 -0.110088 -0.045541
v 2.399013 0.109912 -0.045541
v 2.407562 -0.110088 -0.046359
v 2.407562 0.109912 -0.046359
v 2.415864 -0.110088 -0.047722
v 2.415864 0.109912 -0.047722
v 2.423921 -0.110088 -0.049631
v 2.423921 0.109912 -0.049631
v 2.431732 -0.110088 -0.052085
v 2.431732 0.109912 -0.052085
v 2.439296 -0.110088 -0.055084
v 2.439296 0.109912 -0.055084
v 2.446615 -0.110088 -0.058629
v 2.446615 0.109912 -0.058629
v 2.453687 -0.110088 -0.062719
v 2.453687 0.109912 -0.062719
v 2.460514 -0.110088 -0.067354
v 2.460514 0.109912 -0.067354
v 2.467093 -0.110088 -0.072535
v 2.467093 0.109912 -0.072535
v 2.473428 -0.110088 -0.078260
v 2.473428 0.109912 -0.078260
v 2.479516 -0.110088 -0.084532
v 2.479516 0.109912 -0.084532
v 2.485010 -0.110088 -0.090955
v 2.485010 0.109912 -0.090955
v 2.490026 -0.110088 -0.097600
v 2.490026 0.109912 -0.097600
v 2.494565 -0.110088 -0.104467
v 2.494565 0.109912 -0.104467
v 2.498626 -0.110088 -0.111557
v 2.498626 0.109912 -0.111557
v 2.502209 -0.110088 -0.118868
v 2.502209 0.109912 -0.118868
v 2.505315 -0.110088 -0.126401
v 2.505315 0.109912 -0.126401
v 2.507942 -0.110088 -0.134156
v 2.507942 0.109912 -0.134156
v 2.510092 -0.110088 -0.142133
v 2.510092 0.109912 -0.142133
v 2.511765 -0.110088 -0.150333
v 2.511765 0.109912 -0.150333
v 2.512959 -0.110088 -0.158754
v 2.512959 0.109912 -0.158754
v 2.513675 -0.110088 -0.167397
v 2.513675 0.109912 -0.167397
v 2.513914 -0.110088 -0.176262
v 2.513914 0.109912 -0.176262
v 2.513795 -0.110088 -0.184710
v 2.513795 0.109912 -0.184710
v 2.513437 -0.110088 -0.192796
v 2.513437 0.109912 -0.192796
v 2.512839 -0.110088 -0.200519
v 2.512839 0.109912 -0.200519
v 2.512003 -0.110088 -0.207881
v 2.512003 0.109912 -0.207881
v 2.510928 -0.110088 -0.214881
v 2.510928 0.109912 -0.214881
v 2.509614 -0.110088 -0.221519
v 2.509614 0.109912 -0.221519
v 2.508062 -0.110088 -0.227795
v 2.508062 0.109912 -0.227795
v 2.506270 -0.110088 -0.233709
v 2.506270 0.109912 -0.233709
v 2.504240 -0.110088 -0.239262
v 2.504240 0.109912 -0.239262
v 2.501970 -0.110088 -0.244452
v 2.501970 0.109912 -0.244452
v 2.499462 -0.110088 -0.249280
v 2.499462 0.109912 -0.249280
v 2.496715 -0.110088 -0.253746
v 2.496715 0.109912 -0.253746
v 2.493726 -0.110088 -0.257853
v 2.493726 0.109912 -0.257853
v 2.490494 -0.110088 -0.261603
v 2.490494 0.109912 -0.261603
v 2.487019 -0.110088 -0.264996
v 2.487019 0.109912 -0.264996
v 2.483299 -0.110088 -0.268031
v 2.483299 0.109912 -0.268031
v 2.479336 -0.110088 -0.270709
v 2.479336 0.109912 -0.270709
v 2.475129 -0.110088 -0.273031
v 2.475129 0.109912 -0.273031
v 2.470678 -0.110088 -0.274995
v 2.470678 0.109912 -0.274995
v 2.465984 -0.110088 -0.276602
v 2.465984 0.109912 -0.276602
v 2.461046 -0.110088 -0.277852
v 2.461046 0.109912 -0.277852
v 2.455864 -0.110088 -0.278744
v 2.455864 0.109912 -0.278744
v 2.450438 -0.110088 -0.279280
v 2.450438 0.109912 -0.279280
v 2.444769 -0.110088 -0.279459
v 2.444769 0.109912 -0.279459
v 2.434743 -0.110088 -0.279184
v 2.434743 0.109912 -0.279184
v 2.425051 -0.110088 -0.278358
v 2.425051 0.109912 -0.278358
v 2.415691 -0.110088 -0.276983
v 2.415691 0.109912 -0.276983
v 2.406664 -0.110088 -0.275057
v 2.406664 0.109912 -0.275057
v 2.397970 -0.110088 -0.272582
v 2.397970 0.109912 -0.272582
v 2.389609 -0.110088 -0.269556
v 2.389609 0.109912 -0.269556
v 2.381581 -0.110088 -0.265980
v 2.381581 0.109912 -0.265980
v 2.373887 -0.110088 -0.261854
v 2.373887 0.109912 -0.261854
v 2.366525 -0.110088 -0.257178
v 2.366525 0.109912 -0.257178
v 2.359496 -0.110088 -0.251951
v 2.359496 0.109912 -0.251951
v 2.352800 -0.110088 -0.246175
v 2.352800 0.109912 -0.246175
v 2.346437 -0.110088 -0.239848
v 2.346437 0.109912 -0.239848
v 2.344002 -0.110088 -0.237071
v 2.344002 0.109912 -0.237071
v 2.341563 -0.110088 -0.234298
v 2.341563 0.109912 -0.234298
v 2.339118 -0.110088 -0.231530
v 2.339118 0.109912 -0.231530
v 2.336669 -0.110088 -0.228768
v 2.336669 0.109912 -0.228768
v 2.334215 -0.110088 -0.226010
v 2.334215 0.109912 -0.226010
v 2.331757 -0.110088 -0.223256
v 2.331757 0.109912 -0.223256
v 2.329293 -0.110088 -0.220508
v 2.329293 0.109912 -0.220508
v 2.326824 -0.110088 -0.217765
v 2.326824 0.109912 -0.217765
v 2.324351 -0.110088 -0.215026
v 2.324351 0.109912 -0.215026
v 2.321873 -0.110088 -0.212292
v 2.321873 0.109912 -0.212292
v 2.319390 -0.110088 -0.209563
v 2.319390 0.109912 -0.209563
v 2.316903 -0.110088 -0.206839
v 2.316903 0.109912 -0.206839
v 2.313758 -0.110088 -0.204008
v 2.313758 0.109912 -0.204008
v 2.310581 -0.110088 -0.201424
v 2.310581 0.109912 -0.201424
v 2.307369 -0.110088 -0.199086
v 2.307369 0.109912 -0.199086
v 2.304124 -0.110088 -0.196994
v 2.304124 0.109912 -0.196994
v 2.300844 -0.110088 -0.195148
v 2.300844 0.109912 -0.195148
v 2.297531 -0.110088 -0.193548
v 2.297531 0.109912 -0.193548
v 2.294185 -0.110088 -0.192195
v 2.294185 0.109912 -0.192195
v 2.290804 -0.110088 -0.191087
v 2.290804 0.109912 -0.191087
v 2.287390 -0.110088 -0.190226
v 2.287390 0.109912 -0.190226
v 2.283942 -0.110088 -0.189610
v 2.283942 0.109912 -0.189610
v 2.280460 -0.110088 -0.189241
v 2.280460 0.109912 -0.189241
v 2.276944 -0.110088 -0.189118
v 2.276944 0.109912 -0.189118
v 2.273685 -0.110088 -0.189212
v 2.273685 0.109912 -0.189212
v 2.270511 -0.110088 -0.189495
v 2.270511 0.109912 -0.189495
v 2.267421 -0.110088 -0.189965
v 2.267421 0.109912 -0.189965
v 2.264416 -0.110088 -0.190624
v 2.264416 0.109912 -0.190624
v 2.261495 -0.110088 -0.191471
v 2.261495 0.109912 -0.191471
v 2.258659 -0.110088 -0.192506
v 2.258659 0.109912 -0.192506
v 2.255907 -0.110088 -0.193729
v 2.255907 0.109912 -0.193729
v 2.253239 -0.110088 -0.195141
v 2.253239 0.109912 -0.195141
v 2.250656 -0.110088 -0.196741
v 2.250656 0.109912 -0.196741
v 2.248158 -0.110088 -0.198529
v 2.248158 0.109912 -0.198529
v 2.245744 -0.110088 -0.200505
v 2.245744 0.109912 -0.200505
v 2.243414 -0.110088 -0.202669
v 2.243414 0.109912 -0.202669
v 2.241222 -0.110088 -0.204962
v 2.241222 0.109912 -0.204962
v 2.239220 -0.110088 -0.207321
v 2.239220 0.109912 -0.207321
v 2.237409 -0.110088 -0.209749
v 2.237409 0.109912 -0.209749
v 2.235789 -0.110088 -0.212244
v 2.235789 0.109912 -0.212244
v 2.234360 -0.110088 -0.214806
v 2.234360 0.109912 -0.214806
v 2.233120 -0.110088 -0.217436
v 2.233120 0.109912 -0.217436
v 2.232072 -0.110088 -0.220134
v 2.232072 0.109912 -0.220134
v 2.231214 -0.110088 -0.222899
v 2.231214 0.109912 -0.222899
v 2.230547 -0.110088 -0.225732
v 2.230547 0.109912 -0.225732
v 2.230070 -0.110088 -0.228633
v 2.230070 0.109912 -0.228633
v 2.229784 -0.110088 -0.231600
v 2.229784 0.109912 -0.231600
v 2.229689 -0.110088 -0.234636
v 2.229689 0.109912 -0.234636
v 2.229730 -0.110088 -0.236277
v 2.229730 0.109912 -0.236277
v 2.229853 -0.110088 -0.238535
v 2.229853 0.109912 -0.238535
v 2.230058 -0.110088 -0.241411
v 2.230058 0.109912 -0.241411
v 2.230345 -0.110088 -0.244905
v 2.230345 0.109912 -0.244905
v 2.230715 -0.110088 -0.249017
v 2.230715 0.109912 -0.249017
v 2.231166 -0.110088 -0.253746
v 2.231166 0.109912 -0.253746
v 2.231699 -0.110088 -0.259093
v 2.231699 0.109912 -0.259093
v 2.232315 -0.110088 -0.265058
v 2.232315 0.109912 -0.265058
v 2.233012 -0.110088 -0.271641
v 2.233012 0.109912 -0.271641
v 2.233791 -0.110088 -0.278841
v 2.233791 0.109912 -0.278841
v 2.234653 -0.110088 -0.286659
v 2.234653 0.109912 -0.286659
v 2.235596 -0.110088 -0.295095
v 2.235596 0.109912 -0.295095
v 2.237427 -0.110088 -0.311589
v 2.237427 0.109912 -0.311589
v 2.239100 -0.110088 -0.327138
v 2.239100 0.109912 -0.327138
v 2.240613 -0.110088 -0.341742
v 2.240613 0.109912 -0.341742
v 2.241966 -0.110088 -0.355399
v 2.241966 0.109912 -0.355399
v 2.243161 -0.110088 -0.368110
v 2.243161 0.109912 -0.368110
v 2.244196 -0.110088 -0.379876
v 2.244196 0.109912 -0.379876
v 2.245072 -0.110088 -0.390695
v 2.245072 0.109912 -0.390695
v 2.245788 -0.110088 -0.400569
v 2.245788 0.109912 -0.400569
v 2.246346 -0.110088 -0.409497
v 2.246346 0.109912 -0.409497
v 2.246744 -0.110088 -0.417479
v 2.246744 0.109912 -0.417479
v 2.246983 -0.110088 -0.424515
v 2.246983 0.109912 -0.424515
v 2.247062 -0.110088 -0.430605
v 2.247062 0.109912 -0.430605
v 2.247020 -0.110088 -0.432039
v 2.247020 0.109912 -0.432039
v 2.246893 -0.110088 -0.433559
v 2.246893 0.109912 -0.433559
v 2.246682 -0.110088 -0.435166
v 2.246682 0.109912 -0.435166
v 2.246387 -0.110088 -0.436860
v 2.246387 0.109912 -0.436860
v 2.246007 -0.110088 -0.438640
v 2.246007 0.109912 -0.438640
v 2.245542 -0.110088 -0.440508
v 2.245542 0.109912 -0.440508
v 2.244993 -0.110088 -0.442463
v 2.244993 0.109912 -0.442463
v 2.244360 -0.110088 -0.444504
v 2.244360 0.109912 -0.444504
v 2.243642 -0.110088 -0.446632
v 2.243642 0.109912 -0.446632
v 2.242840 -0.110088 -0.448847
v 2.242840 0.109912 -0.448847
v 2.241953 -0.110088 -0.451149
v 2.241953 0.109912 -0.451149
v 2.240982 -0.110088 -0.453538
v 2.240982 0.109912 -0.453538
v 2.240010 -0.110088 -0.455927
v 2.240010 0.109912 -0.455927
v 2.239124 -0.110088 -0.458229
v 2.239124 0.109912 -0.458229
v 2.238322 -0.110088 -0.460444
v 2.238322 0.109912 -0.460444
v 2.237604 -0.110088 -0.462572
v 2.237604 0.109912 -0.462572
v 2.236970 -0.110088 -0.464613
v 2.236970 0.109912 -0.464613
v 2.236421 -0.110088 -0.466568
v 2.236421 0.109912 -0.466568
v 2.235957 -0.110088 -0.468435
v 2.235957 0.109912 -0.468435
v 2.235577 -0.110088 -0.470216
v 2.235577 0.109912 -0.470216
v 2.235281 -0.110088 -0.471910
v 2.235281 0.109912 -0.471910
v 2.235070 -0.110088 -0.473517
v 2.235070 0.109912 -0.473517
v 2.234943 -0.110088 -0.475037
v 2.234943 0.109912 -0.475037
v 2.234901 -0.110088 -0.476471
v 2.234901 0.109912 -0.476471
v 2.235024 -0.110088 -0.479308
v 2.235024 0.109912 -0.479308
v 2.235394 -0.110088 -0.482030
v 2.235394 0.109912 -0.482030
v 2.236009 -0.110088 -0.484636
v 2.236009 0.109912 -0.484636
v 2.236870 -0.110088 -0.487126
v 2.236870 0.109912 -0.487126
v 2.237978 -0.110088 -0.489500
v 2.237978 0.109912 -0.489500
v 2.239331 -0.110088 -0.491759
v 2.239331 0.109912 -0.491759
v 2.240931 -0.110088 -0.493902
v 2.240931 0.109912 -0.493902
v 2.242777 -0.110088 -0.495928
v 2.242777 0.109912 -0.495928
v 2.244869 -0.110088 -0.497840
v 2.244869 0.109912 -0.497840
v 2.247207 -0.110088 -0.499635
v 2.247207 0.109912 -0.499635
v 2.249791 -0.110088 -0.501314
v 2.249791 0.109912 -0.501314
v 2.252622 -0.110088 -0.502878
v 2.252622 0.109912 -0.502878
v 2.254972 -0.110088 -0.503988
v 2.254972 0.109912 -0.503988
v 2.257390 -0.110088 -0.505001
v 2.257390 0.109912 -0.505001
v 2.259875 -0.110088 -0.505918
v 2.259875 0.109912 -0.505918
v 2.262428 -0.110088 -0.506738
v 2.262428 0.109912 -0.506738
v 2.265049 -0.110088 -0.507462
v 2.265049 0.109912 -0.507462
v 2.267736 -0.110088 -0.508090
v 2.267736 0.109912 -0.508090
v 2.270492 -0.110088 -0.508621
v 2.270492 0.109912 -0.508621
v 2.273315 -0.110088 -0.509055
v 2.273315 0.109912 -0.509055
v 2.276206 -0.110088 -0.509393
v 2.276206 0.109912 -0.509393
v 2.279164 -0.110088 -0.509634
v 2.279164 0.109912 -0.509634
v 2.282190 -0.110088 -0.509779
v 2.282190 0.109912 -0.509779
v 2.285283 -0.110088 -0.509827
v 2.285283 0.109912 -0.509827
v 2.286491 -0.110088 -0.509819
v 2.286491 0.109912 -0.509819
v 2.287798 -0.110088 -0.509793
v 2.287798 0.109912 -0.509793
v 2.289203 -0.110088 -0.509751
v 2.289203 0.109912 -0.509751
v 2.290708 -0.110088 -0.509692
v 2.290708 0.109912 -0.509692
v 2.292311 -0.110088 -0.509616
v 2.292311 0.109912 -0.509616
v 2.294014 -0.110088 -0.509523
v 2.294014 0.109912 -0.509523
v 2.295815 -0.110088 -0.509413
v 2.295815 0.109912 -0.509413
v 2.297715 -0.110088 -0.509287
v 2.297715 0.109912 -0.509287
v 2.299714 -0.110088 -0.509143
v 2.299714 0.109912 -0.509143
v 2.301812 -0.110088 -0.508982
v 2.301812 0.109912 -0.508982
v 2.304009 -0.110088 -0.508805
v 2.304009 0.109912 -0.508805
v 2.306305 -0.110088 -0.508611
v 2.306305 0.109912 -0.508611
v 2.308601 -0.110088 -0.508417
v 2.308601 0.109912 -0.508417
v 2.310798 -0.110088 -0.508239
v 2.310798 0.109912 -0.508239
v 2.312896 -0.110088 -0.508079
v 2.312896 0.109912 -0.508079
v 2.314895 -0.110088 -0.507935
v 2.314895 0.109912 -0.507935
v 2.316795 -0.110088 -0.507809
v 2.316795 0.109912 -0.507809
v 2.318596 -0.110088 -0.507699
v 2.318596 0.109912 -0.507699
v 2.320299 -0.110088 -0.507606
v 2.320299 0.109912 -0.507606
v 2.321902 -0.110088 -0.507530
v 2.321902 0.109912 -0.507530
v 2.323407 -0.110088 -0.507471
v 2.323407 0.109912 -0.507471
v 2.324812 -0.110088 -0.507429
v 2.324812 0.109912 -0.507429
v 2.326119 -0.110088 -0.507403
v 2.326119 0.109912 -0.507403
v 2.327326 -0.110088 -0.507395
v 2.327326 0.109912 -0.507395
v 2.494456 -0.110088 -0.507047
v 2.494456 0.109912 -0.507047
v 2.495598 -0.110088 -0.507062
v 2.495598 0.109912 -0.507062
v 2.496937 -0.110088 -0.507105
v 2.496937 0.109912 -0.507105
v 2.498474 -0.110088 -0.507178
v 2.498474 0.109912 -0.507178
v 2.500209 -0.110088 -0.507279
v 2.500209 0.109912 -0.507279
v 2.502141 -0.110088 -0.507409
v 2.502141 0.109912 -0.507409
v 2.504272 -0.110088 -0.507569
v 2.504272 0.109912 -0.507569
v 2.506601 -0.110088 -0.507757
v 2.506601 0.109912 -0.507757
v 2.509127 -0.110088 -0.507974
v 2.509127 0.109912 -0.507974
v 2.511851 -0.110088 -0.508220
v 2.511851 0.109912 -0.508220
v 2.514773 -0.110088 -0.508495
v 2.514773 0.109912 -0.508495
v 2.517893 -0.110088 -0.508799
v 2.517893 0.109912 -0.508799
v 2.521211 -0.110088 -0.509132
v 2.521211 0.109912 -0.509132
v 2.524531 -0.110088 -0.509465
v 2.524531 0.109912 -0.509465
v 2.527658 -0.110088 -0.509769
v 2.527658 0.109912 -0.509769
v 2.530592 -0.110088 -0.510044
v 2.530592 0.109912 -0.510044
v 2.533334 -0.110088 -0.510290
v 2.533334 0.109912 -0.510290
v 2.535882 -0.110088 -0.510507
v 2.535882 0.109912 -0.510507
v 2.538237 -0.110088 -0.510696
v 2.538237 0.109912 -0.510696
v 2.540399 -0.110088 -0.510855
v 2.540399 0.109912 -0.510855
v 2.542368 -0.110088 -0.510985
v 2.542368 0.109912 -0.510985
v 2.544144 -0.110088 -0.511087
v 2.544144 0.109912 -0.511087
v 2.545727 -0.110088 -0.511159
v 2.545727 0.109912 -0.511159
v 2.547116 -0.110088 -0.511202
v 2.547116 0.109912 -0.511202
v 2.548313 -0.110088 -0.511217
v 2.548313 0.109912 -0.511217
v 2.551394 -0.110088 -0.511134
v 2.551394 0.109912 -0.511134
v 2.554384 -0.110088 -0.510884
v 2.554384 0.109912 -0.510884
v 2.557282 -0.110088 -0.510468
v 2.557282 0.109912 -0.510468
v 2.560089 -0.110088 -0.509885
v 2.560089 0.109912 -0.509885
v 2.562803 -0.110088 -0.509136
v 2.562803 0.109912 -0.509136
v 2.565426 -0.110088 -0.508220
v 2.565426 0.109912 -0.508220
v 2.567957 -0.110088 -0.507138
v 2.567957 0.109912 -0.507138
v 2.570396 -0.110088 -0.505889
v 2.570396 0.109912 -0.505889
v 2.572744 -0.110088 -0.504474
v 2.572744 0.109912 -0.504474
v 2.575000 -0.110088 -0.502892
v 2.575000 0.109912 -0.502892
v 2.577165 -0.110088 -0.501144
v 2.577165 0.109912 -0.501144
v 2.579237 -0.110088 -0.499229
v 2.579237 0.109912 -0.499229
v 2.581180 -0.110088 -0.497184
v 2.581180 0.109912 -0.497184
v 2.582953 -0.110088 -0.495045
v 2.582953 0.109912 -0.495045
v 2.584558 -0.110088 -0.492812
v 2.584558 0.109912 -0.492812
v 2.585994 -0.110088 -0.490485
v 2.585994 0.109912 -0.490485
v 2.587260 -0.110088 -0.488064
v 2.587260 0.109912 -0.488064
v 2.588358 -0.110088 -0.485548
v 2.588358 0.109912 -0.485548
v 2.589287 -0.110088 -0.482938
v 2.589287 0.109912 -0.482938
v 2.590047 -0.110088 -0.480235
v 2.590047 0.109912 -0.480235
v 2.590639 -0.110088 -0.477437
v 2.590639 0.109912 -0.477437
v 2.591061 -0.110088 -0.474545
v 2.591061 0.109912 -0.474545
v 2.591314 -0.110088 -0.471559
v 2.591314 0.109912 -0.471559
v 2.591399 -0.110088 -0.468479
v 2.591399 0.109912 -0.468479
v 2.590668 -0.110088 -0.460210
v 2.590668 0.109912 -0.460210
v 2.588474 -0.110088 -0.452660
v 2.588474 0.109912 -0.452660
v 2.584819 -0.110088 -0.445829
v 2.584819 0.109912 -0.445829
v 2.579701 -0.110088 -0.439717
v 2.579701 0.109912 -0.439717
v 2.573121 -0.110088 -0.434324
v 2.573121 0.109912 -0.434324
v 2.565078 -0.110088 -0.429650
v 2.565078 0.109912 -0.429650
v 2.555574 -0.110088 -0.425695
v 2.555574 0.109912 -0.425695
v 2.544607 -0.110088 -0.422459
v 2.544607 0.109912 -0.422459
v 2.532178 -0.110088 -0.419943
v 2.532178 0.109912 -0.419943
v 2.518287 -0.110088 -0.418145
v 2.518287 0.109912 -0.418145
v 2.502933 -0.110088 -0.417066
v 2.502933 0.109912 -0.417066
v 2.486117 -0.110088 -0.416707
v 2.486117 0.109912 -0.416707
v 2.484697 -0.110088 -0.416709
v 2.484697 0.109912 -0.416709
v 2.483217 -0.110088 -0.416716
v 2.483217 0.109912 -0.416716
v 2.481676 -0.110088 -0.416729
v 2.481676 0.109912 -0.416729
v 2.480075 -0.110088 -0.416745
v 2.480075 0.109912 -0.416745
v 2.478414 -0.110088 -0.416767
v 2.478414 0.109912 -0.416767
v 2.476692 -0.110088 -0.416794
v 2.476692 0.109912 -0.416794
v 2.474910 -0.110088 -0.416825
v 2.474910 0.109912 -0.416825
v 2.473068 -0.110088 -0.416861
v 2.473068 0.109912 -0.416861
v 2.471166 -0.110088 -0.416902
v 2.471166 0.109912 -0.416902
v 2.469203 -0.110088 -0.416948
v 2.469203 0.109912 -0.416948
v 2.467179 -0.110088 -0.416999
v 2.467179 0.109912 -0.416999
v 2.465096 -0.110088 -0.417054
v 2.465096 0.109912 -0.417054
v 2.463041 -0.110088 -0.417110
v 2.463041 0.109912 -0.417110
v 2.461105 -0.110088 -0.417160
v 2.461105 0.109912 -0.417160
v 2.459287 -0.110088 -0.417206
v 2.459287 0.109912 -0.417206
v 2.457587 -0.110088 -0.417247
v 2.457587 0.109912 -0.417247
v 2.456005 -0.110088 -0.417283
v 2.456005 0.109912 -0.417283
v 2.454542 -0.110088 -0.417315
v 2.454542 0.109912 -0.417315
v 2.453196 -0.110088 -0.417341
v 2.453196 0.109912 -0.417341
v 2.451969 -0.110088 -0.417363
v 2.451969 0.109912 -0.417363
v 2.450861 -0.110088 -0.417380
v 2.450861 0.109912 -0.417380
v 2.449870 -0.110088 -0.417392
v 2.449870 0.109912 -0.417392
v 2.448998 -0.110088 -0.417399
v 2.448998 0.109912 -0.417399
v 2.448244 -0.110088 -0.417402
v 2.448244 0.109912 -0.417402
v 2.344700 -0.110088 -0.417402
v 2.344700 0.109912 -0.417402
v 2.344480 -0.110088 -0.413676
v 2.344480 0.109912 -0.413676
v 2.344169 -0.110088 -0.409564
v 2.344169 0.109912 -0.409564
v 2.343766 -0.110088 -0.405067
v 2.343766 0.109912 -0.405067
v 2.343271 -0.110088 -0.400183
v 2.343271 0.109912 -0.400183
v 2.342685 -0.110088 -0.394913
v 2.342685 0.109912 -0.394913
v 2.342007 -0.110088 -0.389257
v 2.342007 0.109912 -0.389257
v 2.341237 -0.110088 -0.383215
v 2.341237 0.109912 -0.383215
v 2.340376 -0.110088 -0.376787
v 2.340376 0.109912 -0.376787
v 2.339422 -0.110088 -0.369973
v 2.339422 0.109912 -0.369973
v 2.338378 -0.110088 -0.362773
v 2.338378 0.109912 -0.362773
v 2.337241 -0.110088 -0.355186
v 2.337241 0.109912 -0.355186
v 2.336013 -0.110088 -0.347214
v 2.336013 0.109912 -0.347214
v 2.343722 -0.110088 -0.350766
v 2.343722 0.109912 -0.350766
v 2.351678 -0.110088 -0.354009
v 2.351678 0.109912 -0.354009
v 2.359879 -0.110088 -0.356943
v 2.359879 0.109912 -0.356943
v 2.368327 -0.110088 -0.359568
v 2.368327 0.109912 -0.359568
v 2.377021 -0.110088 -0.361885
v 2.377021 0.109912 -0.361885
v 2.385961 -0.110088 -0.363892
v 2.385961 0.109912 -0.363892
v 2.395147 -0.110088 -0.365591
v 2.395147 0.109912 -0.365591
v 2.404579 -0.110088 -0.366981
v 2.404579 0.109912 -0.366981
v 2.414257 -0.110088 -0.368062
v 2.414257 0.109912 -0.368062
v 2.424182 -0.110088 -0.368834
v 2.424182 0.109912 -0.368834
v 2.434352 -0.110088 -0.369297
v 2.434352 0.109912 -0.369297
v 2.444769 -0.110088 -0.369452
v 2.444769 0.109912 -0.369452
v 2.458559 -0.110088 -0.369015
v 2.458559 0.109912 -0.369015
v 2.471785 -0.110088 -0.367705
v 2.471785 0.109912 -0.367705
v 2.484445 -0.110088 -0.365521
v 2.484445 0.109912 -0.365521
v 2.496541 -0.110088 -0.362464
v 2.496541 0.109912 -0.362464
v 2.508073 -0.110088 -0.358533
v 2.508073 0.109912 -0.358533
v 2.519040 -0.110088 -0.353729
v 2.519040 0.109912 -0.353729
v 2.529442 -0.110088 -0.348051
v 2.529442 0.109912 -0.348051
v 2.539279 -0.110088 -0.341500
v 2.539279 0.109912 -0.341500
v 2.548552 -0.110088 -0.334076
v 2.548552 0.109912 -0.334076
v 2.557261 -0.110088 -0.325778
v 2.557261 0.109912 -0.325778
v 2.565404 -0.110088 -0.316606
v 2.565404 0.109912 -0.316606
v 2.572983 -0.110088 -0.306561
v 2.572983 0.109912 -0.306561
v 2.578810 -0.110088 -0.297746
v 2.578810 0.109912 -0.297746
v 2.584131 -0.110088 -0.288560
v 2.584131 0.109912 -0.288560
v 2.588945 -0.110088 -0.279003
v 2.588945 0.109912 -0.279003
v 2.593252 -0.110088 -0.269073
v 2.593252 0.109912 -0.269073
v 2.597052 -0.110088 -0.258773
v 2.597052 0.109912 -0.258773
v 2.600346 -0.110088 -0.248100
v 2.600346 0.109912 -0.248100
v 2.603133 -0.110088 -0.237056
v 2.603133 0.109912 -0.237056
v 2.605413 -0.110088 -0.225640
v 2.605413 0.109912 -0.225640
v 2.607187 -0.110088 -0.213853
v 2.607187 0.109912 -0.213853
v 2.608454 -0.110088 -0.201694
v 2.608454 0.109912 -0.201694
v 2.609214 -0.110088 -0.189164
v 2.609214 0.109912 -0.189164
v 2.609467 -0.110088 -0.176262
v 2.609467 0.109912 -0.176262
v 2.609061 -0.110088 -0.160737
v 2.609061 0.109912 -0.160737
v 2.607845 -0.110088 -0.145666
v 2.607845 0.109912 -0.145666
v 2.605818 -0.110088 -0.131048
v 2.605818 0.109912 -0.131048
v 2.602981 -0.110088 -0.116884
v 2.602981 0.109912 -0.116884
v 2.599332 -0.110088 -0.103174
v 2.599332 0.109912 -0.103174
v 2.594873 -0.110088 -0.089917
v 2.594873 0.109912 -0.089917
v 2.589603 -0.110088 -0.077114
v 2.589603 0.109912 -0.077114
v 2.583523 -0.110088 -0.064765
v 2.583523 0.109912 -0.064765
v 2.576631 -0.110088 -0.052869
v 2.576631 0.109912 -0.052869
v 2.568929 -0.110088 -0.041427
v 2.568929 0.109912 -0.041427
v 2.560416 -0.110088 -0.030438
v 2.560416 0.109912 -0.030438
v 3.130836 -0.110088 -0.267992
v 3.130836 0.109912 -0.267992
v 3.128441 -0.110088 -0.265939
v 3.128441 0.109912 -0.265939
v 3.125947 -0.110088 -0.264064
v 3.125947 0.109912 -0.264064
v 3.123355 -0.110088 -0.262368
v 3.123355 0.109912 -0.262368
v 3.120663 -0.110088 -0.260850
v 3.120663 0.109912 -0.260850
v 3.117872 -0.110088 -0.259511
v 3.117872 0.109912 -0.259511
v 3.114983 -0.110088 -0.258350
v 3.114983 0.109912 -0.258350
v 3.111995 -0.110088 -0.257368
v 3.111995 0.109912 -0.257368
v 3.108907 -0.110088 -0.256565
v 3.108907 0.109912 -0.256565
v 3.105721 -0.110088 -0.255940
v 3.105721 0.109912 -0.255940
v 3.102436 -0.110088 -0.255493
v 3.102436 0.109912 -0.255493
v 3.099051 -0.110088 -0.255226
v 3.099051 0.109912 -0.255226
v 3.095568 -0.110088 -0.255136
v 3.095568 0.109912 -0.255136
v 3.092030 -0.110088 -0.255226
v 3.092030 0.109912 -0.255226
v 3.088595 -0.110088 -0.255493
v 3.088595 0.109912 -0.255493
v 3.085264 -0.110088 -0.255940
v 3.085264 0.109912 -0.255940
v 3.082036 -0.110088 -0.256565
v 3.082036 0.109912 -0.256565
v 3.078913 -0.110088 -0.257368
v 3.078913 0.109912 -0.257368
v 3.075893 -0.110088 -0.258350
v 3.075893 0.109912 -0.258350
v 3.072977 -0.110088 -0.259511
v 3.072977 0.109912 -0.259511
v 3.070165 -0.110088 -0.260850
v 3.070165 0.109912 -0.260850
v 3.067456 -0.110088 -0.262368
v 3.067456 0.109912 -0.262368
v 3.064852 -0.110088 -0.264064
v 3.064852 0.109912 -0.264064
v 3.062351 -0.110088 -0.265939
v 3.062351 0.109912 -0.265939
v 3.059953 -0.110088 -0.267992
v 3.059953 0.109912 -0.267992
v 3.057706 -0.110088 -0.270183
v 3.057706 0.109912 -0.270183
v 3.055654 -0.110088 -0.272471
v 3.055654 0.109912 -0.272471
v 3.053797 -0.110088 -0.274855
v 3.053797 0.109912 -0.274855
v 3.052135 -0.110088 -0.277335
v 3.052135 0.109912 -0.277335
v 3.050669 -0.110088 -0.279912
v 3.050669 0.109912 -0.279912
v 3.049399 -0.110088 -0.282586
v 3.049399 0.109912 -0.282586
v 3.048324 -0.110088 -0.285356
v 3.048324 0.109912 -0.285356
v 3.047445 -0.110088 -0.288222
v 3.047445 0.109912 -0.288222
v 3.046761 -0.110088 -0.291186
v 3.046761 0.109912 -0.291186
v 3.046272 -0.110088 -0.294245
v 3.046272 0.109912 -0.294245
v 3.045979 -0.110088 -0.297401
v 3.045979 0.109912 -0.297401
v 3.045881 -0.110088 -0.300654
v 3.045881 0.109912 -0.300654
v 3.045870 -0.110088 -0.301320
v 3.045870 0.109912 -0.301320
v 3.045838 -0.110088 -0.302044
v 3.045838 0.109912 -0.302044
v 3.045784 -0.110088 -0.302826
v 3.045784 0.109912 -0.302826
v 3.045707 -0.110088 -0.303665
v 3.045707 0.109912 -0.303665
v 3.045609 -0.110088 -0.304563
v 3.045609 0.109912 -0.304563
v 3.045490 -0.110088 -0.305518
v 3.045490 0.109912 -0.305518
v 3.045349 -0.110088 -0.306532
v 3.045349 0.109912 -0.306532
v 3.045186 -0.110088 -0.307603
v 3.045186 0.109912 -0.307603
v 3.045002 -0.110088 -0.308733
v 3.045002 0.109912 -0.308733
v 3.044795 -0.110088 -0.309920
v 3.044795 0.109912 -0.309920
v 3.044567 -0.110088 -0.311165
v 3.044567 0.109912 -0.311165
v 3.044317 -0.110088 -0.312468
v 3.044317 0.109912 -0.312468
v 3.044068 -0.110088 -0.313773
v 3.044068 0.109912 -0.313773
v 3.043839 -0.110088 -0.315025
v 3.043839 0.109912 -0.315025
v 3.043633 -0.110088 -0.316225
v 3.043633 0.109912 -0.316225
v 3.043449 -0.110088 -0.317371
v 3.043449 0.109912 -0.317371
v 3.043286 -0.110088 -0.318464
v 3.043286 0.109912 -0.318464
v 3.043145 -0.110088 -0.319504
v 3.043145 0.109912 -0.319504
v 3.043025 -0.110088 -0.320491
v 3.043025 0.109912 -0.320491
v 3.042928 -0.110088 -0.321425
v 3.042928 0.109912 -0.321425
v 3.042851 -0.110088 -0.322305
v 3.042851 0.109912 -0.322305
v 3.042797 -0.110088 -0.323133
v 3.042797 0.109912 -0.323133
v 3.042765 -0.110088 -0.323907
v 3.042765 0.109912 -0.323907
v 3.042754 -0.110088 -0.324629
v 3.042754 0.109912 -0.324629
v 3.042856 -0.110088 -0.327825
v 3.042856 0.109912 -0.327825
v 3.043164 -0.110088 -0.330927
v 3.043164 0.109912 -0.330927
v 3.043677 -0.110088 -0.333934
v 3.043677 0.109912 -0.333934
v 3.044394 -0.110088 -0.336848
v 3.044394 0.109912 -0.336848
v 3.045318 -0.110088 -0.339668
v 3.045318 0.109912 -0.339668
v 3.046446 -0.110088 -0.342393
v 3.046446 0.109912 -0.342393
v 3.047779 -0.110088 -0.345024
v 3.047779 0.109912 -0.345024
v 3.049317 -0.110088 -0.347562
v 3.049317 0.109912 -0.347562
v 3.051060 -0.110088 -0.350005
v 3.051060 0.109912 -0.350005
v 3.053009 -0.110088 -0.352354
v 3.053009 0.109912 -0.352354
v 3.055162 -0.110088 -0.354609
v 3.055162 0.109912 -0.354609
v 3.057521 -0.110088 -0.356769
v 3.057521 0.109912 -0.356769
v 3.060022 -0.110088 -0.358795
v 3.060022 0.109912 -0.358795
v 3.062603 -0.110088 -0.360645
v 3.062603 0.109912 -0.360645
v 3.065263 -0.110088 -0.362318
v 3.065263 0.109912 -0.362318
v 3.068003 -0.110088 -0.363815
v 3.068003 0.109912 -0.363815
v 3.070822 -0.110088 -0.365136
v 3.070822 0.109912 -0.365136
v 3.073721 -0.110088 -0.366281
v 3.073721 0.109912 -0.366281
v 3.076700 -0.110088 -0.367250
v 3.076700 0.109912 -0.367250
v 3.079759 -0.110088 -0.368043
v 3.079759 0.109912 -0.368043
v 3.082897 -0.110088 -0.368659
v 3.082897 0.109912 -0.368659
v 3.086114 -0.110088 -0.369099
v 3.086114 0.109912 -0.369099
v 3.089412 -0.110088 -0.369364
v 3.089412 0.109912 -0.369364
v 3.092789 -0.110088 -0.369452
v 3.092789 0.109912 -0.369452
v 3.101113 -0.110088 -0.368974
v 3.101113 0.109912 -0.368974
v 3.108714 -0.110088 -0.367541
v 3.108714 0.109912 -0.367541
v 3.115591 -0.110088 -0.365152
v 3.115591 0.109912 -0.365152
v 3.121744 -0.110088 -0.361808
v 3.121744 0.109912 -0.361808
v 3.127173 -0.110088 -0.357508
v 3.127173 0.109912 -0.357508
v 3.131878 -0.110088 -0.352252
v 3.131878 0.109912 -0.352252
v 3.135859 -0.110088 -0.346041
v 3.135859 0.109912 -0.346041
v 3.139117 -0.110088 -0.338875
v 3.139117 0.109912 -0.338875
v 3.141651 -0.110088 -0.330753
v 3.141651 0.109912 -0.330753
v 3.143460 -0.110088 -0.321676
v 3.143460 0.109912 -0.321676
v 3.144546 -0.110088 -0.311642
v 3.144546 0.109912 -0.311642
v 3.144908 -0.110088 -0.300654
v 3.144908 0.109912 -0.300654
v 3.144810 -0.110088 -0.297401
v 3.144810 0.109912 -0.297401
v 3.144517 -0.110088 -0.294245
v 3.144517 0.109912 -0.294245
v 3.144029 -0.110088 -0.291186
v 3.144029 0.109912 -0.291186
v 3.143344 -0.110088 -0.288222
v 3.143344 0.109912 -0.288222
v 3.142465 -0.110088 -0.285356
v 3.142465 0.109912 -0.285356
v 3.141390 -0.110088 -0.282586
v 3.141390 0.109912 -0.282586
v 3.140120 -0.110088 -0.279912
v 3.140120 0.109912 -0.279912
v 3.138654 -0.110088 -0.277335
v 3.138654 0.109912 -0.277335
v 3.136992 -0.110088 -0.274855
v 3.136992 0.109912 -0.274855
v 3.135136 -0.110088 -0.272471
v 3.135136 0.109912 -0.272471
v 3.133084 -0.110088 -0.270183
v 3.133084 0.109912 -0.270183
v 3.136569 -0.110088 -0.032933
v 3.136569 0.109912 -0.032933
v 3.134146 -0.110088 -0.030852
v 3.134146 0.109912 -0.030852
v 3.131627 -0.110088 -0.028952
v 3.131627 0.109912 -0.028952
v 3.129012 -0.110088 -0.027233
v 3.129012 0.109912 -0.027233
v 3.126299 -0.110088 -0.025695
v 3.126299 0.109912 -0.025695
v 3.123491 -0.110088 -0.024337
v 3.123491 0.109912 -0.024337
v 3.120586 -0.110088 -0.023161
v 3.120586 0.109912 -0.023161
v 3.117584 -0.110088 -0.022166
v 3.117584 0.109912 -0.022166
v 3.114486 -0.110088 -0.021351
v 3.114486 0.109912 -0.021351
v 3.111291 -0.110088 -0.020718
v 3.111291 0.109912 -0.020718
v 3.108000 -0.110088 -0.020265
v 3.108000 0.109912 -0.020265
v 3.104612 -0.110088 -0.019994
v 3.104612 0.109912 -0.019994
v 3.101128 -0.110088 -0.019903
v 3.101128 0.109912 -0.019903
v 3.092525 -0.110088 -0.020468
v 3.092525 0.109912 -0.020468
v 3.084671 -0.110088 -0.022162
v 3.084671 0.109912 -0.022162
v 3.077565 -0.110088 -0.024985
v 3.077565 0.109912 -0.024985
v 3.071207 -0.110088 -0.028938
v 3.071207 0.109912 -0.028938
v 3.065597 -0.110088 -0.034019
v 3.065597 0.109912 -0.034019
v 3.060735 -0.110088 -0.040230
v 3.060735 0.109912 -0.040230
v 3.056621 -0.110088 -0.047570
v 3.056621 0.109912 -0.047570
v 3.053255 -0.110088 -0.056040
v 3.053255 0.109912 -0.056040
v 3.050637 -0.110088 -0.065638
v 3.050637 0.109912 -0.065638
v 3.048767 -0.110088 -0.076366
v 3.048767 0.109912 -0.076366
v 3.047645 -0.110088 -0.088223
v 3.047645 0.109912 -0.088223
v 3.047271 -0.110088 -0.101210
v 3.047271 0.109912 -0.101210
v 3.047379 -0.110088 -0.104409
v 3.047379 0.109912 -0.104409
v 3.047705 -0.110088 -0.107522
v 3.047705 0.109912 -0.107522
v 3.048248 -0.110088 -0.110548
v 3.048248 0.109912 -0.110548
v 3.049008 -0.110088 -0.113487
v 3.049008 0.109912 -0.113487
v 3.049985 -0.110088 -0.116339
v 3.049985 0.109912 -0.116339
v 3.051180 -0.110088 -0.119104
v 3.051180 0.109912 -0.119104
v 3.052591 -0.110088 -0.121783
v 3.052591 0.109912 -0.121783
v 3.054220 -0.110088 -0.124374
v 3.054220 0.109912 -0.124374
v 3.056066 -0.110088 -0.126879
v 3.056066 0.109912 -0.126879
v 3.058129 -0.110088 -0.129297
v 3.058129 0.109912 -0.129297
v 3.060410 -0.110088 -0.131627
v 3.060410 0.109912 -0.131627
v 3.062907 -0.110088 -0.133871
v 3.062907 0.109912 -0.133871
v 3.065433 -0.110088 -0.135814
v 3.065433 0.109912 -0.135814
v 3.068032 -0.110088 -0.137587
v 3.068032 0.109912 -0.137587
v 3.070703 -0.110088 -0.139192
v 3.070703 0.109912 -0.139192
v 3.073446 -0.110088 -0.140628
v 3.073446 0.109912 -0.140628
v 3.076262 -0.110088 -0.141894
v 3.076262 0.109912 -0.141894
v 3.079151 -0.110088 -0.142992
v 3.079151 0.109912 -0.142992
v 3.082111 -0.110088 -0.143921
v 3.082111 0.109912 -0.143921
v 3.085144 -0.110088 -0.144681
v 3.085144 0.109912 -0.144681
v 3.088250 -0.110088 -0.145273
v 3.088250 0.109912 -0.145273
v 3.091428 -0.110088 -0.145695
v 3.091428 0.109912 -0.145695
v 3.094678 -0.110088 -0.145948
v 3.094678 0.109912 -0.145948
v 3.098001 -0.110088 -0.146033
v 3.098001 0.109912 -0.146033
v 3.106436 -0.110088 -0.145475
v 3.106436 0.109912 -0.145475
v 3.114138 -0.110088 -0.143803
v 3.114138 0.109912 -0.143803
v 3.121107 -0.110088 -0.141016
v 3.121107 0.109912 -0.141016
v 3.127342 -0.110088 -0.137114
v 3.127342 0.109912 -0.137114
v 3.132843 -0.110088 -0.132098
v 3.132843 0.109912 -0.132098
v 3.137611 -0.110088 -0.125967
v 3.137611 0.109912 -0.125967
v 3.141646 -0.110088 -0.118721
v 3.141646 0.109912 -0.118721
v 3.144947 -0.110088 -0.110360
v 3.144947 0.109912 -0.110360
v 3.147514 -0.110088 -0.100884
v 3.147514 0.109912 -0.100884
v 3.149348 -0.110088 -0.090294
v 3.149348 0.109912 -0.090294
v 3.150448 -0.110088 -0.078589
v 3.150448 0.109912 -0.078589
v 3.150815 -0.110088 -0.065769
v 3.150815 0.109912 -0.065769
v 3.150716 -0.110088 -0.062515
v 3.150716 0.109912 -0.062515
v 3.150419 -0.110088 -0.059355
v 3.150419 0.109912 -0.059355
v 3.149925 -0.110088 -0.056289
v 3.149925 0.109912 -0.056289
v 3.149232 -0.110088 -0.053318
v 3.149232 0.109912 -0.053318
v 3.148342 -0.110088 -0.050440
v 3.148342 0.109912 -0.050440
v 3.147254 -0.110088 -0.047657
v 3.147254 0.109912 -0.047657
v 3.145967 -0.110088 -0.044968
v 3.145967 0.109912 -0.044968
v 3.144484 -0.110088 -0.042373
v 3.144484 0.109912 -0.042373
v 3.142802 -0.110088 -0.039872
v 3.142802 0.109912 -0.039872
v 3.140922 -0.110088 -0.037465
v 3.140922 0.109912 -0.037465
v 3.138844 -0.110088 -0.035152
v 3.138844 0.109912 -0.035152
v 3.502795 -0.110088 -0.179042
v 3.502795 0.109912 -0.179042
v 3.501721 -0.110088 -0.137008
v 3.501721 0.109912 -0.137008
v 3.498500 -0.110088 -0.097426
v 3.498500 0.109912 -0.097426
v 3.493132 -0.110088 -0.060296
v 3.493132 0.109912 -0.060296
v 3.485615 -0.110088 -0.025617
v 3.485615 0.109912 -0.025617
v 3.475951 -0.110088 0.006610
v 3.475951 0.109912 0.006610
v 3.464140 -0.110088 0.036386
v 3.464140 0.109912 0.036386
v 3.450181 -0.110088 0.063710
v 3.450181 0.109912 0.063710
v 3.434075 -0.110088 0.088582
v 3.434075 0.109912 0.088582
v 3.415821 -0.110088 0.111003
v 3.415821 0.109912 0.111003
v 3.395420 -0.110088 0.130973
v 3.395420 0.109912 0.130973
v 3.372870 -0.110088 0.148491
v 3.372870 0.109912 0.148491
v 3.348174 -0.110088 0.163557
v 3.348174 0.109912 0.163557
v 3.345245 -0.110088 0.165056
v 3.345245 0.109912 0.165056
v 3.342364 -0.110088 0.166424
v 3.342364 0.109912 0.166424
v 3.339531 -0.110088 0.167662
v 3.339531 0.109912 0.167662
v 3.336746 -0.110088 0.168769
v 3.336746 0.109912 0.168769
v 3.334010 -0.110088 0.169746
v 3.334010 0.109912 0.169746
v 3.331322 -0.110088 0.170593
v 3.331322 0.109912 0.170593
v 3.328682 -0.110088 0.171310
v 3.328682 0.109912 0.171310
v 3.326091 -0.110088 0.171896
v 3.326091 0.109912 0.171896
v 3.323548 -0.110088 0.172352
v 3.323548 0.109912 0.172352
v 3.321053 -0.110088 0.172678
v 3.321053 0.109912 0.172678
v 3.318606 -0.110088 0.172874
v 3.318606 0.109912 0.172874
v 3.316207 -0.110088 0.172939
v 3.316207 0.109912 0.172939
v 3.313283 -0.110088 0.172854
v 3.313283 0.109912 0.172854
v 3.310416 -0.110088 0.172601
v 3.310416 0.109912 0.172601
v 3.307608 -0.110088 0.172179
v 3.307608 0.109912 0.172179
v 3.304857 -0.110088 0.171588
v 3.304857 0.109912 0.171588
v 3.302164 -0.110088 0.170828
v 3.302164 0.109912 0.170828
v 3.299529 -0.110088 0.169899
v 3.299529 0.109912 0.169899
v 3.296952 -0.110088 0.168801
v 3.296952 0.109912 0.168801
v 3.294433 -0.110088 0.167534
v 3.294433 0.109912 0.167534
v 3.291972 -0.110088 0.166098
v 3.291972 0.109912 0.166098
v 3.289569 -0.110088 0.164494
v 3.289569 0.109912 0.164494
v 3.287223 -0.110088 0.162720
v 3.287223 0.109912 0.162720
v 3.284936 -0.110088 0.160778
v 3.284936 0.109912 0.160778
v 3.282771 -0.110088 0.158715
v 3.282771 0.109912 0.158715
v 3.280795 -0.110088 0.156579
v 3.280795 0.109912 0.156579
v 3.279007 -0.110088 0.154371
v 3.279007 0.109912 0.154371
v 3.277407 -0.110088 0.152091
v 3.277407 0.109912 0.152091
v 3.275996 -0.110088 0.149738
v 3.275996 0.109912 0.149738
v 3.274772 -0.110088 0.147313
v 3.274772 0.109912 0.147313
v 3.273737 -0.110088 0.144816
v 3.273737 0.109912 0.144816
v 3.272890 -0.110088 0.142246
v 3.272890 0.109912 0.142246
v 3.272232 -0.110088 0.139604
v 3.272232 0.109912 0.139604
v 3.271761 -0.110088 0.136889
v 3.271761 0.109912 0.136889
v 3.271479 -0.110088 0.134102
v 3.271479 0.109912 0.134102
v 3.271385 -0.110088 0.131243
v 3.271385 0.109912 0.131243
v 3.271529 -0.110088 0.127798
v 3.271529 0.109912 0.127798
v 3.271964 -0.110088 0.124410
v 3.271964 0.109912 0.124410
v 3.272687 -0.110088 0.121080
v 3.272687 0.109912 0.121080
v 3.273701 -0.110088 0.117808
v 3.273701 0.109912 0.117808
v 3.275004 -0.110088 0.114594
v 3.275004 0.109912 0.114594
v 3.276597 -0.110088 0.111438
v 3.276597 0.109912 0.111438
v 3.278479 -0.110088 0.108340
v 3.278479 0.109912 0.108340
v 3.280650 -0.110088 0.105299
v 3.280650 0.109912 0.105299
v 3.283111 -0.110088 0.102317
v 3.283111 0.109912 0.102317
v 3.285862 -0.110088 0.099392
v 3.285862 0.109912 0.099392
v 3.288902 -0.110088 0.096526
v 3.288902 0.109912 0.096526
v 3.292233 -0.110088 0.093717
v 3.292233 0.109912 0.093717
v 3.295241 -0.110088 0.091514
v 3.295241 0.109912 0.091514
v 3.298245 -0.110088 0.089306
v 3.298245 0.109912 0.089306
v 3.301245 -0.110088 0.087094
v 3.301245 0.109912 0.087094
v 3.304239 -0.110088 0.084876
v 3.304239 0.109912 0.084876
v 3.307229 -0.110088 0.082654
v 3.307229 0.109912 0.082654
v 3.310214 -0.110088 0.080427
v 3.310214 0.109912 0.080427
v 3.313194 -0.110088 0.078195
v 3.313194 0.109912 0.078195
v 3.316169 -0.110088 0.075958
v 3.316169 0.109912 0.075958
v 3.319139 -0.110088 0.073716
v 3.319139 0.109912 0.073716
v 3.322104 -0.110088 0.071470
v 3.322104 0.109912 0.071470
v 3.325065 -0.110088 0.069219
v 3.325065 0.109912 0.069219
v 3.328021 -0.110088 0.066962
v 3.328021 0.109912 0.066962
v 3.340175 -0.110088 0.053894
v 3.340175 0.109912 0.053894
v 3.351272 -0.110088 0.039590
v 3.351272 0.109912 0.039590
v 3.361313 -0.110088 0.024051
v 3.361313 0.109912 0.024051
v 3.370296 -0.110088 0.007276
v 3.370296 0.109912 0.007276
v 3.378222 -0.110088 -0.010734
v 3.378222 0.109912 -0.010734
v 3.385092 -0.110088 -0.029980
v 3.385092 0.109912 -0.029980
v 3.390904 -0.110088 -0.050461
v 3.390904 0.109912 -0.050461
v 3.395660 -0.110088 -0.072177
v 3.395660 0.109912 -0.072177
v 3.399360 -0.110088 -0.095129
v 3.399360 0.109912 -0.095129
v 3.402002 -0.110088 -0.119317
v 3.402002 0.109912 -0.119317
v 3.403587 -0.110088 -0.144739
v 3.403587 0.109912 -0.144739
v 3.404116 -0.110088 -0.171398
v 3.404116 0.109912 -0.171398
v 3.403986 -0.110088 -0.182070
v 3.403986 0.109912 -0.182070
v 3.403594 -0.110088 -0.192776
v 3.403594 0.109912 -0.192776
v 3.402943 -0.110088 -0.203516
v 3.402943 0.109912 -0.203516
v 3.402030 -0.110088 -0.214290
v 3.402030 0.109912 -0.214290
v 3.400858 -0.110088 -0.225098
v 3.400858 0.109912 -0.225098
v 3.399425 -0.110088 -0.235939
v 3.399425 0.109912 -0.235939
v 3.397730 -0.110088 -0.246814
v 3.397730 0.109912 -0.246814
v 3.395776 -0.110088 -0.257723
v 3.395776 0.109912 -0.257723
v 3.393561 -0.110088 -0.268666
v 3.393561 0.109912 -0.268666
v 3.391085 -0.110088 -0.279642
v 3.391085 0.109912 -0.279642
v 3.388349 -0.110088 -0.290652
v 3.388349 0.109912 -0.290652
v 3.385353 -0.110088 -0.301696
v 3.385353 0.109912 -0.301696
v 3.381716 -0.110088 -0.313903
v 3.381716 0.109912 -0.313903
v 3.377872 -0.110088 -0.325623
v 3.377872 0.109912 -0.325623
v 3.373821 -0.110088 -0.336855
v 3.373821 0.109912 -0.336855
v 3.369563 -0.110088 -0.347600
v 3.369563 0.109912 -0.347600
v 3.365096 -0.110088 -0.357858
v 3.365096 0.109912 -0.357858
v 3.360422 -0.110088 -0.367628
v 3.360422 0.109912 -0.367628
v 3.355541 -0.110088 -0.376910
v 3.355541 0.109912 -0.376910
v 3.350452 -0.110088 -0.385705
v 3.350452 0.109912 -0.385705
v 3.345156 -0.110088 -0.394013
v 3.345156 0.109912 -0.394013
v 3.339652 -0.110088 -0.401833
v 3.339652 0.109912 -0.401833
v 3.333941 -0.110088 -0.409166
v 3.333941 0.109912 -0.409166
v 3.328021 -0.110088 -0.416012
v 3.328021 0.109912 -0.416012
v 3.325126 -0.110088 -0.418849
v 3.325126 0.109912 -0.418849
v 3.322230 -0.110088 -0.421687
v 3.322230 0.109912 -0.421687
v 3.319335 -0.110088 -0.424525
v 3.319335 0.109912 -0.424525
v 3.316439 -0.110088 -0.427362
v 3.316439 0.109912 -0.427362
v 3.313543 -0.110088 -0.430200
v 3.313543 0.109912 -0.430200
v 3.310648 -0.110088 -0.433038
v 3.310648 0.109912 -0.433038
v 3.307752 -0.110088 -0.435875
v 3.307752 0.109912 -0.435875
v 3.304857 -0.110088 -0.438713
v 3.304857 0.109912 -0.438713
v 3.301961 -0.110088 -0.441550
v 3.301961 0.109912 -0.441550
v 3.299066 -0.110088 -0.444388
v 3.299066 0.109912 -0.444388
v 3.296170 -0.110088 -0.447226
v 3.296170 0.109912 -0.447226
v 3.293275 -0.110088 -0.450063
v 3.293275 0.109912 -0.450063
v 3.289723 -0.110088 -0.454004
v 3.289723 0.109912 -0.454004
v 3.286480 -0.110088 -0.457833
v 3.286480 0.109912 -0.457833
v 3.283546 -0.110088 -0.461551
v 3.283546 0.109912 -0.461551
v 3.280921 -0.110088 -0.465159
v 3.280921 0.109912 -0.465159
v 3.278604 -0.110088 -0.468655
v 3.278604 0.109912 -0.468655
v 3.276597 -0.110088 -0.472040
v 3.276597 0.109912 -0.472040
v 3.274898 -0.110088 -0.475315
v 3.274898 0.109912 -0.475315
v 3.273508 -0.110088 -0.478478
v 3.273508 0.109912 -0.478478
v 3.272427 -0.110088 -0.481530
v 3.272427 0.109912 -0.481530
v 3.271655 -0.110088 -0.484472
v 3.271655 0.109912 -0.484472
v 3.271192 -0.110088 -0.487302
v 3.271192 0.109912 -0.487302
v 3.271037 -0.110088 -0.490022
v 3.271037 0.109912 -0.490022
v 3.271131 -0.110088 -0.492947
v 3.271131 0.109912 -0.492947
v 3.271414 -0.110088 -0.495817
v 3.271414 0.109912 -0.495817
v 3.271884 -0.110088 -0.498632
v 3.271884 0.109912 -0.498632
v 3.272543 -0.110088 -0.501391
v 3.272543 0.109912 -0.501391
v 3.273390 -0.110088 -0.504095
v 3.273390 0.109912 -0.504095
v 3.274425 -0.110088 -0.506743
v 3.274425 0.109912 -0.506743
v 3.275648 -0.110088 -0.509336
v 3.275648 0.109912 -0.509336
v 3.277060 -0.110088 -0.511873
v 3.277060 0.109912 -0.511873
v 3.278660 -0.110088 -0.514355
v 3.278660 0.109912 -0.514355
v 3.280448 -0.110088 -0.516781
v 3.280448 0.109912 -0.516781
v 3.282424 -0.110088 -0.519152
v 3.282424 0.109912 -0.519152
v 3.284588 -0.110088 -0.521467
v 3.284588 0.109912 -0.521467
v 3.286883 -0.110088 -0.523659
v 3.286883 0.109912 -0.523659
v 3.289250 -0.110088 -0.525661
v 3.289250 0.109912 -0.525661
v 3.291690 -0.110088 -0.527472
v 3.291690 0.109912 -0.527472
v 3.294201 -0.110088 -0.529092
v 3.294201 0.109912 -0.529092
v 3.296786 -0.110088 -0.530522
v 3.296786 0.109912 -0.530522
v 3.299442 -0.110088 -0.531761
v 3.299442 0.109912 -0.531761
v 3.302171 -0.110088 -0.532809
v 3.302171 0.109912 -0.532809
v 3.304973 -0.110088 -0.533667
v 3.304973 0.109912 -0.533667
v 3.307847 -0.110088 -0.534334
v 3.307847 0.109912 -0.534334
v 3.310793 -0.110088 -0.534811
v 3.310793 0.109912 -0.534811
v 3.313811 -0.110088 -0.535097
v 3.313811 0.109912 -0.535097
v 3.316902 -0.110088 -0.535192
v 3.316902 0.109912 -0.535192
v 3.319079 -0.110088 -0.535110
v 3.319079 0.109912 -0.535110
v 3.321323 -0.110088 -0.534864
v 3.321323 0.109912 -0.534864
v 3.323635 -0.110088 -0.534454
v 3.323635 0.109912 -0.534454
v 3.326014 -0.110088 -0.533879
v 3.326014 0.109912 -0.533879
v 3.328460 -0.110088 -0.533141
v 3.328460 0.109912 -0.533141
v 3.330975 -0.110088 -0.532238
v 3.330975 0.109912 -0.532238
v 3.333557 -0.110088 -0.531172
v 3.333557 0.109912 -0.531172
v 3.336206 -0.110088 -0.529941
v 3.336206 0.109912 -0.529941
v 3.338923 -0.110088 -0.528547
v 3.338923 0.109912 -0.528547
v 3.341707 -0.110088 -0.526988
v 3.341707 0.109912 -0.526988
v 3.344560 -0.110088 -0.525265
v 3.344560 0.109912 -0.525265
v 3.347479 -0.110088 -0.523378
v 3.347479 0.109912 -0.523378
v 3.359382 -0.110088 -0.514863
v 3.359382 0.109912 -0.514863
v 3.370885 -0.110088 -0.505532
v 3.370885 0.109912 -0.505532
v 3.381987 -0.110088 -0.495386
v 3.381987 0.109912 -0.495386
v 3.392688 -0.110088 -0.484424
v 3.392688 0.109912 -0.484424
v 3.402989 -0.110088 -0.472646
v 3.402989 0.109912 -0.472646
v 3.412889 -0.110088 -0.460053
v 3.412889 0.109912 -0.460053
v 3.422389 -0.110088 -0.446644
v 3.422389 0.109912 -0.446644
v 3.431489 -0.110088 -0.432420
v 3.431489 0.109912 -0.432420
v 3.440187 -0.110088 -0.417380
v 3.440187 0.109912 -0.417380
v 3.448485 -0.110088 -0.401525
v 3.448485 0.109912 -0.401525
v 3.456383 -0.110088 -0.384854
v 3.456383 0.109912 -0.384854
v 3.463880 -0.110088 -0.367367
v 3.463880 0.109912 -0.367367
v 3.470095 -0.110088 -0.351514
v 3.470095 0.109912 -0.351514
v 3.475770 -0.110088 -0.335690
v 3.475770 0.109912 -0.335690
v 3.480906 -0.110088 -0.319895
v 3.480906 0.109912 -0.319895
v 3.485500 -0.110088 -0.304129
v 3.485500 0.109912 -0.304129
v 3.489553 -0.110088 -0.288391
v 3.489553 0.109912 -0.288391
v 3.493067 -0.110088 -0.272683
v 3.493067 0.109912 -0.272683
v 3.496040 -0.110088 -0.257004
v 3.496040 0.109912 -0.257004
v 3.498472 -0.110088 -0.241354
v 3.498472 0.109912 -0.241354
v 3.500364 -0.110088 -0.225732
v 3.500364 0.109912 -0.225732
v 3.501715 -0.110088 -0.210140
v 3.501715 0.109912 -0.210140
v 3.502526 -0.110088 -0.194576
v 3.502526 0.109912 -0.194576
vn -0.0000 1.0000 -0.0000
vn -0.0000 -1.0000 -0.0000
vn 0.9999 -0.0000 -0.0167
vn 0.9916 -0.0000 0.1294
vn 0.9680 -0.0000 0.2508
vn 0.9331 -0.0000 0.3597
vn 0.8909 -0.0000 0.4542
vn 0.8453 -0.0000 0.5343
vn 0.7991 -0.0000 0.6012
vn 0.7542 -0.0000 0.6566
vn 0.7118 -0.0000 0.7024
vn 0.6723 -0.0000 0.7403
vn 0.6359 -0.0000 0.7718
vn 0.6026 -0.0000 0.7980
vn 0.5574 -0.0000 0.8303
vn 0.5290 -0.0000 0.8486
vn 0.5319 -0.0000 0.8468
vn 0.5346 -0.0000 0.8451
vn 0.5371 -0.0000 0.8435
vn 0.5395 -0.0000 0.8420
vn 0.5417 -0.0000 0.8406
vn 0.5437 -0.0000 0.8393
vn 0.5457 -0.0000 0.8380
vn 0.5475 -0.0000 0.8368
vn 0.5492 -0.0000 0.8357
vn 0.5508 -0.0000 0.8346
vn 0.5818 -0.0000 0.8133
vn 0.6261 -0.0000 0.7798
vn 0.6535 -0.0000 0.7569
vn 0.6773 -0.0000 0.7357
vn 0.6980 -0.0000 0.7161
vn 0.7161 -0.0000 0.6980
vn 0.7320 -0.0000 0.6813
vn 0.7461 -0.0000 0.6658
vn 0.7586 -0.0000 0.6515
vn 0.7698 -0.0000 0.6383
vn 0.7798 -0.0000 0.6260
vn 0.7889 -0.0000 0.6145
vn 0.7978 -0.0000 0.6029
vn 0.8025 -0.0000 0.5966
vn 0.8026 -0.0000 0.5965
vn 0.8027 -0.0000 0.5964
vn 0.8028 -0.0000 0.5962
vn 0.8029 -0.0000 0.5961
vn 0.8030 -0.0000 0.5960
vn 0.8031 -0.0000 0.5958
vn 0.8032 -0.0000 0.5957
vn 0.8033 -0.0000 0.5956
vn 0.8034 -0.0000 0.5954
vn 0.8035 -0.0000 0.5953
vn 0.7923 -0.0000 0.6101
vn 0.7808 -0.0000 0.6247
vn -0.0296 -0.0000 -0.9996
vn -0.0313 -0.0000 -0.9995
vn -0.0340 -0.0000 -0.9994
vn -0.0361 -0.0000 -0.9993
vn -0.0376 -0.0000 -0.9993
vn -0.0388 -0.0000 -0.9992
vn -0.0397 -0.0000 -0.9992
vn -0.0405 -0.0000 -0.9992
vn -0.0412 -0.0000 -0.9992
vn -0.0417 -0.0000 -0.9991
vn -0.0422 -0.0000 -0.9991
vn -0.0426 -0.0000 -0.9991
vn -0.0436 -0.0000 -0.9990
vn -0.0433 -0.0000 -0.9991
vn -0.0408 -0.0000 -0.9992
vn -0.0381 -0.0000 -0.9993
vn -0.0352 -0.0000 -0.9994
vn -0.0320 -0.0000 -0.9995
vn -0.0286 -0.0000 -0.9996
vn -0.0249 -0.0000 -0.9997
vn -0.0208 -0.0000 -0.9998
vn -0.0164 -0.0000 -0.9999
vn -0.0114 -0.0000 -0.9999
vn -0.0060 -0.0000 -1.0000
vn 0.0001 -0.0000 -1.0000
vn 0.0069 -0.0000 -1.0000
vn 0.0145 -0.0000 -0.9999
vn 0.0231 -0.0000 -0.9997
vn 0.0328 -0.0000 -0.9995
vn 0.0440 -0.0000 -0.9990
vn 0.0569 -0.0000 -0.9984
vn 0.0720 -0.0000 -0.9974
vn 0.0899 -0.0000 -0.9960
vn 0.1114 -0.0000 -0.9938
vn 0.1377 -0.0000 -0.9905
vn 0.1705 -0.0000 -0.9854
vn 0.2151 -0.0000 -0.9766
vn 0.2736 -0.0000 -0.9618
vn 0.3421 -0.0000 -0.9397
vn 0.4183 -0.0000 -0.9083
vn 0.5017 -0.0000 -0.8651
vn 0.5903 -0.0000 -0.8072
vn 0.6809 -0.0000 -0.7323
vn 0.7685 -0.0000 -0.6398
vn 0.8472 -0.0000 -0.5312
vn 0.9116 -0.0000 -0.4111
vn 0.9583 -0.0000 -0.2858
vn 0.9867 -0.0000 -0.1623
vn 0.9984 -0.0000 -0.0574
vn 0.9998 -0.0000 0.0215
vn 0.9957 -0.0000 0.0926
vn 0.9859 -0.0000 0.1676
vn 0.9694 -0.0000 0.2456
vn 0.9456 -0.0000 0.3252
vn 0.9145 -0.0000 0.4046
vn 0.8761 -0.0000 0.4821
vn 0.8312 -0.0000 0.5559
vn 0.7811 -0.0000 0.6244
vn 0.7270 -0.0000 0.6866
vn 0.6706 -0.0000 0.7418
vn 0.6186 -0.0000 0.7857
vn 0.5716 -0.0000 0.8206
vn 0.5228 -0.0000 0.8525
vn 0.4718 -0.0000 0.8817
vn 0.4191 -0.0000 0.9079
vn 0.3652 -0.0000 0.9309
vn 0.3107 -0.0000 0.9505
vn 0.2562 -0.0000 0.9666
vn 0.2022 -0.0000 0.9793
vn 0.1492 -0.0000 0.9888
vn 0.0977 -0.0000 0.9952
vn 0.0480 -0.0000 0.9988
vn 0.0094 -0.0000 1.0000
vn -0.0091 -0.0000 1.0000
vn -0.0171 -0.0000 0.9999
vn -0.0240 -0.0000 0.9997
vn -0.0301 -0.0000 0.9995
vn -0.0354 -0.0000 0.9994
vn -0.0401 -0.0000 0.9992
vn -0.0444 -0.0000 0.9990
vn -0.0482 -0.0000 0.9988
vn -0.0516 -0.0000 0.9987
vn -0.0547 -0.0000 0.9985
vn -0.0576 -0.0000 0.9983
vn -0.0590 -0.0000 0.9983
vn -0.0014 -0.0000 1.0000
vn 0.0037 -0.0000 1.0000
vn 0.0070 -0.0000 1.0000
vn 0.0098 -0.0000 1.0000
vn 0.0123 -0.0000 0.9999
vn 0.0145 -0.0000 0.9999
vn 0.0164 -0.0000 0.9999
vn 0.0181 -0.0000 0.9998
vn 0.0197 -0.0000 0.9998
vn 0.0211 -0.0000 0.9998
vn 0.0224 -0.0000 0.9997
vn 0.0235 -0.0000 0.9997
vn 0.0241 -0.0000 0.9997
vn -0.0098 -0.0000 1.0000
vn -0.0439 -0.0000 0.9990
vn -0.0899 -0.0000 0.9960
vn -0.1382 -0.0000 0.9904
vn -0.1887 -0.0000 0.9820
vn -0.2411 -0.0000 0.9705
vn -0.2950 -0.0000 0.9555
vn -0.3498 -0.0000 0.9368
vn -0.4052 -0.0000 0.9142
vn -0.4603 -0.0000 0.8878
vn -0.5146 -0.0000 0.8575
vn -0.5672 -0.0000 0.8236
vn -0.6151 -0.0000 0.7885
vn -0.6659 -0.0000 0.7461
vn -0.7219 -0.0000 0.6920
vn -0.7753 -0.0000 0.6316
vn -0.8246 -0.0000 0.5657
vn -0.8687 -0.0000 0.4954
vn -0.9066 -0.0000 0.4221
vn -0.9377 -0.0000 0.3474
vn -0.9621 -0.0000 0.2728
vn -0.9798 -0.0000 0.1999
vn -0.9916 -0.0000 0.1296
vn -0.9980 -0.0000 0.0631
vn -1.0000 -0.0000 -0.0026
vn -0.9976 -0.0000 -0.0699
vn -0.9908 -0.0000 -0.1354
vn -0.9807 -0.0000 -0.1955
vn -0.9681 -0.0000 -0.2504
vn -0.9539 -0.0000 -0.3002
vn -0.9385 -0.0000 -0.3453
vn -0.9225 -0.0000 -0.3859
vn -0.9064 -0.0000 -0.4225
vn -0.8902 -0.0000 -0.4555
vn -0.8743 -0.0000 -0.4853
vn -0.8588 -0.0000 -0.5123
vn -0.8422 -0.0000 -0.5391
vn -0.8279 -0.0000 -0.5609
vn -0.8189 -0.0000 -0.5740
vn -0.8124 -0.0000 -0.5831
vn -0.8075 -0.0000 -0.5898
vn -0.8037 -0.0000 -0.5950
vn -0.8007 -0.0000 -0.5991
vn -0.7982 -0.0000 -0.6024
vn -0.7961 -0.0000 -0.6051
vn -0.7944 -0.0000 -0.6074
vn -0.7929 -0.0000 -0.6094
vn -0.7916 -0.0000 -0.6111
vn -0.7957 -0.0000 -0.6057
vn -0.8002 -0.0000 -0.5998
vn -0.7999 -0.0000 -0.6001
vn -0.7997 -0.0000 -0.6004
vn -0.7994 -0.0000 -0.6008
vn -0.7992 -0.0000 -0.6011
vn -0.7989 -0.0000 -0.6015
vn -0.7986 -0.0000 -0.6018
vn -0.7984 -0.0000 -0.6021
vn -0.7981 -0.0000 -0.6025
vn -0.7979 -0.0000 -0.6028
vn -0.7976 -0.0000 -0.6032
vn -0.7919 -0.0000 -0.6107
vn -0.7828 -0.0000 -0.6222
vn -0.7759 -0.0000 -0.6308
vn -0.7686 -0.0000 -0.6397
vn -0.7608 -0.0000 -0.6490
vn -0.7524 -0.0000 -0.6587
vn -0.7434 -0.0000 -0.6688
vn -0.7338 -0.0000 -0.6793
vn -0.7235 -0.0000 -0.6903
vn -0.7124 -0.0000 -0.7017
vn -0.7005 -0.0000 -0.7136
vn -0.6877 -0.0000 -0.7260
vn -0.6810 -0.0000 -0.7323
vn 0.0688 -0.0000 0.9976
vn 0.0671 -0.0000 0.9977
vn 0.0636 -0.0000 0.9980
vn 0.0598 -0.0000 0.9982
vn 0.0557 -0.0000 0.9984
vn 0.0511 -0.0000 0.9987
vn 0.0461 -0.0000 0.9989
vn 0.0405 -0.0000 0.9992
vn 0.0343 -0.0000 0.9994
vn 0.0272 -0.0000 0.9996
vn 0.0193 -0.0000 0.9998
vn 0.0102 -0.0000 0.9999
vn 0.0027 -0.0000 1.0000
vn 0.0104 -0.0000 0.9999
vn 0.0196 -0.0000 0.9998
vn 0.0276 -0.0000 0.9996
vn 0.0348 -0.0000 0.9994
vn 0.0411 -0.0000 0.9992
vn 0.0468 -0.0000 0.9989
vn 0.0518 -0.0000 0.9987
vn 0.0565 -0.0000 0.9984
vn 0.0607 -0.0000 0.9982
vn 0.0645 -0.0000 0.9979
vn 0.0680 -0.0000 0.9977
vn 0.0697 -0.0000 0.9976
vn -0.0094 -0.0000 1.0000
vn -0.0495 -0.0000 0.9988
vn -0.1010 -0.0000 0.9949
vn -0.1544 -0.0000 0.9880
vn -0.2093 -0.0000 0.9778
vn -0.2654 -0.0000 0.9641
vn -0.3220 -0.0000 0.9467
vn -0.3786 -0.0000 0.9256
vn -0.4344 -0.0000 0.9007
vn -0.4889 -0.0000 0.8723
vn -0.5414 -0.0000 0.8408
vn -0.5913 -0.0000 0.8065
vn -0.6396 -0.0000 0.7687
vn -0.6900 -0.0000 0.7238
vn -0.7415 -0.0000 0.6710
vn -0.7905 -0.0000 0.6125
vn -0.8358 -0.0000 0.5491
vn -0.8764 -0.0000 0.4816
vn -0.9115 -0.0000 0.4112
vn -0.9406 -0.0000 0.3394
vn -0.9636 -0.0000 0.2674
vn -0.9805 -0.0000 0.1965
vn -0.9918 -0.0000 0.1279
vn -0.9981 -0.0000 0.0624
vn -0.9999 -0.0000 -0.0169
vn -0.9907 -0.0000 -0.1360
vn -0.9582 -0.0000 -0.2861
vn -0.8961 -0.0000 -0.4438
vn -0.6880 -0.0000 -0.7258
vn -0.5614 -0.0000 -0.8275
vn -0.4366 -0.0000 -0.8997
vn -0.3221 -0.0000 -0.9467
vn -0.2216 -0.0000 -0.9751
vn -0.1355 -0.0000 -0.9908
vn -0.0627 -0.0000 -0.9980
vn -0.0122 -0.0000 -0.9999
vn 0.0093 -0.0000 -1.0000
vn 0.0175 -0.0000 -0.9998
vn 0.0246 -0.0000 -0.9997
vn 0.0308 -0.0000 -0.9995
vn 0.0363 -0.0000 -0.9993
vn 0.0412 -0.0000 -0.9992
vn 0.0455 -0.0000 -0.9990
vn 0.0495 -0.0000 -0.9988
vn 0.0530 -0.0000 -0.9986
vn 0.0562 -0.0000 -0.9984
vn 0.0592 -0.0000 -0.9982
vn 0.0606 -0.0000 -0.9982
vn 0.0014 -0.0000 -1.0000
vn -0.0039 -0.0000 -1.0000
vn -0.0074 -0.0000 -1.0000
vn -0.0104 -0.0000 -0.9999
vn -0.0130 -0.0000 -0.9999
vn -0.0153 -0.0000 -0.9999
vn -0.0173 -0.0000 -0.9999
vn -0.0192 -0.0000 -0.9998
vn -0.0223 -0.0000 -0.9998
vn -0.0237 -0.0000 -0.9997
vn -0.0255 -0.0000 -0.9997
vn 0.0084 -0.0000 -1.0000
vn 0.0406 -0.0000 -0.9992
vn 0.0882 -0.0000 -0.9961
vn 0.1455 -0.0000 -0.9894
vn 0.2152 -0.0000 -0.9766
vn 0.3001 -0.0000 -0.9539
vn 0.4030 -0.0000 -0.9152
vn 0.5247 -0.0000 -0.8513
vn 0.6605 -0.0000 -0.7508
vn 0.7963 -0.0000 -0.6049
vn 0.9091 -0.0000 -0.4165
vn 0.9785 -0.0000 -0.2064
vn 0.5982 -0.0000 0.8013
vn 0.5486 -0.0000 0.8361
vn 0.5009 -0.0000 0.8655
vn 0.4513 -0.0000 0.8924
vn 0.4003 -0.0000 0.9164
vn 0.3485 -0.0000 0.9373
vn 0.2962 -0.0000 0.9551
vn 0.2442 -0.0000 0.9697
vn 0.1927 -0.0000 0.9813
vn 0.1422 -0.0000 0.9898
vn 0.0932 -0.0000 0.9957
vn 0.0458 -0.0000 0.9990
vn 0.0036 -0.0000 1.0000
vn -0.0264 -0.0000 0.9997
vn -0.0454 -0.0000 0.9990
vn -0.0588 -0.0000 0.9983
vn -0.0689 -0.0000 0.9976
vn -0.0767 -0.0000 0.9971
vn -0.0829 -0.0000 0.9966
vn -0.0880 -0.0000 0.9961
vn -0.0922 -0.0000 0.9957
vn -0.0958 -0.0000 0.9954
vn -0.0989 -0.0000 0.9951
vn -0.1016 -0.0000 0.9948
vn -0.1028 -0.0000 0.9947
vn 0.9992 -0.0000 0.0390
vn 0.9994 -0.0000 0.0356
vn 0.9996 -0.0000 0.0295
vn 0.9997 -0.0000 0.0244
vn 0.9998 -0.0000 0.0201
vn 0.9999 -0.0000 0.0163
vn 0.9999 -0.0000 0.0131
vn 0.9999 -0.0000 0.0102
vn 1.0000 -0.0000 0.0077
vn 1.0000 -0.0000 0.0055
vn 1.0000 -0.0000 0.0035
vn 1.0000 -0.0000 0.0017
vn 0.9999 -0.0000 0.0151
vn 0.9982 -0.0000 0.0598
vn 0.9926 -0.0000 0.1215
vn 0.9828 -0.0000 0.1848
vn 0.9685 -0.0000 0.2490
vn 0.9497 -0.0000 0.3132
vn 0.9264 -0.0000 0.3766
vn 0.8988 -0.0000 0.4383
vn 0.8675 -0.0000 0.4975
vn 0.8329 -0.0000 0.5534
vn 0.7958 -0.0000 0.6055
vn 0.7569 -0.0000 0.6536
vn 0.7154 -0.0000 0.6987
vn 0.6691 -0.0000 0.7432
vn 0.6174 -0.0000 0.7867
vn 0.5614 -0.0000 0.8275
vn 0.5018 -0.0000 0.8650
vn 0.4393 -0.0000 0.8983
vn 0.3749 -0.0000 0.9271
vn 0.3096 -0.0000 0.9509
vn 0.2443 -0.0000 0.9697
vn 0.1800 -0.0000 0.9837
vn 0.1176 -0.0000 0.9931
vn 0.0575 -0.0000 0.9983
vn -0.0000 -0.0000 1.0000
vn -0.0575 -0.0000 0.9983
vn -0.1174 -0.0000 0.9931
vn -0.1796 -0.0000 0.9837
vn -0.2435 -0.0000 0.9699
vn -0.3084 -0.0000 0.9513
vn -0.3732 -0.0000 0.9278
vn -0.4370 -0.0000 0.8995
vn -0.4989 -0.0000 0.8666
vn -0.5580 -0.0000 0.8299
vn -0.6134 -0.0000 0.7897
vn -0.6648 -0.0000 0.7471
vn -0.7109 -0.0000 0.7033
vn -0.7525 -0.0000 0.6586
vn -0.7919 -0.0000 0.6107
vn -0.8295 -0.0000 0.5585
vn -0.8646 -0.0000 0.5025
vn -0.8965 -0.0000 0.4431
vn -0.9246 -0.0000 0.3810
vn -0.9484 -0.0000 0.3170
vn -0.9677 -0.0000 0.2521
vn -0.9823 -0.0000 0.1872
vn -0.9924 -0.0000 0.1231
vn -0.9982 -0.0000 0.0606
vn -0.9999 -0.0000 0.0149
vn -1.0000 -0.0000 -0.0098
vn -0.9998 -0.0000 -0.0184
vn -0.9997 -0.0000 -0.0259
vn -0.9995 -0.0000 -0.0325
vn -0.9993 -0.0000 -0.0383
vn -0.9991 -0.0000 -0.0435
vn -0.9988 -0.0000 -0.0481
vn -0.9986 -0.0000 -0.0523
vn -0.9984 -0.0000 -0.0561
vn -0.9982 -0.0000 -0.0596
vn -0.9980 -0.0000 -0.0627
vn -0.9981 -0.0000 -0.0622
vn -0.9983 -0.0000 -0.0590
vn -0.9984 -0.0000 -0.0564
vn -0.9986 -0.0000 -0.0536
vn -0.9987 -0.0000 -0.0505
vn -0.9989 -0.0000 -0.0471
vn -0.9991 -0.0000 -0.0433
vn -0.9992 -0.0000 -0.0390
vn -0.9994 -0.0000 -0.0341
vn -0.9996 -0.0000 -0.0286
vn -0.9998 -0.0000 -0.0223
vn -0.9999 -0.0000 -0.0150
vn -0.9998 -0.0000 -0.0196
vn -0.9984 -0.0000 -0.0559
vn -0.9931 -0.0000 -0.1172
vn -0.9816 -0.0000 -0.1910
vn -0.9600 -0.0000 -0.2800
vn -0.9225 -0.0000 -0.3860
vn -0.8609 -0.0000 -0.5088
vn -0.7659 -0.0000 -0.6430
vn -0.6316 -0.0000 -0.7753
vn -0.4619 -0.0000 -0.8869
vn -0.2738 -0.0000 -0.9618
vn -0.0900 -0.0000 -0.9959
vn -0.1238 -0.0000 -0.9923
vn -0.2323 -0.0000 -0.9726
vn -0.2107 -0.0000 -0.9776
vn -0.1911 -0.0000 -0.9816
vn -0.1733 -0.0000 -0.9849
vn -0.1571 -0.0000 -0.9876
vn -0.1423 -0.0000 -0.9898
vn -0.1287 -0.0000 -0.9917
vn -0.1162 -0.0000 -0.9932
vn -0.1047 -0.0000 -0.9945
vn -0.0940 -0.0000 -0.9956
vn -0.0841 -0.0000 -0.9965
vn -0.0749 -0.0000 -0.9972
vn -0.0663 -0.0000 -0.9978
vn -0.0583 -0.0000 -0.9983
vn -0.0507 -0.0000 -0.9987
vn -0.0437 -0.0000 -0.9990
vn -0.0371 -0.0000 -0.9993
vn -0.0309 -0.0000 -0.9995
vn -0.0250 -0.0000 -0.9997
vn -0.0194 -0.0000 -0.9998
vn -0.0142 -0.0000 -0.9999
vn -0.0092 -0.0000 -1.0000
vn -0.0045 -0.0000 -1.0000
vn 0.0125 -0.0000 -0.9999
vn 0.0546 -0.0000 -0.9985
vn 0.1096 -0.0000 -0.9940
vn 0.1648 -0.0000 -0.9863
vn 0.2197 -0.0000 -0.9756
vn 0.2736 -0.0000 -0.9619
vn 0.3261 -0.0000 -0.9453
vn 0.3769 -0.0000 -0.9263
vn 0.4255 -0.0000 -0.9050
vn 0.4716 -0.0000 -0.8818
vn 0.5151 -0.0000 -0.8571
vn 0.5559 -0.0000 -0.8313
vn 0.5978 -0.0000 -0.8016
vn 0.6439 -0.0000 -0.7651
vn 0.6919 -0.0000 -0.7220
vn 0.7402 -0.0000 -0.6724
vn 0.7878 -0.0000 -0.6160
vn 0.8334 -0.0000 -0.5527
vn 0.8756 -0.0000 -0.4830
vn 0.9131 -0.0000 -0.4077
vn 0.9447 -0.0000 -0.3280
vn 0.9694 -0.0000 -0.2457
vn 0.9867 -0.0000 -0.1625
vn 0.9968 -0.0000 -0.0802
vn 1.0000 -0.0000 -0.0029
vn 0.9976 -0.0000 0.0688
vn 0.9900 -0.0000 0.1409
vn 0.9764 -0.0000 0.2161
vn 0.9561 -0.0000 0.2931
vn 0.9289 -0.0000 0.3704
vn 0.8949 -0.0000 0.4464
vn 0.8545 -0.0000 0.5194
vn 0.8088 -0.0000 0.5881
vn 0.7588 -0.0000 0.6513
vn 0.7060 -0.0000 0.7082
vn 0.6518 -0.0000 0.7584
vn -0.5422 -0.0000 0.8402
vn -0.5040 -0.0000 0.8637
vn -0.4633 -0.0000 0.8862
vn -0.4206 -0.0000 0.9072
vn -0.3764 -0.0000 0.9265
vn -0.3308 -0.0000 0.9437
vn -0.2841 -0.0000 0.9588
vn -0.2366 -0.0000 0.9716
vn -0.1888 -0.0000 0.9820
vn -0.1409 -0.0000 0.9900
vn -0.0933 -0.0000 0.9956
vn -0.0462 -0.0000 0.9989
vn -0.0111 -0.0000 0.9999
vn 0.0013 -0.0000 1.0000
vn 0.0042 -0.0000 1.0000
vn 0.0057 -0.0000 1.0000
vn 0.0072 -0.0000 1.0000
vn 0.0089 -0.0000 1.0000
vn 0.0106 -0.0000 0.9999
vn 0.0124 -0.0000 0.9999
vn 0.0142 -0.0000 0.9999
vn 0.0162 -0.0000 0.9999
vn 0.0182 -0.0000 0.9998
vn 0.0213 -0.0000 0.9998
vn 0.0262 -0.0000 0.9997
vn 0.0323 -0.0000 0.9995
vn 0.0387 -0.0000 0.9993
vn 0.0455 -0.0000 0.9990
vn 0.0526 -0.0000 0.9986
vn 0.0602 -0.0000 0.9982
vn 0.0682 -0.0000 0.9977
vn 0.0768 -0.0000 0.9970
vn 0.0859 -0.0000 0.9963
vn 0.0955 -0.0000 0.9954
vn 0.1059 -0.0000 0.9944
vn 0.1112 -0.0000 0.9938
vn 1.0000 -0.0000 0.0009
vn 1.0000 -0.0000 0.0016
vn 1.0000 -0.0000 0.0030
vn 1.0000 -0.0000 0.0042
vn 1.0000 -0.0000 0.0053
vn 1.0000 -0.0000 0.0062
vn 1.0000 -0.0000 0.0071
vn 1.0000 -0.0000 0.0078
vn 1.0000 -0.0000 0.0085
vn 1.0000 -0.0000 0.0091
vn 1.0000 -0.0000 0.0097
vn 0.9999 -0.0000 0.0165
vn 0.9996 -0.0000 0.0266
vn 0.9994 -0.0000 0.0340
vn 0.9992 -0.0000 0.0404
vn 0.9989 -0.0000 0.0458
vn 0.9987 -0.0000 0.0506
vn 0.9985 -0.0000 0.0548
vn 0.9983 -0.0000 0.0585
vn 0.9981 -0.0000 0.0618
vn 0.9979 -0.0000 0.0648
vn 0.9977 -0.0000 0.0675
vn 0.9976 -0.0000 0.0699
vn 0.9975 -0.0000 0.0711
vn 0.1528 -0.0000 -0.9883
vn 0.1504 -0.0000 -0.9886
vn 0.1454 -0.0000 -0.9894
vn 0.1397 -0.0000 -0.9902
vn 0.1331 -0.0000 -0.9911
vn 0.1255 -0.0000 -0.9921
vn 0.1166 -0.0000 -0.9932
vn 0.1061 -0.0000 -0.9944
vn 0.0933 -0.0000 -0.9956
vn 0.0777 -0.0000 -0.9970
vn 0.0580 -0.0000 -0.9983
vn 0.0326 -0.0000 -0.9995
vn -0.0010 -0.0000 -1.0000
vn -0.0409 -0.0000 -0.9992
vn -0.0838 -0.0000 -0.9965
vn -0.1288 -0.0000 -0.9917
vn -0.1758 -0.0000 -0.9844
vn -0.2246 -0.0000 -0.9744
vn -0.2750 -0.0000 -0.9615
vn -0.3264 -0.0000 -0.9452
vn -0.3786 -0.0000 -0.9256
vn -0.4310 -0.0000 -0.9024
vn -0.4830 -0.0000 -0.8756
vn -0.5340 -0.0000 -0.8455
vn -0.5847 -0.0000 -0.8112
vn -0.6371 -0.0000 -0.7708
vn -0.6909 -0.0000 -0.7230
vn -0.7439 -0.0000 -0.6683
vn -0.7949 -0.0000 -0.6067
vn -0.8424 -0.0000 -0.5389
vn -0.8850 -0.0000 -0.4657
vn -0.9215 -0.0000 -0.3884
vn -0.9511 -0.0000 -0.3089
vn -0.9735 -0.0000 -0.2287
vn -0.9887 -0.0000 -0.1497
vn -0.9973 -0.0000 -0.0732
vn -1.0000 -0.0000 0.0076
vn -0.9947 -0.0000 0.1026
vn -0.9787 -0.0000 0.2052
vn -0.9523 -0.0000 0.3052
vn -0.9167 -0.0000 0.3995
vn -0.8741 -0.0000 0.4858
vn -0.8266 -0.0000 0.5628
vn -0.7765 -0.0000 0.6301
vn -0.7259 -0.0000 0.6878
vn -0.6760 -0.0000 0.7369
vn -0.6281 -0.0000 0.7782
vn -0.5826 -0.0000 0.8127
vn 1.0000 -0.0000 0.0024
vn 0.9974 -0.0000 0.0716
vn 0.9891 -0.0000 0.1471
vn 0.9741 -0.0000 0.2262
vn 0.9516 -0.0000 0.3073
vn 0.9213 -0.0000 0.3889
vn 0.8832 -0.0000 0.4690
vn 0.8381 -0.0000 0.5455
vn 0.7870 -0.0000 0.6169
vn 0.7316 -0.0000 0.6817
vn 0.6734 -0.0000 0.7392
vn 0.6142 -0.0000 0.7892
vn 0.5841 -0.0000 0.8117
vn 0.9698 -0.0000 0.2441
vn 0.9639 -0.0000 0.2663
vn 0.9504 -0.0000 0.3112
vn 0.9340 -0.0000 0.3571
vn 0.9148 -0.0000 0.4039
vn 0.8925 -0.0000 0.4511
vn 0.8671 -0.0000 0.4982
vn 0.8385 -0.0000 0.5449
vn 0.8070 -0.0000 0.5906
vn 0.7727 -0.0000 0.6348
vn 0.7358 -0.0000 0.6772
vn 0.6968 -0.0000 0.7173
vn 0.6541 -0.0000 0.7564
vn 0.6086 -0.0000 0.7934
vn 0.5110 -0.0000 0.8596
vn 0.4578 -0.0000 0.8891
vn 0.4022 -0.0000 0.9156
vn 0.3448 -0.0000 0.9387
vn 0.2864 -0.0000 0.9581
vn 0.2275 -0.0000 0.9738
vn 0.1688 -0.0000 0.9856
vn 0.1111 -0.0000 0.9938
vn 0.0547 -0.0000 0.9985
vn 0.0023 -0.0000 1.0000
vn -0.0464 -0.0000 0.9989
vn -0.0961 -0.0000 0.9954
vn -0.1498 -0.0000 0.9887
vn -0.2073 -0.0000 0.9783
vn -0.2684 -0.0000 0.9633
vn -0.3326 -0.0000 0.9431
vn -0.3993 -0.0000 0.9168
vn -0.4674 -0.0000 0.8840
vn -0.5356 -0.0000 0.8445
vn -0.6025 -0.0000 0.7981
vn -0.6665 -0.0000 0.7455
vn -0.7262 -0.0000 0.6875
vn -0.7803 -0.0000 0.6253
vn -0.8282 -0.0000 0.5604
vn -0.8693 -0.0000 0.4943
vn -0.9037 -0.0000 0.4283
vn -0.9315 -0.0000 0.3637
vn -0.9535 -0.0000 0.3014
vn -0.9702 -0.0000 0.2423
vn -0.9824 -0.0000 0.1866
vn -0.9909 -0.0000 0.1345
vn -0.9963 -0.0000 0.0862
vn -0.9991 -0.0000 0.0416
vn -1.0000 -0.0000 -0.0002
vn -0.9992 -0.0000 -0.0407
vn -0.9967 -0.0000 -0.0810
vn -0.9927 -0.0000 -0.1205
vn -0.9872 -0.0000 -0.1592
vn -0.9804 -0.0000 -0.1968
vn -0.9724 -0.0000 -0.2333
vn -0.9633 -0.0000 -0.2685
vn -0.9532 -0.0000 -0.3024
vn -0.9422 -0.0000 -0.3349
vn -0.9306 -0.0000 -0.3660
vn -0.9184 -0.0000 -0.3958
vn -0.9056 -0.0000 -0.4242
vn -0.8920 -0.0000 -0.4521
vn -0.8770 -0.0000 -0.4804
vn -0.8607 -0.0000 -0.5091
vn -0.8429 -0.0000 -0.5381
vn -0.8235 -0.0000 -0.5673
vn -0.8026 -0.0000 -0.5965
vn -0.7801 -0.0000 -0.6257
vn -0.7560 -0.0000 -0.6546
vn -0.7304 -0.0000 -0.6831
vn -0.7032 -0.0000 -0.7110
vn -0.6746 -0.0000 -0.7381
vn -0.6429 -0.0000 -0.7660
vn -0.6061 -0.0000 -0.7954
vn -0.5649 -0.0000 -0.8252
vn -0.5201 -0.0000 -0.8541
vn -0.4718 -0.0000 -0.8817
vn -0.4201 -0.0000 -0.9075
vn -0.3653 -0.0000 -0.9309
vn -0.3077 -0.0000 -0.9515
vn -0.2479 -0.0000 -0.9688
vn -0.1866 -0.0000 -0.9824
vn -0.1243 -0.0000 -0.9922
vn -0.0620 -0.0000 -0.9981
vn -0.0008 -0.0000 -1.0000
vn 0.0558 -0.0000 -0.9984
vn 0.1505 -0.0000 -0.9886
vn 0.1898 -0.0000 -0.9818
vn 0.2248 -0.0000 -0.9744
vn 0.2559 -0.0000 -0.9667
vn 0.2837 -0.0000 -0.9589
vn 0.3086 -0.0000 -0.9512
vn 0.3311 -0.0000 -0.9436
vn 0.3513 -0.0000 -0.9362
vn 0.3697 -0.0000 -0.9291
vn 0.3906 -0.0000 -0.9206
vn 0.4203 -0.0000 -0.9074
vn 0.4580 -0.0000 -0.8889
vn 0.5010 -0.0000 -0.8655
vn 0.5499 -0.0000 -0.8352
vn 0.6055 -0.0000 -0.7958
vn 0.6679 -0.0000 -0.7442
vn 0.7365 -0.0000 -0.6764
vn 0.8089 -0.0000 -0.5879
vn 0.8802 -0.0000 -0.4747
vn 0.9421 -0.0000 -0.3353
vn 0.9848 -0.0000 -0.1736
vn 0.9996 -0.0000 -0.0280
vn 0.9979 -0.0000 0.0645
vn 0.9915 -0.0000 0.1302
vn 0.9805 -0.0000 0.1967
vn 0.9648 -0.0000 0.2628
vn 0.9447 -0.0000 0.3279
vn 0.9204 -0.0000 0.3909
vn 0.8614 -0.0000 0.5079
vn 0.8280 -0.0000 0.5607
vn 0.7928 -0.0000 0.6094
vn 0.7566 -0.0000 0.6539
vn 0.7183 -0.0000 0.6957
vn 0.6748 -0.0000 0.7380
vn 0.6254 -0.0000 0.7803
vn 0.5715 -0.0000 0.8206
vn 0.5135 -0.0000 0.8581
vn 0.4520 -0.0000 0.8920
vn 0.3879 -0.0000 0.9217
vn 0.3220 -0.0000 0.9467
vn 0.2554 -0.0000 0.9668
vn 0.1891 -0.0000 0.9820
vn 0.1240 -0.0000 0.9923
vn 0.0609 -0.0000 0.9981
vn -0.0206 -0.0000 0.9998
vn -0.1247 -0.0000 0.9922
vn -0.2154 -0.0000 0.9765
vn -0.2797 -0.0000 0.9601
vn -0.3271 -0.0000 0.9450
vn -0.3633 -0.0000 0.9317
vn -0.3916 -0.0000 0.9201
vn -0.4144 -0.0000 0.9101
vn -0.4330 -0.0000 0.9014
vn -0.4485 -0.0000 0.8938
vn -0.4616 -0.0000 0.8871
vn -0.4729 -0.0000 0.8811
vn -0.4739 -0.0000 0.8806
vn -0.4559 -0.0000 0.8900
vn -0.4272 -0.0000 0.9042
vn -0.3962 -0.0000 0.9182
vn -0.3628 -0.0000 0.9319
vn -0.3269 -0.0000 0.9451
vn -0.2882 -0.0000 0.9576
vn -0.2469 -0.0000 0.9690
vn -0.2027 -0.0000 0.9792
vn -0.1558 -0.0000 0.9878
vn -0.1062 -0.0000 0.9943
vn -0.0541 -0.0000 0.9985
vn 0.0298 -0.0000 0.9996
vn 0.1642 -0.0000 0.9864
vn 0.3033 -0.0000 0.9529
vn 0.4145 -0.0000 0.9101
vn 0.5015 -0.0000 0.8652
vn 0.5695 -0.0000 0.8220
vn 0.6228 -0.0000 0.7824
vn 0.6652 -0.0000 0.7467
vn 0.6992 -0.0000 0.7149
vn 0.7269 -0.0000 0.6867
vn 0.7498 -0.0000 0.6617
vn 0.7689 -0.0000 0.6394
vn 0.7884 -0.0000 0.6152
vn 0.8136 -0.0000 0.5814
vn 0.8420 -0.0000 0.5395
vn 0.8691 -0.0000 0.4946
vn 0.8947 -0.0000 0.4466
vn 0.9183 -0.0000 0.3959
vn 0.9394 -0.0000 0.3427
vn 0.9578 -0.0000 0.2875
vn 0.9730 -0.0000 0.2308
vn 0.9849 -0.0000 0.1731
vn 0.9934 -0.0000 0.1150
vn 0.9984 -0.0000 0.0572
vn 1.0000 -0.0000 0.0079
vn 0.9997 -0.0000 -0.0262
vn 0.9985 -0.0000 -0.0551
vn 0.9962 -0.0000 -0.0875
vn 0.9923 -0.0000 -0.1240
vn 0.9863 -0.0000 -0.1652
vn 0.9773 -0.0000 -0.2118
vn 0.9644 -0.0000 -0.2646
vn 0.9460 -0.0000 -0.3243
vn 0.9203 -0.0000 -0.3913
vn 0.8848 -0.0000 -0.4659
vn 0.8369 -0.0000 -0.5474
vn 0.7719 -0.0000 -0.6357
vn 0.6935 -0.0000 -0.7204
vn 0.6110 -0.0000 -0.7917
vn 0.5277 -0.0000 -0.8494
vn 0.4468 -0.0000 -0.8946
vn 0.3705 -0.0000 -0.9288
vn 0.2359 -0.0000 -0.9718
vn 0.1780 -0.0000 -0.9840
vn 0.1260 -0.0000 -0.9920
vn 0.0794 -0.0000 -0.9968
vn 0.0378 -0.0000 -0.9993
vn -0.0029 -0.0000 -1.0000
vn -0.0485 -0.0000 -0.9988
vn -0.0985 -0.0000 -0.9951
vn -0.1498 -0.0000 -0.9887
vn -0.2021 -0.0000 -0.9794
vn -0.2549 -0.0000 -0.9670
vn -0.3078 -0.0000 -0.9515
vn -0.3603 -0.0000 -0.9328
vn -0.4118 -0.0000 -0.9113
vn -0.4620 -0.0000 -0.8869
vn -0.5103 -0.0000 -0.8600
vn -0.5563 -0.0000 -0.8310
vn -0.6003 -0.0000 -0.7998
vn -0.6438 -0.0000 -0.7652
vn -0.6862 -0.0000 -0.7274
vn -0.7260 -0.0000 -0.6877
vn -0.7629 -0.0000 -0.6465
vn -0.7966 -0.0000 -0.6045
vn -0.8271 -0.0000 -0.5620
vn -0.8545 -0.0000 -0.5194
vn -0.8788 -0.0000 -0.4773
vn -0.9000 -0.0000 -0.4358
vn -0.9185 -0.0000 -0.3953
vn -0.9345 -0.0000 -0.3560
vn -0.9416 -0.0000 -0.3366
vn 0.0888 -0.0000 0.9961
vn 0.1006 -0.0000 0.9949
vn 0.1245 -0.0000 0.9922
vn 0.1494 -0.0000 0.9888
vn 0.1751 -0.0000 0.9846
vn 0.2016 -0.0000 0.9795
vn 0.2290 -0.0000 0.9734
vn 0.2573 -0.0000 0.9663
vn 0.2863 -0.0000 0.9582
vn 0.3160 -0.0000 0.9488
vn 0.3463 -0.0000 0.9381
vn 0.3773 -0.0000 0.9261
vn 0.3950 -0.0000 0.9187
vn 0.3824 -0.0000 0.9240
vn 0.3521 -0.0000 0.9359
vn 0.3207 -0.0000 0.9472
vn 0.2882 -0.0000 0.9576
vn 0.2547 -0.0000 0.9670
vn 0.2202 -0.0000 0.9755
vn 0.1849 -0.0000 0.9828
vn 0.1488 -0.0000 0.9889
vn 0.1122 -0.0000 0.9937
vn 0.0750 -0.0000 0.9972
vn 0.0376 -0.0000 0.9993
vn -0.0063 -0.0000 1.0000
vn -0.0639 -0.0000 0.9980
vn -0.1303 -0.0000 0.9915
vn -0.1989 -0.0000 0.9800
vn -0.2687 -0.0000 0.9632
vn -0.3388 -0.0000 0.9409
vn -0.4078 -0.0000 0.9131
vn -0.4746 -0.0000 0.8802
vn -0.5382 -0.0000 0.8428
vn -0.5977 -0.0000 0.8017
vn -0.6524 -0.0000 0.7579
vn -0.7020 -0.0000 0.7122
vn -0.7428 -0.0000 0.6696
vn -0.7776 -0.0000 0.6288
vn -0.8118 -0.0000 0.5840
vn -0.8446 -0.0000 0.5354
vn -0.8755 -0.0000 0.4832
vn -0.9039 -0.0000 0.4278
vn -0.9292 -0.0000 0.3696
vn -0.9510 -0.0000 0.3092
vn -0.9689 -0.0000 0.2473
vn -0.9828 -0.0000 0.1847
vn -0.9925 -0.0000 0.1222
vn -0.9982 -0.0000 0.0605
vn -0.9994 -0.0000 -0.0354
vn -0.9790 -0.0000 -0.2037
vn -0.9166 -0.0000 -0.3998
vn -0.8225 -0.0000 -0.5688
vn -0.7144 -0.0000 -0.6997
vn -0.6078 -0.0000 -0.7941
vn -0.5112 -0.0000 -0.8594
vn -0.4276 -0.0000 -0.9040
vn -0.3567 -0.0000 -0.9342
vn -0.2968 -0.0000 -0.9549
vn -0.2463 -0.0000 -0.9692
vn -0.2035 -0.0000 -0.9791
vn -0.1697 -0.0000 -0.9855
vn -0.1471 -0.0000 -0.9891
vn -0.1306 -0.0000 -0.9914
vn -0.1147 -0.0000 -0.9934
vn -0.0996 -0.0000 -0.9950
vn -0.0851 -0.0000 -0.9964
vn -0.0713 -0.0000 -0.9975
vn -0.0581 -0.0000 -0.9983
vn -0.0455 -0.0000 -0.9990
vn -0.0334 -0.0000 -0.9994
vn -0.0218 -0.0000 -0.9998
vn -0.0107 -0.0000 -0.9999
vn 0.0111 -0.0000 -0.9999
vn 0.0559 -0.0000 -0.9984
vn 0.1141 -0.0000 -0.9935
vn 0.1744 -0.0000 -0.9847
vn 0.2363 -0.0000 -0.9717
vn 0.2991 -0.0000 -0.9542
vn 0.3619 -0.0000 -0.9322
vn 0.4238 -0.0000 -0.9058
vn 0.4840 -0.0000 -0.8751
vn 0.5417 -0.0000 -0.8406
vn 0.5962 -0.0000 -0.8029
vn 0.6469 -0.0000 -0.7626
vn 0.7374 -0.0000 -0.6755
vn 0.7797 -0.0000 -0.6262
vn 0.8200 -0.0000 -0.5723
vn 0.8576 -0.0000 -0.5144
vn 0.8916 -0.0000 -0.4529
vn 0.9214 -0.0000 -0.3887
vn 0.9465 -0.0000 -0.3228
vn 0.9667 -0.0000 -0.2561
vn 0.9819 -0.0000 -0.1896
vn 0.9922 -0.0000 -0.1244
vn 0.9981 -0.0000 -0.0611
vn 0.7280 -0.0000 0.6855
vn 0.6880 -0.0000 0.7257
vn 0.6384 -0.0000 0.7697
vn 0.5254 -0.0000 0.8509
vn 0.4628 -0.0000 0.8865
vn 0.3974 -0.0000 0.9177
vn 0.3300 -0.0000 0.9440
vn 0.2617 -0.0000 0.9651
vn 0.1937 -0.0000 0.9811
vn 0.1270 -0.0000 0.9919
vn 0.0623 -0.0000 0.9981
vn 0.0085 -0.0000 1.0000
vn -0.0254 -0.0000 0.9997
vn -0.0474 -0.0000 0.9989
vn -0.0662 -0.0000 0.9978
vn -0.0824 -0.0000 0.9966
vn -0.0965 -0.0000 0.9953
vn -0.1088 -0.0000 0.9941
vn -0.1198 -0.0000 0.9928
vn -0.1295 -0.0000 0.9916
vn -0.1383 -0.0000 0.9904
vn -0.1461 -0.0000 0.9893
vn -0.1533 -0.0000 0.9882
vn -0.1568 -0.0000 0.9876
vn -0.1538 -0.0000 0.9881
vn -0.1471 -0.0000 0.9891
vn -0.1398 -0.0000 0.9902
vn -0.1315 -0.0000 0.9913
vn -0.1222 -0.0000 0.9925
vn -0.1117 -0.0000 0.9937
vn -0.0996 -0.0000 0.9950
vn -0.0857 -0.0000 0.9963
vn -0.0694 -0.0000 0.9976
vn -0.0502 -0.0000 0.9987
vn -0.0272 -0.0000 0.9996
vn -0.0090 -0.0000 1.0000
vn 0.0033 -0.0000 1.0000
vn 0.0188 -0.0000 0.9998
vn 0.0353 -0.0000 0.9994
vn 0.0495 -0.0000 0.9988
vn 0.0618 -0.0000 0.9981
vn 0.0726 -0.0000 0.9974
vn 0.0822 -0.0000 0.9966
vn 0.0907 -0.0000 0.9959
vn 0.0984 -0.0000 0.9951
vn 0.1053 -0.0000 0.9944
vn 0.1115 -0.0000 0.9938
vn 0.1172 -0.0000 0.9931
vn 0.1199 -0.0000 0.9928
vn 0.1171 -0.0000 0.9931
vn 0.1113 -0.0000 0.9938
vn 0.1049 -0.0000 0.9945
vn 0.0979 -0.0000 0.9952
vn 0.0901 -0.0000 0.9959
vn 0.0815 -0.0000 0.9967
vn 0.0719 -0.0000 0.9974
vn 0.0610 -0.0000 0.9981
vn 0.0487 -0.0000 0.9988
vn 0.0346 -0.0000 0.9994
vn 0.0184 -0.0000 0.9998
vn -0.0024 -0.0000 1.0000
vn -0.0277 -0.0000 0.9996
vn -0.0522 -0.0000 0.9986
vn -0.0736 -0.0000 0.9973
vn -0.0924 -0.0000 0.9957
vn -0.1090 -0.0000 0.9940
vn -0.1238 -0.0000 0.9923
vn -0.1371 -0.0000 0.9906
vn -0.1491 -0.0000 0.9888
vn -0.1600 -0.0000 0.9871
vn -0.1698 -0.0000 0.9855
vn -0.1788 -0.0000 0.9839
vn -0.1831 -0.0000 0.9831
vn -0.1599 -0.0000 0.9871
vn -0.1239 -0.0000 0.9923
vn -0.0246 -0.0000 0.9997
vn -0.0722 -0.0000 0.9974
vn -0.1507 -0.0000 0.9886
vn -0.2359 -0.0000 0.9718
vn -0.3264 -0.0000 0.9452
vn -0.4200 -0.0000 0.9075
vn -0.5138 -0.0000 0.8579
vn -0.6042 -0.0000 0.7968
vn -0.6878 -0.0000 0.7259
vn -0.7618 -0.0000 0.6478
vn -0.8756 -0.0000 0.4830
vn -0.9138 -0.0000 0.4062
vn -0.9389 -0.0000 0.3441
vn -0.9558 -0.0000 0.2940
vn -0.9685 -0.0000 0.2490
vn -0.9780 -0.0000 0.2087
vn -0.9850 -0.0000 0.1724
vn -0.9902 -0.0000 0.1399
vn -0.9939 -0.0000 0.1106
vn -0.9965 -0.0000 0.0841
vn -0.9982 -0.0000 0.0600
vn -0.9993 -0.0000 0.0382
vn -0.9998 -0.0000 0.0184
vn -1.0000 -0.0000 -0.0049
vn -0.9969 -0.0000 -0.0783
vn -0.9927 -0.0000 -0.1202
vn -0.9865 -0.0000 -0.1640
vn -0.9778 -0.0000 -0.2095
vn -0.9665 -0.0000 -0.2565
vn -0.9524 -0.0000 -0.3048
vn -0.9353 -0.0000 -0.3539
vn -0.9150 -0.0000 -0.4034
vn -0.8915 -0.0000 -0.4530
vn -0.8648 -0.0000 -0.5021
vn -0.8363 -0.0000 -0.5483
vn -0.8088 -0.0000 -0.5881
vn -0.7828 -0.0000 -0.6223
vn -0.7571 -0.0000 -0.6533
vn -0.7320 -0.0000 -0.6813
vn -0.7076 -0.0000 -0.7066
vn -0.6840 -0.0000 -0.7295
vn -0.6613 -0.0000 -0.7501
vn -0.6395 -0.0000 -0.7688
vn -0.6186 -0.0000 -0.7857
vn -0.5987 -0.0000 -0.8010
vn -0.5796 -0.0000 -0.8149
vn -0.5604 -0.0000 -0.8282
vn -0.5503 -0.0000 -0.8350
vn -0.5502 -0.0000 -0.8351
vn -0.5500 -0.0000 -0.8351
vn -0.5499 -0.0000 -0.8352
vn -0.5498 -0.0000 -0.8353
vn -0.5497 -0.0000 -0.8354
vn -0.5495 -0.0000 -0.8355
vn -0.5494 -0.0000 -0.8355
vn -0.5493 -0.0000 -0.8356
vn -0.5492 -0.0000 -0.8357
vn -0.5491 -0.0000 -0.8358
vn -0.5794 -0.0000 -0.8150
vn -0.6308 -0.0000 -0.7760
vn -0.6746 -0.0000 -0.7382
vn -0.7199 -0.0000 -0.6940
vn -0.7660 -0.0000 -0.6428
vn -0.8117 -0.0000 -0.5840
vn -0.8558 -0.0000 -0.5173
vn -0.8966 -0.0000 -0.4429
vn -0.9324 -0.0000 -0.3616
vn -0.9616 -0.0000 -0.2745
vn -0.9830 -0.0000 -0.1838
vn -0.9958 -0.0000 -0.0916
vn -0.9999 -0.0000 0.0118
vn -0.9907 -0.0000 0.1364
vn -0.9640 -0.0000 0.2658
vn -0.9239 -0.0000 0.3827
vn -0.8751 -0.0000 0.4840
vn -0.8222 -0.0000 0.5692
vn -0.7687 -0.0000 0.6396
vn -0.7170 -0.0000 0.6971
vn -0.6685 -0.0000 0.7437
vn -0.6236 -0.0000 0.7817
vn -0.5827 -0.0000 0.8127
vn -0.5456 -0.0000 0.8380
vn -0.5121 -0.0000 0.8589
vn -0.4803 -0.0000 0.8771
vn -0.4470 -0.0000 0.8945
vn -0.4115 -0.0000 0.9114
vn -0.3738 -0.0000 0.9275
vn -0.3337 -0.0000 0.9427
vn -0.2914 -0.0000 0.9566
vn -0.2470 -0.0000 0.9690
vn -0.2006 -0.0000 0.9797
vn -0.1524 -0.0000 0.9883
vn -0.1026 -0.0000 0.9947
vn -0.0517 -0.0000 0.9987
vn 0.0055 -0.0000 1.0000
vn 0.0731 -0.0000 0.9973
vn 0.1439 -0.0000 0.9896
vn 0.2112 -0.0000 0.9774
vn 0.2745 -0.0000 0.9616
vn 0.3333 -0.0000 0.9428
vn 0.3875 -0.0000 0.9219
vn 0.4371 -0.0000 0.8994
vn 0.4822 -0.0000 0.8761
vn 0.5231 -0.0000 0.8523
vn 0.5600 -0.0000 0.8285
vn 0.5932 -0.0000 0.8050
vn 0.6131 -0.0000 0.7900
vn 0.6106 -0.0000 0.7920
vn 0.5958 -0.0000 0.8032
vn 0.5784 -0.0000 0.8158
vn 0.5576 -0.0000 0.8301
vn 0.5326 -0.0000 0.8464
vn 0.5019 -0.0000 0.8649
vn 0.4635 -0.0000 0.8861
vn 0.4145 -0.0000 0.9100
vn 0.3506 -0.0000 0.9365
vn 0.2655 -0.0000 0.9641
vn 0.1502 -0.0000 0.9887
vn 0.0314 -0.0000 0.9995
vn -0.0419 -0.0000 0.9991
vn -0.0851 -0.0000 0.9964
vn -0.1297 -0.0000 0.9915
vn -0.1755 -0.0000 0.9845
vn -0.2221 -0.0000 0.9750
vn -0.2694 -0.0000 0.9630
vn -0.3168 -0.0000 0.9485
vn -0.3642 -0.0000 0.9313
vn -0.4110 -0.0000 0.9116
vn -0.4570 -0.0000 0.8895
vn -0.5018 -0.0000 0.8650
vn -0.5458 -0.0000 0.8379
vn -0.5973 -0.0000 0.8020
vn -0.6560 -0.0000 0.7548
vn -0.7145 -0.0000 0.6997
vn -0.7711 -0.0000 0.6367
vn -0.8242 -0.0000 0.5664
vn -0.8719 -0.0000 0.4897
vn -0.9128 -0.0000 0.4083
vn -0.9460 -0.0000 0.3243
vn -0.9709 -0.0000 0.2396
vn -0.9877 -0.0000 0.1563
vn -0.9971 -0.0000 0.0763
vn -1.0000 -0.0000 0.0013
vn -0.9975 -0.0000 -0.0701
vn -0.9899 -0.0000 -0.1421
vn -0.9766 -0.0000 -0.2153
vn -0.9575 -0.0000 -0.2885
vn -0.9328 -0.0000 -0.3604
vn -0.9029 -0.0000 -0.4298
vn -0.8685 -0.0000 -0.4956
vn -0.8305 -0.0000 -0.5570
vn -0.7898 -0.0000 -0.6133
vn -0.7474 -0.0000 -0.6644
vn -0.7042 -0.0000 -0.7100
vn -0.6702 -0.0000 -0.7422
vn -0.6532 -0.0000 -0.7572
vn -0.6432 -0.0000 -0.7657
vn -0.6325 -0.0000 -0.7746
vn -0.6208 -0.0000 -0.7839
vn -0.6082 -0.0000 -0.7938
vn -0.5944 -0.0000 -0.8042
vn -0.5793 -0.0000 -0.8151
vn -0.5627 -0.0000 -0.8266
vn -0.5446 -0.0000 -0.8387
vn -0.5245 -0.0000 -0.8514
vn -0.5024 -0.0000 -0.8646
vn -0.4768 -0.0000 -0.8790
vn -0.4455 -0.0000 -0.8953
vn -0.4102 -0.0000 -0.9120
vn -0.3734 -0.0000 -0.9277
vn -0.3352 -0.0000 -0.9421
vn -0.2957 -0.0000 -0.9553
vn -0.2551 -0.0000 -0.9669
vn -0.2136 -0.0000 -0.9769
vn -0.1714 -0.0000 -0.9852
vn -0.0858 -0.0000 -0.9963
vn -0.0428 -0.0000 -0.9991
vn 0.0004 -0.0000 -1.0000
vn 0.0447 -0.0000 -0.9990
vn 0.0904 -0.0000 -0.9959
vn 0.1371 -0.0000 -0.9906
vn 0.1845 -0.0000 -0.9828
vn 0.2323 -0.0000 -0.9727
vn 0.2800 -0.0000 -0.9600
vn 0.3275 -0.0000 -0.9449
vn 0.3742 -0.0000 -0.9273
vn 0.4199 -0.0000 -0.9076
vn 0.4642 -0.0000 -0.8857
vn 0.5069 -0.0000 -0.8620
vn 0.5507 -0.0000 -0.8347
vn 0.6006 -0.0000 -0.7995
vn 0.6549 -0.0000 -0.7557
vn 0.7098 -0.0000 -0.7044
vn 0.7639 -0.0000 -0.6453
vn 0.8157 -0.0000 -0.5785
vn 0.8635 -0.0000 -0.5044
vn 0.9055 -0.0000 -0.4243
vn 0.9405 -0.0000 -0.3399
vn 0.9674 -0.0000 -0.2533
vn 0.9860 -0.0000 -0.1665
vn 0.9967 -0.0000 -0.0817
vn 0.9999 -0.0000 -0.0103
vn 0.9992 -0.0000 0.0394
vn 0.9968 -0.0000 0.0805
vn 0.9924 -0.0000 0.1233
vn 0.9858 -0.0000 0.1678
vn 0.9769 -0.0000 0.2137
vn 0.9654 -0.0000 0.2608
vn 0.9511 -0.0000 0.3088
vn 0.9340 -0.0000 0.3573
vn 0.9139 -0.0000 0.4059
vn 0.8909 -0.0000 0.4543
vn 0.8650 -0.0000 0.5018
vn 0.8401 -0.0000 0.5424
vn 0.8165 -0.0000 0.5773
vn 0.7912 -0.0000 0.6116
vn 0.7659 -0.0000 0.6430
vn 0.7408 -0.0000 0.6717
vn 0.7162 -0.0000 0.6979
vn 0.6922 -0.0000 0.7217
vn 0.6688 -0.0000 0.7435
vn 0.6461 -0.0000 0.7632
vn 0.6242 -0.0000 0.7812
vn 0.6032 -0.0000 0.7976
vn 0.5829 -0.0000 0.8125
vn 0.5536 -0.0000 0.8328
vn 0.5338 -0.0000 0.8456
vn 0.5334 -0.0000 0.8458
vn 0.5330 -0.0000 0.8461
vn 0.5326 -0.0000 0.8463
vn 0.5322 -0.0000 0.8466
vn 0.5318 -0.0000 0.8469
vn 0.5314 -0.0000 0.8471
vn 0.5310 -0.0000 0.8474
vn 0.5306 -0.0000 0.8476
vn 0.5302 -0.0000 0.8479
vn 0.5298 -0.0000 0.8481
vn 0.5480 -0.0000 0.8365
vn 0.5868 -0.0000 0.8097
vn 0.6290 -0.0000 0.7774
vn 0.6732 -0.0000 0.7394
vn 0.7190 -0.0000 0.6950
vn 0.7655 -0.0000 0.6435
vn 0.8116 -0.0000 0.5842
vn 0.8560 -0.0000 0.5169
vn 0.8971 -0.0000 0.4419
vn 0.9330 -0.0000 0.3598
vn 0.9623 -0.0000 0.2721
vn 0.9835 -0.0000 0.1807
vn 0.9910 -0.0000 0.1342
vn -0.1230 -0.0000 -0.9924
vn -0.1200 -0.0000 -0.9928
vn -0.1145 -0.0000 -0.9934
vn -0.1097 -0.0000 -0.9940
vn -0.1055 -0.0000 -0.9944
vn -0.1017 -0.0000 -0.9948
vn -0.0983 -0.0000 -0.9952
vn -0.0953 -0.0000 -0.9954
vn -0.0926 -0.0000 -0.9957
vn -0.0901 -0.0000 -0.9959
vn -0.0878 -0.0000 -0.9961
vn -0.0857 -0.0000 -0.9963
vn -0.0677 -0.0000 -0.9977
vn -0.0496 -0.0000 -0.9988
vn -0.0475 -0.0000 -0.9989
vn -0.0451 -0.0000 -0.9990
vn -0.0424 -0.0000 -0.9991
vn -0.0394 -0.0000 -0.9992
vn -0.0360 -0.0000 -0.9994
vn -0.0321 -0.0000 -0.9995
vn -0.0276 -0.0000 -0.9996
vn -0.0224 -0.0000 -0.9997
vn -0.0162 -0.0000 -0.9999
vn -0.0088 -0.0000 -1.0000
vn 0.0066 -0.0000 -1.0000
vn 0.0359 -0.0000 -0.9994
vn 0.0718 -0.0000 -0.9974
vn 0.1075 -0.0000 -0.9942
vn 0.1430 -0.0000 -0.9897
vn 0.1781 -0.0000 -0.9840
vn 0.2126 -0.0000 -0.9771
vn 0.2465 -0.0000 -0.9691
vn 0.2796 -0.0000 -0.9601
vn 0.3119 -0.0000 -0.9501
vn 0.3433 -0.0000 -0.9392
vn 0.3737 -0.0000 -0.9276
vn 0.4079 -0.0000 -0.9130
vn 0.4517 -0.0000 -0.8922
vn 0.5031 -0.0000 -0.8642
vn 0.5593 -0.0000 -0.8290
vn 0.6201 -0.0000 -0.7845
vn 0.6846 -0.0000 -0.7289
vn 0.7511 -0.0000 -0.6602
vn 0.8167 -0.0000 -0.5771
vn 0.8776 -0.0000 -0.4793
vn 0.9296 -0.0000 -0.3685
vn 0.9687 -0.0000 -0.2481
vn 0.9923 -0.0000 -0.1236
vn 0.9999 -0.0000 -0.0155
vn 0.9982 -0.0000 0.0607
vn 0.9924 -0.0000 0.1230
vn 0.9824 -0.0000 0.1866
vn 0.9681 -0.0000 0.2506
vn 0.9494 -0.0000 0.3142
vn 0.8995 -0.0000 0.4369
vn 0.8692 -0.0000 0.4945
vn 0.8360 -0.0000 0.5488
vn 0.8006 -0.0000 0.5992
vn 0.7636 -0.0000 0.6457
vn 0.8260 -0.0000 0.5637
vn 0.7784 -0.0000 0.6277
vn 0.7232 -0.0000 0.6907
vn 0.6606 -0.0000 0.7508
vn 0.5914 -0.0000 0.8064
vn 0.5172 -0.0000 0.8559
vn 0.4396 -0.0000 0.8982
vn 0.3606 -0.0000 0.9327
vn 0.2821 -0.0000 0.9594
vn 0.2057 -0.0000 0.9786
vn 0.1328 -0.0000 0.9911
vn 0.0643 -0.0000 0.9979
vn -0.0028 -0.0000 1.0000
vn -0.0761 -0.0000 0.9971
vn -0.1574 -0.0000 0.9875
vn -0.2436 -0.0000 0.9699
vn -0.3331 -0.0000 0.9429
vn -0.4234 -0.0000 0.9059
vn -0.5119 -0.0000 0.8590
vn -0.5958 -0.0000 0.8032
vn -0.6725 -0.0000 0.7401
vn -0.7404 -0.0000 0.6722
vn -0.7986 -0.0000 0.6018
vn -0.8471 -0.0000 0.5314
vn -0.8844 -0.0000 0.4667
vn -0.9105 -0.0000 0.4134
vn -0.9302 -0.0000 0.3671
vn -0.9467 -0.0000 0.3221
vn -0.9604 -0.0000 0.2787
vn -0.9715 -0.0000 0.2371
vn -0.9803 -0.0000 0.1974
vn -0.9872 -0.0000 0.1597
vn -0.9923 -0.0000 0.1240
vn -0.9959 -0.0000 0.0903
vn -0.9983 -0.0000 0.0584
vn -0.9996 -0.0000 0.0284
vn -1.0000 -0.0000 -0.0037
vn -0.9961 -0.0000 -0.0879
vn -0.9910 -0.0000 -0.1340
vn -0.9835 -0.0000 -0.1811
vn -0.9734 -0.0000 -0.2291
vn -0.9607 -0.0000 -0.2776
vn -0.9453 -0.0000 -0.3262
vn -0.9272 -0.0000 -0.3745
vn -0.9065 -0.0000 -0.4222
vn -0.8833 -0.0000 -0.4688
vn -0.8578 -0.0000 -0.5139
vn -0.8278 -0.0000 -0.5610
vn -0.7890 -0.0000 -0.6145
vn -0.7410 -0.0000 -0.6715
vn -0.6857 -0.0000 -0.7279
vn -0.6229 -0.0000 -0.7823
vn -0.5533 -0.0000 -0.8330
vn -0.4779 -0.0000 -0.8784
vn -0.3982 -0.0000 -0.9173
vn -0.3161 -0.0000 -0.9487
vn -0.2336 -0.0000 -0.9723
vn -0.1525 -0.0000 -0.9883
vn -0.0745 -0.0000 -0.9972
vn 0.0704 -0.0000 -0.9975
vn 0.1445 -0.0000 -0.9895
vn 0.2222 -0.0000 -0.9750
vn 0.3020 -0.0000 -0.9533
vn 0.3825 -0.0000 -0.9240
vn 0.4616 -0.0000 -0.8871
vn 0.5375 -0.0000 -0.8432
vn 0.6086 -0.0000 -0.7935
vn 0.6735 -0.0000 -0.7392
vn 0.7313 -0.0000 -0.6820
vn 0.7818 -0.0000 -0.6235
vn 0.8234 -0.0000 -0.5674
vn 0.8559 -0.0000 -0.5172
vn 0.8830 -0.0000 -0.4694
vn 0.9073 -0.0000 -0.4205
vn 0.9286 -0.0000 -0.3710
vn 0.9470 -0.0000 -0.3213
vn 0.9623 -0.0000 -0.2719
vn 0.9748 -0.0000 -0.2232
vn 0.9845 -0.0000 -0.1755
vn 0.9916 -0.0000 -0.1292
vn 0.9964 -0.0000 -0.0844
vn 0.9991 -0.0000 -0.0414
vn 0.9996 -0.0000 0.0300
vn 0.9981 -0.0000 0.0622
vn 0.9953 -0.0000 0.0973
vn 0.9908 -0.0000 0.1355
vn 0.9842 -0.0000 0.1770
vn 0.9750 -0.0000 0.2221
vn 0.9626 -0.0000 0.2708
vn 0.9463 -0.0000 0.3232
vn 0.9253 -0.0000 0.3791
vn 0.8659 -0.0000 0.5002
vn -0.8473 -0.0000 0.5312
vn -0.8035 -0.0000 0.5953
vn -0.7517 -0.0000 0.6595
vn -0.6916 -0.0000 0.7223
vn -0.6239 -0.0000 0.7815
vn -0.5495 -0.0000 0.8355
vn -0.4701 -0.0000 0.8826
vn -0.3878 -0.0000 0.9217
vn -0.3048 -0.0000 0.9524
vn -0.2230 -0.0000 0.9748
vn -0.1444 -0.0000 0.9895
vn -0.0700 -0.0000 0.9975
vn 0.0041 -0.0000 1.0000
vn 0.1750 -0.0000 0.9846
vn 0.2660 -0.0000 0.9640
vn 0.3565 -0.0000 0.9343
vn 0.4440 -0.0000 0.8960
vn 0.5261 -0.0000 0.8504
vn 0.6013 -0.0000 0.7990
vn 0.6682 -0.0000 0.7439
vn 0.7266 -0.0000 0.6870
vn 0.7766 -0.0000 0.6300
vn 0.8187 -0.0000 0.5742
vn 0.8514 -0.0000 0.5245
vn 0.8768 -0.0000 0.4808
vn 0.8994 -0.0000 0.4370
vn 0.9198 -0.0000 0.3923
vn 0.9379 -0.0000 0.3470
vn 0.9535 -0.0000 0.3014
vn 0.9667 -0.0000 0.2559
vn 0.9775 -0.0000 0.2108
vn 0.9861 -0.0000 0.1664
vn 0.9967 -0.0000 0.0807
vn 0.9992 -0.0000 0.0397
vn 1.0000 -0.0000 0.0058
vn 0.9999 -0.0000 -0.0165
vn 0.9994 -0.0000 -0.0342
vn 0.9986 -0.0000 -0.0534
vn 0.9972 -0.0000 -0.0742
vn 0.9953 -0.0000 -0.0969
vn 0.9926 -0.0000 -0.1217
vn 0.9889 -0.0000 -0.1489
vn 0.9839 -0.0000 -0.1786
vn 0.9774 -0.0000 -0.2112
vn 0.9690 -0.0000 -0.2471
vn 0.9581 -0.0000 -0.2864
vn 0.9425 -0.0000 -0.3343
vn 0.9179 -0.0000 -0.3969
vn 0.8825 -0.0000 -0.4703
vn 0.8362 -0.0000 -0.5484
vn 0.7773 -0.0000 -0.6291
vn 0.7049 -0.0000 -0.7094
vn 0.6190 -0.0000 -0.7854
vn 0.5215 -0.0000 -0.8532
vn 0.4160 -0.0000 -0.9094
vn 0.3070 -0.0000 -0.9517
vn 0.1990 -0.0000 -0.9800
vn 0.0962 -0.0000 -0.9954
vn 0.0038 -0.0000 -1.0000
vn -0.0798 -0.0000 -0.9968
vn -0.1642 -0.0000 -0.9864
vn -0.2526 -0.0000 -0.9676
vn -0.3429 -0.0000 -0.9394
vn -0.4327 -0.0000 -0.9015
vn -0.5192 -0.0000 -0.8546
vn -0.6001 -0.0000 -0.7999
vn -0.6733 -0.0000 -0.7394
vn -0.7376 -0.0000 -0.6752
vn -0.7927 -0.0000 -0.6096
vn -0.8387 -0.0000 -0.5446
vn -0.8764 -0.0000 -0.4816
vn -0.9068 -0.0000 -0.4217
vn -0.9308 -0.0000 -0.3654
vn -0.9497 -0.0000 -0.3132
vn -0.9642 -0.0000 -0.2651
vn -0.9753 -0.0000 -0.2208
vn -0.9836 -0.0000 -0.1803
vn -0.9897 -0.0000 -0.1433
vn -0.9940 -0.0000 -0.1094
vn -0.9969 -0.0000 -0.0785
vn -0.9987 -0.0000 -0.0501
vn -0.9997 -0.0000 -0.0241
vn -1.0000 -0.0000 0.0008
vn -0.9996 -0.0000 0.0274
vn -0.9984 -0.0000 0.0569
vn -0.9960 -0.0000 0.0891
vn -0.9923 -0.0000 0.1242
vn -0.9867 -0.0000 0.1625
vn -0.9789 -0.0000 0.2042
vn -0.9683 -0.0000 0.2496
vn -0.9543 -0.0000 0.2987
vn -0.9361 -0.0000 0.3517
vn -0.9128 -0.0000 0.4084
vn -0.8835 -0.0000 0.4685
vn 0.6385 -0.0000 0.7697
vn 0.5253 -0.0000 0.8509
vn 0.4628 -0.0000 0.8864
vn -0.9982 -0.0000 0.0601
vn -0.6685 -0.0000 0.7438
vn 0.6132 -0.0000 0.7900
vn -0.9460 -0.0000 0.3242
vn 0.5537 -0.0000 0.8327
vn 0.6787 -0.0000 0.7344
vn 0.6244 -0.0000 0.7811
vn 0.5658 -0.0000 0.8245
vn 0.5037 -0.0000 0.8639
vn 0.4391 -0.0000 0.8984
vn 0.3730 -0.0000 0.9278
vn 0.3065 -0.0000 0.9519
vn 0.2407 -0.0000 0.9706
vn 0.1766 -0.0000 0.9843
vn 0.1148 -0.0000 0.9934
vn 0.0560 -0.0000 0.9984
vn -0.0015 -0.0000 1.0000
vn -0.0626 -0.0000 0.9980
vn -0.2015 -0.0000 0.9795
vn -0.2773 -0.0000 0.9608
vn -0.3558 -0.0000 0.9345
vn -0.4355 -0.0000 0.9002
vn -0.5144 -0.0000 0.8575
vn -0.5904 -0.0000 0.8071
vn -0.6616 -0.0000 0.7499
vn -0.7263 -0.0000 0.6874
vn -0.7833 -0.0000 0.6216
vn -0.8276 -0.0000 0.5614
vn -0.8550 -0.0000 0.5187
vn -0.8743 -0.0000 0.4854
vn -0.8934 -0.0000 0.4493
vn -0.9119 -0.0000 0.4104
vn -0.9296 -0.0000 0.3686
vn -0.9462 -0.0000 0.3237
vn -0.9612 -0.0000 0.2759
vn -0.9743 -0.0000 0.2253
vn -0.9851 -0.0000 0.1720
vn -0.9932 -0.0000 0.1164
vn -0.9983 -0.0000 0.0589
vn -1.0000 -0.0000 -0.0020
vn -0.9977 -0.0000 -0.0682
vn -0.9904 -0.0000 -0.1386
vn -0.9776 -0.0000 -0.2104
vn -0.9592 -0.0000 -0.2826
vn -0.9352 -0.0000 -0.3540
vn -0.9060 -0.0000 -0.4233
vn -0.8720 -0.0000 -0.4895
vn -0.8342 -0.0000 -0.5515
vn -0.7934 -0.0000 -0.6087
vn -0.7506 -0.0000 -0.6608
vn -0.7067 -0.0000 -0.7075
vn -0.6634 -0.0000 -0.7483
vn -0.6205 -0.0000 -0.7842
vn -0.5753 -0.0000 -0.8180
vn -0.5265 -0.0000 -0.8502
vn -0.4743 -0.0000 -0.8804
vn -0.4191 -0.0000 -0.9079
vn -0.3615 -0.0000 -0.9324
vn -0.3019 -0.0000 -0.9533
vn -0.2411 -0.0000 -0.9705
vn -0.1798 -0.0000 -0.9837
vn -0.1188 -0.0000 -0.9929
vn -0.0588 -0.0000 -0.9983
vn 0.0013 -0.0000 -1.0000
vn 0.0642 -0.0000 -0.9979
vn 0.1304 -0.0000 -0.9915
vn 0.1981 -0.0000 -0.9802
vn 0.2665 -0.0000 -0.9638
vn 0.3343 -0.0000 -0.9424
vn 0.4008 -0.0000 -0.9162
vn 0.4647 -0.0000 -0.8855
vn 0.5253 -0.0000 -0.8509
vn 0.5819 -0.0000 -0.8133
vn 0.6340 -0.0000 -0.7734
vn 0.6813 -0.0000 -0.7320
vn 0.7125 -0.0000 -0.7016
vn 0.7212 -0.0000 -0.6927
vn 0.7206 -0.0000 -0.6934
vn 0.7198 -0.0000 -0.6942
vn 0.7189 -0.0000 -0.6951
vn 0.7177 -0.0000 -0.6964
vn 0.7162 -0.0000 -0.6979
vn 0.7141 -0.0000 -0.7000
vn 0.7112 -0.0000 -0.7030
vn 0.7068 -0.0000 -0.7075
vn 0.6991 -0.0000 -0.7150
vn 0.6824 -0.0000 -0.7309
vn 0.6128 -0.0000 -0.7903
vn 0.5232 -0.0000 -0.8522
vn 0.4661 -0.0000 -0.8847
vn 0.4095 -0.0000 -0.9123
vn 0.3543 -0.0000 -0.9351
vn 0.3009 -0.0000 -0.9536
vn 0.2499 -0.0000 -0.9683
vn 0.2015 -0.0000 -0.9795
vn 0.1558 -0.0000 -0.9878
vn 0.1129 -0.0000 -0.9936
vn 0.0727 -0.0000 -0.9974
vn 0.0352 -0.0000 -0.9994
vn -0.0069 -0.0000 -1.0000
vn -0.0631 -0.0000 -0.9980
vn -0.1964 -0.0000 -0.9805
vn -0.2653 -0.0000 -0.9642
vn -0.3344 -0.0000 -0.9424
vn -0.4025 -0.0000 -0.9154
vn -0.4686 -0.0000 -0.8834
vn -0.5315 -0.0000 -0.8470
vn -0.5905 -0.0000 -0.8070
vn -0.6450 -0.0000 -0.7642
vn -0.6944 -0.0000 -0.7196
vn -0.7391 -0.0000 -0.6736
vn -0.7794 -0.0000 -0.6266
vn -0.8166 -0.0000 -0.5772
vn -0.8514 -0.0000 -0.5245
vn -0.9117 -0.0000 -0.4108
vn -0.9363 -0.0000 -0.3512
vn -0.9568 -0.0000 -0.2907
vn -0.9732 -0.0000 -0.2301
vn -0.9854 -0.0000 -0.1702
vn -0.9938 -0.0000 -0.1116
vn -0.9985 -0.0000 -0.0548
vn -1.0000 -0.0000 -0.0064
vn -0.9996 -0.0000 0.0292
vn -0.9982 -0.0000 0.0607
vn -0.9955 -0.0000 0.0950
vn -0.9912 -0.0000 0.1323
vn -0.9849 -0.0000 0.1730
vn -0.9761 -0.0000 0.2172
vn -0.9642 -0.0000 0.2651
vn -0.9485 -0.0000 0.3168
vn -0.9281 -0.0000 0.3722
vn -0.9023 -0.0000 0.4311
vn -0.8702 -0.0000 0.4928
vn -0.8308 -0.0000 0.5566
vn -0.7837 -0.0000 0.6212
vn -0.7286 -0.0000 0.6849
vn -0.6660 -0.0000 0.7459
vn -0.5967 -0.0000 0.8025
vn -0.5220 -0.0000 0.8529
vn -0.4439 -0.0000 0.8961
vn -0.3641 -0.0000 0.9313
vn -0.2849 -0.0000 0.9586
vn -0.2077 -0.0000 0.9782
vn -0.1341 -0.0000 0.9910
vn -0.0649 -0.0000 0.9979
vn -0.0020 -0.0000 1.0000
vn 0.0562 -0.0000 0.9984
vn 0.1152 -0.0000 0.9933
vn 0.1771 -0.0000 0.9842
vn 0.2414 -0.0000 0.9704
vn 0.3073 -0.0000 0.9516
vn 0.3738 -0.0000 0.9275
vn 0.4400 -0.0000 0.8980
vn 0.5047 -0.0000 0.8633
vn 0.5668 -0.0000 0.8238
vn 0.6796 -0.0000 0.7336
vn 0.7290 -0.0000 0.6846
vn 0.7514 -0.0000 0.6599
vn 0.7501 -0.0000 0.6613
vn 0.7489 -0.0000 0.6627
vn 0.7477 -0.0000 0.6640
vn 0.7465 -0.0000 0.6654
vn 0.7452 -0.0000 0.6668
vn 0.7440 -0.0000 0.6682
vn 0.7428 -0.0000 0.6695
vn 0.7415 -0.0000 0.6709
vn 0.7403 -0.0000 0.6723
vn 0.7391 -0.0000 0.6736
vn 0.7046 -0.0000 0.7096
vn 0.6502 -0.0000 0.7598
vn 0.6100 -0.0000 0.7924
vn 0.5654 -0.0000 0.8248
vn 0.5164 -0.0000 0.8563
vn 0.4629 -0.0000 0.8864
vn 0.4051 -0.0000 0.9143
vn 0.3433 -0.0000 0.9392
vn 0.2782 -0.0000 0.9605
vn 0.2103 -0.0000 0.9776
vn 0.1406 -0.0000 0.9901
vn 0.0703 -0.0000 0.9975
vn 0.0031 -0.0000 1.0000
vn -0.1196 -0.0000 0.9928
vn -0.1824 -0.0000 0.9832
vn -0.2464 -0.0000 0.9692
vn -0.3108 -0.0000 0.9505
vn -0.3747 -0.0000 0.9271
vn -0.4372 -0.0000 0.8994
vn -0.4974 -0.0000 0.8675
vn -0.5545 -0.0000 0.8322
vn -0.6080 -0.0000 0.7939
vn -0.6574 -0.0000 0.7536
vn -0.7430 -0.0000 0.6693
vn -0.7825 -0.0000 0.6227
vn -0.8205 -0.0000 0.5716
vn -0.8565 -0.0000 0.5162
vn -0.8895 -0.0000 0.4570
vn -0.9189 -0.0000 0.3945
vn -0.9442 -0.0000 0.3295
vn -0.9648 -0.0000 0.2629
vn -0.9806 -0.0000 0.1958
vn -0.9916 -0.0000 0.1291
vn -0.9980 -0.0000 0.0637
vn -1.0000 -0.0000 0.0032
vn -0.9992 -0.0000 -0.0397
vn -0.9980 -0.0000 -0.0628
vn -0.9971 -0.0000 -0.0765
vn -0.9963 -0.0000 -0.0857
vn -0.9957 -0.0000 -0.0922
vn -0.9953 -0.0000 -0.0971
vn -0.9949 -0.0000 -0.1009
vn -0.9946 -0.0000 -0.1040
vn -0.9943 -0.0000 -0.1065
vn -0.9941 -0.0000 -0.1086
vn -0.9939 -0.0000 -0.1103
vn -0.9938 -0.0000 -0.1107
vn -0.9945 -0.0000 -0.1050
vn -0.9949 -0.0000 -0.1008
vn -0.9954 -0.0000 -0.0961
vn -0.9959 -0.0000 -0.0906
vn -0.9965 -0.0000 -0.0842
vn -0.9977 -0.0000 -0.0674
vn -0.9991 -0.0000 -0.0419
vn -0.9997 -0.0000 -0.0235
vn -1.0000 -0.0000 0.0082
vn -0.9984 -0.0000 0.0563
vn -0.9943 -0.0000 0.1067
vn -0.9885 -0.0000 0.1511
vn -0.9817 -0.0000 0.1903
vn -0.9743 -0.0000 0.2251
vn -0.9667 -0.0000 0.2559
vn -0.9590 -0.0000 0.2834
vn -0.9514 -0.0000 0.3080
vn -0.9439 -0.0000 0.3301
vn -0.9367 -0.0000 0.3500
vn -0.9298 -0.0000 0.3681
vn -0.9264 -0.0000 0.3766
vn -1.0000 -0.0000 -0.0069
vn -0.9960 -0.0000 -0.0890
vn -0.9832 -0.0000 -0.1823
vn -0.9604 -0.0000 -0.2787
vn -0.9269 -0.0000 -0.3753
vn -0.8832 -0.0000 -0.4690
vn -0.8306 -0.0000 -0.5569
vn -0.7712 -0.0000 -0.6366
vn -0.6423 -0.0000 -0.7664
vn -0.5774 -0.0000 -0.8165
vn -0.5146 -0.0000 -0.8575
vn -0.4555 -0.0000 -0.8902
vn -0.4069 -0.0000 -0.9135
vn -0.3664 -0.0000 -0.9304
vn -0.3261 -0.0000 -0.9453
vn -0.2862 -0.0000 -0.9582
vn -0.2468 -0.0000 -0.9691
vn -0.2083 -0.0000 -0.9781
vn -0.1706 -0.0000 -0.9853
vn -0.1341 -0.0000 -0.9910
vn -0.0987 -0.0000 -0.9951
vn -0.0646 -0.0000 -0.9979
vn -0.0317 -0.0000 -0.9995
vn -0.0043 -0.0000 -1.0000
vn 0.0132 -0.0000 -0.9999
vn 0.0247 -0.0000 -0.9997
vn 0.0347 -0.0000 -0.9994
vn 0.0433 -0.0000 -0.9991
vn 0.0509 -0.0000 -0.9987
vn 0.0577 -0.0000 -0.9983
vn 0.0637 -0.0000 -0.9980
vn 0.0691 -0.0000 -0.9976
vn 0.0739 -0.0000 -0.9973
vn 0.0784 -0.0000 -0.9969
vn 0.0824 -0.0000 -0.9966
vn 0.0843 -0.0000 -0.9964
vn 0.0346 -0.0000 -0.9994
vn 0.0045 -0.0000 -1.0000
vn -0.0053 -0.0000 -1.0000
vn -0.0226 -0.0000 -0.9997
vn -0.0527 -0.0000 -0.9986
vn -0.0628 -0.0000 -0.9980
vn -0.0709 -0.0000 -0.9975
vn -0.0776 -0.0000 -0.9970
vn -0.0831 -0.0000 -0.9965
vn -0.0919 -0.0000 -0.9958
vn -0.0954 -0.0000 -0.9954
vn -0.0984 -0.0000 -0.9951
vn -0.0998 -0.0000 -0.9950
vn -0.0951 -0.0000 -0.9955
vn -0.0914 -0.0000 -0.9958
vn -0.0872 -0.0000 -0.9962
vn -0.0823 -0.0000 -0.9966
vn -0.0766 -0.0000 -0.9971
vn -0.0697 -0.0000 -0.9976
vn -0.0615 -0.0000 -0.9981
vn -0.0513 -0.0000 -0.9987
vn -0.0385 -0.0000 -0.9993
vn -0.0216 -0.0000 -0.9998
vn 0.0075 -0.0000 -1.0000
vn 0.0551 -0.0000 -0.9985
vn 0.1128 -0.0000 -0.9936
vn 0.1728 -0.0000 -0.9850
vn 0.2348 -0.0000 -0.9720
vn 0.2980 -0.0000 -0.9546
vn 0.3616 -0.0000 -0.9323
vn 0.4246 -0.0000 -0.9054
vn 0.4862 -0.0000 -0.8738
vn 0.5455 -0.0000 -0.8381
vn 0.6016 -0.0000 -0.7988
vn 0.6538 -0.0000 -0.7567
vn 0.7022 -0.0000 -0.7120
vn 0.7479 -0.0000 -0.6639
vn 0.7914 -0.0000 -0.6113
vn 0.8321 -0.0000 -0.5546
vn 0.8691 -0.0000 -0.4946
vn 0.9018 -0.0000 -0.4321
vn 0.9299 -0.0000 -0.3679
vn 0.9529 -0.0000 -0.3032
vn 0.9711 -0.0000 -0.2388
vn 0.9844 -0.0000 -0.1757
vn 0.9934 -0.0000 -0.1146
vn 0.9984 -0.0000 -0.0560
vn 0.9995 -0.0000 0.0304
vn 0.9829 -0.0000 0.1844
vn 0.9260 -0.0000 0.3774
vn 0.8286 -0.0000 0.5599
vn 0.7034 -0.0000 0.7108
vn 0.5700 -0.0000 0.8216
vn 0.4443 -0.0000 0.8959
vn 0.3341 -0.0000 0.9426
vn 0.2410 -0.0000 0.9705
vn 0.1635 -0.0000 0.9865
vn 0.0993 -0.0000 0.9951
vn 0.0457 -0.0000 0.9990
vn -0.0033 -0.0000 1.0000
vn -0.0064 -0.0000 1.0000
vn -0.0092 -0.0000 1.0000
vn -0.0118 -0.0000 0.9999
vn -0.0142 -0.0000 0.9999
vn -0.0165 -0.0000 0.9999
vn -0.0186 -0.0000 0.9998
vn -0.0225 -0.0000 0.9997
vn -0.0242 -0.0000 0.9997
vn -0.0258 -0.0000 0.9997
vn -0.0268 -0.0000 0.9996
vn -0.0266 -0.0000 0.9996
vn -0.0257 -0.0000 0.9997
vn -0.0247 -0.0000 0.9997
vn -0.0235 -0.0000 0.9997
vn -0.0222 -0.0000 0.9998
vn -0.0187 -0.0000 0.9998
vn -0.0137 -0.0000 0.9999
vn -0.0102 -0.0000 0.9999
vn -0.0058 -0.0000 1.0000
vn -0.0016 -0.0000 1.0000
vn 0.9983 -0.0000 0.0588
vn 0.9977 -0.0000 0.0672
vn 0.9966 -0.0000 0.0824
vn 0.9955 -0.0000 0.0950
vn 0.9944 -0.0000 0.1057
vn 0.9934 -0.0000 0.1148
vn 0.9924 -0.0000 0.1227
vn 0.9916 -0.0000 0.1296
vn 0.9908 -0.0000 0.1357
vn 0.9900 -0.0000 0.1411
vn 0.9893 -0.0000 0.1459
vn 0.9887 -0.0000 0.1502
vn 0.9883 -0.0000 0.1523
vn -0.4184 -0.0000 -0.9082
vn -0.3981 -0.0000 -0.9174
vn -0.3572 -0.0000 -0.9340
vn -0.3169 -0.0000 -0.9485
vn -0.2772 -0.0000 -0.9608
vn -0.2383 -0.0000 -0.9712
vn -0.2005 -0.0000 -0.9797
vn -0.1638 -0.0000 -0.9865
vn -0.1284 -0.0000 -0.9917
vn -0.0943 -0.0000 -0.9955
vn -0.0302 -0.0000 -0.9995
vn 0.0652 -0.0000 -0.9979
vn 0.1344 -0.0000 -0.9909
vn 0.2077 -0.0000 -0.9782
vn 0.2841 -0.0000 -0.9588
vn 0.3623 -0.0000 -0.9321
vn 0.4406 -0.0000 -0.8977
vn 0.5172 -0.0000 -0.8559
vn 0.5902 -0.0000 -0.8072
vn 0.6580 -0.0000 -0.7530
vn 0.7194 -0.0000 -0.6946
vn 0.7736 -0.0000 -0.6336
vn 0.8166 -0.0000 -0.5772
vn 0.8501 -0.0000 -0.5266
vn 0.8796 -0.0000 -0.4757
vn 0.9056 -0.0000 -0.4241
vn 0.9282 -0.0000 -0.3722
vn 0.9472 -0.0000 -0.3206
vn 0.9629 -0.0000 -0.2699
vn 0.9754 -0.0000 -0.2203
vn 0.9850 -0.0000 -0.1724
vn 0.9920 -0.0000 -0.1262
vn 0.9966 -0.0000 -0.0821
vn 0.9992 -0.0000 -0.0401
vn 1.0000 -0.0000 0.0032
vn 0.9986 -0.0000 0.0533
vn 0.9940 -0.0000 0.1089
vn 0.9860 -0.0000 0.1670
vn 0.9739 -0.0000 0.2269
vn 0.9576 -0.0000 0.2881
vn 0.9368 -0.0000 0.3499
vn 0.9114 -0.0000 0.4114
vn 0.8817 -0.0000 0.4718
vn 0.8479 -0.0000 0.5301
vn 0.8105 -0.0000 0.5857
vn 0.7701 -0.0000 0.6379
vn 0.6263 -0.0000 0.7796
vn 0.5745 -0.0000 0.8185
vn 0.5196 -0.0000 0.8544
vn 0.4622 -0.0000 0.8868
vn 0.4029 -0.0000 0.9152
vn 0.3426 -0.0000 0.9395
vn 0.2822 -0.0000 0.9594
vn 0.2223 -0.0000 0.9750
vn 0.1636 -0.0000 0.9865
vn 0.1068 -0.0000 0.9943
vn 0.0523 -0.0000 0.9986
vn 0.0002 -0.0000 1.0000
vn -0.0515 -0.0000 0.9987
vn -0.1053 -0.0000 0.9944
vn -0.1615 -0.0000 0.9869
vn -0.2197 -0.0000 0.9756
vn -0.2793 -0.0000 0.9602
vn -0.3397 -0.0000 0.9405
vn -0.4001 -0.0000 0.9165
vn -0.4596 -0.0000 0.8881
vn -0.5176 -0.0000 0.8556
vn -0.5731 -0.0000 0.8195
vn -0.6255 -0.0000 0.7802
vn -0.6746 -0.0000 0.7382
vn -0.7216 -0.0000 0.6923
vn -0.7671 -0.0000 0.6415
vn -0.8104 -0.0000 0.5858
vn -0.8506 -0.0000 0.5258
vn -0.8868 -0.0000 0.4621
vn -0.9184 -0.0000 0.3957
vn -0.9448 -0.0000 0.3277
vn -0.9658 -0.0000 0.2593
vn -0.9815 -0.0000 0.1914
vn -0.9921 -0.0000 0.1252
vn -0.9981 -0.0000 0.0613
vn -0.9997 -0.0000 0.0232
vn -0.9995 -0.0000 0.0307
vn -0.9984 -0.0000 0.0570
vn -0.9968 -0.0000 0.0797
vn -0.9951 -0.0000 0.0992
vn -0.9932 -0.0000 0.1161
vn -0.9914 -0.0000 0.1310
vn -0.9896 -0.0000 0.1441
vn -0.9878 -0.0000 0.1558
vn -0.9861 -0.0000 0.1663
vn -0.9844 -0.0000 0.1757
vn -0.9829 -0.0000 0.1842
vn -0.9822 -0.0000 0.1881
vn -0.9830 -0.0000 0.1835
vn -0.9847 -0.0000 0.1744
vn -0.9864 -0.0000 0.1643
vn -0.9882 -0.0000 0.1531
vn -0.9900 -0.0000 0.1409
vn -0.9919 -0.0000 0.1273
vn -0.9937 -0.0000 0.1121
vn -0.9955 -0.0000 0.0951
vn -0.9971 -0.0000 0.0757
vn -0.9986 -0.0000 0.0536
vn -0.9996 -0.0000 0.0286
vn -1.0000 -0.0000 -0.0084
vn -0.9979 -0.0000 -0.0654
vn -0.9911 -0.0000 -0.1335
vn -0.9790 -0.0000 -0.2038
vn -0.9613 -0.0000 -0.2754
vn -0.9379 -0.0000 -0.3470
vn -0.9087 -0.0000 -0.4175
vn -0.8742 -0.0000 -0.4856
vn -0.8351 -0.0000 -0.5500
vn -0.7924 -0.0000 -0.6100
vn -0.7469 -0.0000 -0.6650
vn -0.6997 -0.0000 -0.7144
vn -0.6527 -0.0000 -0.7576
vn -0.6062 -0.0000 -0.7953
vn -0.5577 -0.0000 -0.8300
vn -0.5062 -0.0000 -0.8624
vn -0.4521 -0.0000 -0.8920
vn -0.3960 -0.0000 -0.9183
vn -0.3385 -0.0000 -0.9410
vn -0.2802 -0.0000 -0.9599
vn -0.2219 -0.0000 -0.9751
vn -0.1643 -0.0000 -0.9864
vn -0.1078 -0.0000 -0.9942
vn -0.0530 -0.0000 -0.9986
vn 0.0156 -0.0000 -0.9999
vn 0.1216 -0.0000 -0.9926
vn 0.2574 -0.0000 -0.9663
vn 0.4042 -0.0000 -0.9147
vn 0.5512 -0.0000 -0.8343
vn 0.6854 -0.0000 -0.7281
vn 0.7960 -0.0000 -0.6053
vn 0.8784 -0.0000 -0.4780
vn 0.9343 -0.0000 -0.3565
vn 0.9690 -0.0000 -0.2470
vn 0.9884 -0.0000 -0.1517
vn 0.9975 -0.0000 -0.0703
vn 1.0000 -0.0000 -0.0014
vn 0.9981 -0.0000 0.0613
vn 0.9921 -0.0000 0.1252
vn 0.9815 -0.0000 0.1914
vn 0.9658 -0.0000 0.2593
vn 0.9448 -0.0000 0.3278
vn 0.9184 -0.0000 0.3957
vn 0.8868 -0.0000 0.4621
vn 0.8506 -0.0000 0.5258
vn 0.8104 -0.0000 0.5858
vn 0.7671 -0.0000 0.6415
vn 0.7216 -0.0000 0.6923
vn 0.6752 -0.0000 0.7376
vn 0.6272 -0.0000 0.7788
vn 0.5760 -0.0000 0.8174
vn 0.5216 -0.0000 0.8532
vn 0.4645 -0.0000 0.8856
vn 0.4054 -0.0000 0.9141
vn 0.3452 -0.0000 0.9385
vn 0.2846 -0.0000 0.9586
vn 0.2245 -0.0000 0.9745
vn 0.1654 -0.0000 0.9862
vn 0.1081 -0.0000 0.9941
vn 0.0529 -0.0000 0.9986
vn -0.0198 -0.0000 0.9998
vn -0.1385 -0.0000 0.9904
vn -0.2910 -0.0000 0.9567
vn -0.4504 -0.0000 0.8928
vn -0.6021 -0.0000 0.7984
vn -0.7320 -0.0000 0.6813
vn -0.8323 -0.0000 0.5543
vn -0.9028 -0.0000 0.4301
vn -0.9485 -0.0000 0.3167
vn -0.9760 -0.0000 0.2177
vn -0.9911 -0.0000 0.1331
vn -0.9981 -0.0000 0.0615
vn -0.9976 -0.0000 -0.0691
vn -0.9901 -0.0000 -0.1405
vn -0.9769 -0.0000 -0.2137
vn -0.9578 -0.0000 -0.2875
vn -0.9327 -0.0000 -0.3606
vn -0.9020 -0.0000 -0.4317
vn -0.8663 -0.0000 -0.4995
vn -0.8264 -0.0000 -0.5631
vn -0.7833 -0.0000 -0.6216
vn -0.7382 -0.0000 -0.6746
vn -0.6920 -0.0000 -0.7219
vn -0.6394 -0.0000 -0.7688
vn -0.5868 -0.0000 -0.8097
vn -0.5395 -0.0000 -0.8420
vn -0.4895 -0.0000 -0.8720
vn -0.4372 -0.0000 -0.8994
vn -0.3830 -0.0000 -0.9238
vn -0.3275 -0.0000 -0.9449
vn -0.2713 -0.0000 -0.9625
vn -0.2151 -0.0000 -0.9766
vn -0.1594 -0.0000 -0.9872
vn -0.1048 -0.0000 -0.9945
vn -0.0516 -0.0000 -0.9987
vn 0.0203 -0.0000 -0.9998
vn 0.1394 -0.0000 -0.9902
vn 0.2928 -0.0000 -0.9562
vn 0.4527 -0.0000 -0.8917
vn 0.6046 -0.0000 -0.7965
vn 0.7343 -0.0000 -0.6789
vn 0.8340 -0.0000 -0.5518
vn 0.9039 -0.0000 -0.4278
vn 0.9491 -0.0000 -0.3149
vn 0.9763 -0.0000 -0.2163
vn 0.9912 -0.0000 -0.1322
vn 0.9981 -0.0000 0.0620
vn 0.9920 -0.0000 0.1265
vn 0.9812 -0.0000 0.1932
vn 0.9652 -0.0000 0.2615
vn 0.9439 -0.0000 0.3301
vn 0.9174 -0.0000 0.3981
vn 0.8857 -0.0000 0.4642
vn 0.8495 -0.0000 0.5275
vn 0.8095 -0.0000 0.5871
vn 0.7665 -0.0000 0.6423
vn 0.7214 -0.0000 0.6925
vn 1.0000 -0.0000 0.0041
vn 0.9937 -0.0000 0.1122
vn 0.9841 -0.0000 0.1776
vn 0.9683 -0.0000 0.2497
vn 0.9446 -0.0000 0.3283
vn 0.9111 -0.0000 0.4123
vn 0.8661 -0.0000 0.4999
vn 0.8086 -0.0000 0.5883
vn 0.7387 -0.0000 0.6741
vn 0.6576 -0.0000 0.7534
vn 0.5681 -0.0000 0.8230
vn 0.4884 -0.0000 0.8726
vn 0.4422 -0.0000 0.8969
vn 0.4147 -0.0000 0.9099
vn 0.3851 -0.0000 0.9229
vn 0.3530 -0.0000 0.9356
vn 0.3185 -0.0000 0.9479
vn 0.2813 -0.0000 0.9596
vn 0.1986 -0.0000 0.9801
vn 0.1530 -0.0000 0.9882
vn 0.1046 -0.0000 0.9945
vn 0.0534 -0.0000 0.9986
vn -0.0009 -0.0000 1.0000
vn -0.0585 -0.0000 0.9983
vn -0.1184 -0.0000 0.9930
vn -0.1795 -0.0000 0.9838
vn -0.2410 -0.0000 0.9705
vn -0.3022 -0.0000 0.9532
vn -0.3624 -0.0000 0.9320
vn -0.4208 -0.0000 0.9071
vn -0.4768 -0.0000 0.8790
vn -0.5298 -0.0000 0.8481
vn -0.5795 -0.0000 0.8150
vn -0.6255 -0.0000 0.7803
vn -0.6689 -0.0000 0.7434
vn -0.7123 -0.0000 0.7019
vn -0.7559 -0.0000 0.6546
vn -0.7984 -0.0000 0.6022
vn -0.8386 -0.0000 0.5448
vn -0.8757 -0.0000 0.4828
vn -0.9089 -0.0000 0.4169
vn -0.9374 -0.0000 0.3482
vn -0.9607 -0.0000 0.2777
vn -0.9785 -0.0000 0.2065
vn -0.9907 -0.0000 0.1359
vn -0.9978 -0.0000 0.0669
vn -1.0000 -0.0000 -0.0045
vn -0.9964 -0.0000 -0.0846
vn -0.9855 -0.0000 -0.1700
vn -0.9671 -0.0000 -0.2544
vn -0.9418 -0.0000 -0.3361
vn -0.9105 -0.0000 -0.4134
vn -0.8744 -0.0000 -0.4852
vn -0.8348 -0.0000 -0.5506
vn -0.7930 -0.0000 -0.6092
vn -0.7502 -0.0000 -0.6612
vn -0.7075 -0.0000 -0.7067
vn -0.6656 -0.0000 -0.7463
vn -0.6181 -0.0000 -0.7861
vn -0.5915 -0.0000 -0.8063
vn -0.5929 -0.0000 -0.8053
vn -0.5959 -0.0000 -0.8031
vn -0.5973 -0.0000 -0.8020
vn -0.5988 -0.0000 -0.8009
vn -0.6002 -0.0000 -0.7998
vn -0.6017 -0.0000 -0.7988
vn -0.6031 -0.0000 -0.7977
vn -0.6046 -0.0000 -0.7966
vn -0.6060 -0.0000 -0.7955
vn -0.6719 -0.0000 -0.7406
vn -0.7619 -0.0000 -0.6476
vn -0.8158 -0.0000 -0.5784
vn -0.8615 -0.0000 -0.5078
vn -0.8991 -0.0000 -0.4378
vn -0.9291 -0.0000 -0.3697
vn -0.9699 -0.0000 -0.2436
vn -0.9824 -0.0000 -0.1866
vn -0.9910 -0.0000 -0.1339
vn -0.9963 -0.0000 -0.0854
vn -0.9992 -0.0000 -0.0410
vn -1.0000 -0.0000 -0.0038
vn -0.9997 -0.0000 0.0244
vn -0.9988 -0.0000 0.0485
vn -0.9974 -0.0000 0.0725
vn -0.9954 -0.0000 0.0961
vn -0.9928 -0.0000 0.1195
vn -0.9898 -0.0000 0.1425
vn -0.9863 -0.0000 0.1651
vn -0.9823 -0.0000 0.1874
vn -0.9779 -0.0000 0.2092
vn -0.9730 -0.0000 0.2306
vn -0.9679 -0.0000 0.2515
vn -0.9618 -0.0000 0.2737
vn -0.9544 -0.0000 0.2986
vn -0.9455 -0.0000 0.3255
vn -0.9353 -0.0000 0.3539
vn -0.9234 -0.0000 0.3839
vn -0.9096 -0.0000 0.4154
vn -0.8937 -0.0000 0.4486
vn -0.8546 -0.0000 0.5193
vn -0.8307 -0.0000 0.5567
vn -0.8036 -0.0000 0.5952
vn -0.7729 -0.0000 0.6345
vn -0.7288 -0.0000 0.6847
vn -0.6999 -0.0000 0.7142
vn -0.7000 -0.0000 0.7142
vn -0.7217 -0.0000 0.6922
vn -0.7530 -0.0000 0.6580
vn -0.7742 -0.0000 0.6330
vn -0.7969 -0.0000 0.6041
vn -0.8213 -0.0000 0.5705
vn -0.8742 -0.0000 0.4855
vn -0.9021 -0.0000 0.4316
vn -0.9297 -0.0000 0.3683
vn -0.9558 -0.0000 0.2941
vn -0.9781 -0.0000 0.2080
vn -0.9940 -0.0000 0.1093
vn -0.9999 -0.0000 0.0123
vn -0.9979 -0.0000 -0.0650
vn -0.9913 -0.0000 -0.1314
vn -0.9801 -0.0000 -0.1987
vn -0.9640 -0.0000 -0.2658
vn -0.9434 -0.0000 -0.3317
vn -0.9184 -0.0000 -0.3956
vn -0.8896 -0.0000 -0.4567
vn -0.8576 -0.0000 -0.5143
vn -0.8232 -0.0000 -0.5678
vn -0.7869 -0.0000 -0.6171
vn -0.7496 -0.0000 -0.6619
vn -0.7109 -0.0000 -0.7033
vn -0.6685 -0.0000 -0.7437
vn -0.6212 -0.0000 -0.7837
vn -0.5694 -0.0000 -0.8221
vn -0.5134 -0.0000 -0.8582
vn -0.4537 -0.0000 -0.8912
vn -0.3909 -0.0000 -0.9204
vn -0.3259 -0.0000 -0.9454
vn -0.2596 -0.0000 -0.9657
vn -0.1930 -0.0000 -0.9812
vn -0.1271 -0.0000 -0.9919
vn -0.0626 -0.0000 -0.9980
vn 0.0034 -0.0000 -1.0000
vn 0.0734 -0.0000 -0.9973
vn 0.1420 -0.0000 -0.9899
vn 0.2048 -0.0000 -0.9788
vn 0.2619 -0.0000 -0.9651
vn 0.3135 -0.0000 -0.9496
vn 0.3599 -0.0000 -0.9330
vn 0.4016 -0.0000 -0.9158
vn 0.4390 -0.0000 -0.8985
vn 0.4726 -0.0000 -0.8813
vn 0.5028 -0.0000 -0.8644
vn 0.5300 -0.0000 -0.8480
vn 0.5625 -0.0000 -0.8268
vn 0.6062 -0.0000 -0.7953
vn 0.6526 -0.0000 -0.7577
vn 0.6954 -0.0000 -0.7186
vn 0.7344 -0.0000 -0.6787
vn 0.7697 -0.0000 -0.6384
vn 0.8013 -0.0000 -0.5983
vn 0.8294 -0.0000 -0.5586
vn 0.8542 -0.0000 -0.5199
vn 0.8760 -0.0000 -0.4823
vn 0.8950 -0.0000 -0.4460
vn 0.9252 -0.0000 -0.3796
vn 0.9362 -0.0000 -0.3514
vn 0.9463 -0.0000 -0.3234
vn 0.9557 -0.0000 -0.2945
vn 0.9643 -0.0000 -0.2646
vn 0.9723 -0.0000 -0.2339
vn 0.9793 -0.0000 -0.2023
vn 0.9855 -0.0000 -0.1700
vn 0.9906 -0.0000 -0.1369
vn 0.9946 -0.0000 -0.1033
vn 0.9976 -0.0000 -0.0692
vn 0.9994 -0.0000 -0.0347
vt 0.811518 0.000000
vt 0.821990 0.000000
vt 0.816754 0.000000
vt 0.827225 0.000000
vt 0.806283 0.000000
vt 0.832461 0.000000
vt 0.801047 0.000000
vt 0.837696 0.000000
vt 0.795812 0.000000
vt 0.842932 0.000000
vt 0.790576 0.000000
vt 0.848168 0.000000
vt 0.785340 0.000000
vt 0.853403 0.000000
vt 0.780105 0.000000
vt 0.858639 0.000000
vt 0.774869 0.000000
vt 0.863874 0.000000
vt 0.769634 0.000000
vt 0.869110 0.000000
vt 0.764398 0.000000
vt 0.874346 0.000000
vt 0.759162 0.000000
vt 0.879581 0.000000
vt 0.753927 0.000000
vt 0.884817 0.000000
vt 0.748691 0.000000
vt 0.743455 0.000000
vt 0.738220 0.000000
vt 0.890052 0.000000
vt 0.732984 0.000000
vt 0.727749 0.000000
vt 0.722513 0.000000
vt 0.717277 0.000000
vt 0.895288 0.000000
vt 0.712042 0.000000
vt 0.706806 0.000000
vt 0.701571 0.000000
vt 0.696335 0.000000
vt 0.900524 0.000000
vt 0.691099 0.000000
vt 0.685864 0.000000
vt 0.680628 0.000000
vt 0.675393 0.000000
vt 0.905759 0.000000
vt 0.670157 0.000000
vt 0.664921 0.000000
vt 0.659686 0.000000
vt 0.910995 0.000000
vt 0.654450 0.000000
vt 0.649215 0.000000
vt 0.643979 0.000000
vt 0.638743 0.000000
vt 0.916230 0.000000
vt 0.633508 0.000000
vt 0.628272 0.000000
vt 0.623037 0.000000
vt 0.617801 0.000000
vt 0.921466 0.000000
vt 0.612565 0.000000
vt 0.607330 0.000000
vt 0.602094 0.000000
vt 0.596859 0.000000
vt 0.591623 0.000000
vt 0.926702 0.000000
vt 0.586387 0.000000
vt 0.581152 0.000000
vt 0.575916 0.000000
vt 0.570681 0.000000
vt 0.565445 0.000000
vt 0.931937 0.000000
vt 0.560209 0.000000
vt 0.554974 0.000000
vt 0.549738 0.000000
vt 0.937173 0.000000
vt 0.544503 0.000000
vt 0.539267 0.000000
vt 0.942408 0.000000
vt 0.534031 0.000000
vt 0.528796 0.000000
vt 0.947644 0.000000
vt 0.523560 0.000000
vt 0.952880 0.000000
vt 0.518325 0.000000
vt 0.513089 0.000000
vt 0.958115 0.000000
vt 0.507853 0.000000
vt 0.963351 0.000000
vt 0.502618 0.000000
vt 0.968586 0.000000
vt 0.497382 0.000000
vt 0.492147 0.000000
vt 0.973822 0.000000
vt 0.486911 0.000000
vt 0.979058 0.000000
vt 0.481675 0.000000
vt 0.476440 0.000000
vt 0.984293 0.000000
vt 0.471204 0.000000
vt 0.989529 0.000000
vt 0.465969 0.000000
vt 0.994764 0.000000
vt 0.460733 0.000000
vt 0.455497 0.000000
vt 1.000000 0.000000
vt 0.450262 0.000000
vt 0.000000 0.000000
vt 0.445026 0.000000
vt 0.439791 0.000000
vt 0.005236 0.000000
vt 0.434555 0.000000
vt 0.429319 0.000000
vt 0.010471 0.000000
vt 0.424084 0.000000
vt 0.015707 0.000000
vt 0.418848 0.000000
vt 0.413613 0.000000
vt 0.020942 0.000000
vt 0.408377 0.000000
vt 0.403141 0.000000
vt 0.026178 0.000000
vt 0.397906 0.000000
vt 0.031414 0.000000
vt 0.392670 0.000000
vt 0.387435 0.000000
vt 0.036649 0.000000
vt 0.382199 0.000000
vt 0.376963 0.000000
vt 0.041885 0.000000
vt 0.371728 0.000000
vt 0.366492 0.000000
vt 0.361257 0.000000
vt 0.356021 0.000000
vt 0.350785 0.000000
vt 0.345550 0.000000
vt 0.340314 0.000000
vt 0.335079 0.000000
vt 0.329843 0.000000
vt 0.324607 0.000000
vt 0.047120 0.000000
vt 0.319372 0.000000
vt 0.314136 0.000000
vt 0.308901 0.000000
vt 0.303665 0.000000
vt 0.298429 0.000000
vt 0.293194 0.000000
vt 0.287958 0.000000
vt 0.282723 0.000000
vt 0.052356 0.000000
vt 0.277487 0.000000
vt 0.272251 0.000000
vt 0.267016 0.000000
vt 0.261780 0.000000
vt 0.256545 0.000000
vt 0.251309 0.000000
vt 0.057592 0.000000
vt 0.246073 0.000000
vt 0.240838 0.000000
vt 0.235602 0.000000
vt 0.230366 0.000000
vt 0.225131 0.000000
vt 0.219895 0.000000
vt 0.214660 0.000000
vt 0.062827 0.000000
vt 0.209424 0.000000
vt 0.204188 0.000000
vt 0.198953 0.000000
vt 0.193717 0.000000
vt 0.188482 0.000000
vt 0.183246 0.000000
vt 0.178010 0.000000
vt 0.068063 0.000000
vt 0.172775 0.000000
vt 0.073298 0.000000
vt 0.167539 0.000000
vt 0.078534 0.000000
vt 0.162304 0.000000
vt 0.083770 0.000000
vt 0.089005 0.000000
vt 0.157068 0.000000
vt 0.094241 0.000000
vt 0.151832 0.000000
vt 0.099476 0.000000
vt 0.146597 0.000000
vt 0.104712 0.000000
vt 0.141361 0.000000
vt 0.109948 0.000000
vt 0.136126 0.000000
vt 0.115183 0.000000
vt 0.130890 0.000000
vt 0.120419 0.000000
vt 0.125654 0.000000
vt 0.865922 0.000000
vt 0.877095 0.000000
vt 0.871508 0.000000
vt 0.860335 0.000000
vt 0.854749 0.000000
vt 0.882682 0.000000
vt 0.849162 0.000000
vt 0.843575 0.000000
vt 0.888268 0.000000
vt 0.837989 0.000000
vt 0.832402 0.000000
vt 0.893855 0.000000
vt 0.826816 0.000000
vt 0.821229 0.000000
vt 0.815642 0.000000
vt 0.899441 0.000000
vt 0.810056 0.000000
vt 0.804469 0.000000
vt 0.905028 0.000000
vt 0.798883 0.000000
vt 0.793296 0.000000
vt 0.787709 0.000000
vt 0.910615 0.000000
vt 0.782123 0.000000
vt 0.776536 0.000000
vt 0.916201 0.000000
vt 0.770950 0.000000
vt 0.765363 0.000000
vt 0.759777 0.000000
vt 0.921788 0.000000
vt 0.754190 0.000000
vt 0.748603 0.000000
vt 0.743017 0.000000
vt 0.927374 0.000000
vt 0.737430 0.000000
vt 0.731844 0.000000
vt 0.726257 0.000000
vt 0.720670 0.000000
vt 0.715084 0.000000
vt 0.932961 0.000000
vt 0.709497 0.000000
vt 0.703911 0.000000
vt 0.698324 0.000000
vt 0.692737 0.000000
vt 0.687151 0.000000
vt 0.681564 0.000000
vt 0.675978 0.000000
vt 0.670391 0.000000
vt 0.664804 0.000000
vt 0.938547 0.000000
vt 0.659218 0.000000
vt 0.653631 0.000000
vt 0.648045 0.000000
vt 0.642458 0.000000
vt 0.636872 0.000000
vt 0.631285 0.000000
vt 0.625698 0.000000
vt 0.620112 0.000000
vt 0.614525 0.000000
vt 0.608939 0.000000
vt 0.603352 0.000000
vt 0.597765 0.000000
vt 0.944134 0.000000
vt 0.592179 0.000000
vt 0.949721 0.000000
vt 0.586592 0.000000
vt 0.955307 0.000000
vt 0.581006 0.000000
vt 0.960894 0.000000
vt 0.575419 0.000000
vt 0.966480 0.000000
vt 0.569832 0.000000
vt 0.972067 0.000000
vt 0.564246 0.000000
vt 0.977654 0.000000
vt 0.558659 0.000000
vt 0.983240 0.000000
vt 0.553073 0.000000
vt 0.988827 0.000000
vt 0.547486 0.000000
vt 0.994413 0.000000
vt 0.541899 0.000000
vt 0.536313 0.000000
vt 0.402235 0.000000
vt 0.530726 0.000000
vt 0.407821 0.000000
vt 0.525140 0.000000
vt 0.413408 0.000000
vt 0.519553 0.000000
vt 0.418994 0.000000
vt 0.513967 0.000000
vt 0.424581 0.000000
vt 0.508380 0.000000
vt 0.430168 0.000000
vt 0.502793 0.000000
vt 0.435754 0.000000
vt 0.497207 0.000000
vt 0.441341 0.000000
vt 0.491620 0.000000
vt 0.446927 0.000000
vt 0.486034 0.000000
vt 0.452514 0.000000
vt 0.480447 0.000000
vt 0.458101 0.000000
vt 0.474860 0.000000
vt 0.463687 0.000000
vt 0.469274 0.000000
vt 0.262570 0.000000
vt 0.273743 0.000000
vt 0.268156 0.000000
vt 0.256983 0.000000
vt 0.251397 0.000000
vt 0.279330 0.000000
vt 0.245810 0.000000
vt 0.240223 0.000000
vt 0.234637 0.000000
vt 0.284916 0.000000
vt 0.229050 0.000000
vt 0.223464 0.000000
vt 0.290503 0.000000
vt 0.217877 0.000000
vt 0.212290 0.000000
vt 0.206704 0.000000
vt 0.296089 0.000000
vt 0.201117 0.000000
vt 0.195531 0.000000
vt 0.301676 0.000000
vt 0.189944 0.000000
vt 0.184358 0.000000
vt 0.178771 0.000000
vt 0.307263 0.000000
vt 0.173184 0.000000
vt 0.167598 0.000000
vt 0.162011 0.000000
vt 0.312849 0.000000
vt 0.156425 0.000000
vt 0.150838 0.000000
vt 0.145251 0.000000
vt 0.318436 0.000000
vt 0.139665 0.000000
vt 0.134078 0.000000
vt 0.128492 0.000000
vt 0.324022 0.000000
vt 0.329609 0.000000
vt 0.122905 0.000000
vt 0.335196 0.000000
vt 0.117318 0.000000
vt 0.340782 0.000000
vt 0.111732 0.000000
vt 0.346369 0.000000
vt 0.351955 0.000000
vt 0.357542 0.000000
vt 0.106145 0.000000
vt 0.363128 0.000000
vt 0.368715 0.000000
vt 0.374302 0.000000
vt 0.100559 0.000000
vt 0.379888 0.000000
vt 0.385475 0.000000
vt 0.094972 0.000000
vt 0.391061 0.000000
vt 0.396648 0.000000
vt 0.089385 0.000000
vt 0.005587 0.000000
vt 0.011173 0.000000
vt 0.016760 0.000000
vt 0.083799 0.000000
vt 0.022346 0.000000
vt 0.027933 0.000000
vt 0.078212 0.000000
vt 0.033520 0.000000
vt 0.039106 0.000000
vt 0.044693 0.000000
vt 0.072626 0.000000
vt 0.050279 0.000000
vt 0.055866 0.000000
vt 0.067039 0.000000
vt 0.061453 0.000000
vt 0.728090 0.000000
vt 0.732584 0.000000
vt 0.730337 0.000000
vt 0.725843 0.000000
vt 0.723595 0.000000
vt 0.734831 0.000000
vt 0.721348 0.000000
vt 0.719101 0.000000
vt 0.737079 0.000000
vt 0.716854 0.000000
vt 0.714607 0.000000
vt 0.712360 0.000000
vt 0.739326 0.000000
vt 0.710112 0.000000
vt 0.707865 0.000000
vt 0.741573 0.000000
vt 0.617977 0.000000
vt 0.622472 0.000000
vt 0.620225 0.000000
vt 0.624719 0.000000
vt 0.626966 0.000000
vt 0.615730 0.000000
vt 0.705618 0.000000
vt 0.629214 0.000000
vt 0.631461 0.000000
vt 0.613483 0.000000
vt 0.633708 0.000000
vt 0.635955 0.000000
vt 0.703371 0.000000
vt 0.638202 0.000000
vt 0.611236 0.000000
vt 0.640449 0.000000
vt 0.642697 0.000000
vt 0.743820 0.000000
vt 0.701124 0.000000
vt 0.608989 0.000000
vt 0.644944 0.000000
vt 0.647191 0.000000
vt 0.698876 0.000000
vt 0.606742 0.000000
vt 0.649438 0.000000
vt 0.696629 0.000000
vt 0.651685 0.000000
vt 0.653933 0.000000
vt 0.694382 0.000000
vt 0.746067 0.000000
vt 0.604494 0.000000
vt 0.656180 0.000000
vt 0.692135 0.000000
vt 0.658427 0.000000
vt 0.660674 0.000000
vt 0.689888 0.000000
vt 0.662921 0.000000
vt 0.665169 0.000000
vt 0.687640 0.000000
vt 0.667416 0.000000
vt 0.669663 0.000000
vt 0.602247 0.000000
vt 0.671910 0.000000
vt 0.685393 0.000000
vt 0.674157 0.000000
vt 0.676404 0.000000
vt 0.683146 0.000000
vt 0.680899 0.000000
vt 0.748315 0.000000
vt 0.678652 0.000000
vt 0.600000 0.000000
vt 0.597753 0.000000
vt 0.750562 0.000000
vt 0.595506 0.000000
vt 0.752809 0.000000
vt 0.593258 0.000000
vt 0.755056 0.000000
vt 0.591011 0.000000
vt 0.588764 0.000000
vt 0.757303 0.000000
vt 0.586517 0.000000
vt 0.759551 0.000000
vt 0.584270 0.000000
vt 0.761798 0.000000
vt 0.582022 0.000000
vt 0.764045 0.000000
vt 0.579775 0.000000
vt 0.766292 0.000000
vt 0.577528 0.000000
vt 0.768539 0.000000
vt 0.575281 0.000000
vt 0.770787 0.000000
vt 0.573034 0.000000
vt 0.773034 0.000000
vt 0.570787 0.000000
vt 0.775281 0.000000
vt 0.568539 0.000000
vt 0.777528 0.000000
vt 0.566292 0.000000
vt 0.779775 0.000000
vt 0.564045 0.000000
vt 0.561798 0.000000
vt 0.782022 0.000000
vt 0.559551 0.000000
vt 0.557303 0.000000
vt 0.784270 0.000000
vt 0.555056 0.000000
vt 0.786517 0.000000
vt 0.552809 0.000000
vt 0.550562 0.000000
vt 0.548315 0.000000
vt 0.546067 0.000000
vt 0.543820 0.000000
vt 0.788764 0.000000
vt 0.541573 0.000000
vt 0.539326 0.000000
vt 0.537079 0.000000
vt 0.791011 0.000000
vt 0.534831 0.000000
vt 0.532584 0.000000
vt 0.530337 0.000000
vt 0.793258 0.000000
vt 0.528090 0.000000
vt 0.525843 0.000000
vt 0.523596 0.000000
vt 0.795506 0.000000
vt 0.521348 0.000000
vt 0.519101 0.000000
vt 0.516854 0.000000
vt 0.797753 0.000000
vt 0.514607 0.000000
vt 0.512360 0.000000
vt 0.510112 0.000000
vt 0.800000 0.000000
vt 0.802247 0.000000
vt 0.507865 0.000000
vt 0.804494 0.000000
vt 0.806742 0.000000
vt 0.865169 0.000000
vt 0.862921 0.000000
vt 0.808989 0.000000
vt 0.505618 0.000000
vt 0.867416 0.000000
vt 0.869663 0.000000
vt 0.860674 0.000000
vt 0.858427 0.000000
vt 0.856180 0.000000
vt 0.853933 0.000000
vt 0.851685 0.000000
vt 0.849438 0.000000
vt 0.847191 0.000000
vt 0.844944 0.000000
vt 0.842697 0.000000
vt 0.840449 0.000000
vt 0.838202 0.000000
vt 0.811236 0.000000
vt 0.835955 0.000000
vt 0.833708 0.000000
vt 0.831461 0.000000
vt 0.829214 0.000000
vt 0.826966 0.000000
vt 0.824719 0.000000
vt 0.822472 0.000000
vt 0.820225 0.000000
vt 0.817978 0.000000
vt 0.815730 0.000000
vt 0.813483 0.000000
vt 0.871910 0.000000
vt 0.874157 0.000000
vt 0.503371 0.000000
vt 0.876405 0.000000
vt 0.501124 0.000000
vt 0.878652 0.000000
vt 0.880899 0.000000
vt 0.498876 0.000000
vt 0.883146 0.000000
vt 0.885393 0.000000
vt 0.496629 0.000000
vt 0.887640 0.000000
vt 0.889888 0.000000
vt 0.919101 0.000000
vt 0.923595 0.000000
vt 0.921348 0.000000
vt 0.916854 0.000000
vt 0.925843 0.000000
vt 0.914607 0.000000
vt 0.494382 0.000000
vt 0.912360 0.000000
vt 0.928090 0.000000
vt 0.910112 0.000000
vt 0.907865 0.000000
vt 0.930337 0.000000
vt 0.905618 0.000000
vt 0.892135 0.000000
vt 0.932584 0.000000
vt 0.903371 0.000000
vt 0.901124 0.000000
vt 0.934831 0.000000
vt 0.898876 0.000000
vt 0.492135 0.000000
vt 0.894382 0.000000
vt 0.896629 0.000000
vt 0.937079 0.000000
vt 0.939326 0.000000
vt 0.489888 0.000000
vt 0.941573 0.000000
vt 0.943820 0.000000
vt 0.487640 0.000000
vt 0.946067 0.000000
vt 0.948315 0.000000
vt 0.485393 0.000000
vt 0.950562 0.000000
vt 0.952809 0.000000
vt 0.483146 0.000000
vt 0.955056 0.000000
vt 0.480899 0.000000
vt 0.323595 0.000000
vt 0.325843 0.000000
vt 0.321348 0.000000
vt 0.319101 0.000000
vt 0.328090 0.000000
vt 0.957303 0.000000
vt 0.478652 0.000000
vt 0.316854 0.000000
vt 0.330337 0.000000
vt 0.314607 0.000000
vt 0.332584 0.000000
vt 0.312360 0.000000
vt 0.334831 0.000000
vt 0.310112 0.000000
vt 0.307865 0.000000
vt 0.337079 0.000000
vt 0.476404 0.000000
vt 0.305618 0.000000
vt 0.339326 0.000000
vt 0.959551 0.000000
vt 0.303371 0.000000
vt 0.341573 0.000000
vt 0.474157 0.000000
vt 0.301124 0.000000
vt 0.343820 0.000000
vt 0.298876 0.000000
vt 0.471910 0.000000
vt 0.961798 0.000000
vt 0.296629 0.000000
vt 0.346067 0.000000
vt 0.469663 0.000000
vt 0.294382 0.000000
vt 0.348315 0.000000
vt 0.292135 0.000000
vt 0.467416 0.000000
vt 0.964045 0.000000
vt 0.350562 0.000000
vt 0.465169 0.000000
vt 0.289888 0.000000
vt 0.462921 0.000000
vt 0.352809 0.000000
vt 0.287640 0.000000
vt 0.460674 0.000000
vt 0.355056 0.000000
vt 0.966292 0.000000
vt 0.458427 0.000000
vt 0.456180 0.000000
vt 0.357303 0.000000
vt 0.285393 0.000000
vt 0.453933 0.000000
vt 0.359551 0.000000
vt 0.361798 0.000000
vt 0.451685 0.000000
vt 0.283146 0.000000
vt 0.364045 0.000000
vt 0.449438 0.000000
vt 0.968539 0.000000
vt 0.366292 0.000000
vt 0.447191 0.000000
vt 0.280899 0.000000
vt 0.368539 0.000000
vt 0.444944 0.000000
vt 0.370787 0.000000
vt 0.442697 0.000000
vt 0.373034 0.000000
vt 0.278652 0.000000
vt 0.440449 0.000000
vt 0.970787 0.000000
vt 0.375281 0.000000
vt 0.438202 0.000000
vt 0.435955 0.000000
vt 0.377528 0.000000
vt 0.276405 0.000000
vt 0.433708 0.000000
vt 0.379775 0.000000
vt 0.431461 0.000000
vt 0.382022 0.000000
vt 0.429213 0.000000
vt 0.973034 0.000000
vt 0.384270 0.000000
vt 0.274157 0.000000
vt 0.426966 0.000000
vt 0.386517 0.000000
vt 0.424719 0.000000
vt 0.388764 0.000000
vt 0.422472 0.000000
vt 0.391011 0.000000
vt 0.420225 0.000000
vt 0.417978 0.000000
vt 0.393258 0.000000
vt 0.271910 0.000000
vt 0.415730 0.000000
vt 0.395506 0.000000
vt 0.413483 0.000000
vt 0.397753 0.000000
vt 0.411236 0.000000
vt 0.400000 0.000000
vt 0.408989 0.000000
vt 0.402247 0.000000
vt 0.406742 0.000000
vt 0.404494 0.000000
vt 0.975281 0.000000
vt 0.269663 0.000000
vt 0.267416 0.000000
vt 0.977528 0.000000
vt 0.265169 0.000000
vt 0.979775 0.000000
vt 0.262921 0.000000
vt 0.260674 0.000000
vt 0.982022 0.000000
vt 0.258427 0.000000
vt 0.256180 0.000000
vt 0.984270 0.000000
vt 0.253933 0.000000
vt 0.251685 0.000000
vt 0.986517 0.000000
vt 0.249438 0.000000
vt 0.247191 0.000000
vt 0.988764 0.000000
vt 0.132584 0.000000
vt 0.137079 0.000000
vt 0.134831 0.000000
vt 0.130337 0.000000
vt 0.139326 0.000000
vt 0.128090 0.000000
vt 0.141573 0.000000
vt 0.125843 0.000000
vt 0.143820 0.000000
vt 0.123596 0.000000
vt 0.146067 0.000000
vt 0.121348 0.000000
vt 0.148315 0.000000
vt 0.119101 0.000000
vt 0.150562 0.000000
vt 0.244944 0.000000
vt 0.116854 0.000000
vt 0.152809 0.000000
vt 0.114607 0.000000
vt 0.155056 0.000000
vt 0.112360 0.000000
vt 0.157303 0.000000
vt 0.110112 0.000000
vt 0.159551 0.000000
vt 0.242697 0.000000
vt 0.107865 0.000000
vt 0.991011 0.000000
vt 0.161798 0.000000
vt 0.105618 0.000000
vt 0.164045 0.000000
vt 0.103371 0.000000
vt 0.240449 0.000000
vt 0.101124 0.000000
vt 0.166292 0.000000
vt 0.098876 0.000000
vt 0.168539 0.000000
vt 0.096629 0.000000
vt 0.238202 0.000000
vt 0.993258 0.000000
vt 0.094382 0.000000
vt 0.170787 0.000000
vt 0.092135 0.000000
vt 0.173034 0.000000
vt 0.235955 0.000000
vt 0.089888 0.000000
vt 0.175281 0.000000
vt 0.087640 0.000000
vt 0.177528 0.000000
vt 0.233708 0.000000
vt 0.085393 0.000000
vt 0.179775 0.000000
vt 0.995506 0.000000
vt 0.182022 0.000000
vt 0.231461 0.000000
vt 0.083146 0.000000
vt 0.184270 0.000000
vt 0.186517 0.000000
vt 0.188764 0.000000
vt 0.191011 0.000000
vt 0.080899 0.000000
vt 0.229213 0.000000
vt 0.193258 0.000000
vt 0.078652 0.000000
vt 0.195506 0.000000
vt 0.226966 0.000000
vt 0.076404 0.000000
vt 0.197753 0.000000
vt 0.997753 0.000000
vt 0.074157 0.000000
vt 0.224719 0.000000
vt 0.200000 0.000000
vt 0.071910 0.000000
vt 0.202247 0.000000
vt 0.222472 0.000000
vt 0.204494 0.000000
vt 0.069663 0.000000
vt 0.206742 0.000000
vt 0.220225 0.000000
vt 0.208989 0.000000
vt 0.217978 0.000000
vt 0.211236 0.000000
vt 0.067416 0.000000
vt 0.213483 0.000000
vt 0.215730 0.000000
vt 0.065169 0.000000
vt 0.062921 0.000000
vt 0.060674 0.000000
vt 0.058427 0.000000
vt 0.056180 0.000000
vt 0.053933 0.000000
vt 0.051685 0.000000
vt 0.002247 0.000000
vt 0.049438 0.000000
vt 0.004494 0.000000
vt 0.047191 0.000000
vt 0.006742 0.000000
vt 0.044944 0.000000
vt 0.008989 0.000000
vt 0.042697 0.000000
vt 0.011236 0.000000
vt 0.040449 0.000000
vt 0.013483 0.000000
vt 0.038202 0.000000
vt 0.015730 0.000000
vt 0.035955 0.000000
vt 0.017978 0.000000
vt 0.033708 0.000000
vt 0.020225 0.000000
vt 0.031461 0.000000
vt 0.022472 0.000000
vt 0.029213 0.000000
vt 0.024719 0.000000
vt 0.026966 0.000000
vt 0.666667 0.000000
vt 0.671717 0.000000
vt 0.669192 0.000000
vt 0.664141 0.000000
vt 0.674242 0.000000
vt 0.661616 0.000000
vt 0.676768 0.000000
vt 0.659091 0.000000
vt 0.679293 0.000000
vt 0.656566 0.000000
vt 0.681818 0.000000
vt 0.654040 0.000000
vt 0.684343 0.000000
vt 0.651515 0.000000
vt 0.686869 0.000000
vt 0.648990 0.000000
vt 0.689394 0.000000
vt 0.646465 0.000000
vt 0.643939 0.000000
vt 0.691919 0.000000
vt 0.641414 0.000000
vt 0.694444 0.000000
vt 0.638889 0.000000
vt 0.696970 0.000000
vt 0.636364 0.000000
vt 0.699495 0.000000
vt 0.633838 0.000000
vt 0.631313 0.000000
vt 0.702020 0.000000
vt 0.628788 0.000000
vt 0.704545 0.000000
vt 0.626263 0.000000
vt 0.623737 0.000000
vt 0.707071 0.000000
vt 0.621212 0.000000
vt 0.709596 0.000000
vt 0.618687 0.000000
vt 0.616162 0.000000
vt 0.712121 0.000000
vt 0.613636 0.000000
vt 0.714646 0.000000
vt 0.611111 0.000000
vt 0.608586 0.000000
vt 0.717172 0.000000
vt 0.606061 0.000000
vt 0.719697 0.000000
vt 0.603535 0.000000
vt 0.601010 0.000000
vt 0.598485 0.000000
vt 0.457071 0.000000
vt 0.459596 0.000000
vt 0.454545 0.000000
vt 0.722222 0.000000
vt 0.595960 0.000000
vt 0.452020 0.000000
vt 0.462121 0.000000
vt 0.449495 0.000000
vt 0.446970 0.000000
vt 0.464646 0.000000
vt 0.444444 0.000000
vt 0.467172 0.000000
vt 0.441919 0.000000
vt 0.593434 0.000000
vt 0.439394 0.000000
vt 0.469697 0.000000
vt 0.436869 0.000000
vt 0.472222 0.000000
vt 0.434343 0.000000
vt 0.590909 0.000000
vt 0.431818 0.000000
vt 0.474747 0.000000
vt 0.724747 0.000000
vt 0.429293 0.000000
vt 0.588384 0.000000
vt 0.426768 0.000000
vt 0.477273 0.000000
vt 0.585859 0.000000
vt 0.424242 0.000000
vt 0.479798 0.000000
vt 0.421717 0.000000
vt 0.583333 0.000000
vt 0.419192 0.000000
vt 0.727273 0.000000
vt 0.482323 0.000000
vt 0.580808 0.000000
vt 0.416667 0.000000
vt 0.414141 0.000000
vt 0.578283 0.000000
vt 0.484848 0.000000
vt 0.411616 0.000000
vt 0.575758 0.000000
vt 0.409091 0.000000
vt 0.729798 0.000000
vt 0.487374 0.000000
vt 0.406566 0.000000
vt 0.573232 0.000000
vt 0.404040 0.000000
vt 0.570707 0.000000
vt 0.401515 0.000000
vt 0.489899 0.000000
vt 0.398990 0.000000
vt 0.568182 0.000000
vt 0.732323 0.000000
vt 0.396465 0.000000
vt 0.565657 0.000000
vt 0.492424 0.000000
vt 0.393939 0.000000
vt 0.563131 0.000000
vt 0.494949 0.000000
vt 0.560606 0.000000
vt 0.558081 0.000000
vt 0.734848 0.000000
vt 0.497475 0.000000
vt 0.391414 0.000000
vt 0.555556 0.000000
vt 0.553030 0.000000
vt 0.500000 0.000000
vt 0.550505 0.000000
vt 0.502525 0.000000
vt 0.547980 0.000000
vt 0.737374 0.000000
vt 0.388889 0.000000
vt 0.545455 0.000000
vt 0.505050 0.000000
vt 0.542929 0.000000
vt 0.540404 0.000000
vt 0.507576 0.000000
vt 0.537879 0.000000
vt 0.535354 0.000000
vt 0.510101 0.000000
vt 0.532828 0.000000
vt 0.530303 0.000000
vt 0.512626 0.000000
vt 0.386364 0.000000
vt 0.527778 0.000000
vt 0.525253 0.000000
vt 0.515152 0.000000
vt 0.739899 0.000000
vt 0.522727 0.000000
vt 0.520202 0.000000
vt 0.517677 0.000000
vt 0.383838 0.000000
vt 0.742424 0.000000
vt 0.381313 0.000000
vt 0.744950 0.000000
vt 0.378788 0.000000
vt 0.747475 0.000000
vt 0.376263 0.000000
vt 0.750000 0.000000
vt 0.373737 0.000000
vt 0.752525 0.000000
vt 0.371212 0.000000
vt 0.755050 0.000000
vt 0.368687 0.000000
vt 0.757576 0.000000
vt 0.366162 0.000000
vt 0.760101 0.000000
vt 0.363636 0.000000
vt 0.361111 0.000000
vt 0.762626 0.000000
vt 0.358586 0.000000
vt 0.765152 0.000000
vt 0.356061 0.000000
vt 0.767677 0.000000
vt 0.353535 0.000000
vt 0.770202 0.000000
vt 0.351010 0.000000
vt 0.772727 0.000000
vt 0.348485 0.000000
vt 0.775253 0.000000
vt 0.345960 0.000000
vt 0.777778 0.000000
vt 0.343434 0.000000
vt 0.780303 0.000000
vt 0.340909 0.000000
vt 0.782828 0.000000
vt 0.338384 0.000000
vt 0.785354 0.000000
vt 0.335859 0.000000
vt 0.787879 0.000000
vt 0.333333 0.000000
vt 0.790404 0.000000
vt 0.330808 0.000000
vt 0.792929 0.000000
vt 0.328283 0.000000
vt 0.795455 0.000000
vt 0.325758 0.000000
vt 0.797980 0.000000
vt 0.323232 0.000000
vt 0.800505 0.000000
vt 0.803030 0.000000
vt 0.320707 0.000000
vt 0.805556 0.000000
vt 0.318182 0.000000
vt 0.808081 0.000000
vt 0.315657 0.000000
vt 0.810606 0.000000
vt 0.313131 0.000000
vt 0.813131 0.000000
vt 0.310606 0.000000
vt 0.815657 0.000000
vt 0.818182 0.000000
vt 0.308081 0.000000
vt 0.820707 0.000000
vt 0.305556 0.000000
vt 0.823232 0.000000
vt 0.303030 0.000000
vt 0.825758 0.000000
vt 0.300505 0.000000
vt 0.828283 0.000000
vt 0.297980 0.000000
vt 0.830808 0.000000
vt 0.295455 0.000000
vt 0.833333 0.000000
vt 0.292929 0.000000
vt 0.835859 0.000000
vt 0.290404 0.000000
vt 0.838384 0.000000
vt 0.287879 0.000000
vt 0.840909 0.000000
vt 0.285354 0.000000
vt 0.843434 0.000000
vt 0.282828 0.000000
vt 0.845960 0.000000
vt 0.848485 0.000000
vt 0.280303 0.000000
vt 0.909091 0.000000
vt 0.914141 0.000000
vt 0.911616 0.000000
vt 0.906566 0.000000
vt 0.916667 0.000000
vt 0.904040 0.000000
vt 0.901515 0.000000
vt 0.851010 0.000000
vt 0.919192 0.000000
vt 0.898990 0.000000
vt 0.896465 0.000000
vt 0.921717 0.000000
vt 0.893939 0.000000
vt 0.891414 0.000000
vt 0.924242 0.000000
vt 0.888889 0.000000
vt 0.277778 0.000000
vt 0.886364 0.000000
vt 0.926768 0.000000
vt 0.883838 0.000000
vt 0.881313 0.000000
vt 0.929293 0.000000
vt 0.878788 0.000000
vt 0.876263 0.000000
vt 0.931818 0.000000
vt 0.873737 0.000000
vt 0.871212 0.000000
vt 0.934343 0.000000
vt 0.868687 0.000000
vt 0.866162 0.000000
vt 0.863636 0.000000
vt 0.936869 0.000000
vt 0.861111 0.000000
vt 0.858586 0.000000
vt 0.856061 0.000000
vt 0.853535 0.000000
vt 0.939394 0.000000
vt 0.941919 0.000000
vt 0.275253 0.000000
vt 0.944444 0.000000
vt 0.946970 0.000000
vt 0.949495 0.000000
vt 0.952020 0.000000
vt 0.272727 0.000000
vt 0.954545 0.000000
vt 0.957071 0.000000
vt 0.270202 0.000000
vt 0.959596 0.000000
vt 0.267677 0.000000
vt 0.962121 0.000000
vt 0.964646 0.000000
vt 0.265152 0.000000
vt 0.967172 0.000000
vt 0.262626 0.000000
vt 0.969697 0.000000
vt 0.260101 0.000000
vt 0.972222 0.000000
vt 0.257576 0.000000
vt 0.974747 0.000000
vt 0.255051 0.000000
vt 0.977273 0.000000
vt 0.252525 0.000000
vt 0.979798 0.000000
vt 0.982323 0.000000
vt 0.250000 0.000000
vt 0.984848 0.000000
vt 0.247475 0.000000
vt 0.987374 0.000000
vt 0.244949 0.000000
vt 0.989899 0.000000
vt 0.242424 0.000000
vt 0.992424 0.000000
vt 0.994950 0.000000
vt 0.239899 0.000000
vt 0.997475 0.000000
vt 0.237374 0.000000
vt 0.234848 0.000000
vt 0.002525 0.000000
vt 0.232323 0.000000
vt 0.005051 0.000000
vt 0.229798 0.000000
vt 0.007576 0.000000
vt 0.227273 0.000000
vt 0.010101 0.000000
vt 0.224747 0.000000
vt 0.093434 0.000000
vt 0.090909 0.000000
vt 0.012626 0.000000
vt 0.095960 0.000000
vt 0.098485 0.000000
vt 0.101010 0.000000
vt 0.103535 0.000000
vt 0.088384 0.000000
vt 0.106061 0.000000
vt 0.085859 0.000000
vt 0.083333 0.000000
vt 0.080808 0.000000
vt 0.108586 0.000000
vt 0.078283 0.000000
vt 0.111111 0.000000
vt 0.075758 0.000000
vt 0.222222 0.000000
vt 0.073232 0.000000
vt 0.113636 0.000000
vt 0.015152 0.000000
vt 0.070707 0.000000
vt 0.116162 0.000000
vt 0.068182 0.000000
vt 0.118687 0.000000
vt 0.065657 0.000000
vt 0.219697 0.000000
vt 0.121212 0.000000
vt 0.063131 0.000000
vt 0.017677 0.000000
vt 0.123737 0.000000
vt 0.060606 0.000000
vt 0.217172 0.000000
vt 0.126263 0.000000
vt 0.058081 0.000000
vt 0.214646 0.000000
vt 0.020202 0.000000
vt 0.055556 0.000000
vt 0.212121 0.000000
vt 0.128788 0.000000
vt 0.209596 0.000000
vt 0.207071 0.000000
vt 0.204545 0.000000
vt 0.202020 0.000000
vt 0.199495 0.000000
vt 0.196970 0.000000
vt 0.053030 0.000000
vt 0.194444 0.000000
vt 0.131313 0.000000
vt 0.191919 0.000000
vt 0.050505 0.000000
vt 0.189394 0.000000
vt 0.022727 0.000000
vt 0.133838 0.000000
vt 0.186869 0.000000
vt 0.047980 0.000000
vt 0.184343 0.000000
vt 0.136364 0.000000
vt 0.181818 0.000000
vt 0.045455 0.000000
vt 0.025253 0.000000
vt 0.179293 0.000000
vt 0.138889 0.000000
vt 0.042929 0.000000
vt 0.176768 0.000000
vt 0.040404 0.000000
vt 0.141414 0.000000
vt 0.174242 0.000000
vt 0.027778 0.000000
vt 0.037879 0.000000
vt 0.171717 0.000000
vt 0.143939 0.000000
vt 0.035354 0.000000
vt 0.169192 0.000000
vt 0.030303 0.000000
vt 0.032828 0.000000
vt 0.146465 0.000000
vt 0.166667 0.000000
vt 0.164141 0.000000
vt 0.148990 0.000000
vt 0.161616 0.000000
vt 0.151515 0.000000
vt 0.159091 0.000000
vt 0.156566 0.000000
vt 0.154040 0.000000
vt 0.283582 0.000000
vt 0.289552 0.000000
vt 0.286567 0.000000
vt 0.292537 0.000000
vt 0.280597 0.000000
vt 0.295522 0.000000
vt 0.277612 0.000000
vt 0.298507 0.000000
vt 0.274627 0.000000
vt 0.301493 0.000000
vt 0.304478 0.000000
vt 0.271642 0.000000
vt 0.307463 0.000000
vt 0.268657 0.000000
vt 0.310448 0.000000
vt 0.265672 0.000000
vt 0.313433 0.000000
vt 0.316418 0.000000
vt 0.262687 0.000000
vt 0.319403 0.000000
vt 0.259701 0.000000
vt 0.322388 0.000000
vt 0.256716 0.000000
vt 0.325373 0.000000
vt 0.253731 0.000000
vt 0.328358 0.000000
vt 0.331343 0.000000
vt 0.250746 0.000000
vt 0.334328 0.000000
vt 0.247761 0.000000
vt 0.337313 0.000000
vt 0.340299 0.000000
vt 0.244776 0.000000
vt 0.343284 0.000000
vt 0.346269 0.000000
vt 0.241791 0.000000
vt 0.349254 0.000000
vt 0.352239 0.000000
vt 0.238806 0.000000
vt 0.355224 0.000000
vt 0.358209 0.000000
vt 0.235821 0.000000
vt 0.361194 0.000000
vt 0.364179 0.000000
vt 0.501493 0.000000
vt 0.367164 0.000000
vt 0.504478 0.000000
vt 0.498507 0.000000
vt 0.370149 0.000000
vt 0.495522 0.000000
vt 0.232836 0.000000
vt 0.507463 0.000000
vt 0.492537 0.000000
vt 0.489552 0.000000
vt 0.510448 0.000000
vt 0.486567 0.000000
vt 0.373134 0.000000
vt 0.483582 0.000000
vt 0.513433 0.000000
vt 0.480597 0.000000
vt 0.376119 0.000000
vt 0.477612 0.000000
vt 0.516418 0.000000
vt 0.474627 0.000000
vt 0.379104 0.000000
vt 0.471642 0.000000
vt 0.382090 0.000000
vt 0.519403 0.000000
vt 0.229851 0.000000
vt 0.468657 0.000000
vt 0.385075 0.000000
vt 0.465672 0.000000
vt 0.522388 0.000000
vt 0.388060 0.000000
vt 0.391045 0.000000
vt 0.462687 0.000000
vt 0.394030 0.000000
vt 0.459701 0.000000
vt 0.525373 0.000000
vt 0.397015 0.000000
vt 0.226866 0.000000
vt 0.456716 0.000000
vt 0.453731 0.000000
vt 0.402985 0.000000
vt 0.528358 0.000000
vt 0.450746 0.000000
vt 0.405970 0.000000
vt 0.447761 0.000000
vt 0.408955 0.000000
vt 0.411940 0.000000
vt 0.444776 0.000000
vt 0.414925 0.000000
vt 0.441791 0.000000
vt 0.417910 0.000000
vt 0.438806 0.000000
vt 0.420896 0.000000
vt 0.531343 0.000000
vt 0.435821 0.000000
vt 0.423881 0.000000
vt 0.432836 0.000000
vt 0.426866 0.000000
vt 0.223881 0.000000
vt 0.429851 0.000000
vt 0.534328 0.000000
vt 0.220896 0.000000
vt 0.537313 0.000000
vt 0.217910 0.000000
vt 0.540299 0.000000
vt 0.214925 0.000000
vt 0.543284 0.000000
vt 0.211940 0.000000
vt 0.546269 0.000000
vt 0.208955 0.000000
vt 0.549254 0.000000
vt 0.205970 0.000000
vt 0.552239 0.000000
vt 0.202985 0.000000
vt 0.555224 0.000000
vt 0.928358 0.000000
vt 0.934328 0.000000
vt 0.931343 0.000000
vt 0.925373 0.000000
vt 0.937313 0.000000
vt 0.922388 0.000000
vt 0.940298 0.000000
vt 0.919403 0.000000
vt 0.943284 0.000000
vt 0.916418 0.000000
vt 0.946269 0.000000
vt 0.913433 0.000000
vt 0.949254 0.000000
vt 0.910448 0.000000
vt 0.952239 0.000000
vt 0.907463 0.000000
vt 0.955224 0.000000
vt 0.904478 0.000000
vt 0.958209 0.000000
vt 0.901493 0.000000
vt 0.961194 0.000000
vt 0.898507 0.000000
vt 0.558209 0.000000
vt 0.964179 0.000000
vt 0.895522 0.000000
vt 0.967164 0.000000
vt 0.892537 0.000000
vt 0.970149 0.000000
vt 0.197015 0.000000
vt 0.889552 0.000000
vt 0.973134 0.000000
vt 0.976119 0.000000
vt 0.886567 0.000000
vt 0.979104 0.000000
vt 0.982090 0.000000
vt 0.883582 0.000000
vt 0.985075 0.000000
vt 0.561194 0.000000
vt 0.988060 0.000000
vt 0.194030 0.000000
vt 0.880597 0.000000
vt 0.991045 0.000000
vt 0.994030 0.000000
vt 0.877612 0.000000
vt 0.997015 0.000000
vt 0.874627 0.000000
vt 0.191045 0.000000
vt 0.564179 0.000000
vt 0.002985 0.000000
vt 0.871642 0.000000
vt 0.005970 0.000000
vt 0.868657 0.000000
vt 0.008955 0.000000
vt 0.011940 0.000000
vt 0.188060 0.000000
vt 0.865672 0.000000
vt 0.014925 0.000000
vt 0.567164 0.000000
vt 0.017910 0.000000
vt 0.862687 0.000000
vt 0.020896 0.000000
vt 0.023881 0.000000
vt 0.185075 0.000000
vt 0.026866 0.000000
vt 0.859702 0.000000
vt 0.029851 0.000000
vt 0.032836 0.000000
vt 0.570149 0.000000
vt 0.035821 0.000000
vt 0.856716 0.000000
vt 0.716418 0.000000
vt 0.038806 0.000000
vt 0.853731 0.000000
vt 0.182090 0.000000
vt 0.850746 0.000000
vt 0.847761 0.000000
vt 0.719403 0.000000
vt 0.713433 0.000000
vt 0.722388 0.000000
vt 0.844776 0.000000
vt 0.725373 0.000000
vt 0.573134 0.000000
vt 0.841791 0.000000
vt 0.728358 0.000000
vt 0.731343 0.000000
vt 0.041791 0.000000
vt 0.838806 0.000000
vt 0.179104 0.000000
vt 0.734328 0.000000
vt 0.835821 0.000000
vt 0.710448 0.000000
vt 0.737313 0.000000
vt 0.832836 0.000000
vt 0.740299 0.000000
vt 0.829851 0.000000
vt 0.826866 0.000000
vt 0.743284 0.000000
vt 0.823881 0.000000
vt 0.707463 0.000000
vt 0.746269 0.000000
vt 0.820895 0.000000
vt 0.176119 0.000000
vt 0.576119 0.000000
vt 0.044776 0.000000
vt 0.817910 0.000000
vt 0.749254 0.000000
vt 0.814925 0.000000
vt 0.752239 0.000000
vt 0.704478 0.000000
vt 0.811940 0.000000
vt 0.808955 0.000000
vt 0.579104 0.000000
vt 0.805970 0.000000
vt 0.755224 0.000000
vt 0.758209 0.000000
vt 0.802985 0.000000
vt 0.761194 0.000000
vt 0.764179 0.000000
vt 0.767164 0.000000
vt 0.797015 0.000000
vt 0.770149 0.000000
vt 0.773134 0.000000
vt 0.794030 0.000000
vt 0.776119 0.000000
vt 0.779104 0.000000
vt 0.791045 0.000000
vt 0.701493 0.000000
vt 0.782090 0.000000
vt 0.785075 0.000000
vt 0.788060 0.000000
vt 0.173134 0.000000
vt 0.047761 0.000000
vt 0.582090 0.000000
vt 0.698507 0.000000
vt 0.585075 0.000000
vt 0.170149 0.000000
vt 0.695522 0.000000
vt 0.050746 0.000000
vt 0.588060 0.000000
vt 0.692537 0.000000
vt 0.591045 0.000000
vt 0.167164 0.000000
vt 0.689552 0.000000
vt 0.053731 0.000000
vt 0.594030 0.000000
vt 0.686567 0.000000
vt 0.597015 0.000000
vt 0.683582 0.000000
vt 0.164179 0.000000
vt 0.056716 0.000000
vt 0.680597 0.000000
vt 0.602985 0.000000
vt 0.677612 0.000000
vt 0.605970 0.000000
vt 0.161194 0.000000
vt 0.059701 0.000000
vt 0.608955 0.000000
vt 0.674627 0.000000
vt 0.611940 0.000000
vt 0.671642 0.000000
vt 0.614925 0.000000
vt 0.668657 0.000000
vt 0.158209 0.000000
vt 0.617910 0.000000
vt 0.062687 0.000000
vt 0.665672 0.000000
vt 0.620896 0.000000
vt 0.662687 0.000000
vt 0.623881 0.000000
vt 0.659701 0.000000
vt 0.626866 0.000000
vt 0.629851 0.000000
vt 0.656716 0.000000
vt 0.632836 0.000000
vt 0.155224 0.000000
vt 0.653731 0.000000
vt 0.635821 0.000000
vt 0.650746 0.000000
vt 0.065672 0.000000
vt 0.638806 0.000000
vt 0.647761 0.000000
vt 0.641791 0.000000
vt 0.644776 0.000000
vt 0.152239 0.000000
vt 0.068657 0.000000
vt 0.149254 0.000000
vt 0.071642 0.000000
vt 0.146269 0.000000
vt 0.074627 0.000000
vt 0.143284 0.000000
vt 0.077612 0.000000
vt 0.140299 0.000000
vt 0.080597 0.000000
vt 0.137313 0.000000
vt 0.083582 0.000000
vt 0.134328 0.000000
vt 0.086567 0.000000
vt 0.131343 0.000000
vt 0.128358 0.000000
vt 0.089552 0.000000
vt 0.125373 0.000000
vt 0.092537 0.000000
vt 0.122388 0.000000
vt 0.095522 0.000000
vt 0.119403 0.000000
vt 0.098507 0.000000
vt 0.116418 0.000000
vt 0.101493 0.000000
vt 0.113433 0.000000
vt 0.104478 0.000000
vt 0.110448 0.000000
vt 0.107463 0.000000
vt 0.506944 0.000000
vt 0.503472 0.000000
vt 0.496528 0.000000
vt 0.493056 0.000000
vt 0.489583 0.000000
vt 0.486111 0.000000
vt 0.482639 0.000000
vt 0.510417 0.000000
vt 0.479167 0.000000
vt 0.475694 0.000000
vt 0.468750 0.000000
vt 0.465278 0.000000
vt 0.513889 0.000000
vt 0.461806 0.000000
vt 0.458333 0.000000
vt 0.454861 0.000000
vt 0.451389 0.000000
vt 0.447917 0.000000
vt 0.517361 0.000000
vt 0.440972 0.000000
vt 0.437500 0.000000
vt 0.434028 0.000000
vt 0.430556 0.000000
vt 0.427083 0.000000
vt 0.520833 0.000000
vt 0.423611 0.000000
vt 0.420139 0.000000
vt 0.413194 0.000000
vt 0.409722 0.000000
vt 0.524306 0.000000
vt 0.406250 0.000000
vt 0.402778 0.000000
vt 0.531250 0.000000
vt 0.399306 0.000000
vt 0.534722 0.000000
vt 0.538194 0.000000
vt 0.395833 0.000000
vt 0.541667 0.000000
vt 0.392361 0.000000
vt 0.545139 0.000000
vt 0.548611 0.000000
vt 0.552083 0.000000
vt 0.385417 0.000000
vt 0.381944 0.000000
vt 0.559028 0.000000
vt 0.378472 0.000000
vt 0.715278 0.000000
vt 0.711806 0.000000
vt 0.708333 0.000000
vt 0.704861 0.000000
vt 0.701389 0.000000
vt 0.697917 0.000000
vt 0.690972 0.000000
vt 0.687500 0.000000
vt 0.684028 0.000000
vt 0.680556 0.000000
vt 0.562500 0.000000
vt 0.677083 0.000000
vt 0.673611 0.000000
vt 0.670139 0.000000
vt 0.565972 0.000000
vt 0.663194 0.000000
vt 0.718750 0.000000
vt 0.725694 0.000000
vt 0.729167 0.000000
vt 0.732639 0.000000
vt 0.736111 0.000000
vt 0.739583 0.000000
vt 0.659722 0.000000
vt 0.743056 0.000000
vt 0.746528 0.000000
vt 0.753472 0.000000
vt 0.756944 0.000000
vt 0.656250 0.000000
vt 0.652778 0.000000
vt 0.375000 0.000000
vt 0.649306 0.000000
vt 0.760417 0.000000
vt 0.645833 0.000000
vt 0.763889 0.000000
vt 0.642361 0.000000
vt 0.569444 0.000000
vt 0.767361 0.000000
vt 0.371528 0.000000
vt 0.635417 0.000000
vt 0.770833 0.000000
vt 0.631944 0.000000
vt 0.774306 0.000000
vt 0.628472 0.000000
vt 0.572917 0.000000
vt 0.368056 0.000000
vt 0.781250 0.000000
vt 0.996528 0.000000
vt 0.576389 0.000000
vt 0.993056 0.000000
vt 0.784722 0.000000
vt 0.364583 0.000000
vt 0.989583 0.000000
vt 0.788194 0.000000
vt 0.986111 0.000000
vt 0.791667 0.000000
vt 0.579861 0.000000
vt 0.982639 0.000000
vt 0.795139 0.000000
vt 0.979167 0.000000
vt 0.798611 0.000000
vt 0.975694 0.000000
vt 0.357639 0.000000
vt 0.802083 0.000000
vt 0.968750 0.000000
vt 0.586806 0.000000
vt 0.965278 0.000000
vt 0.354167 0.000000
vt 0.961806 0.000000
vt 0.809028 0.000000
vt 0.958333 0.000000
vt 0.590278 0.000000
vt 0.812500 0.000000
vt 0.954861 0.000000
vt 0.350694 0.000000
vt 0.951389 0.000000
vt 0.593750 0.000000
vt 0.815972 0.000000
vt 0.947917 0.000000
vt 0.347222 0.000000
vt 0.819444 0.000000
vt 0.597222 0.000000
vt 0.940972 0.000000
vt 0.822917 0.000000
vt 0.343750 0.000000
vt 0.937500 0.000000
vt 0.600694 0.000000
vt 0.826389 0.000000
vt 0.934028 0.000000
vt 0.930556 0.000000
vt 0.340278 0.000000
vt 0.604167 0.000000
vt 0.829861 0.000000
vt 0.927083 0.000000
vt 0.923611 0.000000
vt 0.607639 0.000000
vt 0.920139 0.000000
vt 0.336806 0.000000
vt 0.913194 0.000000
vt 0.909722 0.000000
vt 0.836806 0.000000
vt 0.906250 0.000000
vt 0.902778 0.000000
vt 0.899306 0.000000
vt 0.614583 0.000000
vt 0.895833 0.000000
vt 0.892361 0.000000
vt 0.840278 0.000000
vt 0.843750 0.000000
vt 0.847222 0.000000
vt 0.885417 0.000000
vt 0.850694 0.000000
vt 0.854167 0.000000
vt 0.857639 0.000000
vt 0.881944 0.000000
vt 0.864583 0.000000
vt 0.868056 0.000000
vt 0.878472 0.000000
vt 0.871528 0.000000
vt 0.875000 0.000000
vt 0.618056 0.000000
vt 0.329861 0.000000
vt 0.621528 0.000000
vt 0.326389 0.000000
vt 0.625000 0.000000
vt 0.322917 0.000000
vt 0.003472 0.000000
vt 0.006944 0.000000
vt 0.319444 0.000000
vt 0.010417 0.000000
vt 0.013889 0.000000
vt 0.017361 0.000000
vt 0.315972 0.000000
vt 0.020833 0.000000
vt 0.024306 0.000000
vt 0.312500 0.000000
vt 0.031250 0.000000
vt 0.034722 0.000000
vt 0.086806 0.000000
vt 0.079861 0.000000
vt 0.076389 0.000000
vt 0.072917 0.000000
vt 0.069444 0.000000
vt 0.038194 0.000000
vt 0.065972 0.000000
vt 0.062500 0.000000
vt 0.059028 0.000000
vt 0.041667 0.000000
vt 0.052083 0.000000
vt 0.048611 0.000000
vt 0.045139 0.000000
vt 0.090278 0.000000
vt 0.309028 0.000000
vt 0.093750 0.000000
vt 0.097222 0.000000
vt 0.302083 0.000000
vt 0.100694 0.000000
vt 0.298611 0.000000
vt 0.104167 0.000000
vt 0.295139 0.000000
vt 0.291667 0.000000
vt 0.107639 0.000000
vt 0.114583 0.000000
vt 0.118056 0.000000
vt 0.121528 0.000000
vt 0.125000 0.000000
vt 0.288194 0.000000
vt 0.128472 0.000000
vt 0.131944 0.000000
vt 0.284722 0.000000
vt 0.135417 0.000000
vt 0.281250 0.000000
vt 0.142361 0.000000
vt 0.274306 0.000000
vt 0.145833 0.000000
vt 0.270833 0.000000
vt 0.149306 0.000000
vt 0.267361 0.000000
vt 0.152778 0.000000
vt 0.263889 0.000000
vt 0.156250 0.000000
vt 0.260417 0.000000
vt 0.159722 0.000000
vt 0.256944 0.000000
vt 0.163194 0.000000
vt 0.253472 0.000000
vt 0.246528 0.000000
vt 0.170139 0.000000
vt 0.243056 0.000000
vt 0.173611 0.000000
vt 0.239583 0.000000
vt 0.177083 0.000000
vt 0.236111 0.000000
vt 0.180556 0.000000
vt 0.232639 0.000000
vt 0.184028 0.000000
vt 0.229167 0.000000
vt 0.187500 0.000000
vt 0.225694 0.000000
vt 0.190972 0.000000
vt 0.218750 0.000000
vt 0.197917 0.000000
vt 0.215278 0.000000
vt 0.201389 0.000000
vt 0.211806 0.000000
vt 0.204861 0.000000
vt 0.208333 0.000000
vt 0.839142 0.000000
vt 0.844504 0.000000
vt 0.841823 0.000000
vt 0.847185 0.000000
vt 0.849866 0.000000
vt 0.852547 0.000000
vt 0.855228 0.000000
vt 0.836461 0.000000
vt 0.857909 0.000000
vt 0.860590 0.000000
vt 0.863271 0.000000
vt 0.865952 0.000000
vt 0.833780 0.000000
vt 0.868633 0.000000
vt 0.871314 0.000000
vt 0.873995 0.000000
vt 0.876676 0.000000
vt 0.831099 0.000000
vt 0.967828 0.000000
vt 0.973190 0.000000
vt 0.970509 0.000000
vt 0.965147 0.000000
vt 0.962466 0.000000
vt 0.959786 0.000000
vt 0.957105 0.000000
vt 0.954424 0.000000
vt 0.879357 0.000000
vt 0.975871 0.000000
vt 0.951743 0.000000
vt 0.949062 0.000000
vt 0.946381 0.000000
vt 0.882038 0.000000
vt 0.943700 0.000000
vt 0.941019 0.000000
vt 0.884718 0.000000
vt 0.938338 0.000000
vt 0.978552 0.000000
vt 0.935657 0.000000
vt 0.887399 0.000000
vt 0.932976 0.000000
vt 0.890080 0.000000
vt 0.930295 0.000000
vt 0.927614 0.000000
vt 0.892761 0.000000
vt 0.828418 0.000000
vt 0.924933 0.000000
vt 0.895442 0.000000
vt 0.922252 0.000000
vt 0.919571 0.000000
vt 0.898123 0.000000
vt 0.916890 0.000000
vt 0.900804 0.000000
vt 0.914209 0.000000
vt 0.911528 0.000000
vt 0.903485 0.000000
vt 0.908847 0.000000
vt 0.906166 0.000000
vt 0.981233 0.000000
vt 0.983914 0.000000
vt 0.825737 0.000000
vt 0.986595 0.000000
vt 0.823056 0.000000
vt 0.989276 0.000000
vt 0.820375 0.000000
vt 0.991957 0.000000
vt 0.817694 0.000000
vt 0.994638 0.000000
vt 0.815013 0.000000
vt 0.997319 0.000000
vt 0.812332 0.000000
vt 0.809651 0.000000
vt 0.806971 0.000000
vt 0.002681 0.000000
vt 0.804290 0.000000
vt 0.005362 0.000000
vt 0.801609 0.000000
vt 0.008043 0.000000
vt 0.798928 0.000000
vt 0.796247 0.000000
vt 0.010724 0.000000
vt 0.793566 0.000000
vt 0.790885 0.000000
vt 0.013405 0.000000
vt 0.788204 0.000000
vt 0.016086 0.000000
vt 0.785523 0.000000
vt 0.782842 0.000000
vt 0.018767 0.000000
vt 0.780161 0.000000
vt 0.777480 0.000000
vt 0.021448 0.000000
vt 0.774799 0.000000
vt 0.772118 0.000000
vt 0.769437 0.000000
vt 0.646113 0.000000
vt 0.024129 0.000000
vt 0.766756 0.000000
vt 0.764075 0.000000
vt 0.648794 0.000000
vt 0.643432 0.000000
vt 0.651475 0.000000
vt 0.761394 0.000000
vt 0.654155 0.000000
vt 0.656836 0.000000
vt 0.758713 0.000000
vt 0.659517 0.000000
vt 0.662198 0.000000
vt 0.756032 0.000000
vt 0.664879 0.000000
vt 0.667560 0.000000
vt 0.026810 0.000000
vt 0.670241 0.000000
vt 0.753351 0.000000
vt 0.683646 0.000000
vt 0.680965 0.000000
vt 0.672922 0.000000
vt 0.675603 0.000000
vt 0.678284 0.000000
vt 0.686327 0.000000
vt 0.689008 0.000000
vt 0.691689 0.000000
vt 0.694370 0.000000
vt 0.697051 0.000000
vt 0.699732 0.000000
vt 0.702413 0.000000
vt 0.705094 0.000000
vt 0.707775 0.000000
vt 0.750670 0.000000
vt 0.710456 0.000000
vt 0.713137 0.000000
vt 0.715818 0.000000
vt 0.718499 0.000000
vt 0.721180 0.000000
vt 0.747989 0.000000
vt 0.723861 0.000000
vt 0.726542 0.000000
vt 0.729223 0.000000
vt 0.731903 0.000000
vt 0.734584 0.000000
vt 0.745308 0.000000
vt 0.737265 0.000000
vt 0.739946 0.000000
vt 0.742627 0.000000
vt 0.029491 0.000000
vt 0.640751 0.000000
vt 0.032172 0.000000
vt 0.638070 0.000000
vt 0.034853 0.000000
vt 0.037534 0.000000
vt 0.040214 0.000000
vt 0.042895 0.000000
vt 0.045576 0.000000
vt 0.635389 0.000000
vt 0.048257 0.000000
vt 0.050938 0.000000
vt 0.053619 0.000000
vt 0.056300 0.000000
vt 0.632708 0.000000
vt 0.058981 0.000000
vt 0.061662 0.000000
vt 0.064343 0.000000
vt 0.067024 0.000000
vt 0.630027 0.000000
vt 0.069705 0.000000
vt 0.627346 0.000000
vt 0.072386 0.000000
vt 0.624665 0.000000
vt 0.075067 0.000000
vt 0.077748 0.000000
vt 0.621984 0.000000
vt 0.080429 0.000000
vt 0.619303 0.000000
vt 0.083110 0.000000
vt 0.616622 0.000000
vt 0.085791 0.000000
vt 0.613941 0.000000
vt 0.088472 0.000000
vt 0.611260 0.000000
vt 0.091153 0.000000
vt 0.608579 0.000000
vt 0.093834 0.000000
vt 0.605898 0.000000
vt 0.603217 0.000000
vt 0.096515 0.000000
vt 0.600536 0.000000
vt 0.099196 0.000000
vt 0.597855 0.000000
vt 0.101877 0.000000
vt 0.595174 0.000000
vt 0.104558 0.000000
vt 0.592493 0.000000
vt 0.107239 0.000000
vt 0.589812 0.000000
vt 0.109920 0.000000
vt 0.587131 0.000000
vt 0.112601 0.000000
vt 0.584450 0.000000
vt 0.581769 0.000000
vt 0.115281 0.000000
vt 0.579088 0.000000
vt 0.117962 0.000000
vt 0.576407 0.000000
vt 0.573727 0.000000
vt 0.120643 0.000000
vt 0.571046 0.000000
vt 0.568365 0.000000
vt 0.565684 0.000000
vt 0.123324 0.000000
vt 0.563003 0.000000
vt 0.560322 0.000000
vt 0.557641 0.000000
vt 0.126005 0.000000
vt 0.554960 0.000000
vt 0.552279 0.000000
vt 0.549598 0.000000
vt 0.546917 0.000000
vt 0.128686 0.000000
vt 0.544236 0.000000
vt 0.541555 0.000000
vt 0.193029 0.000000
vt 0.198391 0.000000
vt 0.195710 0.000000
vt 0.190349 0.000000
vt 0.201072 0.000000
vt 0.187668 0.000000
vt 0.203753 0.000000
vt 0.184987 0.000000
vt 0.206434 0.000000
vt 0.182306 0.000000
vt 0.209115 0.000000
vt 0.179625 0.000000
vt 0.211796 0.000000
vt 0.176944 0.000000
vt 0.214477 0.000000
vt 0.174263 0.000000
vt 0.217158 0.000000
vt 0.171582 0.000000
vt 0.219839 0.000000
vt 0.168901 0.000000
vt 0.222520 0.000000
vt 0.166220 0.000000
vt 0.225201 0.000000
vt 0.163539 0.000000
vt 0.227882 0.000000
vt 0.160858 0.000000
vt 0.230563 0.000000
vt 0.158177 0.000000
vt 0.155496 0.000000
vt 0.538874 0.000000
vt 0.152815 0.000000
vt 0.233244 0.000000
vt 0.150134 0.000000
vt 0.147453 0.000000
vt 0.131367 0.000000
vt 0.144772 0.000000
vt 0.142091 0.000000
vt 0.235925 0.000000
vt 0.139410 0.000000
vt 0.136729 0.000000
vt 0.134048 0.000000
vt 0.238606 0.000000
vt 0.536193 0.000000
vt 0.241287 0.000000
vt 0.243968 0.000000
vt 0.533512 0.000000
vt 0.246649 0.000000
vt 0.530831 0.000000
vt 0.249330 0.000000
vt 0.528150 0.000000
vt 0.252011 0.000000
vt 0.254692 0.000000
vt 0.525469 0.000000
vt 0.257373 0.000000
vt 0.522788 0.000000
vt 0.260054 0.000000
vt 0.520107 0.000000
vt 0.517426 0.000000
vt 0.262735 0.000000
vt 0.265416 0.000000
vt 0.514745 0.000000
vt 0.268097 0.000000
vt 0.512064 0.000000
vt 0.270777 0.000000
vt 0.509383 0.000000
vt 0.273458 0.000000
vt 0.506702 0.000000
vt 0.276139 0.000000
vt 0.504021 0.000000
vt 0.278820 0.000000
vt 0.501341 0.000000
vt 0.281501 0.000000
vt 0.498660 0.000000
vt 0.284182 0.000000
vt 0.495979 0.000000
vt 0.286863 0.000000
vt 0.493298 0.000000
vt 0.289544 0.000000
vt 0.490617 0.000000
vt 0.292225 0.000000
vt 0.487936 0.000000
vt 0.294906 0.000000
vt 0.485255 0.000000
vt 0.297587 0.000000
vt 0.482574 0.000000
vt 0.300268 0.000000
vt 0.479893 0.000000
vt 0.302949 0.000000
vt 0.477212 0.000000
vt 0.305630 0.000000
vt 0.308311 0.000000
vt 0.474531 0.000000
vt 0.388740 0.000000
vt 0.386059 0.000000
vt 0.310992 0.000000
vt 0.391421 0.000000
vt 0.383378 0.000000
vt 0.394102 0.000000
vt 0.380697 0.000000
vt 0.396783 0.000000
vt 0.378016 0.000000
vt 0.471850 0.000000
vt 0.375335 0.000000
vt 0.399464 0.000000
vt 0.372654 0.000000
vt 0.402145 0.000000
vt 0.369973 0.000000
vt 0.367292 0.000000
vt 0.313673 0.000000
vt 0.404826 0.000000
vt 0.364611 0.000000
vt 0.407507 0.000000
vt 0.361930 0.000000
vt 0.359249 0.000000
vt 0.410188 0.000000
vt 0.356568 0.000000
vt 0.316354 0.000000
vt 0.412869 0.000000
vt 0.353887 0.000000
vt 0.469169 0.000000
vt 0.351206 0.000000
vt 0.415550 0.000000
vt 0.348525 0.000000
vt 0.319035 0.000000
vt 0.345845 0.000000
vt 0.418231 0.000000
vt 0.343164 0.000000
vt 0.340483 0.000000
vt 0.321716 0.000000
vt 0.337802 0.000000
vt 0.420912 0.000000
vt 0.335121 0.000000
vt 0.332440 0.000000
vt 0.466488 0.000000
vt 0.324397 0.000000
vt 0.329759 0.000000
vt 0.327078 0.000000
vt 0.423593 0.000000
vt 0.426273 0.000000
vt 0.463807 0.000000
vt 0.428954 0.000000
vt 0.431635 0.000000
vt 0.461126 0.000000
vt 0.434316 0.000000
vt 0.436997 0.000000
vt 0.458445 0.000000
vt 0.439678 0.000000
vt 0.442359 0.000000
vt 0.455764 0.000000
vt 0.445040 0.000000
vt 0.447721 0.000000
vt 0.453083 0.000000
vt 0.450402 0.000000
vt 0.000000 1.000000
vt 0.002674 1.000000
vt 0.002674 0.000000
vt 0.005348 1.000000
vt 0.005348 0.000000
vt 0.008021 1.000000
vt 0.008021 0.000000
vt 0.010695 1.000000
vt 0.010695 0.000000
vt 0.013369 1.000000
vt 0.013369 0.000000
vt 0.016043 1.000000
vt 0.016043 0.000000
vt 0.018717 1.000000
vt 0.018717 0.000000
vt 0.021390 1.000000
vt 0.021390 0.000000
vt 0.024064 1.000000
vt 0.024064 0.000000
vt 0.026738 1.000000
vt 0.026738 0.000000
vt 0.029412 1.000000
vt 0.029412 0.000000
vt 0.032086 1.000000
vt 0.032086 0.000000
vt 0.034759 1.000000
vt 0.034759 0.000000
vt 0.037433 1.000000
vt 0.037433 0.000000
vt 0.040107 1.000000
vt 0.040107 0.000000
vt 0.042781 1.000000
vt 0.042781 0.000000
vt 0.045455 1.000000
vt 0.048128 1.000000
vt 0.048128 0.000000
vt 0.050802 1.000000
vt 0.050802 0.000000
vt 0.053476 1.000000
vt 0.053476 0.000000
vt 0.056150 1.000000
vt 0.056150 0.000000
vt 0.058824 1.000000
vt 0.058824 0.000000
vt 0.061497 1.000000
vt 0.061497 0.000000
vt 0.064171 1.000000
vt 0.064171 0.000000
vt 0.066845 1.000000
vt 0.066845 0.000000
vt 0.069519 1.000000
vt 0.069519 0.000000
vt 0.072193 1.000000
vt 0.072193 0.000000
vt 0.074866 1.000000
vt 0.074866 0.000000
vt 0.077540 1.000000
vt 0.077540 0.000000
vt 0.080214 1.000000
vt 0.080214 0.000000
vt 0.082888 1.000000
vt 0.082888 0.000000
vt 0.085561 1.000000
vt 0.085561 0.000000
vt 0.088235 1.000000
vt 0.088235 0.000000
vt 0.090909 1.000000
vt 0.093583 1.000000
vt 0.093583 0.000000
vt 0.096257 1.000000
vt 0.096257 0.000000
vt 0.098930 1.000000
vt 0.098930 0.000000
vt 0.101604 1.000000
vt 0.101604 0.000000
vt 0.104278 1.000000
vt 0.104278 0.000000
vt 0.106952 1.000000
vt 0.106952 0.000000
vt 0.109626 1.000000
vt 0.109626 0.000000
vt 0.112299 1.000000
vt 0.112299 0.000000
vt 0.114973 1.000000
vt 0.114973 0.000000
vt 0.117647 1.000000
vt 0.117647 0.000000
vt 0.120321 1.000000
vt 0.120321 0.000000
vt 0.122995 1.000000
vt 0.122995 0.000000
vt 0.125668 1.000000
vt 0.125668 0.000000
vt 0.128342 1.000000
vt 0.128342 0.000000
vt 0.131016 1.000000
vt 0.131016 0.000000
vt 0.133690 1.000000
vt 0.133690 0.000000
vt 0.136364 1.000000
vt 0.139037 1.000000
vt 0.139037 0.000000
vt 0.141711 1.000000
vt 0.141711 0.000000
vt 0.144385 1.000000
vt 0.144385 0.000000
vt 0.147059 1.000000
vt 0.147059 0.000000
vt 0.149733 1.000000
vt 0.149733 0.000000
vt 0.152406 1.000000
vt 0.152406 0.000000
vt 0.155080 1.000000
vt 0.155080 0.000000
vt 0.157754 1.000000
vt 0.157754 0.000000
vt 0.160428 1.000000
vt 0.160428 0.000000
vt 0.163102 1.000000
vt 0.163102 0.000000
vt 0.165775 1.000000
vt 0.165775 0.000000
vt 0.168449 1.000000
vt 0.168449 0.000000
vt 0.171123 1.000000
vt 0.171123 0.000000
vt 0.173797 1.000000
vt 0.173797 0.000000
vt 0.176471 1.000000
vt 0.176471 0.000000
vt 0.179144 1.000000
vt 0.179144 0.000000
vt 0.181818 1.000000
vt 0.184492 1.000000
vt 0.184492 0.000000
vt 0.187166 1.000000
vt 0.187166 0.000000
vt 0.189840 1.000000
vt 0.189840 0.000000
vt 0.192513 1.000000
vt 0.192513 0.000000
vt 0.195187 1.000000
vt 0.195187 0.000000
vt 0.197861 1.000000
vt 0.197861 0.000000
vt 0.200535 1.000000
vt 0.200535 0.000000
vt 0.203209 1.000000
vt 0.203209 0.000000
vt 0.205882 1.000000
vt 0.205882 0.000000
vt 0.208556 1.000000
vt 0.208556 0.000000
vt 0.211230 1.000000
vt 0.211230 0.000000
vt 0.213904 1.000000
vt 0.213904 0.000000
vt 0.216578 1.000000
vt 0.216578 0.000000
vt 0.219251 1.000000
vt 0.219251 0.000000
vt 0.221925 1.000000
vt 0.221925 0.000000
vt 0.224599 1.000000
vt 0.224599 0.000000
vt 0.227273 1.000000
vt 0.229947 1.000000
vt 0.229947 0.000000
vt 0.232620 1.000000
vt 0.232620 0.000000
vt 0.235294 1.000000
vt 0.235294 0.000000
vt 0.237968 1.000000
vt 0.237968 0.000000
vt 0.240642 1.000000
vt 0.240642 0.000000
vt 0.243316 1.000000
vt 0.243316 0.000000
vt 0.245989 1.000000
vt 0.245989 0.000000
vt 0.248663 1.000000
vt 0.248663 0.000000
vt 0.251337 1.000000
vt 0.251337 0.000000
vt 0.254011 1.000000
vt 0.254011 0.000000
vt 0.256684 1.000000
vt 0.256684 0.000000
vt 0.259358 1.000000
vt 0.259358 0.000000
vt 0.262032 1.000000
vt 0.262032 0.000000
vt 0.264706 1.000000
vt 0.264706 0.000000
vt 0.267380 1.000000
vt 0.267380 0.000000
vt 0.270053 1.000000
vt 0.270053 0.000000
vt 0.272727 1.000000
vt 0.275401 1.000000
vt 0.275401 0.000000
vt 0.278075 1.000000
vt 0.278075 0.000000
vt 0.280749 1.000000
vt 0.280749 0.000000
vt 0.283422 1.000000
vt 0.283422 0.000000
vt 0.286096 1.000000
vt 0.286096 0.000000
vt 0.288770 1.000000
vt 0.288770 0.000000
vt 0.291444 1.000000
vt 0.291444 0.000000
vt 0.294118 1.000000
vt 0.294118 0.000000
vt 0.296791 1.000000
vt 0.296791 0.000000
vt 0.299465 1.000000
vt 0.299465 0.000000
vt 0.302139 1.000000
vt 0.302139 0.000000
vt 0.304813 1.000000
vt 0.304813 0.000000
vt 0.307487 1.000000
vt 0.307487 0.000000
vt 0.310160 1.000000
vt 0.310160 0.000000
vt 0.312834 1.000000
vt 0.312834 0.000000
vt 0.315508 1.000000
vt 0.315508 0.000000
vt 0.318182 1.000000
vt 0.320856 1.000000
vt 0.320856 0.000000
vt 0.323529 1.000000
vt 0.323529 0.000000
vt 0.326203 1.000000
vt 0.326203 0.000000
vt 0.328877 1.000000
vt 0.328877 0.000000
vt 0.331551 1.000000
vt 0.331551 0.000000
vt 0.334225 1.000000
vt 0.334225 0.000000
vt 0.336898 1.000000
vt 0.336898 0.000000
vt 0.339572 1.000000
vt 0.339572 0.000000
vt 0.342246 1.000000
vt 0.342246 0.000000
vt 0.344920 1.000000
vt 0.344920 0.000000
vt 0.347594 1.000000
vt 0.347594 0.000000
vt 0.350267 1.000000
vt 0.350267 0.000000
vt 0.352941 1.000000
vt 0.352941 0.000000
vt 0.355615 1.000000
vt 0.355615 0.000000
vt 0.358289 1.000000
vt 0.358289 0.000000
vt 0.360963 1.000000
vt 0.360963 0.000000
vt 0.363636 1.000000
vt 0.366310 1.000000
vt 0.366310 0.000000
vt 0.368984 1.000000
vt 0.368984 0.000000
vt 0.371658 1.000000
vt 0.371658 0.000000
vt 0.374332 1.000000
vt 0.374332 0.000000
vt 0.377005 1.000000
vt 0.377005 0.000000
vt 0.379679 1.000000
vt 0.379679 0.000000
vt 0.382353 1.000000
vt 0.382353 0.000000
vt 0.385027 1.000000
vt 0.385027 0.000000
vt 0.387701 1.000000
vt 0.387701 0.000000
vt 0.390374 1.000000
vt 0.390374 0.000000
vt 0.393048 1.000000
vt 0.393048 0.000000
vt 0.395722 1.000000
vt 0.395722 0.000000
vt 0.398396 1.000000
vt 0.398396 0.000000
vt 0.401070 1.000000
vt 0.401070 0.000000
vt 0.403743 1.000000
vt 0.403743 0.000000
vt 0.406417 1.000000
vt 0.406417 0.000000
vt 0.409091 1.000000
vt 0.411765 1.000000
vt 0.411765 0.000000
vt 0.414439 1.000000
vt 0.414439 0.000000
vt 0.417112 1.000000
vt 0.417112 0.000000
vt 0.419786 1.000000
vt 0.419786 0.000000
vt 0.422460 1.000000
vt 0.422460 0.000000
vt 0.425134 1.000000
vt 0.425134 0.000000
vt 0.427807 1.000000
vt 0.427807 0.000000
vt 0.430481 1.000000
vt 0.430481 0.000000
vt 0.433155 1.000000
vt 0.433155 0.000000
vt 0.435829 1.000000
vt 0.435829 0.000000
vt 0.438503 1.000000
vt 0.438503 0.000000
vt 0.441176 1.000000
vt 0.441176 0.000000
vt 0.443850 1.000000
vt 0.443850 0.000000
vt 0.446524 1.000000
vt 0.446524 0.000000
vt 0.449198 1.000000
vt 0.449198 0.000000
vt 0.451872 1.000000
vt 0.451872 0.000000
vt 0.454545 1.000000
vt 0.457219 1.000000
vt 0.457219 0.000000
vt 0.459893 1.000000
vt 0.459893 0.000000
vt 0.462567 1.000000
vt 0.462567 0.000000
vt 0.465241 1.000000
vt 0.465241 0.000000
vt 0.467914 1.000000
vt 0.467914 0.000000
vt 0.470588 1.000000
vt 0.470588 0.000000
vt 0.473262 1.000000
vt 0.473262 0.000000
vt 0.475936 1.000000
vt 0.475936 0.000000
vt 0.478610 1.000000
vt 0.478610 0.000000
vt 0.481283 1.000000
vt 0.481283 0.000000
vt 0.483957 1.000000
vt 0.483957 0.000000
vt 0.486631 1.000000
vt 0.486631 0.000000
vt 0.489305 1.000000
vt 0.489305 0.000000
vt 0.491979 1.000000
vt 0.491979 0.000000
vt 0.494652 1.000000
vt 0.494652 0.000000
vt 0.497326 1.000000
vt 0.497326 0.000000
vt 0.500000 1.000000
vt 0.502674 1.000000
vt 0.502674 0.000000
vt 0.505348 1.000000
vt 0.505348 0.000000
vt 0.508021 1.000000
vt 0.508021 0.000000
vt 0.510695 1.000000
vt 0.510695 0.000000
vt 0.513369 1.000000
vt 0.513369 0.000000
vt 0.516043 1.000000
vt 0.516043 0.000000
vt 0.518717 1.000000
vt 0.518717 0.000000
vt 0.521390 1.000000
vt 0.521390 0.000000
vt 0.524064 1.000000
vt 0.524064 0.000000
vt 0.526738 1.000000
vt 0.526738 0.000000
vt 0.529412 1.000000
vt 0.529412 0.000000
vt 0.532086 1.000000
vt 0.532086 0.000000
vt 0.534759 1.000000
vt 0.534759 0.000000
vt 0.537433 1.000000
vt 0.537433 0.000000
vt 0.540107 1.000000
vt 0.540107 0.000000
vt 0.542781 1.000000
vt 0.542781 0.000000
vt 0.545455 1.000000
vt 0.548128 1.000000
vt 0.548128 0.000000
vt 0.550802 1.000000
vt 0.550802 0.000000
vt 0.553476 1.000000
vt 0.553476 0.000000
vt 0.556150 1.000000
vt 0.556150 0.000000
vt 0.558824 1.000000
vt 0.558824 0.000000
vt 0.561497 1.000000
vt 0.561497 0.000000
vt 0.564171 1.000000
vt 0.564171 0.000000
vt 0.566845 1.000000
vt 0.566845 0.000000
vt 0.569519 1.000000
vt 0.569519 0.000000
vt 0.572192 1.000000
vt 0.572192 0.000000
vt 0.574866 1.000000
vt 0.574866 0.000000
vt 0.577540 1.000000
vt 0.577540 0.000000
vt 0.580214 1.000000
vt 0.580214 0.000000
vt 0.582888 1.000000
vt 0.582888 0.000000
vt 0.585562 1.000000
vt 0.585562 0.000000
vt 0.588235 1.000000
vt 0.588235 0.000000
vt 0.590909 1.000000
vt 0.593583 1.000000
vt 0.593583 0.000000
vt 0.596257 1.000000
vt 0.596257 0.000000
vt 0.598930 1.000000
vt 0.598930 0.000000
vt 0.601604 1.000000
vt 0.601604 0.000000
vt 0.604278 1.000000
vt 0.604278 0.000000
vt 0.606952 1.000000
vt 0.606952 0.000000
vt 0.609626 1.000000
vt 0.609626 0.000000
vt 0.612299 1.000000
vt 0.612299 0.000000
vt 0.614973 1.000000
vt 0.614973 0.000000
vt 0.617647 1.000000
vt 0.617647 0.000000
vt 0.620321 1.000000
vt 0.620321 0.000000
vt 0.622995 1.000000
vt 0.622995 0.000000
vt 0.625668 1.000000
vt 0.625668 0.000000
vt 0.628342 1.000000
vt 0.628342 0.000000
vt 0.631016 1.000000
vt 0.631016 0.000000
vt 0.633690 1.000000
vt 0.633690 0.000000
vt 0.636364 1.000000
vt 0.639037 1.000000
vt 0.639037 0.000000
vt 0.641711 1.000000
vt 0.641711 0.000000
vt 0.644385 1.000000
vt 0.644385 0.000000
vt 0.647059 1.000000
vt 0.647059 0.000000
vt 0.649733 1.000000
vt 0.649733 0.000000
vt 0.652406 1.000000
vt 0.652406 0.000000
vt 0.655080 1.000000
vt 0.655080 0.000000
vt 0.657754 1.000000
vt 0.657754 0.000000
vt 0.660428 1.000000
vt 0.660428 0.000000
vt 0.663102 1.000000
vt 0.663102 0.000000
vt 0.665775 1.000000
vt 0.665775 0.000000
vt 0.668449 1.000000
vt 0.668449 0.000000
vt 0.671123 1.000000
vt 0.671123 0.000000
vt 0.673797 1.000000
vt 0.673797 0.000000
vt 0.676471 1.000000
vt 0.676471 0.000000
vt 0.679144 1.000000
vt 0.679144 0.000000
vt 0.681818 1.000000
vt 0.684492 1.000000
vt 0.684492 0.000000
vt 0.687166 1.000000
vt 0.687166 0.000000
vt 0.689840 1.000000
vt 0.689840 0.000000
vt 0.692513 1.000000
vt 0.692513 0.000000
vt 0.695187 1.000000
vt 0.695187 0.000000
vt 0.697861 1.000000
vt 0.697861 0.000000
vt 0.700535 1.000000
vt 0.700535 0.000000
vt 0.703209 1.000000
vt 0.703209 0.000000
vt 0.705882 1.000000
vt 0.705882 0.000000
vt 0.708556 1.000000
vt 0.708556 0.000000
vt 0.711230 1.000000
vt 0.711230 0.000000
vt 0.713904 1.000000
vt 0.713904 0.000000
vt 0.716578 1.000000
vt 0.716578 0.000000
vt 0.719251 1.000000
vt 0.719251 0.000000
vt 0.721925 1.000000
vt 0.721925 0.000000
vt 0.724599 1.000000
vt 0.724599 0.000000
vt 0.727273 1.000000
vt 0.729947 1.000000
vt 0.729947 0.000000
vt 0.732620 1.000000
vt 0.732620 0.000000
vt 0.735294 1.000000
vt 0.735294 0.000000
vt 0.737968 1.000000
vt 0.737968 0.000000
vt 0.740642 1.000000
vt 0.740642 0.000000
vt 0.743316 1.000000
vt 0.743316 0.000000
vt 0.745989 1.000000
vt 0.745989 0.000000
vt 0.748663 1.000000
vt 0.748663 0.000000
vt 0.751337 1.000000
vt 0.751337 0.000000
vt 0.754011 1.000000
vt 0.754011 0.000000
vt 0.756684 1.000000
vt 0.756684 0.000000
vt 0.759358 1.000000
vt 0.759358 0.000000
vt 0.762032 1.000000
vt 0.762032 0.000000
vt 0.764706 1.000000
vt 0.764706 0.000000
vt 0.767380 1.000000
vt 0.767380 0.000000
vt 0.770053 1.000000
vt 0.770053 0.000000
vt 0.772727 1.000000
vt 0.775401 1.000000
vt 0.775401 0.000000
vt 0.778075 1.000000
vt 0.778075 0.000000
vt 0.780749 1.000000
vt 0.780749 0.000000
vt 0.783422 1.000000
vt 0.783422 0.000000
vt 0.786096 1.000000
vt 0.786096 0.000000
vt 0.788770 1.000000
vt 0.788770 0.000000
vt 0.791444 1.000000
vt 0.791444 0.000000
vt 0.794118 1.000000
vt 0.794118 0.000000
vt 0.796791 1.000000
vt 0.796791 0.000000
vt 0.799465 1.000000
vt 0.799465 0.000000
vt 0.802139 1.000000
vt 0.802139 0.000000
vt 0.804813 1.000000
vt 0.804813 0.000000
vt 0.807487 1.000000
vt 0.807487 0.000000
vt 0.810160 1.000000
vt 0.810160 0.000000
vt 0.812834 1.000000
vt 0.812834 0.000000
vt 0.815508 1.000000
vt 0.815508 0.000000
vt 0.818182 1.000000
vt 0.820856 1.000000
vt 0.820856 0.000000
vt 0.823529 1.000000
vt 0.823529 0.000000
vt 0.826203 1.000000
vt 0.826203 0.000000
vt 0.828877 1.000000
vt 0.828877 0.000000
vt 0.831551 1.000000
vt 0.831551 0.000000
vt 0.834225 1.000000
vt 0.834225 0.000000
vt 0.836898 1.000000
vt 0.836898 0.000000
vt 0.839572 1.000000
vt 0.839572 0.000000
vt 0.842246 1.000000
vt 0.842246 0.000000
vt 0.844920 1.000000
vt 0.844920 0.000000
vt 0.847594 1.000000
vt 0.847594 0.000000
vt 0.850267 1.000000
vt 0.850267 0.000000
vt 0.852941 1.000000
vt 0.852941 0.000000
vt 0.855615 1.000000
vt 0.855615 0.000000
vt 0.858289 1.000000
vt 0.858289 0.000000
vt 0.860963 1.000000
vt 0.860963 0.000000
vt 0.863636 1.000000
vt 0.866310 1.000000
vt 0.866310 0.000000
vt 0.868984 1.000000
vt 0.868984 0.000000
vt 0.871658 1.000000
vt 0.871658 0.000000
vt 0.874332 1.000000
vt 0.874332 0.000000
vt 0.877005 1.000000
vt 0.877005 0.000000
vt 0.879679 1.000000
vt 0.879679 0.000000
vt 0.882353 1.000000
vt 0.882353 0.000000
vt 0.885027 1.000000
vt 0.885027 0.000000
vt 0.887701 1.000000
vt 0.887701 0.000000
vt 0.890374 1.000000
vt 0.890374 0.000000
vt 0.893048 1.000000
vt 0.893048 0.000000
vt 0.895722 1.000000
vt 0.895722 0.000000
vt 0.898396 1.000000
vt 0.898396 0.000000
vt 0.901070 1.000000
vt 0.901070 0.000000
vt 0.903743 1.000000
vt 0.903743 0.000000
vt 0.906417 1.000000
vt 0.906417 0.000000
vt 0.909091 1.000000
vt 0.911765 1.000000
vt 0.911765 0.000000
vt 0.914438 1.000000
vt 0.914438 0.000000
vt 0.917112 1.000000
vt 0.917112 0.000000
vt 0.919786 1.000000
vt 0.919786 0.000000
vt 0.922460 1.000000
vt 0.922460 0.000000
vt 0.925134 1.000000
vt 0.925134 0.000000
vt 0.927808 1.000000
vt 0.927808 0.000000
vt 0.930481 1.000000
vt 0.930481 0.000000
vt 0.933155 1.000000
vt 0.933155 0.000000
vt 0.935829 1.000000
vt 0.935829 0.000000
vt 0.938503 1.000000
vt 0.938503 0.000000
vt 0.941176 1.000000
vt 0.941176 0.000000
vt 0.943850 1.000000
vt 0.943850 0.000000
vt 0.946524 1.000000
vt 0.946524 0.000000
vt 0.949198 1.000000
vt 0.949198 0.000000
vt 0.951872 1.000000
vt 0.951872 0.000000
vt 0.954545 1.000000
vt 0.957219 1.000000
vt 0.957219 0.000000
vt 0.959893 1.000000
vt 0.959893 0.000000
vt 0.962567 1.000000
vt 0.962567 0.000000
vt 0.965241 1.000000
vt 0.965241 0.000000
vt 0.967914 1.000000
vt 0.967914 0.000000
vt 0.970588 1.000000
vt 0.970588 0.000000
vt 0.973262 1.000000
vt 0.973262 0.000000
vt 0.975936 1.000000
vt 0.975936 0.000000
vt 0.978610 1.000000
vt 0.978610 0.000000
vt 0.981283 1.000000
vt 0.981283 0.000000
vt 0.983957 1.000000
vt 0.983957 0.000000
vt 0.986631 1.000000
vt 0.986631 0.000000
vt 0.989305 1.000000
vt 0.989305 0.000000
vt 0.991979 1.000000
vt 0.991979 0.000000
vt 0.994652 1.000000
vt 0.994652 0.000000
vt 0.997326 1.000000
vt 0.997326 0.000000
vt 1.000000 1.000000
vt 0.005525 1.000000
vt 0.005525 0.000000
vt 0.011050 1.000000
vt 0.011050 0.000000
vt 0.016575 1.000000
vt 0.016575 0.000000
vt 0.022099 1.000000
vt 0.022099 0.000000
vt 0.027624 1.000000
vt 0.027624 0.000000
vt 0.033149 1.000000
vt 0.033149 0.000000
vt 0.038674 1.000000
vt 0.038674 0.000000
vt 0.044199 1.000000
vt 0.044199 0.000000
vt 0.049724 1.000000
vt 0.049724 0.000000
vt 0.055249 1.000000
vt 0.055249 0.000000
vt 0.060773 1.000000
vt 0.060773 0.000000
vt 0.066298 1.000000
vt 0.066298 0.000000
vt 0.071823 1.000000
vt 0.071823 0.000000
vt 0.077348 1.000000
vt 0.077348 0.000000
vt 0.082873 1.000000
vt 0.082873 0.000000
vt 0.088398 1.000000
vt 0.088398 0.000000
vt 0.093923 1.000000
vt 0.093923 0.000000
vt 0.099448 1.000000
vt 0.099448 0.000000
vt 0.104972 1.000000
vt 0.104972 0.000000
vt 0.110497 1.000000
vt 0.110497 0.000000
vt 0.116022 1.000000
vt 0.116022 0.000000
vt 0.121547 1.000000
vt 0.121547 0.000000
vt 0.127072 1.000000
vt 0.127072 0.000000
vt 0.132597 1.000000
vt 0.132597 0.000000
vt 0.138122 1.000000
vt 0.138122 0.000000
vt 0.143646 1.000000
vt 0.143646 0.000000
vt 0.149171 1.000000
vt 0.149171 0.000000
vt 0.154696 1.000000
vt 0.154696 0.000000
vt 0.160221 1.000000
vt 0.160221 0.000000
vt 0.165746 1.000000
vt 0.165746 0.000000
vt 0.171271 1.000000
vt 0.171271 0.000000
vt 0.176796 1.000000
vt 0.176796 0.000000
vt 0.182320 1.000000
vt 0.182320 0.000000
vt 0.187845 1.000000
vt 0.187845 0.000000
vt 0.193370 1.000000
vt 0.193370 0.000000
vt 0.198895 1.000000
vt 0.198895 0.000000
vt 0.204420 1.000000
vt 0.204420 0.000000
vt 0.209945 1.000000
vt 0.209945 0.000000
vt 0.215470 1.000000
vt 0.215470 0.000000
vt 0.220994 1.000000
vt 0.220994 0.000000
vt 0.226519 1.000000
vt 0.226519 0.000000
vt 0.232044 1.000000
vt 0.232044 0.000000
vt 0.237569 1.000000
vt 0.237569 0.000000
vt 0.243094 1.000000
vt 0.243094 0.000000
vt 0.248619 1.000000
vt 0.248619 0.000000
vt 0.254144 1.000000
vt 0.254144 0.000000
vt 0.259668 1.000000
vt 0.259668 0.000000
vt 0.265193 1.000000
vt 0.265193 0.000000
vt 0.270718 1.000000
vt 0.270718 0.000000
vt 0.276243 1.000000
vt 0.276243 0.000000
vt 0.281768 1.000000
vt 0.281768 0.000000
vt 0.287293 1.000000
vt 0.287293 0.000000
vt 0.292818 1.000000
vt 0.292818 0.000000
vt 0.298343 1.000000
vt 0.298343 0.000000
vt 0.303867 1.000000
vt 0.303867 0.000000
vt 0.309392 1.000000
vt 0.309392 0.000000
vt 0.314917 1.000000
vt 0.314917 0.000000
vt 0.320442 1.000000
vt 0.320442 0.000000
vt 0.325967 1.000000
vt 0.325967 0.000000
vt 0.331492 1.000000
vt 0.331492 0.000000
vt 0.337017 1.000000
vt 0.337017 0.000000
vt 0.342541 1.000000
vt 0.342541 0.000000
vt 0.348066 1.000000
vt 0.348066 0.000000
vt 0.353591 1.000000
vt 0.353591 0.000000
vt 0.359116 1.000000
vt 0.359116 0.000000
vt 0.364641 1.000000
vt 0.364641 0.000000
vt 0.370166 1.000000
vt 0.370166 0.000000
vt 0.375691 1.000000
vt 0.375691 0.000000
vt 0.381215 1.000000
vt 0.381215 0.000000
vt 0.386740 1.000000
vt 0.386740 0.000000
vt 0.392265 1.000000
vt 0.392265 0.000000
vt 0.397790 1.000000
vt 0.397790 0.000000
vt 0.403315 1.000000
vt 0.403315 0.000000
vt 0.408840 1.000000
vt 0.408840 0.000000
vt 0.414365 1.000000
vt 0.414365 0.000000
vt 0.419890 1.000000
vt 0.419890 0.000000
vt 0.425414 1.000000
vt 0.425414 0.000000
vt 0.430939 1.000000
vt 0.430939 0.000000
vt 0.436464 1.000000
vt 0.436464 0.000000
vt 0.441989 1.000000
vt 0.441989 0.000000
vt 0.447514 1.000000
vt 0.447514 0.000000
vt 0.453039 1.000000
vt 0.453039 0.000000
vt 0.458564 1.000000
vt 0.458564 0.000000
vt 0.464088 1.000000
vt 0.464088 0.000000
vt 0.469613 1.000000
vt 0.469613 0.000000
vt 0.475138 1.000000
vt 0.475138 0.000000
vt 0.480663 1.000000
vt 0.480663 0.000000
vt 0.486188 1.000000
vt 0.486188 0.000000
vt 0.491713 1.000000
vt 0.491713 0.000000
vt 0.497238 1.000000
vt 0.497238 0.000000
vt 0.502762 1.000000
vt 0.502762 0.000000
vt 0.508287 1.000000
vt 0.508287 0.000000
vt 0.513812 1.000000
vt 0.513812 0.000000
vt 0.519337 1.000000
vt 0.519337 0.000000
vt 0.524862 1.000000
vt 0.524862 0.000000
vt 0.530387 1.000000
vt 0.530387 0.000000
vt 0.535912 1.000000
vt 0.535912 0.000000
vt 0.541436 1.000000
vt 0.541436 0.000000
vt 0.546961 1.000000
vt 0.546961 0.000000
vt 0.552486 1.000000
vt 0.552486 0.000000
vt 0.558011 1.000000
vt 0.558011 0.000000
vt 0.563536 1.000000
vt 0.563536 0.000000
vt 0.569061 1.000000
vt 0.569061 0.000000
vt 0.574586 1.000000
vt 0.574586 0.000000
vt 0.580110 1.000000
vt 0.580110 0.000000
vt 0.585635 1.000000
vt 0.585635 0.000000
vt 0.591160 1.000000
vt 0.591160 0.000000
vt 0.596685 1.000000
vt 0.596685 0.000000
vt 0.602210 1.000000
vt 0.602210 0.000000
vt 0.607735 1.000000
vt 0.607735 0.000000
vt 0.613260 1.000000
vt 0.613260 0.000000
vt 0.618785 1.000000
vt 0.618785 0.000000
vt 0.624309 1.000000
vt 0.624309 0.000000
vt 0.629834 1.000000
vt 0.629834 0.000000
vt 0.635359 1.000000
vt 0.635359 0.000000
vt 0.640884 1.000000
vt 0.640884 0.000000
vt 0.646409 1.000000
vt 0.646409 0.000000
vt 0.651934 1.000000
vt 0.651934 0.000000
vt 0.657459 1.000000
vt 0.657459 0.000000
vt 0.662983 1.000000
vt 0.662983 0.000000
vt 0.668508 1.000000
vt 0.668508 0.000000
vt 0.674033 1.000000
vt 0.674033 0.000000
vt 0.679558 1.000000
vt 0.679558 0.000000
vt 0.685083 1.000000
vt 0.685083 0.000000
vt 0.690608 1.000000
vt 0.690608 0.000000
vt 0.696133 1.000000
vt 0.696133 0.000000
vt 0.701657 1.000000
vt 0.701657 0.000000
vt 0.707182 1.000000
vt 0.707182 0.000000
vt 0.712707 1.000000
vt 0.712707 0.000000
vt 0.718232 1.000000
vt 0.718232 0.000000
vt 0.723757 1.000000
vt 0.723757 0.000000
vt 0.729282 1.000000
vt 0.729282 0.000000
vt 0.734807 1.000000
vt 0.734807 0.000000
vt 0.740331 1.000000
vt 0.740331 0.000000
vt 0.745856 1.000000
vt 0.745856 0.000000
vt 0.751381 1.000000
vt 0.751381 0.000000
vt 0.756906 1.000000
vt 0.756906 0.000000
vt 0.762431 1.000000
vt 0.762431 0.000000
vt 0.767956 1.000000
vt 0.767956 0.000000
vt 0.773481 1.000000
vt 0.773481 0.000000
vt 0.779006 1.000000
vt 0.779006 0.000000
vt 0.784530 1.000000
vt 0.784530 0.000000
vt 0.790055 1.000000
vt 0.790055 0.000000
vt 0.795580 1.000000
vt 0.795580 0.000000
vt 0.801105 1.000000
vt 0.801105 0.000000
vt 0.806630 1.000000
vt 0.806630 0.000000
vt 0.812155 1.000000
vt 0.812155 0.000000
vt 0.817680 1.000000
vt 0.817680 0.000000
vt 0.823204 1.000000
vt 0.823204 0.000000
vt 0.828729 1.000000
vt 0.828729 0.000000
vt 0.834254 1.000000
vt 0.834254 0.000000
vt 0.839779 1.000000
vt 0.839779 0.000000
vt 0.845304 1.000000
vt 0.845304 0.000000
vt 0.850829 1.000000
vt 0.850829 0.000000
vt 0.856354 1.000000
vt 0.856354 0.000000
vt 0.861878 1.000000
vt 0.861878 0.000000
vt 0.867403 1.000000
vt 0.867403 0.000000
vt 0.872928 1.000000
vt 0.872928 0.000000
vt 0.878453 1.000000
vt 0.878453 0.000000
vt 0.883978 1.000000
vt 0.883978 0.000000
vt 0.889503 1.000000
vt 0.889503 0.000000
vt 0.895028 1.000000
vt 0.895028 0.000000
vt 0.900553 1.000000
vt 0.900553 0.000000
vt 0.906077 1.000000
vt 0.906077 0.000000
vt 0.911602 1.000000
vt 0.911602 0.000000
vt 0.917127 1.000000
vt 0.917127 0.000000
vt 0.922652 1.000000
vt 0.922652 0.000000
vt 0.928177 1.000000
vt 0.928177 0.000000
vt 0.933702 1.000000
vt 0.933702 0.000000
vt 0.939227 1.000000
vt 0.939227 0.000000
vt 0.944751 1.000000
vt 0.944751 0.000000
vt 0.950276 1.000000
vt 0.950276 0.000000
vt 0.955801 1.000000
vt 0.955801 0.000000
vt 0.961326 1.000000
vt 0.961326 0.000000
vt 0.966851 1.000000
vt 0.966851 0.000000
vt 0.972376 1.000000
vt 0.972376 0.000000
vt 0.977901 1.000000
vt 0.977901 0.000000
vt 0.983425 1.000000
vt 0.983425 0.000000
vt 0.988950 1.000000
vt 0.988950 0.000000
vt 0.994475 1.000000
vt 0.994475 0.000000
vt 0.009259 1.000000
vt 0.009259 0.000000
vt 0.018519 1.000000
vt 0.018519 0.000000
vt 0.027778 1.000000
vt 0.037037 1.000000
vt 0.037037 0.000000
vt 0.046296 1.000000
vt 0.046296 0.000000
vt 0.055556 1.000000
vt 0.064815 1.000000
vt 0.064815 0.000000
vt 0.074074 1.000000
vt 0.074074 0.000000
vt 0.083333 1.000000
vt 0.092593 1.000000
vt 0.092593 0.000000
vt 0.101852 1.000000
vt 0.101852 0.000000
vt 0.111111 1.000000
vt 0.120370 1.000000
vt 0.120370 0.000000
vt 0.129630 1.000000
vt 0.129630 0.000000
vt 0.138889 1.000000
vt 0.148148 1.000000
vt 0.148148 0.000000
vt 0.157407 1.000000
vt 0.157407 0.000000
vt 0.166667 1.000000
vt 0.175926 1.000000
vt 0.175926 0.000000
vt 0.185185 1.000000
vt 0.185185 0.000000
vt 0.194444 1.000000
vt 0.203704 1.000000
vt 0.203704 0.000000
vt 0.212963 1.000000
vt 0.212963 0.000000
vt 0.222222 1.000000
vt 0.231481 1.000000
vt 0.231481 0.000000
vt 0.240741 1.000000
vt 0.240741 0.000000
vt 0.250000 1.000000
vt 0.259259 1.000000
vt 0.259259 0.000000
vt 0.268519 1.000000
vt 0.268519 0.000000
vt 0.277778 1.000000
vt 0.287037 1.000000
vt 0.287037 0.000000
vt 0.296296 1.000000
vt 0.296296 0.000000
vt 0.305556 1.000000
vt 0.314815 1.000000
vt 0.314815 0.000000
vt 0.324074 1.000000
vt 0.324074 0.000000
vt 0.333333 1.000000
vt 0.342593 1.000000
vt 0.342593 0.000000
vt 0.351852 1.000000
vt 0.351852 0.000000
vt 0.361111 1.000000
vt 0.370370 1.000000
vt 0.370370 0.000000
vt 0.379630 1.000000
vt 0.379630 0.000000
vt 0.388889 1.000000
vt 0.398148 1.000000
vt 0.398148 0.000000
vt 0.407407 1.000000
vt 0.407407 0.000000
vt 0.416667 1.000000
vt 0.425926 1.000000
vt 0.425926 0.000000
vt 0.435185 1.000000
vt 0.435185 0.000000
vt 0.444444 1.000000
vt 0.453704 1.000000
vt 0.453704 0.000000
vt 0.462963 1.000000
vt 0.462963 0.000000
vt 0.472222 1.000000
vt 0.481481 1.000000
vt 0.481481 0.000000
vt 0.490741 1.000000
vt 0.490741 0.000000
vt 0.509259 1.000000
vt 0.509259 0.000000
vt 0.518519 1.000000
vt 0.518519 0.000000
vt 0.527778 1.000000
vt 0.537037 1.000000
vt 0.537037 0.000000
vt 0.546296 1.000000
vt 0.546296 0.000000
vt 0.555556 1.000000
vt 0.564815 1.000000
vt 0.564815 0.000000
vt 0.574074 1.000000
vt 0.574074 0.000000
vt 0.583333 1.000000
vt 0.592593 1.000000
vt 0.592593 0.000000
vt 0.601852 1.000000
vt 0.601852 0.000000
vt 0.611111 1.000000
vt 0.620370 1.000000
vt 0.620370 0.000000
vt 0.629630 1.000000
vt 0.629630 0.000000
vt 0.638889 1.000000
vt 0.648148 1.000000
vt 0.648148 0.000000
vt 0.657407 1.000000
vt 0.657407 0.000000
vt 0.666667 1.000000
vt 0.675926 1.000000
vt 0.675926 0.000000
vt 0.685185 1.000000
vt 0.685185 0.000000
vt 0.694444 1.000000
vt 0.703704 1.000000
vt 0.703704 0.000000
vt 0.712963 1.000000
vt 0.712963 0.000000
vt 0.722222 1.000000
vt 0.731481 1.000000
vt 0.731481 0.000000
vt 0.740741 1.000000
vt 0.740741 0.000000
vt 0.750000 1.000000
vt 0.759259 1.000000
vt 0.759259 0.000000
vt 0.768519 1.000000
vt 0.768519 0.000000
vt 0.777778 1.000000
vt 0.787037 1.000000
vt 0.787037 0.000000
vt 0.796296 1.000000
vt 0.796296 0.000000
vt 0.805556 1.000000
vt 0.814815 1.000000
vt 0.814815 0.000000
vt 0.824074 1.000000
vt 0.824074 0.000000
vt 0.833333 1.000000
vt 0.842593 1.000000
vt 0.842593 0.000000
vt 0.851852 1.000000
vt 0.851852 0.000000
vt 0.861111 1.000000
vt 0.870370 1.000000
vt 0.870370 0.000000
vt 0.879630 1.000000
vt 0.879630 0.000000
vt 0.888889 1.000000
vt 0.898148 1.000000
vt 0.898148 0.000000
vt 0.907407 1.000000
vt 0.907407 0.000000
vt 0.916667 1.000000
vt 0.925926 1.000000
vt 0.925926 0.000000
vt 0.935185 1.000000
vt 0.935185 0.000000
vt 0.944444 1.000000
vt 0.953704 1.000000
vt 0.953704 0.000000
vt 0.962963 1.000000
vt 0.962963 0.000000
vt 0.972222 1.000000
vt 0.981481 1.000000
vt 0.981481 0.000000
vt 0.990741 1.000000
vt 0.990741 0.000000
vt 0.002976 1.000000
vt 0.002976 0.000000
vt 0.005952 1.000000
vt 0.005952 0.000000
vt 0.008929 1.000000
vt 0.008929 0.000000
vt 0.011905 1.000000
vt 0.011905 0.000000
vt 0.014881 1.000000
vt 0.014881 0.000000
vt 0.017857 1.000000
vt 0.017857 0.000000
vt 0.020833 1.000000
vt 0.023810 1.000000
vt 0.023810 0.000000
vt 0.026786 1.000000
vt 0.026786 0.000000
vt 0.029762 1.000000
vt 0.029762 0.000000
vt 0.032738 1.000000
vt 0.032738 0.000000
vt 0.035714 1.000000
vt 0.035714 0.000000
vt 0.038690 1.000000
vt 0.038690 0.000000
vt 0.041667 1.000000
vt 0.044643 1.000000
vt 0.044643 0.000000
vt 0.047619 1.000000
vt 0.047619 0.000000
vt 0.050595 1.000000
vt 0.050595 0.000000
vt 0.053571 1.000000
vt 0.053571 0.000000
vt 0.056548 1.000000
vt 0.056548 0.000000
vt 0.059524 1.000000
vt 0.059524 0.000000
vt 0.062500 1.000000
vt 0.065476 1.000000
vt 0.065476 0.000000
vt 0.068452 1.000000
vt 0.068452 0.000000
vt 0.071429 1.000000
vt 0.071429 0.000000
vt 0.074405 1.000000
vt 0.074405 0.000000
vt 0.077381 1.000000
vt 0.077381 0.000000
vt 0.080357 1.000000
vt 0.080357 0.000000
vt 0.086310 1.000000
vt 0.086310 0.000000
vt 0.089286 1.000000
vt 0.089286 0.000000
vt 0.092262 1.000000
vt 0.092262 0.000000
vt 0.095238 1.000000
vt 0.095238 0.000000
vt 0.098214 1.000000
vt 0.098214 0.000000
vt 0.101190 1.000000
vt 0.101190 0.000000
vt 0.104167 1.000000
vt 0.107143 1.000000
vt 0.107143 0.000000
vt 0.110119 1.000000
vt 0.110119 0.000000
vt 0.113095 1.000000
vt 0.113095 0.000000
vt 0.116071 1.000000
vt 0.116071 0.000000
vt 0.119048 1.000000
vt 0.119048 0.000000
vt 0.122024 1.000000
vt 0.122024 0.000000
vt 0.125000 1.000000
vt 0.127976 1.000000
vt 0.127976 0.000000
vt 0.130952 1.000000
vt 0.130952 0.000000
vt 0.133929 1.000000
vt 0.133929 0.000000
vt 0.136905 1.000000
vt 0.136905 0.000000
vt 0.139881 1.000000
vt 0.139881 0.000000
vt 0.142857 1.000000
vt 0.142857 0.000000
vt 0.145833 1.000000
vt 0.148810 1.000000
vt 0.148810 0.000000
vt 0.151786 1.000000
vt 0.151786 0.000000
vt 0.154762 1.000000
vt 0.154762 0.000000
vt 0.157738 1.000000
vt 0.157738 0.000000
vt 0.160714 1.000000
vt 0.160714 0.000000
vt 0.163690 1.000000
vt 0.163690 0.000000
vt 0.169643 1.000000
vt 0.169643 0.000000
vt 0.172619 1.000000
vt 0.172619 0.000000
vt 0.175595 1.000000
vt 0.175595 0.000000
vt 0.178571 1.000000
vt 0.178571 0.000000
vt 0.181548 1.000000
vt 0.181548 0.000000
vt 0.184524 1.000000
vt 0.184524 0.000000
vt 0.187500 1.000000
vt 0.190476 1.000000
vt 0.190476 0.000000
vt 0.193452 1.000000
vt 0.193452 0.000000
vt 0.196429 1.000000
vt 0.196429 0.000000
vt 0.199405 1.000000
vt 0.199405 0.000000
vt 0.202381 1.000000
vt 0.202381 0.000000
vt 0.205357 1.000000
vt 0.205357 0.000000
vt 0.208333 1.000000
vt 0.211310 1.000000
vt 0.211310 0.000000
vt 0.214286 1.000000
vt 0.214286 0.000000
vt 0.217262 1.000000
vt 0.217262 0.000000
vt 0.220238 1.000000
vt 0.220238 0.000000
vt 0.223214 1.000000
vt 0.223214 0.000000
vt 0.226190 1.000000
vt 0.226190 0.000000
vt 0.229167 1.000000
vt 0.232143 1.000000
vt 0.232143 0.000000
vt 0.235119 1.000000
vt 0.235119 0.000000
vt 0.238095 1.000000
vt 0.238095 0.000000
vt 0.241071 1.000000
vt 0.241071 0.000000
vt 0.244048 1.000000
vt 0.244048 0.000000
vt 0.247024 1.000000
vt 0.247024 0.000000
vt 0.252976 1.000000
vt 0.252976 0.000000
vt 0.255952 1.000000
vt 0.255952 0.000000
vt 0.258929 1.000000
vt 0.258929 0.000000
vt 0.261905 1.000000
vt 0.261905 0.000000
vt 0.264881 1.000000
vt 0.264881 0.000000
vt 0.267857 1.000000
vt 0.267857 0.000000
vt 0.270833 1.000000
vt 0.273810 1.000000
vt 0.273810 0.000000
vt 0.276786 1.000000
vt 0.276786 0.000000
vt 0.279762 1.000000
vt 0.279762 0.000000
vt 0.282738 1.000000
vt 0.282738 0.000000
vt 0.285714 1.000000
vt 0.285714 0.000000
vt 0.288690 1.000000
vt 0.288690 0.000000
vt 0.291667 1.000000
vt 0.294643 1.000000
vt 0.294643 0.000000
vt 0.297619 1.000000
vt 0.297619 0.000000
vt 0.300595 1.000000
vt 0.300595 0.000000
vt 0.303571 1.000000
vt 0.303571 0.000000
vt 0.306548 1.000000
vt 0.306548 0.000000
vt 0.309524 1.000000
vt 0.309524 0.000000
vt 0.312500 1.000000
vt 0.315476 1.000000
vt 0.315476 0.000000
vt 0.318452 1.000000
vt 0.318452 0.000000
vt 0.321429 1.000000
vt 0.321429 0.000000
vt 0.324405 1.000000
vt 0.324405 0.000000
vt 0.327381 1.000000
vt 0.327381 0.000000
vt 0.330357 1.000000
vt 0.330357 0.000000
vt 0.336310 1.000000
vt 0.336310 0.000000
vt 0.339286 1.000000
vt 0.339286 0.000000
vt 0.342262 1.000000
vt 0.342262 0.000000
vt 0.345238 1.000000
vt 0.345238 0.000000
vt 0.348214 1.000000
vt 0.348214 0.000000
vt 0.351190 1.000000
vt 0.351190 0.000000
vt 0.354167 1.000000
vt 0.357143 1.000000
vt 0.357143 0.000000
vt 0.360119 1.000000
vt 0.360119 0.000000
vt 0.363095 1.000000
vt 0.363095 0.000000
vt 0.366071 1.000000
vt 0.366071 0.000000
vt 0.369048 1.000000
vt 0.369048 0.000000
vt 0.372024 1.000000
vt 0.372024 0.000000
vt 0.375000 1.000000
vt 0.377976 1.000000
vt 0.377976 0.000000
vt 0.380952 1.000000
vt 0.380952 0.000000
vt 0.383929 1.000000
vt 0.383929 0.000000
vt 0.386905 1.000000
vt 0.386905 0.000000
vt 0.389881 1.000000
vt 0.389881 0.000000
vt 0.392857 1.000000
vt 0.392857 0.000000
vt 0.395833 1.000000
vt 0.398810 1.000000
vt 0.398810 0.000000
vt 0.401786 1.000000
vt 0.401786 0.000000
vt 0.404762 1.000000
vt 0.404762 0.000000
vt 0.407738 1.000000
vt 0.407738 0.000000
vt 0.410714 1.000000
vt 0.410714 0.000000
vt 0.413690 1.000000
vt 0.413690 0.000000
vt 0.419643 1.000000
vt 0.419643 0.000000
vt 0.422619 1.000000
vt 0.422619 0.000000
vt 0.425595 1.000000
vt 0.425595 0.000000
vt 0.428571 1.000000
vt 0.428571 0.000000
vt 0.431548 1.000000
vt 0.431548 0.000000
vt 0.434524 1.000000
vt 0.434524 0.000000
vt 0.437500 1.000000
vt 0.440476 1.000000
vt 0.440476 0.000000
vt 0.443452 1.000000
vt 0.443452 0.000000
vt 0.446429 1.000000
vt 0.446429 0.000000
vt 0.449405 1.000000
vt 0.449405 0.000000
vt 0.452381 1.000000
vt 0.452381 0.000000
vt 0.455357 1.000000
vt 0.455357 0.000000
vt 0.458333 1.000000
vt 0.461310 1.000000
vt 0.461310 0.000000
vt 0.464286 1.000000
vt 0.464286 0.000000
vt 0.467262 1.000000
vt 0.467262 0.000000
vt 0.470238 1.000000
vt 0.470238 0.000000
vt 0.473214 1.000000
vt 0.473214 0.000000
vt 0.476190 1.000000
vt 0.476190 0.000000
vt 0.479167 1.000000
vt 0.482143 1.000000
vt 0.482143 0.000000
vt 0.485119 1.000000
vt 0.485119 0.000000
vt 0.488095 1.000000
vt 0.488095 0.000000
vt 0.491071 1.000000
vt 0.491071 0.000000
vt 0.494048 1.000000
vt 0.494048 0.000000
vt 0.497024 1.000000
vt 0.497024 0.000000
vt 0.502976 1.000000
vt 0.502976 0.000000
vt 0.505952 1.000000
vt 0.505952 0.000000
vt 0.508929 1.000000
vt 0.508929 0.000000
vt 0.511905 1.000000
vt 0.511905 0.000000
vt 0.514881 1.000000
vt 0.514881 0.000000
vt 0.517857 1.000000
vt 0.517857 0.000000
vt 0.520833 1.000000
vt 0.523810 1.000000
vt 0.523810 0.000000
vt 0.526786 1.000000
vt 0.526786 0.000000
vt 0.529762 1.000000
vt 0.529762 0.000000
vt 0.532738 1.000000
vt 0.532738 0.000000
vt 0.535714 1.000000
vt 0.535714 0.000000
vt 0.538690 1.000000
vt 0.538690 0.000000
vt 0.541667 1.000000
vt 0.544643 1.000000
vt 0.544643 0.000000
vt 0.547619 1.000000
vt 0.547619 0.000000
vt 0.550595 1.000000
vt 0.550595 0.000000
vt 0.553571 1.000000
vt 0.553571 0.000000
vt 0.556548 1.000000
vt 0.556548 0.000000
vt 0.559524 1.000000
vt 0.559524 0.000000
vt 0.562500 1.000000
vt 0.565476 1.000000
vt 0.565476 0.000000
vt 0.568452 1.000000
vt 0.568452 0.000000
vt 0.571429 1.000000
vt 0.571429 0.000000
vt 0.574405 1.000000
vt 0.574405 0.000000
vt 0.577381 1.000000
vt 0.577381 0.000000
vt 0.580357 1.000000
vt 0.580357 0.000000
vt 0.586310 1.000000
vt 0.586310 0.000000
vt 0.589286 1.000000
vt 0.589286 0.000000
vt 0.592262 1.000000
vt 0.592262 0.000000
vt 0.595238 1.000000
vt 0.595238 0.000000
vt 0.598214 1.000000
vt 0.598214 0.000000
vt 0.601190 1.000000
vt 0.601190 0.000000
vt 0.604167 1.000000
vt 0.607143 1.000000
vt 0.607143 0.000000
vt 0.610119 1.000000
vt 0.610119 0.000000
vt 0.613095 1.000000
vt 0.613095 0.000000
vt 0.616071 1.000000
vt 0.616071 0.000000
vt 0.619048 1.000000
vt 0.619048 0.000000
vt 0.622024 1.000000
vt 0.622024 0.000000
vt 0.625000 1.000000
vt 0.627976 1.000000
vt 0.627976 0.000000
vt 0.630952 1.000000
vt 0.630952 0.000000
vt 0.633929 1.000000
vt 0.633929 0.000000
vt 0.636905 1.000000
vt 0.636905 0.000000
vt 0.639881 1.000000
vt 0.639881 0.000000
vt 0.642857 1.000000
vt 0.642857 0.000000
vt 0.645833 1.000000
vt 0.648810 1.000000
vt 0.648810 0.000000
vt 0.651786 1.000000
vt 0.651786 0.000000
vt 0.654762 1.000000
vt 0.654762 0.000000
vt 0.657738 1.000000
vt 0.657738 0.000000
vt 0.660714 1.000000
vt 0.660714 0.000000
vt 0.663690 1.000000
vt 0.663690 0.000000
vt 0.669643 1.000000
vt 0.669643 0.000000
vt 0.672619 1.000000
vt 0.672619 0.000000
vt 0.675595 1.000000
vt 0.675595 0.000000
vt 0.678571 1.000000
vt 0.678571 0.000000
vt 0.681548 1.000000
vt 0.681548 0.000000
vt 0.684524 1.000000
vt 0.684524 0.000000
vt 0.687500 1.000000
vt 0.690476 1.000000
vt 0.690476 0.000000
vt 0.693452 1.000000
vt 0.693452 0.000000
vt 0.696429 1.000000
vt 0.696429 0.000000
vt 0.699405 1.000000
vt 0.699405 0.000000
vt 0.702381 1.000000
vt 0.702381 0.000000
vt 0.705357 1.000000
vt 0.705357 0.000000
vt 0.708333 1.000000
vt 0.711310 1.000000
vt 0.711310 0.000000
vt 0.714286 1.000000
vt 0.714286 0.000000
vt 0.717262 1.000000
vt 0.717262 0.000000
vt 0.720238 1.000000
vt 0.720238 0.000000
vt 0.723214 1.000000
vt 0.723214 0.000000
vt 0.726190 1.000000
vt 0.726190 0.000000
vt 0.729167 1.000000
vt 0.732143 1.000000
vt 0.732143 0.000000
vt 0.735119 1.000000
vt 0.735119 0.000000
vt 0.738095 1.000000
vt 0.738095 0.000000
vt 0.741071 1.000000
vt 0.741071 0.000000
vt 0.744048 1.000000
vt 0.744048 0.000000
vt 0.747024 1.000000
vt 0.747024 0.000000
vt 0.752976 1.000000
vt 0.752976 0.000000
vt 0.755952 1.000000
vt 0.755952 0.000000
vt 0.758929 1.000000
vt 0.758929 0.000000
vt 0.761905 1.000000
vt 0.761905 0.000000
vt 0.764881 1.000000
vt 0.764881 0.000000
vt 0.767857 1.000000
vt 0.767857 0.000000
vt 0.770833 1.000000
vt 0.773810 1.000000
vt 0.773810 0.000000
vt 0.776786 1.000000
vt 0.776786 0.000000
vt 0.779762 1.000000
vt 0.779762 0.000000
vt 0.782738 1.000000
vt 0.782738 0.000000
vt 0.785714 1.000000
vt 0.785714 0.000000
vt 0.788690 1.000000
vt 0.788690 0.000000
vt 0.791667 1.000000
vt 0.794643 1.000000
vt 0.794643 0.000000
vt 0.797619 1.000000
vt 0.797619 0.000000
vt 0.800595 1.000000
vt 0.800595 0.000000
vt 0.803571 1.000000
vt 0.803571 0.000000
vt 0.806548 1.000000
vt 0.806548 0.000000
vt 0.809524 1.000000
vt 0.809524 0.000000
vt 0.812500 1.000000
vt 0.815476 1.000000
vt 0.815476 0.000000
vt 0.818452 1.000000
vt 0.818452 0.000000
vt 0.821429 1.000000
vt 0.821429 0.000000
vt 0.824405 1.000000
vt 0.824405 0.000000
vt 0.827381 1.000000
vt 0.827381 0.000000
vt 0.830357 1.000000
vt 0.830357 0.000000
vt 0.836310 1.000000
vt 0.836310 0.000000
vt 0.839286 1.000000
vt 0.839286 0.000000
vt 0.842262 1.000000
vt 0.842262 0.000000
vt 0.845238 1.000000
vt 0.845238 0.000000
vt 0.848214 1.000000
vt 0.848214 0.000000
vt 0.851190 1.000000
vt 0.851190 0.000000
vt 0.854167 1.000000
vt 0.857143 1.000000
vt 0.857143 0.000000
vt 0.860119 1.000000
vt 0.860119 0.000000
vt 0.863095 1.000000
vt 0.863095 0.000000
vt 0.866071 1.000000
vt 0.866071 0.000000
vt 0.869048 1.000000
vt 0.869048 0.000000
vt 0.872024 1.000000
vt 0.872024 0.000000
vt 0.875000 1.000000
vt 0.877976 1.000000
vt 0.877976 0.000000
vt 0.880952 1.000000
vt 0.880952 0.000000
vt 0.883929 1.000000
vt 0.883929 0.000000
vt 0.886905 1.000000
vt 0.886905 0.000000
vt 0.889881 1.000000
vt 0.889881 0.000000
vt 0.892857 1.000000
vt 0.892857 0.000000
vt 0.895833 1.000000
vt 0.898810 1.000000
vt 0.898810 0.000000
vt 0.901786 1.000000
vt 0.901786 0.000000
vt 0.904762 1.000000
vt 0.904762 0.000000
vt 0.907738 1.000000
vt 0.907738 0.000000
vt 0.910714 1.000000
vt 0.910714 0.000000
vt 0.913690 1.000000
vt 0.913690 0.000000
vt 0.919643 1.000000
vt 0.919643 0.000000
vt 0.922619 1.000000
vt 0.922619 0.000000
vt 0.925595 1.000000
vt 0.925595 0.000000
vt 0.928571 1.000000
vt 0.928571 0.000000
vt 0.931548 1.000000
vt 0.931548 0.000000
vt 0.934524 1.000000
vt 0.934524 0.000000
vt 0.937500 1.000000
vt 0.940476 1.000000
vt 0.940476 0.000000
vt 0.943452 1.000000
vt 0.943452 0.000000
vt 0.946429 1.000000
vt 0.946429 0.000000
vt 0.949405 1.000000
vt 0.949405 0.000000
vt 0.952381 1.000000
vt 0.952381 0.000000
vt 0.955357 1.000000
vt 0.955357 0.000000
vt 0.958333 1.000000
vt 0.961310 1.000000
vt 0.961310 0.000000
vt 0.964286 1.000000
vt 0.964286 0.000000
vt 0.967262 1.000000
vt 0.967262 0.000000
vt 0.970238 1.000000
vt 0.970238 0.000000
vt 0.973214 1.000000
vt 0.973214 0.000000
vt 0.976190 1.000000
vt 0.976190 0.000000
vt 0.979167 1.000000
vt 0.982143 1.000000
vt 0.982143 0.000000
vt 0.985119 1.000000
vt 0.985119 0.000000
vt 0.988095 1.000000
vt 0.988095 0.000000
vt 0.991071 1.000000
vt 0.991071 0.000000
vt 0.994048 1.000000
vt 0.994048 0.000000
vt 0.997024 1.000000
vt 0.997024 0.000000
vt 0.002519 1.000000
vt 0.002519 0.000000
vt 0.005038 1.000000
vt 0.005038 0.000000
vt 0.007557 1.000000
vt 0.007557 0.000000
vt 0.010076 1.000000
vt 0.010076 0.000000
vt 0.012594 1.000000
vt 0.012594 0.000000
vt 0.015113 1.000000
vt 0.015113 0.000000
vt 0.017632 1.000000
vt 0.017632 0.000000
vt 0.020151 1.000000
vt 0.020151 0.000000
vt 0.022670 1.000000
vt 0.022670 0.000000
vt 0.025189 1.000000
vt 0.025189 0.000000
vt 0.027708 1.000000
vt 0.027708 0.000000
vt 0.030227 1.000000
vt 0.030227 0.000000
vt 0.032746 1.000000
vt 0.032746 0.000000
vt 0.035264 1.000000
vt 0.035264 0.000000
vt 0.037783 1.000000
vt 0.037783 0.000000
vt 0.040302 1.000000
vt 0.040302 0.000000
vt 0.042821 1.000000
vt 0.042821 0.000000
vt 0.045340 1.000000
vt 0.045340 0.000000
vt 0.047859 1.000000
vt 0.047859 0.000000
vt 0.050378 1.000000
vt 0.050378 0.000000
vt 0.052897 1.000000
vt 0.052897 0.000000
vt 0.055416 1.000000
vt 0.055416 0.000000
vt 0.057935 1.000000
vt 0.057935 0.000000
vt 0.060453 1.000000
vt 0.060453 0.000000
vt 0.062972 1.000000
vt 0.062972 0.000000
vt 0.065491 1.000000
vt 0.065491 0.000000
vt 0.068010 1.000000
vt 0.068010 0.000000
vt 0.070529 1.000000
vt 0.070529 0.000000
vt 0.073048 1.000000
vt 0.073048 0.000000
vt 0.075567 1.000000
vt 0.075567 0.000000
vt 0.078086 1.000000
vt 0.078086 0.000000
vt 0.080605 1.000000
vt 0.080605 0.000000
vt 0.083123 1.000000
vt 0.083123 0.000000
vt 0.085642 1.000000
vt 0.085642 0.000000
vt 0.088161 1.000000
vt 0.088161 0.000000
vt 0.090680 1.000000
vt 0.090680 0.000000
vt 0.093199 1.000000
vt 0.093199 0.000000
vt 0.095718 1.000000
vt 0.095718 0.000000
vt 0.098237 1.000000
vt 0.098237 0.000000
vt 0.100756 1.000000
vt 0.100756 0.000000
vt 0.103275 1.000000
vt 0.103275 0.000000
vt 0.105793 1.000000
vt 0.105793 0.000000
vt 0.108312 1.000000
vt 0.108312 0.000000
vt 0.110831 1.000000
vt 0.110831 0.000000
vt 0.113350 1.000000
vt 0.113350 0.000000
vt 0.115869 1.000000
vt 0.115869 0.000000
vt 0.118388 1.000000
vt 0.118388 0.000000
vt 0.120907 1.000000
vt 0.120907 0.000000
vt 0.123426 1.000000
vt 0.123426 0.000000
vt 0.125945 1.000000
vt 0.125945 0.000000
vt 0.128463 1.000000
vt 0.128463 0.000000
vt 0.130982 1.000000
vt 0.130982 0.000000
vt 0.133501 1.000000
vt 0.133501 0.000000
vt 0.136020 1.000000
vt 0.136020 0.000000
vt 0.138539 1.000000
vt 0.138539 0.000000
vt 0.141058 1.000000
vt 0.141058 0.000000
vt 0.143577 1.000000
vt 0.143577 0.000000
vt 0.146096 1.000000
vt 0.146096 0.000000
vt 0.148615 1.000000
vt 0.148615 0.000000
vt 0.151134 1.000000
vt 0.151134 0.000000
vt 0.153652 1.000000
vt 0.153652 0.000000
vt 0.156171 1.000000
vt 0.156171 0.000000
vt 0.158690 1.000000
vt 0.158690 0.000000
vt 0.161209 1.000000
vt 0.161209 0.000000
vt 0.163728 1.000000
vt 0.163728 0.000000
vt 0.166247 1.000000
vt 0.166247 0.000000
vt 0.168766 1.000000
vt 0.168766 0.000000
vt 0.171285 1.000000
vt 0.171285 0.000000
vt 0.173804 1.000000
vt 0.173804 0.000000
vt 0.176322 1.000000
vt 0.176322 0.000000
vt 0.178841 1.000000
vt 0.178841 0.000000
vt 0.181360 1.000000
vt 0.181360 0.000000
vt 0.183879 1.000000
vt 0.183879 0.000000
vt 0.186398 1.000000
vt 0.186398 0.000000
vt 0.188917 1.000000
vt 0.188917 0.000000
vt 0.191436 1.000000
vt 0.191436 0.000000
vt 0.193955 1.000000
vt 0.193955 0.000000
vt 0.196474 1.000000
vt 0.196474 0.000000
vt 0.198992 1.000000
vt 0.198992 0.000000
vt 0.201511 1.000000
vt 0.201511 0.000000
vt 0.204030 1.000000
vt 0.204030 0.000000
vt 0.206549 1.000000
vt 0.206549 0.000000
vt 0.209068 1.000000
vt 0.209068 0.000000
vt 0.211587 1.000000
vt 0.211587 0.000000
vt 0.214106 1.000000
vt 0.214106 0.000000
vt 0.216625 1.000000
vt 0.216625 0.000000
vt 0.219144 1.000000
vt 0.219144 0.000000
vt 0.221662 1.000000
vt 0.221662 0.000000
vt 0.224181 1.000000
vt 0.224181 0.000000
vt 0.226700 1.000000
vt 0.226700 0.000000
vt 0.229219 1.000000
vt 0.229219 0.000000
vt 0.231738 1.000000
vt 0.231738 0.000000
vt 0.234257 1.000000
vt 0.234257 0.000000
vt 0.236776 1.000000
vt 0.236776 0.000000
vt 0.239295 1.000000
vt 0.239295 0.000000
vt 0.241814 1.000000
vt 0.241814 0.000000
vt 0.244332 1.000000
vt 0.244332 0.000000
vt 0.246851 1.000000
vt 0.246851 0.000000
vt 0.249370 1.000000
vt 0.249370 0.000000
vt 0.251889 1.000000
vt 0.251889 0.000000
vt 0.254408 1.000000
vt 0.254408 0.000000
vt 0.256927 1.000000
vt 0.256927 0.000000
vt 0.259446 1.000000
vt 0.259446 0.000000
vt 0.261965 1.000000
vt 0.261965 0.000000
vt 0.264484 1.000000
vt 0.264484 0.000000
vt 0.267003 1.000000
vt 0.267003 0.000000
vt 0.269521 1.000000
vt 0.269521 0.000000
vt 0.272040 1.000000
vt 0.272040 0.000000
vt 0.274559 1.000000
vt 0.274559 0.000000
vt 0.277078 1.000000
vt 0.277078 0.000000
vt 0.279597 1.000000
vt 0.279597 0.000000
vt 0.282116 1.000000
vt 0.282116 0.000000
vt 0.284635 1.000000
vt 0.284635 0.000000
vt 0.287154 1.000000
vt 0.287154 0.000000
vt 0.289673 1.000000
vt 0.289673 0.000000
vt 0.292191 1.000000
vt 0.292191 0.000000
vt 0.294710 1.000000
vt 0.294710 0.000000
vt 0.297229 1.000000
vt 0.297229 0.000000
vt 0.299748 1.000000
vt 0.299748 0.000000
vt 0.302267 1.000000
vt 0.302267 0.000000
vt 0.304786 1.000000
vt 0.304786 0.000000
vt 0.307305 1.000000
vt 0.307305 0.000000
vt 0.309824 1.000000
vt 0.309824 0.000000
vt 0.312343 1.000000
vt 0.312343 0.000000
vt 0.314861 1.000000
vt 0.314861 0.000000
vt 0.317380 1.000000
vt 0.317380 0.000000
vt 0.319899 1.000000
vt 0.319899 0.000000
vt 0.322418 1.000000
vt 0.322418 0.000000
vt 0.324937 1.000000
vt 0.324937 0.000000
vt 0.327456 1.000000
vt 0.327456 0.000000
vt 0.329975 1.000000
vt 0.329975 0.000000
vt 0.332494 1.000000
vt 0.332494 0.000000
vt 0.335013 1.000000
vt 0.335013 0.000000
vt 0.337531 1.000000
vt 0.337531 0.000000
vt 0.340050 1.000000
vt 0.340050 0.000000
vt 0.342569 1.000000
vt 0.342569 0.000000
vt 0.345088 1.000000
vt 0.345088 0.000000
vt 0.347607 1.000000
vt 0.347607 0.000000
vt 0.350126 1.000000
vt 0.350126 0.000000
vt 0.352645 1.000000
vt 0.352645 0.000000
vt 0.355164 1.000000
vt 0.355164 0.000000
vt 0.357683 1.000000
vt 0.357683 0.000000
vt 0.360202 1.000000
vt 0.360202 0.000000
vt 0.362720 1.000000
vt 0.362720 0.000000
vt 0.365239 1.000000
vt 0.365239 0.000000
vt 0.367758 1.000000
vt 0.367758 0.000000
vt 0.370277 1.000000
vt 0.370277 0.000000
vt 0.372796 1.000000
vt 0.372796 0.000000
vt 0.375315 1.000000
vt 0.375315 0.000000
vt 0.377834 1.000000
vt 0.377834 0.000000
vt 0.380353 1.000000
vt 0.380353 0.000000
vt 0.382872 1.000000
vt 0.382872 0.000000
vt 0.385390 1.000000
vt 0.385390 0.000000
vt 0.387909 1.000000
vt 0.387909 0.000000
vt 0.390428 1.000000
vt 0.390428 0.000000
vt 0.392947 1.000000
vt 0.392947 0.000000
vt 0.395466 1.000000
vt 0.395466 0.000000
vt 0.397985 1.000000
vt 0.397985 0.000000
vt 0.400504 1.000000
vt 0.400504 0.000000
vt 0.403023 1.000000
vt 0.403023 0.000000
vt 0.405542 1.000000
vt 0.405542 0.000000
vt 0.408060 1.000000
vt 0.408060 0.000000
vt 0.410579 1.000000
vt 0.410579 0.000000
vt 0.413098 1.000000
vt 0.413098 0.000000
vt 0.415617 1.000000
vt 0.415617 0.000000
vt 0.418136 1.000000
vt 0.418136 0.000000
vt 0.420655 1.000000
vt 0.420655 0.000000
vt 0.423174 1.000000
vt 0.423174 0.000000
vt 0.425693 1.000000
vt 0.425693 0.000000
vt 0.428212 1.000000
vt 0.428212 0.000000
vt 0.430730 1.000000
vt 0.430730 0.000000
vt 0.433249 1.000000
vt 0.433249 0.000000
vt 0.435768 1.000000
vt 0.435768 0.000000
vt 0.438287 1.000000
vt 0.438287 0.000000
vt 0.440806 1.000000
vt 0.440806 0.000000
vt 0.443325 1.000000
vt 0.443325 0.000000
vt 0.445844 1.000000
vt 0.445844 0.000000
vt 0.448363 1.000000
vt 0.448363 0.000000
vt 0.450882 1.000000
vt 0.450882 0.000000
vt 0.453400 1.000000
vt 0.453400 0.000000
vt 0.455919 1.000000
vt 0.455919 0.000000
vt 0.458438 1.000000
vt 0.458438 0.000000
vt 0.460957 1.000000
vt 0.460957 0.000000
vt 0.463476 1.000000
vt 0.463476 0.000000
vt 0.465995 1.000000
vt 0.465995 0.000000
vt 0.468514 1.000000
vt 0.468514 0.000000
vt 0.471033 1.000000
vt 0.471033 0.000000
vt 0.473552 1.000000
vt 0.473552 0.000000
vt 0.476071 1.000000
vt 0.476071 0.000000
vt 0.478589 1.000000
vt 0.478589 0.000000
vt 0.481108 1.000000
vt 0.481108 0.000000
vt 0.483627 1.000000
vt 0.483627 0.000000
vt 0.486146 1.000000
vt 0.486146 0.000000
vt 0.488665 1.000000
vt 0.488665 0.000000
vt 0.491184 1.000000
vt 0.491184 0.000000
vt 0.493703 1.000000
vt 0.493703 0.000000
vt 0.496222 1.000000
vt 0.496222 0.000000
vt 0.498741 1.000000
vt 0.498741 0.000000
vt 0.501259 1.000000
vt 0.501259 0.000000
vt 0.503778 1.000000
vt 0.503778 0.000000
vt 0.506297 1.000000
vt 0.506297 0.000000
vt 0.508816 1.000000
vt 0.508816 0.000000
vt 0.511335 1.000000
vt 0.511335 0.000000
vt 0.513854 1.000000
vt 0.513854 0.000000
vt 0.516373 1.000000
vt 0.516373 0.000000
vt 0.518892 1.000000
vt 0.518892 0.000000
vt 0.521411 1.000000
vt 0.521411 0.000000
vt 0.523929 1.000000
vt 0.523929 0.000000
vt 0.526448 1.000000
vt 0.526448 0.000000
vt 0.528967 1.000000
vt 0.528967 0.000000
vt 0.531486 1.000000
vt 0.531486 0.000000
vt 0.534005 1.000000
vt 0.534005 0.000000
vt 0.536524 1.000000
vt 0.536524 0.000000
vt 0.539043 1.000000
vt 0.539043 0.000000
vt 0.541562 1.000000
vt 0.541562 0.000000
vt 0.544081 1.000000
vt 0.544081 0.000000
vt 0.546600 1.000000
vt 0.546600 0.000000
vt 0.549118 1.000000
vt 0.549118 0.000000
vt 0.551637 1.000000
vt 0.551637 0.000000
vt 0.554156 1.000000
vt 0.554156 0.000000
vt 0.556675 1.000000
vt 0.556675 0.000000
vt 0.559194 1.000000
vt 0.559194 0.000000
vt 0.561713 1.000000
vt 0.561713 0.000000
vt 0.564232 1.000000
vt 0.564232 0.000000
vt 0.566751 1.000000
vt 0.566751 0.000000
vt 0.569270 1.000000
vt 0.569270 0.000000
vt 0.571788 1.000000
vt 0.571788 0.000000
vt 0.574307 1.000000
vt 0.574307 0.000000
vt 0.576826 1.000000
vt 0.576826 0.000000
vt 0.579345 1.000000
vt 0.579345 0.000000
vt 0.581864 1.000000
vt 0.581864 0.000000
vt 0.584383 1.000000
vt 0.584383 0.000000
vt 0.586902 1.000000
vt 0.586902 0.000000
vt 0.589421 1.000000
vt 0.589421 0.000000
vt 0.591940 1.000000
vt 0.591940 0.000000
vt 0.594458 1.000000
vt 0.594458 0.000000
vt 0.596977 1.000000
vt 0.596977 0.000000
vt 0.599496 1.000000
vt 0.599496 0.000000
vt 0.602015 1.000000
vt 0.602015 0.000000
vt 0.604534 1.000000
vt 0.604534 0.000000
vt 0.607053 1.000000
vt 0.607053 0.000000
vt 0.609572 1.000000
vt 0.609572 0.000000
vt 0.612091 1.000000
vt 0.612091 0.000000
vt 0.614610 1.000000
vt 0.614610 0.000000
vt 0.617128 1.000000
vt 0.617128 0.000000
vt 0.619647 1.000000
vt 0.619647 0.000000
vt 0.622166 1.000000
vt 0.622166 0.000000
vt 0.624685 1.000000
vt 0.624685 0.000000
vt 0.627204 1.000000
vt 0.627204 0.000000
vt 0.629723 1.000000
vt 0.629723 0.000000
vt 0.632242 1.000000
vt 0.632242 0.000000
vt 0.634761 1.000000
vt 0.634761 0.000000
vt 0.637280 1.000000
vt 0.637280 0.000000
vt 0.639798 1.000000
vt 0.639798 0.000000
vt 0.642317 1.000000
vt 0.642317 0.000000
vt 0.644836 1.000000
vt 0.644836 0.000000
vt 0.647355 1.000000
vt 0.647355 0.000000
vt 0.649874 1.000000
vt 0.649874 0.000000
vt 0.652393 1.000000
vt 0.652393 0.000000
vt 0.654912 1.000000
vt 0.654912 0.000000
vt 0.657431 1.000000
vt 0.657431 0.000000
vt 0.659950 1.000000
vt 0.659950 0.000000
vt 0.662468 1.000000
vt 0.662468 0.000000
vt 0.664987 1.000000
vt 0.664987 0.000000
vt 0.667506 1.000000
vt 0.667506 0.000000
vt 0.670025 1.000000
vt 0.670025 0.000000
vt 0.672544 1.000000
vt 0.672544 0.000000
vt 0.675063 1.000000
vt 0.675063 0.000000
vt 0.677582 1.000000
vt 0.677582 0.000000
vt 0.680101 1.000000
vt 0.680101 0.000000
vt 0.682620 1.000000
vt 0.682620 0.000000
vt 0.685139 1.000000
vt 0.685139 0.000000
vt 0.687657 1.000000
vt 0.687657 0.000000
vt 0.690176 1.000000
vt 0.690176 0.000000
vt 0.692695 1.000000
vt 0.692695 0.000000
vt 0.695214 1.000000
vt 0.695214 0.000000
vt 0.697733 1.000000
vt 0.697733 0.000000
vt 0.700252 1.000000
vt 0.700252 0.000000
vt 0.702771 1.000000
vt 0.702771 0.000000
vt 0.705290 1.000000
vt 0.705290 0.000000
vt 0.707809 1.000000
vt 0.707809 0.000000
vt 0.710327 1.000000
vt 0.710327 0.000000
vt 0.712846 1.000000
vt 0.712846 0.000000
vt 0.715365 1.000000
vt 0.715365 0.000000
vt 0.717884 1.000000
vt 0.717884 0.000000
vt 0.720403 1.000000
vt 0.720403 0.000000
vt 0.722922 1.000000
vt 0.722922 0.000000
vt 0.725441 1.000000
vt 0.725441 0.000000
vt 0.727960 1.000000
vt 0.727960 0.000000
vt 0.730479 1.000000
vt 0.730479 0.000000
vt 0.732997 1.000000
vt 0.732997 0.000000
vt 0.735516 1.000000
vt 0.735516 0.000000
vt 0.738035 1.000000
vt 0.738035 0.000000
vt 0.740554 1.000000
vt 0.740554 0.000000
vt 0.743073 1.000000
vt 0.743073 0.000000
vt 0.745592 1.000000
vt 0.745592 0.000000
vt 0.748111 1.000000
vt 0.748111 0.000000
vt 0.750630 1.000000
vt 0.750630 0.000000
vt 0.753149 1.000000
vt 0.753149 0.000000
vt 0.755668 1.000000
vt 0.755668 0.000000
vt 0.758186 1.000000
vt 0.758186 0.000000
vt 0.760705 1.000000
vt 0.760705 0.000000
vt 0.763224 1.000000
vt 0.763224 0.000000
vt 0.765743 1.000000
vt 0.765743 0.000000
vt 0.768262 1.000000
vt 0.768262 0.000000
vt 0.770781 1.000000
vt 0.770781 0.000000
vt 0.773300 1.000000
vt 0.773300 0.000000
vt 0.775819 1.000000
vt 0.775819 0.000000
vt 0.778338 1.000000
vt 0.778338 0.000000
vt 0.780856 1.000000
vt 0.780856 0.000000
vt 0.783375 1.000000
vt 0.783375 0.000000
vt 0.785894 1.000000
vt 0.785894 0.000000
vt 0.788413 1.000000
vt 0.788413 0.000000
vt 0.790932 1.000000
vt 0.790932 0.000000
vt 0.793451 1.000000
vt 0.793451 0.000000
vt 0.795970 1.000000
vt 0.795970 0.000000
vt 0.798489 1.000000
vt 0.798489 0.000000
vt 0.801008 1.000000
vt 0.801008 0.000000
vt 0.803526 1.000000
vt 0.803526 0.000000
vt 0.806045 1.000000
vt 0.806045 0.000000
vt 0.808564 1.000000
vt 0.808564 0.000000
vt 0.811083 1.000000
vt 0.811083 0.000000
vt 0.813602 1.000000
vt 0.813602 0.000000
vt 0.816121 1.000000
vt 0.816121 0.000000
vt 0.818640 1.000000
vt 0.818640 0.000000
vt 0.821159 1.000000
vt 0.821159 0.000000
vt 0.823678 1.000000
vt 0.823678 0.000000
vt 0.826196 1.000000
vt 0.826196 0.000000
vt 0.828715 1.000000
vt 0.828715 0.000000
vt 0.831234 1.000000
vt 0.831234 0.000000
vt 0.833753 1.000000
vt 0.833753 0.000000
vt 0.836272 1.000000
vt 0.836272 0.000000
vt 0.838791 1.000000
vt 0.838791 0.000000
vt 0.841310 1.000000
vt 0.841310 0.000000
vt 0.843829 1.000000
vt 0.843829 0.000000
vt 0.846348 1.000000
vt 0.846348 0.000000
vt 0.848867 1.000000
vt 0.848867 0.000000
vt 0.851385 1.000000
vt 0.851385 0.000000
vt 0.853904 1.000000
vt 0.853904 0.000000
vt 0.856423 1.000000
vt 0.856423 0.000000
vt 0.858942 1.000000
vt 0.858942 0.000000
vt 0.861461 1.000000
vt 0.861461 0.000000
vt 0.863980 1.000000
vt 0.863980 0.000000
vt 0.866499 1.000000
vt 0.866499 0.000000
vt 0.869018 1.000000
vt 0.869018 0.000000
vt 0.871537 1.000000
vt 0.871537 0.000000
vt 0.874055 1.000000
vt 0.874055 0.000000
vt 0.876574 1.000000
vt 0.876574 0.000000
vt 0.879093 1.000000
vt 0.879093 0.000000
vt 0.881612 1.000000
vt 0.881612 0.000000
vt 0.884131 1.000000
vt 0.884131 0.000000
vt 0.886650 1.000000
vt 0.886650 0.000000
vt 0.889169 1.000000
vt 0.889169 0.000000
vt 0.891688 1.000000
vt 0.891688 0.000000
vt 0.894207 1.000000
vt 0.894207 0.000000
vt 0.896725 1.000000
vt 0.896725 0.000000
vt 0.899244 1.000000
vt 0.899244 0.000000
vt 0.901763 1.000000
vt 0.901763 0.000000
vt 0.904282 1.000000
vt 0.904282 0.000000
vt 0.906801 1.000000
vt 0.906801 0.000000
vt 0.909320 1.000000
vt 0.909320 0.000000
vt 0.911839 1.000000
vt 0.911839 0.000000
vt 0.914358 1.000000
vt 0.914358 0.000000
vt 0.916877 1.000000
vt 0.916877 0.000000
vt 0.919395 1.000000
vt 0.919395 0.000000
vt 0.921914 1.000000
vt 0.921914 0.000000
vt 0.924433 1.000000
vt 0.924433 0.000000
vt 0.926952 1.000000
vt 0.926952 0.000000
vt 0.929471 1.000000
vt 0.929471 0.000000
vt 0.931990 1.000000
vt 0.931990 0.000000
vt 0.934509 1.000000
vt 0.934509 0.000000
vt 0.937028 1.000000
vt 0.937028 0.000000
vt 0.939547 1.000000
vt 0.939547 0.000000
vt 0.942065 1.000000
vt 0.942065 0.000000
vt 0.944584 1.000000
vt 0.944584 0.000000
vt 0.947103 1.000000
vt 0.947103 0.000000
vt 0.949622 1.000000
vt 0.949622 0.000000
vt 0.952141 1.000000
vt 0.952141 0.000000
vt 0.954660 1.000000
vt 0.954660 0.000000
vt 0.957179 1.000000
vt 0.957179 0.000000
vt 0.959698 1.000000
vt 0.959698 0.000000
vt 0.962217 1.000000
vt 0.962217 0.000000
vt 0.964736 1.000000
vt 0.964736 0.000000
vt 0.967254 1.000000
vt 0.967254 0.000000
vt 0.969773 1.000000
vt 0.969773 0.000000
vt 0.972292 1.000000
vt 0.972292 0.000000
vt 0.974811 1.000000
vt 0.974811 0.000000
vt 0.977330 1.000000
vt 0.977330 0.000000
vt 0.979849 1.000000
vt 0.979849 0.000000
vt 0.982368 1.000000
vt 0.982368 0.000000
vt 0.984887 1.000000
vt 0.984887 0.000000
vt 0.987406 1.000000
vt 0.987406 0.000000
vt 0.989924 1.000000
vt 0.989924 0.000000
vt 0.992443 1.000000
vt 0.992443 0.000000
vt 0.994962 1.000000
vt 0.994962 0.000000
vt 0.997481 1.000000
vt 0.997481 0.000000
vt 0.010417 1.000000
vt 0.031250 1.000000
vt 0.052083 1.000000
vt 0.072917 1.000000
vt 0.093750 1.000000
vt 0.114583 1.000000
vt 0.135417 1.000000
vt 0.156250 1.000000
vt 0.177083 1.000000
vt 0.197917 1.000000
vt 0.218750 1.000000
vt 0.239583 1.000000
vt 0.260417 1.000000
vt 0.281250 1.000000
vt 0.302083 1.000000
vt 0.322917 1.000000
vt 0.343750 1.000000
vt 0.364583 1.000000
vt 0.385417 1.000000
vt 0.406250 1.000000
vt 0.427083 1.000000
vt 0.447917 1.000000
vt 0.468750 1.000000
vt 0.489583 1.000000
vt 0.510417 1.000000
vt 0.531250 1.000000
vt 0.552083 1.000000
vt 0.572917 1.000000
vt 0.593750 1.000000
vt 0.614583 1.000000
vt 0.635417 1.000000
vt 0.656250 1.000000
vt 0.677083 1.000000
vt 0.697917 1.000000
vt 0.718750 1.000000
vt 0.739583 1.000000
vt 0.760417 1.000000
vt 0.781250 1.000000
vt 0.802083 1.000000
vt 0.822917 1.000000
vt 0.843750 1.000000
vt 0.864583 1.000000
vt 0.885417 1.000000
vt 0.906250 1.000000
vt 0.927083 1.000000
vt 0.947917 1.000000
vt 0.968750 1.000000
vt 0.989583 1.000000
vt 0.002242 1.000000
vt 0.002242 0.000000
vt 0.004484 1.000000
vt 0.004484 0.000000
vt 0.006726 1.000000
vt 0.006726 0.000000
vt 0.008969 1.000000
vt 0.008969 0.000000
vt 0.011211 1.000000
vt 0.011211 0.000000
vt 0.013453 1.000000
vt 0.013453 0.000000
vt 0.015695 1.000000
vt 0.015695 0.000000
vt 0.017937 1.000000
vt 0.017937 0.000000
vt 0.020179 1.000000
vt 0.020179 0.000000
vt 0.022422 1.000000
vt 0.022422 0.000000
vt 0.024664 1.000000
vt 0.024664 0.000000
vt 0.026906 1.000000
vt 0.026906 0.000000
vt 0.029148 1.000000
vt 0.029148 0.000000
vt 0.031390 1.000000
vt 0.031390 0.000000
vt 0.033632 1.000000
vt 0.033632 0.000000
vt 0.035874 1.000000
vt 0.035874 0.000000
vt 0.038117 1.000000
vt 0.038117 0.000000
vt 0.040359 1.000000
vt 0.040359 0.000000
vt 0.042601 1.000000
vt 0.042601 0.000000
vt 0.044843 1.000000
vt 0.044843 0.000000
vt 0.047085 1.000000
vt 0.047085 0.000000
vt 0.049327 1.000000
vt 0.049327 0.000000
vt 0.051570 1.000000
vt 0.051570 0.000000
vt 0.053812 1.000000
vt 0.053812 0.000000
vt 0.056054 1.000000
vt 0.056054 0.000000
vt 0.058296 1.000000
vt 0.058296 0.000000
vt 0.060538 1.000000
vt 0.060538 0.000000
vt 0.062780 1.000000
vt 0.062780 0.000000
vt 0.065022 1.000000
vt 0.065022 0.000000
vt 0.067265 1.000000
vt 0.067265 0.000000
vt 0.069507 1.000000
vt 0.069507 0.000000
vt 0.071749 1.000000
vt 0.071749 0.000000
vt 0.073991 1.000000
vt 0.073991 0.000000
vt 0.076233 1.000000
vt 0.076233 0.000000
vt 0.078475 1.000000
vt 0.078475 0.000000
vt 0.080717 1.000000
vt 0.080717 0.000000
vt 0.082960 1.000000
vt 0.082960 0.000000
vt 0.085202 1.000000
vt 0.085202 0.000000
vt 0.087444 1.000000
vt 0.087444 0.000000
vt 0.089686 1.000000
vt 0.089686 0.000000
vt 0.091928 1.000000
vt 0.091928 0.000000
vt 0.094170 1.000000
vt 0.094170 0.000000
vt 0.096413 1.000000
vt 0.096413 0.000000
vt 0.098655 1.000000
vt 0.098655 0.000000
vt 0.100897 1.000000
vt 0.100897 0.000000
vt 0.103139 1.000000
vt 0.103139 0.000000
vt 0.105381 1.000000
vt 0.105381 0.000000
vt 0.107623 1.000000
vt 0.107623 0.000000
vt 0.109865 1.000000
vt 0.109865 0.000000
vt 0.112108 1.000000
vt 0.112108 0.000000
vt 0.114350 1.000000
vt 0.114350 0.000000
vt 0.116592 1.000000
vt 0.116592 0.000000
vt 0.118834 1.000000
vt 0.118834 0.000000
vt 0.121076 1.000000
vt 0.121076 0.000000
vt 0.123318 1.000000
vt 0.123318 0.000000
vt 0.125561 1.000000
vt 0.125561 0.000000
vt 0.127803 1.000000
vt 0.127803 0.000000
vt 0.130045 1.000000
vt 0.130045 0.000000
vt 0.132287 1.000000
vt 0.132287 0.000000
vt 0.134529 1.000000
vt 0.134529 0.000000
vt 0.136771 1.000000
vt 0.136771 0.000000
vt 0.139013 1.000000
vt 0.139013 0.000000
vt 0.141256 1.000000
vt 0.141256 0.000000
vt 0.143498 1.000000
vt 0.143498 0.000000
vt 0.145740 1.000000
vt 0.145740 0.000000
vt 0.147982 1.000000
vt 0.147982 0.000000
vt 0.150224 1.000000
vt 0.150224 0.000000
vt 0.152466 1.000000
vt 0.152466 0.000000
vt 0.154709 1.000000
vt 0.154709 0.000000
vt 0.156951 1.000000
vt 0.156951 0.000000
vt 0.159193 1.000000
vt 0.159193 0.000000
vt 0.161435 1.000000
vt 0.161435 0.000000
vt 0.163677 1.000000
vt 0.163677 0.000000
vt 0.165919 1.000000
vt 0.165919 0.000000
vt 0.168161 1.000000
vt 0.168161 0.000000
vt 0.170404 1.000000
vt 0.170404 0.000000
vt 0.172646 1.000000
vt 0.172646 0.000000
vt 0.174888 1.000000
vt 0.174888 0.000000
vt 0.177130 1.000000
vt 0.177130 0.000000
vt 0.179372 1.000000
vt 0.179372 0.000000
vt 0.181614 1.000000
vt 0.181614 0.000000
vt 0.183857 1.000000
vt 0.183857 0.000000
vt 0.186099 1.000000
vt 0.186099 0.000000
vt 0.188341 1.000000
vt 0.188341 0.000000
vt 0.190583 1.000000
vt 0.190583 0.000000
vt 0.192825 1.000000
vt 0.192825 0.000000
vt 0.195067 1.000000
vt 0.195067 0.000000
vt 0.197309 1.000000
vt 0.197309 0.000000
vt 0.199552 1.000000
vt 0.199552 0.000000
vt 0.201794 1.000000
vt 0.201794 0.000000
vt 0.204036 1.000000
vt 0.204036 0.000000
vt 0.206278 1.000000
vt 0.206278 0.000000
vt 0.208520 1.000000
vt 0.208520 0.000000
vt 0.210762 1.000000
vt 0.210762 0.000000
vt 0.213004 1.000000
vt 0.213004 0.000000
vt 0.215247 1.000000
vt 0.215247 0.000000
vt 0.217489 1.000000
vt 0.217489 0.000000
vt 0.219731 1.000000
vt 0.219731 0.000000
vt 0.221973 1.000000
vt 0.221973 0.000000
vt 0.224215 1.000000
vt 0.224215 0.000000
vt 0.226457 1.000000
vt 0.226457 0.000000
vt 0.228700 1.000000
vt 0.228700 0.000000
vt 0.230942 1.000000
vt 0.230942 0.000000
vt 0.233184 1.000000
vt 0.233184 0.000000
vt 0.235426 1.000000
vt 0.235426 0.000000
vt 0.237668 1.000000
vt 0.237668 0.000000
vt 0.239910 1.000000
vt 0.239910 0.000000
vt 0.242152 1.000000
vt 0.242152 0.000000
vt 0.244395 1.000000
vt 0.244395 0.000000
vt 0.246637 1.000000
vt 0.246637 0.000000
vt 0.248879 1.000000
vt 0.248879 0.000000
vt 0.251121 1.000000
vt 0.251121 0.000000
vt 0.253363 1.000000
vt 0.253363 0.000000
vt 0.255605 1.000000
vt 0.255605 0.000000
vt 0.257848 1.000000
vt 0.257848 0.000000
vt 0.260090 1.000000
vt 0.260090 0.000000
vt 0.262332 1.000000
vt 0.262332 0.000000
vt 0.264574 1.000000
vt 0.264574 0.000000
vt 0.266816 1.000000
vt 0.266816 0.000000
vt 0.269058 1.000000
vt 0.269058 0.000000
vt 0.271300 1.000000
vt 0.271300 0.000000
vt 0.273543 1.000000
vt 0.273543 0.000000
vt 0.275785 1.000000
vt 0.275785 0.000000
vt 0.278027 1.000000
vt 0.278027 0.000000
vt 0.280269 1.000000
vt 0.280269 0.000000
vt 0.282511 1.000000
vt 0.282511 0.000000
vt 0.284753 1.000000
vt 0.284753 0.000000
vt 0.286996 1.000000
vt 0.286996 0.000000
vt 0.289238 1.000000
vt 0.289238 0.000000
vt 0.291480 1.000000
vt 0.291480 0.000000
vt 0.293722 1.000000
vt 0.293722 0.000000
vt 0.295964 1.000000
vt 0.295964 0.000000
vt 0.298206 1.000000
vt 0.298206 0.000000
vt 0.300448 1.000000
vt 0.300448 0.000000
vt 0.302691 1.000000
vt 0.302691 0.000000
vt 0.304933 1.000000
vt 0.304933 0.000000
vt 0.307175 1.000000
vt 0.307175 0.000000
vt 0.309417 1.000000
vt 0.309417 0.000000
vt 0.311659 1.000000
vt 0.311659 0.000000
vt 0.313901 1.000000
vt 0.313901 0.000000
vt 0.316143 1.000000
vt 0.316143 0.000000
vt 0.318386 1.000000
vt 0.318386 0.000000
vt 0.320628 1.000000
vt 0.320628 0.000000
vt 0.322870 1.000000
vt 0.322870 0.000000
vt 0.325112 1.000000
vt 0.325112 0.000000
vt 0.327354 1.000000
vt 0.327354 0.000000
vt 0.329596 1.000000
vt 0.329596 0.000000
vt 0.331839 1.000000
vt 0.331839 0.000000
vt 0.334081 1.000000
vt 0.334081 0.000000
vt 0.336323 1.000000
vt 0.336323 0.000000
vt 0.338565 1.000000
vt 0.338565 0.000000
vt 0.340807 1.000000
vt 0.340807 0.000000
vt 0.343049 1.000000
vt 0.343049 0.000000
vt 0.345291 1.000000
vt 0.345291 0.000000
vt 0.347534 1.000000
vt 0.347534 0.000000
vt 0.349776 1.000000
vt 0.349776 0.000000
vt 0.352018 1.000000
vt 0.352018 0.000000
vt 0.354260 1.000000
vt 0.354260 0.000000
vt 0.356502 1.000000
vt 0.356502 0.000000
vt 0.358744 1.000000
vt 0.358744 0.000000
vt 0.360987 1.000000
vt 0.360987 0.000000
vt 0.363229 1.000000
vt 0.363229 0.000000
vt 0.365471 1.000000
vt 0.365471 0.000000
vt 0.367713 1.000000
vt 0.367713 0.000000
vt 0.369955 1.000000
vt 0.369955 0.000000
vt 0.372197 1.000000
vt 0.372197 0.000000
vt 0.374439 1.000000
vt 0.374439 0.000000
vt 0.376682 1.000000
vt 0.376682 0.000000
vt 0.378924 1.000000
vt 0.378924 0.000000
vt 0.381166 1.000000
vt 0.381166 0.000000
vt 0.383408 1.000000
vt 0.383408 0.000000
vt 0.385650 1.000000
vt 0.385650 0.000000
vt 0.387892 1.000000
vt 0.387892 0.000000
vt 0.390135 1.000000
vt 0.390135 0.000000
vt 0.392377 1.000000
vt 0.392377 0.000000
vt 0.394619 1.000000
vt 0.394619 0.000000
vt 0.396861 1.000000
vt 0.396861 0.000000
vt 0.399103 1.000000
vt 0.399103 0.000000
vt 0.401345 1.000000
vt 0.401345 0.000000
vt 0.403587 1.000000
vt 0.403587 0.000000
vt 0.405830 1.000000
vt 0.405830 0.000000
vt 0.408072 1.000000
vt 0.408072 0.000000
vt 0.410314 1.000000
vt 0.410314 0.000000
vt 0.412556 1.000000
vt 0.412556 0.000000
vt 0.414798 1.000000
vt 0.414798 0.000000
vt 0.417040 1.000000
vt 0.417040 0.000000
vt 0.419283 1.000000
vt 0.419283 0.000000
vt 0.421525 1.000000
vt 0.421525 0.000000
vt 0.423767 1.000000
vt 0.423767 0.000000
vt 0.426009 1.000000
vt 0.426009 0.000000
vt 0.428251 1.000000
vt 0.428251 0.000000
vt 0.430493 1.000000
vt 0.430493 0.000000
vt 0.432735 1.000000
vt 0.432735 0.000000
vt 0.434978 1.000000
vt 0.434978 0.000000
vt 0.437220 1.000000
vt 0.437220 0.000000
vt 0.439462 1.000000
vt 0.439462 0.000000
vt 0.441704 1.000000
vt 0.441704 0.000000
vt 0.443946 1.000000
vt 0.443946 0.000000
vt 0.446188 1.000000
vt 0.446188 0.000000
vt 0.448430 1.000000
vt 0.448430 0.000000
vt 0.450673 1.000000
vt 0.450673 0.000000
vt 0.452915 1.000000
vt 0.452915 0.000000
vt 0.455157 1.000000
vt 0.455157 0.000000
vt 0.457399 1.000000
vt 0.457399 0.000000
vt 0.459641 1.000000
vt 0.459641 0.000000
vt 0.461883 1.000000
vt 0.461883 0.000000
vt 0.464126 1.000000
vt 0.464126 0.000000
vt 0.466368 1.000000
vt 0.466368 0.000000
vt 0.468610 1.000000
vt 0.468610 0.000000
vt 0.470852 1.000000
vt 0.470852 0.000000
vt 0.473094 1.000000
vt 0.473094 0.000000
vt 0.475336 1.000000
vt 0.475336 0.000000
vt 0.477578 1.000000
vt 0.477578 0.000000
vt 0.479821 1.000000
vt 0.479821 0.000000
vt 0.482063 1.000000
vt 0.482063 0.000000
vt 0.484305 1.000000
vt 0.484305 0.000000
vt 0.486547 1.000000
vt 0.486547 0.000000
vt 0.488789 1.000000
vt 0.488789 0.000000
vt 0.491031 1.000000
vt 0.491031 0.000000
vt 0.493274 1.000000
vt 0.493274 0.000000
vt 0.495516 1.000000
vt 0.495516 0.000000
vt 0.497758 1.000000
vt 0.497758 0.000000
vt 0.502242 1.000000
vt 0.502242 0.000000
vt 0.504484 1.000000
vt 0.504484 0.000000
vt 0.506726 1.000000
vt 0.506726 0.000000
vt 0.508969 1.000000
vt 0.508969 0.000000
vt 0.511211 1.000000
vt 0.511211 0.000000
vt 0.513453 1.000000
vt 0.513453 0.000000
vt 0.515695 1.000000
vt 0.515695 0.000000
vt 0.517937 1.000000
vt 0.517937 0.000000
vt 0.520179 1.000000
vt 0.520179 0.000000
vt 0.522422 1.000000
vt 0.522422 0.000000
vt 0.524664 1.000000
vt 0.524664 0.000000
vt 0.526906 1.000000
vt 0.526906 0.000000
vt 0.529148 1.000000
vt 0.529148 0.000000
vt 0.531390 1.000000
vt 0.531390 0.000000
vt 0.533632 1.000000
vt 0.533632 0.000000
vt 0.535874 1.000000
vt 0.535874 0.000000
vt 0.538117 1.000000
vt 0.538117 0.000000
vt 0.540359 1.000000
vt 0.540359 0.000000
vt 0.542601 1.000000
vt 0.542601 0.000000
vt 0.544843 1.000000
vt 0.544843 0.000000
vt 0.547085 1.000000
vt 0.547085 0.000000
vt 0.549327 1.000000
vt 0.549327 0.000000
vt 0.551570 1.000000
vt 0.551570 0.000000
vt 0.553812 1.000000
vt 0.553812 0.000000
vt 0.556054 1.000000
vt 0.556054 0.000000
vt 0.558296 1.000000
vt 0.558296 0.000000
vt 0.560538 1.000000
vt 0.560538 0.000000
vt 0.562780 1.000000
vt 0.562780 0.000000
vt 0.565022 1.000000
vt 0.565022 0.000000
vt 0.567265 1.000000
vt 0.567265 0.000000
vt 0.569507 1.000000
vt 0.569507 0.000000
vt 0.571749 1.000000
vt 0.571749 0.000000
vt 0.573991 1.000000
vt 0.573991 0.000000
vt 0.576233 1.000000
vt 0.576233 0.000000
vt 0.578475 1.000000
vt 0.578475 0.000000
vt 0.580718 1.000000
vt 0.580718 0.000000
vt 0.582960 1.000000
vt 0.582960 0.000000
vt 0.585202 1.000000
vt 0.585202 0.000000
vt 0.587444 1.000000
vt 0.587444 0.000000
vt 0.589686 1.000000
vt 0.589686 0.000000
vt 0.591928 1.000000
vt 0.591928 0.000000
vt 0.594170 1.000000
vt 0.594170 0.000000
vt 0.596413 1.000000
vt 0.596413 0.000000
vt 0.598655 1.000000
vt 0.598655 0.000000
vt 0.600897 1.000000
vt 0.600897 0.000000
vt 0.603139 1.000000
vt 0.603139 0.000000
vt 0.605381 1.000000
vt 0.605381 0.000000
vt 0.607623 1.000000
vt 0.607623 0.000000
vt 0.609865 1.000000
vt 0.609865 0.000000
vt 0.612108 1.000000
vt 0.612108 0.000000
vt 0.614350 1.000000
vt 0.614350 0.000000
vt 0.616592 1.000000
vt 0.616592 0.000000
vt 0.618834 1.000000
vt 0.618834 0.000000
vt 0.621076 1.000000
vt 0.621076 0.000000
vt 0.623318 1.000000
vt 0.623318 0.000000
vt 0.625561 1.000000
vt 0.625561 0.000000
vt 0.627803 1.000000
vt 0.627803 0.000000
vt 0.630045 1.000000
vt 0.630045 0.000000
vt 0.632287 1.000000
vt 0.632287 0.000000
vt 0.634529 1.000000
vt 0.634529 0.000000
vt 0.636771 1.000000
vt 0.636771 0.000000
vt 0.639013 1.000000
vt 0.639013 0.000000
vt 0.641256 1.000000
vt 0.641256 0.000000
vt 0.643498 1.000000
vt 0.643498 0.000000
vt 0.645740 1.000000
vt 0.645740 0.000000
vt 0.647982 1.000000
vt 0.647982 0.000000
vt 0.650224 1.000000
vt 0.650224 0.000000
vt 0.652466 1.000000
vt 0.652466 0.000000
vt 0.654709 1.000000
vt 0.654709 0.000000
vt 0.656951 1.000000
vt 0.656951 0.000000
vt 0.659193 1.000000
vt 0.659193 0.000000
vt 0.661435 1.000000
vt 0.661435 0.000000
vt 0.663677 1.000000
vt 0.663677 0.000000
vt 0.665919 1.000000
vt 0.665919 0.000000
vt 0.668161 1.000000
vt 0.668161 0.000000
vt 0.670404 1.000000
vt 0.670404 0.000000
vt 0.672646 1.000000
vt 0.672646 0.000000
vt 0.674888 1.000000
vt 0.674888 0.000000
vt 0.677130 1.000000
vt 0.677130 0.000000
vt 0.679372 1.000000
vt 0.679372 0.000000
vt 0.681614 1.000000
vt 0.681614 0.000000
vt 0.683856 1.000000
vt 0.683856 0.000000
vt 0.686099 1.000000
vt 0.686099 0.000000
vt 0.688341 1.000000
vt 0.688341 0.000000
vt 0.690583 1.000000
vt 0.690583 0.000000
vt 0.692825 1.000000
vt 0.692825 0.000000
vt 0.695067 1.000000
vt 0.695067 0.000000
vt 0.697309 1.000000
vt 0.697309 0.000000
vt 0.699552 1.000000
vt 0.699552 0.000000
vt 0.701794 1.000000
vt 0.701794 0.000000
vt 0.704036 1.000000
vt 0.704036 0.000000
vt 0.706278 1.000000
vt 0.706278 0.000000
vt 0.708520 1.000000
vt 0.708520 0.000000
vt 0.710762 1.000000
vt 0.710762 0.000000
vt 0.713004 1.000000
vt 0.713004 0.000000
vt 0.715247 1.000000
vt 0.715247 0.000000
vt 0.717489 1.000000
vt 0.717489 0.000000
vt 0.719731 1.000000
vt 0.719731 0.000000
vt 0.721973 1.000000
vt 0.721973 0.000000
vt 0.724215 1.000000
vt 0.724215 0.000000
vt 0.726457 1.000000
vt 0.726457 0.000000
vt 0.728700 1.000000
vt 0.728700 0.000000
vt 0.730942 1.000000
vt 0.730942 0.000000
vt 0.733184 1.000000
vt 0.733184 0.000000
vt 0.735426 1.000000
vt 0.735426 0.000000
vt 0.737668 1.000000
vt 0.737668 0.000000
vt 0.739910 1.000000
vt 0.739910 0.000000
vt 0.742152 1.000000
vt 0.742152 0.000000
vt 0.744395 1.000000
vt 0.744395 0.000000
vt 0.746637 1.000000
vt 0.746637 0.000000
vt 0.748879 1.000000
vt 0.748879 0.000000
vt 0.751121 1.000000
vt 0.751121 0.000000
vt 0.753363 1.000000
vt 0.753363 0.000000
vt 0.755605 1.000000
vt 0.755605 0.000000
vt 0.757848 1.000000
vt 0.757848 0.000000
vt 0.760090 1.000000
vt 0.760090 0.000000
vt 0.762332 1.000000
vt 0.762332 0.000000
vt 0.764574 1.000000
vt 0.764574 0.000000
vt 0.766816 1.000000
vt 0.766816 0.000000
vt 0.769058 1.000000
vt 0.769058 0.000000
vt 0.771300 1.000000
vt 0.771300 0.000000
vt 0.773543 1.000000
vt 0.773543 0.000000
vt 0.775785 1.000000
vt 0.775785 0.000000
vt 0.778027 1.000000
vt 0.778027 0.000000
vt 0.780269 1.000000
vt 0.780269 0.000000
vt 0.782511 1.000000
vt 0.782511 0.000000
vt 0.784753 1.000000
vt 0.784753 0.000000
vt 0.786996 1.000000
vt 0.786996 0.000000
vt 0.789238 1.000000
vt 0.789238 0.000000
vt 0.791480 1.000000
vt 0.791480 0.000000
vt 0.793722 1.000000
vt 0.793722 0.000000
vt 0.795964 1.000000
vt 0.795964 0.000000
vt 0.798206 1.000000
vt 0.798206 0.000000
vt 0.800448 1.000000
vt 0.800448 0.000000
vt 0.802691 1.000000
vt 0.802691 0.000000
vt 0.804933 1.000000
vt 0.804933 0.000000
vt 0.807175 1.000000
vt 0.807175 0.000000
vt 0.809417 1.000000
vt 0.809417 0.000000
vt 0.811659 1.000000
vt 0.811659 0.000000
vt 0.813901 1.000000
vt 0.813901 0.000000
vt 0.816144 1.000000
vt 0.816144 0.000000
vt 0.818386 1.000000
vt 0.818386 0.000000
vt 0.820628 1.000000
vt 0.820628 0.000000
vt 0.822870 1.000000
vt 0.822870 0.000000
vt 0.825112 1.000000
vt 0.825112 0.000000
vt 0.827354 1.000000
vt 0.827354 0.000000
vt 0.829596 1.000000
vt 0.829596 0.000000
vt 0.831839 1.000000
vt 0.831839 0.000000
vt 0.834081 1.000000
vt 0.834081 0.000000
vt 0.836323 1.000000
vt 0.836323 0.000000
vt 0.838565 1.000000
vt 0.838565 0.000000
vt 0.840807 1.000000
vt 0.840807 0.000000
vt 0.843049 1.000000
vt 0.843049 0.000000
vt 0.845291 1.000000
vt 0.845291 0.000000
vt 0.847534 1.000000
vt 0.847534 0.000000
vt 0.849776 1.000000
vt 0.849776 0.000000
vt 0.852018 1.000000
vt 0.852018 0.000000
vt 0.854260 1.000000
vt 0.854260 0.000000
vt 0.856502 1.000000
vt 0.856502 0.000000
vt 0.858744 1.000000
vt 0.858744 0.000000
vt 0.860987 1.000000
vt 0.860987 0.000000
vt 0.863229 1.000000
vt 0.863229 0.000000
vt 0.865471 1.000000
vt 0.865471 0.000000
vt 0.867713 1.000000
vt 0.867713 0.000000
vt 0.869955 1.000000
vt 0.869955 0.000000
vt 0.872197 1.000000
vt 0.872197 0.000000
vt 0.874439 1.000000
vt 0.874439 0.000000
vt 0.876682 1.000000
vt 0.876682 0.000000
vt 0.878924 1.000000
vt 0.878924 0.000000
vt 0.881166 1.000000
vt 0.881166 0.000000
vt 0.883408 1.000000
vt 0.883408 0.000000
vt 0.885650 1.000000
vt 0.885650 0.000000
vt 0.887892 1.000000
vt 0.887892 0.000000
vt 0.890135 1.000000
vt 0.890135 0.000000
vt 0.892377 1.000000
vt 0.892377 0.000000
vt 0.894619 1.000000
vt 0.894619 0.000000
vt 0.896861 1.000000
vt 0.896861 0.000000
vt 0.899103 1.000000
vt 0.899103 0.000000
vt 0.901345 1.000000
vt 0.901345 0.000000
vt 0.903587 1.000000
vt 0.903587 0.000000
vt 0.905830 1.000000
vt 0.905830 0.000000
vt 0.908072 1.000000
vt 0.908072 0.000000
vt 0.910314 1.000000
vt 0.910314 0.000000
vt 0.912556 1.000000
vt 0.912556 0.000000
vt 0.914798 1.000000
vt 0.914798 0.000000
vt 0.917040 1.000000
vt 0.917040 0.000000
vt 0.919282 1.000000
vt 0.919282 0.000000
vt 0.921525 1.000000
vt 0.921525 0.000000
vt 0.923767 1.000000
vt 0.923767 0.000000
vt 0.926009 1.000000
vt 0.926009 0.000000
vt 0.928251 1.000000
vt 0.928251 0.000000
vt 0.930493 1.000000
vt 0.930493 0.000000
vt 0.932735 1.000000
vt 0.932735 0.000000
vt 0.934978 1.000000
vt 0.934978 0.000000
vt 0.937220 1.000000
vt 0.937220 0.000000
vt 0.939462 1.000000
vt 0.939462 0.000000
vt 0.941704 1.000000
vt 0.941704 0.000000
vt 0.943946 1.000000
vt 0.943946 0.000000
vt 0.946188 1.000000
vt 0.946188 0.000000
vt 0.948430 1.000000
vt 0.948430 0.000000
vt 0.950673 1.000000
vt 0.950673 0.000000
vt 0.952915 1.000000
vt 0.952915 0.000000
vt 0.955157 1.000000
vt 0.955157 0.000000
vt 0.957399 1.000000
vt 0.957399 0.000000
vt 0.959641 1.000000
vt 0.959641 0.000000
vt 0.961883 1.000000
vt 0.961883 0.000000
vt 0.964126 1.000000
vt 0.964126 0.000000
vt 0.966368 1.000000
vt 0.966368 0.000000
vt 0.968610 1.000000
vt 0.968610 0.000000
vt 0.970852 1.000000
vt 0.970852 0.000000
vt 0.973094 1.000000
vt 0.973094 0.000000
vt 0.975336 1.000000
vt 0.975336 0.000000
vt 0.977578 1.000000
vt 0.977578 0.000000
vt 0.979821 1.000000
vt 0.979821 0.000000
vt 0.982063 1.000000
vt 0.982063 0.000000
vt 0.984305 1.000000
vt 0.984305 0.000000
vt 0.986547 1.000000
vt 0.986547 0.000000
vt 0.988789 1.000000
vt 0.988789 0.000000
vt 0.991031 1.000000
vt 0.991031 0.000000
vt 0.993274 1.000000
vt 0.993274 0.000000
vt 0.995516 1.000000
vt 0.995516 0.000000
vt 0.997758 1.000000
vt 0.997758 0.000000
vt 0.013889 1.000000
vt 0.069444 1.000000
vt 0.097222 1.000000
vt 0.152778 1.000000
vt 0.180556 1.000000
vt 0.236111 1.000000
vt 0.263889 1.000000
vt 0.319444 1.000000
vt 0.347222 1.000000
vt 0.402778 1.000000
vt 0.430556 1.000000
vt 0.486111 1.000000
vt 0.513889 1.000000
vt 0.569444 1.000000
vt 0.597222 1.000000
vt 0.652778 1.000000
vt 0.680556 1.000000
vt 0.736111 1.000000
vt 0.763889 1.000000
vt 0.819444 1.000000
vt 0.847222 1.000000
vt 0.902778 1.000000
vt 0.930556 1.000000
vt 0.986111 1.000000
vt 0.005208 1.000000
vt 0.005208 0.000000
vt 0.015625 1.000000
vt 0.015625 0.000000
vt 0.026042 1.000000
vt 0.026042 0.000000
vt 0.036458 1.000000
vt 0.036458 0.000000
vt 0.046875 1.000000
vt 0.046875 0.000000
vt 0.057292 1.000000
vt 0.057292 0.000000
vt 0.067708 1.000000
vt 0.067708 0.000000
vt 0.078125 1.000000
vt 0.078125 0.000000
vt 0.088542 1.000000
vt 0.088542 0.000000
vt 0.098958 1.000000
vt 0.098958 0.000000
vt 0.109375 1.000000
vt 0.109375 0.000000
vt 0.119792 1.000000
vt 0.119792 0.000000
vt 0.130208 1.000000
vt 0.130208 0.000000
vt 0.140625 1.000000
vt 0.140625 0.000000
vt 0.151042 1.000000
vt 0.151042 0.000000
vt 0.161458 1.000000
vt 0.161458 0.000000
vt 0.171875 1.000000
vt 0.171875 0.000000
vt 0.182292 1.000000
vt 0.182292 0.000000
vt 0.192708 1.000000
vt 0.192708 0.000000
vt 0.203125 1.000000
vt 0.203125 0.000000
vt 0.213542 1.000000
vt 0.213542 0.000000
vt 0.223958 1.000000
vt 0.223958 0.000000
vt 0.234375 1.000000
vt 0.234375 0.000000
vt 0.244792 1.000000
vt 0.244792 0.000000
vt 0.255208 1.000000
vt 0.255208 0.000000
vt 0.265625 1.000000
vt 0.265625 0.000000
vt 0.276042 1.000000
vt 0.276042 0.000000
vt 0.286458 1.000000
vt 0.286458 0.000000
vt 0.296875 1.000000
vt 0.296875 0.000000
vt 0.307292 1.000000
vt 0.307292 0.000000
vt 0.317708 1.000000
vt 0.317708 0.000000
vt 0.328125 1.000000
vt 0.328125 0.000000
vt 0.338542 1.000000
vt 0.338542 0.000000
vt 0.348958 1.000000
vt 0.348958 0.000000
vt 0.359375 1.000000
vt 0.359375 0.000000
vt 0.369792 1.000000
vt 0.369792 0.000000
vt 0.380208 1.000000
vt 0.380208 0.000000
vt 0.390625 1.000000
vt 0.390625 0.000000
vt 0.401042 1.000000
vt 0.401042 0.000000
vt 0.411458 1.000000
vt 0.411458 0.000000
vt 0.421875 1.000000
vt 0.421875 0.000000
vt 0.432292 1.000000
vt 0.432292 0.000000
vt 0.442708 1.000000
vt 0.442708 0.000000
vt 0.453125 1.000000
vt 0.453125 0.000000
vt 0.463542 1.000000
vt 0.463542 0.000000
vt 0.473958 1.000000
vt 0.473958 0.000000
vt 0.484375 1.000000
vt 0.484375 0.000000
vt 0.494792 1.000000
vt 0.494792 0.000000
vt 0.505208 1.000000
vt 0.505208 0.000000
vt 0.515625 1.000000
vt 0.515625 0.000000
vt 0.526042 1.000000
vt 0.526042 0.000000
vt 0.536458 1.000000
vt 0.536458 0.000000
vt 0.546875 1.000000
vt 0.546875 0.000000
vt 0.557292 1.000000
vt 0.557292 0.000000
vt 0.567708 1.000000
vt 0.567708 0.000000
vt 0.578125 1.000000
vt 0.578125 0.000000
vt 0.588542 1.000000
vt 0.588542 0.000000
vt 0.598958 1.000000
vt 0.598958 0.000000
vt 0.609375 1.000000
vt 0.609375 0.000000
vt 0.619792 1.000000
vt 0.619792 0.000000
vt 0.630208 1.000000
vt 0.630208 0.000000
vt 0.640625 1.000000
vt 0.640625 0.000000
vt 0.651042 1.000000
vt 0.651042 0.000000
vt 0.661458 1.000000
vt 0.661458 0.000000
vt 0.671875 1.000000
vt 0.671875 0.000000
vt 0.682292 1.000000
vt 0.682292 0.000000
vt 0.692708 1.000000
vt 0.692708 0.000000
vt 0.703125 1.000000
vt 0.703125 0.000000
vt 0.713542 1.000000
vt 0.713542 0.000000
vt 0.723958 1.000000
vt 0.723958 0.000000
vt 0.734375 1.000000
vt 0.734375 0.000000
vt 0.744792 1.000000
vt 0.744792 0.000000
vt 0.755208 1.000000
vt 0.755208 0.000000
vt 0.765625 1.000000
vt 0.765625 0.000000
vt 0.776042 1.000000
vt 0.776042 0.000000
vt 0.786458 1.000000
vt 0.786458 0.000000
vt 0.796875 1.000000
vt 0.796875 0.000000
vt 0.807292 1.000000
vt 0.807292 0.000000
vt 0.817708 1.000000
vt 0.817708 0.000000
vt 0.828125 1.000000
vt 0.828125 0.000000
vt 0.838542 1.000000
vt 0.838542 0.000000
vt 0.848958 1.000000
vt 0.848958 0.000000
vt 0.859375 1.000000
vt 0.859375 0.000000
vt 0.869792 1.000000
vt 0.869792 0.000000
vt 0.880208 1.000000
vt 0.880208 0.000000
vt 0.890625 1.000000
vt 0.890625 0.000000
vt 0.901042 1.000000
vt 0.901042 0.000000
vt 0.911458 1.000000
vt 0.911458 0.000000
vt 0.921875 1.000000
vt 0.921875 0.000000
vt 0.932292 1.000000
vt 0.932292 0.000000
vt 0.942708 1.000000
vt 0.942708 0.000000
vt 0.953125 1.000000
vt 0.953125 0.000000
vt 0.963542 1.000000
vt 0.963542 0.000000
vt 0.973958 1.000000
vt 0.973958 0.000000
vt 0.984375 1.000000
vt 0.984375 0.000000
vt 0.994792 1.000000
vt 0.994792 0.000000
s 1
f 156/1/1 158/2/1 157/3/1
f 156/1/1 159/4/1 158/2/1
f 155/5/1 159/4/1 156/1/1
f 155/5/1 160/6/1 159/4/1
f 154/7/1 160/6/1 155/5/1
f 154/7/1 161/8/1 160/6/1
f 153/9/1 161/8/1 154/7/1
f 153/9/1 162/10/1 161/8/1
f 152/11/1 162/10/1 153/9/1
f 152/11/1 163/12/1 162/10/1
f 151/13/1 163/12/1 152/11/1
f 151/13/1 164/14/1 163/12/1
f 150/15/1 164/14/1 151/13/1
f 150/15/1 165/16/1 164/14/1
f 149/17/1 165/16/1 150/15/1
f 149/17/1 166/18/1 165/16/1
f 148/19/1 166/18/1 149/17/1
f 148/19/1 167/20/1 166/18/1
f 147/21/1 167/20/1 148/19/1
f 147/21/1 168/22/1 167/20/1
f 146/23/1 168/22/1 147/21/1
f 146/23/1 169/24/1 168/22/1
f 145/25/1 169/24/1 146/23/1
f 145/25/1 170/26/1 169/24/1
f 144/27/1 170/26/1 145/25/1
f 143/28/1 170/26/1 144/27/1
f 142/29/1 170/26/1 143/28/1
f 142/29/1 171/30/1 170/26/1
f 141/31/1 171/30/1 142/29/1
f 140/32/1 171/30/1 141/31/1
f 139/33/1 171/30/1 140/32/1
f 138/34/1 171/30/1 139/33/1
f 138/34/1 172/35/1 171/30/1
f 137/36/1 172/35/1 138/34/1
f 136/37/1 172/35/1 137/36/1
f 135/38/1 172/35/1 136/37/1
f 134/39/1 172/35/1 135/38/1
f 134/39/1 173/40/1 172/35/1
f 133/41/1 173/40/1 134/39/1
f 132/42/1 173/40/1 133/41/1
f 131/43/1 173/40/1 132/42/1
f 130/44/1 173/40/1 131/43/1
f 130/44/1 174/45/1 173/40/1
f 129/46/1 174/45/1 130/44/1
f 128/47/1 174/45/1 129/46/1
f 127/48/1 174/45/1 128/47/1
f 127/48/1 175/49/1 174/45/1
f 126/50/1 175/49/1 127/48/1
f 125/51/1 175/49/1 126/50/1
f 124/52/1 175/49/1 125/51/1
f 123/53/1 175/49/1 124/52/1
f 123/53/1 176/54/1 175/49/1
f 122/55/1 176/54/1 123/53/1
f 121/56/1 176/54/1 122/55/1
f 120/57/1 176/54/1 121/56/1
f 119/58/1 176/54/1 120/57/1
f 119/58/1 177/59/1 176/54/1
f 118/60/1 177/59/1 119/58/1
f 117/61/1 177/59/1 118/60/1
f 116/62/1 177/59/1 117/61/1
f 115/63/1 177/59/1 116/62/1
f 114/64/1 177/59/1 115/63/1
f 114/64/1 178/65/1 177/59/1
f 113/66/1 178/65/1 114/64/1
f 112/67/1 178/65/1 113/66/1
f 111/68/1 178/65/1 112/67/1
f 110/69/1 178/65/1 111/68/1
f 109/70/1 178/65/1 110/69/1
f 109/70/1 179/71/1 178/65/1
f 108/72/1 179/71/1 109/70/1
f 107/73/1 179/71/1 108/72/1
f 106/74/1 179/71/1 107/73/1
f 106/74/1 180/75/1 179/71/1
f 105/76/1 180/75/1 106/74/1
f 104/77/1 180/75/1 105/76/1
f 104/77/1 181/78/1 180/75/1
f 103/79/1 181/78/1 104/77/1
f 102/80/1 181/78/1 103/79/1
f 102/80/1 182/81/1 181/78/1
f 101/82/1 182/81/1 102/80/1
f 101/82/1 183/83/1 182/81/1
f 100/84/1 183/83/1 101/82/1
f 99/85/1 183/83/1 100/84/1
f 99/85/1 184/86/1 183/83/1
f 98/87/1 184/86/1 99/85/1
f 98/87/1 185/88/1 184/86/1
f 97/89/1 185/88/1 98/87/1
f 97/89/1 186/90/1 185/88/1
f 96/91/1 186/90/1 97/89/1
f 95/92/1 186/90/1 96/91/1
f 95/92/1 187/93/1 186/90/1
f 94/94/1 187/93/1 95/92/1
f 94/94/1 188/95/1 187/93/1
f 93/96/1 188/95/1 94/94/1
f 92/97/1 188/95/1 93/96/1
f 92/97/1 189/98/1 188/95/1
f 91/99/1 189/98/1 92/97/1
f 91/99/1 190/100/1 189/98/1
f 90/101/1 190/100/1 91/99/1
f 90/101/1 191/102/1 190/100/1
f 89/103/1 191/102/1 90/101/1
f 88/104/1 191/102/1 89/103/1
f 88/104/1 192/105/1 191/102/1
f 87/106/1 192/105/1 88/104/1
f 87/106/1 1/107/1 192/105/1
f 86/108/1 1/107/1 87/106/1
f 85/109/1 1/107/1 86/108/1
f 85/109/1 2/110/1 1/107/1
f 84/111/1 2/110/1 85/109/1
f 83/112/1 2/110/1 84/111/1
f 83/112/1 3/113/1 2/110/1
f 82/114/1 3/113/1 83/112/1
f 82/114/1 4/115/1 3/113/1
f 81/116/1 4/115/1 82/114/1
f 80/117/1 4/115/1 81/116/1
f 80/117/1 5/118/1 4/115/1
f 79/119/1 5/118/1 80/117/1
f 78/120/1 5/118/1 79/119/1
f 78/120/1 6/121/1 5/118/1
f 77/122/1 6/121/1 78/120/1
f 77/122/1 7/123/1 6/121/1
f 76/124/1 7/123/1 77/122/1
f 75/125/1 7/123/1 76/124/1
f 75/125/1 8/126/1 7/123/1
f 74/127/1 8/126/1 75/125/1
f 73/128/1 8/126/1 74/127/1
f 73/128/1 9/129/1 8/126/1
f 72/130/1 9/129/1 73/128/1
f 71/131/1 9/129/1 72/130/1
f 70/132/1 9/129/1 71/131/1
f 69/133/1 9/129/1 70/132/1
f 68/134/1 9/129/1 69/133/1
f 67/135/1 9/129/1 68/134/1
f 66/136/1 9/129/1 67/135/1
f 65/137/1 9/129/1 66/136/1
f 64/138/1 9/129/1 65/137/1
f 63/139/1 9/129/1 64/138/1
f 63/139/1 10/140/1 9/129/1
f 62/141/1 10/140/1 63/139/1
f 61/142/1 10/140/1 62/141/1
f 60/143/1 10/140/1 61/142/1
f 59/144/1 10/140/1 60/143/1
f 58/145/1 10/140/1 59/144/1
f 57/146/1 10/140/1 58/145/1
f 56/147/1 10/140/1 57/146/1
f 55/148/1 10/140/1 56/147/1
f 55/148/1 11/149/1 10/140/1
f 54/150/1 11/149/1 55/148/1
f 53/151/1 11/149/1 54/150/1
f 52/152/1 11/149/1 53/151/1
f 51/153/1 11/149/1 52/152/1
f 50/154/1 11/149/1 51/153/1
f 49/155/1 11/149/1 50/154/1
f 49/155/1 12/156/1 11/149/1
f 48/157/1 12/156/1 49/155/1
f 47/158/1 12/156/1 48/157/1
f 46/159/1 12/156/1 47/158/1
f 45/160/1 12/156/1 46/159/1
f 44/161/1 12/156/1 45/160/1
f 43/162/1 12/156/1 44/161/1
f 42/163/1 12/156/1 43/162/1
f 42/163/1 13/164/1 12/156/1
f 41/165/1 13/164/1 42/163/1
f 40/166/1 13/164/1 41/165/1
f 39/167/1 13/164/1 40/166/1
f 38/168/1 13/164/1 39/167/1
f 37/169/1 13/164/1 38/168/1
f 36/170/1 13/164/1 37/169/1
f 35/171/1 13/164/1 36/170/1
f 35/171/1 14/172/1 13/164/1
f 34/173/1 14/172/1 35/171/1
f 34/173/1 15/174/1 14/172/1
f 33/175/1 15/174/1 34/173/1
f 33/175/1 16/176/1 15/174/1
f 32/177/1 16/176/1 33/175/1
f 32/177/1 17/178/1 16/176/1
f 32/177/1 18/179/1 17/178/1
f 31/180/1 18/179/1 32/177/1
f 31/180/1 19/181/1 18/179/1
f 30/182/1 19/181/1 31/180/1
f 30/182/1 20/183/1 19/181/1
f 29/184/1 20/183/1 30/182/1
f 29/184/1 21/185/1 20/183/1
f 28/186/1 21/185/1 29/184/1
f 28/186/1 22/187/1 21/185/1
f 27/188/1 22/187/1 28/186/1
f 27/188/1 23/189/1 22/187/1
f 26/190/1 23/189/1 27/188/1
f 26/190/1 24/191/1 23/189/1
f 25/192/1 24/191/1 26/190/1
f 348/193/1 350/194/1 349/195/1
f 347/196/1 350/194/1 348/193/1
f 346/197/1 350/194/1 347/196/1
f 346/197/1 351/198/1 350/194/1
f 345/199/1 351/198/1 346/197/1
f 344/200/1 351/198/1 345/199/1
f 344/200/1 352/201/1 351/198/1
f 343/202/1 352/201/1 344/200/1
f 342/203/1 352/201/1 343/202/1
f 342/203/1 353/204/1 352/201/1
f 341/205/1 353/204/1 342/203/1
f 340/206/1 353/204/1 341/205/1
f 339/207/1 353/204/1 340/206/1
f 339/207/1 354/208/1 353/204/1
f 338/209/1 354/208/1 339/207/1
f 337/210/1 354/208/1 338/209/1
f 337/210/1 355/211/1 354/208/1
f 336/212/1 355/211/1 337/210/1
f 335/213/1 355/211/1 336/212/1
f 334/214/1 355/211/1 335/213/1
f 334/214/1 356/215/1 355/211/1
f 333/216/1 356/215/1 334/214/1
f 332/217/1 356/215/1 333/216/1
f 332/217/1 357/218/1 356/215/1
f 331/219/1 357/218/1 332/217/1
f 330/220/1 357/218/1 331/219/1
f 329/221/1 357/218/1 330/220/1
f 329/221/1 358/222/1 357/218/1
f 328/223/1 358/222/1 329/221/1
f 327/224/1 358/222/1 328/223/1
f 326/225/1 358/222/1 327/224/1
f 326/225/1 359/226/1 358/222/1
f 325/227/1 359/226/1 326/225/1
f 324/228/1 359/226/1 325/227/1
f 323/229/1 359/226/1 324/228/1
f 322/230/1 359/226/1 323/229/1
f 321/231/1 359/226/1 322/230/1
f 321/231/1 360/232/1 359/226/1
f 320/233/1 360/232/1 321/231/1
f 319/234/1 360/232/1 320/233/1
f 318/235/1 360/232/1 319/234/1
f 317/236/1 360/232/1 318/235/1
f 316/237/1 360/232/1 317/236/1
f 315/238/1 360/232/1 316/237/1
f 314/239/1 360/232/1 315/238/1
f 313/240/1 360/232/1 314/239/1
f 312/241/1 360/232/1 313/240/1
f 312/241/1 361/242/1 360/232/1
f 311/243/1 361/242/1 312/241/1
f 310/244/1 361/242/1 311/243/1
f 309/245/1 361/242/1 310/244/1
f 308/246/1 361/242/1 309/245/1
f 307/247/1 361/242/1 308/246/1
f 306/248/1 361/242/1 307/247/1
f 305/249/1 361/242/1 306/248/1
f 304/250/1 361/242/1 305/249/1
f 303/251/1 361/242/1 304/250/1
f 302/252/1 361/242/1 303/251/1
f 301/253/1 361/242/1 302/252/1
f 300/254/1 361/242/1 301/253/1
f 300/254/1 362/255/1 361/242/1
f 299/256/1 362/255/1 300/254/1
f 299/256/1 363/257/1 362/255/1
f 298/258/1 363/257/1 299/256/1
f 298/258/1 364/259/1 363/257/1
f 297/260/1 364/259/1 298/258/1
f 297/260/1 365/261/1 364/259/1
f 296/262/1 365/261/1 297/260/1
f 296/262/1 366/263/1 365/261/1
f 295/264/1 366/263/1 296/262/1
f 295/264/1 367/265/1 366/263/1
f 294/266/1 367/265/1 295/264/1
f 294/266/1 368/267/1 367/265/1
f 293/268/1 368/267/1 294/266/1
f 293/268/1 369/269/1 368/267/1
f 292/270/1 369/269/1 293/268/1
f 292/270/1 370/271/1 369/269/1
f 291/272/1 370/271/1 292/270/1
f 291/272/1 371/273/1 370/271/1
f 290/274/1 371/273/1 291/272/1
f 290/274/1 372/105/1 371/273/1
f 289/275/1 372/105/1 290/274/1
f 289/275/1 265/276/1 372/105/1
f 288/277/1 265/276/1 289/275/1
f 288/277/1 266/278/1 265/276/1
f 287/279/1 266/278/1 288/277/1
f 287/279/1 267/280/1 266/278/1
f 286/281/1 267/280/1 287/279/1
f 286/281/1 268/282/1 267/280/1
f 285/283/1 268/282/1 286/281/1
f 285/283/1 269/284/1 268/282/1
f 284/285/1 269/284/1 285/283/1
f 284/285/1 270/286/1 269/284/1
f 283/287/1 270/286/1 284/285/1
f 283/287/1 271/288/1 270/286/1
f 282/289/1 271/288/1 283/287/1
f 282/289/1 272/290/1 271/288/1
f 281/291/1 272/290/1 282/289/1
f 281/291/1 273/292/1 272/290/1
f 280/293/1 273/292/1 281/291/1
f 280/293/1 274/294/1 273/292/1
f 279/295/1 274/294/1 280/293/1
f 279/295/1 275/296/1 274/294/1
f 278/297/1 275/296/1 279/295/1
f 278/297/1 276/298/1 275/296/1
f 277/299/1 276/298/1 278/297/1
f 240/300/1 242/301/1 241/302/1
f 239/303/1 242/301/1 240/300/1
f 238/304/1 242/301/1 239/303/1
f 238/304/1 243/305/1 242/301/1
f 237/306/1 243/305/1 238/304/1
f 236/307/1 243/305/1 237/306/1
f 235/308/1 243/305/1 236/307/1
f 235/308/1 244/309/1 243/305/1
f 234/310/1 244/309/1 235/308/1
f 233/311/1 244/309/1 234/310/1
f 233/311/1 245/312/1 244/309/1
f 232/313/1 245/312/1 233/311/1
f 231/314/1 245/312/1 232/313/1
f 230/315/1 245/312/1 231/314/1
f 230/315/1 246/316/1 245/312/1
f 229/317/1 246/316/1 230/315/1
f 228/318/1 246/316/1 229/317/1
f 228/318/1 247/319/1 246/316/1
f 227/320/1 247/319/1 228/318/1
f 226/321/1 247/319/1 227/320/1
f 225/322/1 247/319/1 226/321/1
f 225/322/1 248/323/1 247/319/1
f 224/324/1 248/323/1 225/322/1
f 223/325/1 248/323/1 224/324/1
f 222/326/1 248/323/1 223/325/1
f 222/326/1 249/327/1 248/323/1
f 221/328/1 249/327/1 222/326/1
f 220/329/1 249/327/1 221/328/1
f 219/330/1 249/327/1 220/329/1
f 219/330/1 250/331/1 249/327/1
f 218/332/1 250/331/1 219/330/1
f 217/333/1 250/331/1 218/332/1
f 216/334/1 250/331/1 217/333/1
f 216/334/1 251/335/1 250/331/1
f 216/334/1 252/336/1 251/335/1
f 215/337/1 252/336/1 216/334/1
f 215/337/1 253/338/1 252/336/1
f 214/339/1 253/338/1 215/337/1
f 214/339/1 254/340/1 253/338/1
f 213/341/1 254/340/1 214/339/1
f 213/341/1 255/342/1 254/340/1
f 213/341/1 256/343/1 255/342/1
f 213/341/1 257/344/1 256/343/1
f 212/345/1 257/344/1 213/341/1
f 212/345/1 258/346/1 257/344/1
f 212/345/1 259/347/1 258/346/1
f 212/345/1 260/348/1 259/347/1
f 211/349/1 260/348/1 212/345/1
f 211/349/1 261/350/1 260/348/1
f 211/349/1 262/351/1 261/350/1
f 210/352/1 262/351/1 211/349/1
f 210/352/1 263/353/1 262/351/1
f 210/352/1 264/354/1 263/353/1
f 210/352/1 193/107/1 264/354/1
f 209/355/1 193/107/1 210/352/1
f 209/355/1 194/356/1 193/107/1
f 209/355/1 195/357/1 194/356/1
f 209/355/1 196/358/1 195/357/1
f 208/359/1 196/358/1 209/355/1
f 208/359/1 197/360/1 196/358/1
f 208/359/1 198/361/1 197/360/1
f 207/362/1 198/361/1 208/359/1
f 207/362/1 199/363/1 198/361/1
f 207/362/1 200/364/1 199/363/1
f 207/362/1 201/365/1 200/364/1
f 206/366/1 201/365/1 207/362/1
f 206/366/1 202/367/1 201/365/1
f 206/366/1 203/368/1 202/367/1
f 205/369/1 203/368/1 206/366/1
f 205/369/1 204/370/1 203/368/1
f 697/371/1 699/372/1 698/373/1
f 696/374/1 699/372/1 697/371/1
f 695/375/1 699/372/1 696/374/1
f 695/375/1 700/376/1 699/372/1
f 694/377/1 700/376/1 695/375/1
f 693/378/1 700/376/1 694/377/1
f 693/378/1 701/379/1 700/376/1
f 692/380/1 701/379/1 693/378/1
f 691/381/1 701/379/1 692/380/1
f 690/382/1 701/379/1 691/381/1
f 690/382/1 702/383/1 701/379/1
f 689/384/1 702/383/1 690/382/1
f 688/385/1 702/383/1 689/384/1
f 688/385/1 703/386/1 702/383/1
f 648/387/1 650/388/1 649/389/1
f 648/387/1 651/390/1 650/388/1
f 648/387/1 652/391/1 651/390/1
f 647/392/1 652/391/1 648/387/1
f 687/393/1 703/386/1 688/385/1
f 647/392/1 653/394/1 652/391/1
f 647/392/1 654/395/1 653/394/1
f 646/396/1 654/395/1 647/392/1
f 646/396/1 655/397/1 654/395/1
f 646/396/1 656/398/1 655/397/1
f 686/399/1 703/386/1 687/393/1
f 646/396/1 657/400/1 656/398/1
f 645/401/1 657/400/1 646/396/1
f 645/401/1 658/402/1 657/400/1
f 645/401/1 659/403/1 658/402/1
f 686/399/1 704/404/1 703/386/1
f 685/405/1 704/404/1 686/399/1
f 644/406/1 659/403/1 645/401/1
f 644/406/1 660/407/1 659/403/1
f 644/406/1 661/408/1 660/407/1
f 684/409/1 704/404/1 685/405/1
f 643/410/1 661/408/1 644/406/1
f 643/410/1 662/411/1 661/408/1
f 683/412/1 704/404/1 684/409/1
f 643/410/1 663/413/1 662/411/1
f 643/410/1 664/414/1 663/413/1
f 682/415/1 704/404/1 683/412/1
f 682/415/1 705/416/1 704/404/1
f 642/417/1 664/414/1 643/410/1
f 642/417/1 665/418/1 664/414/1
f 681/419/1 705/416/1 682/415/1
f 642/417/1 666/420/1 665/418/1
f 642/417/1 667/421/1 666/420/1
f 680/422/1 705/416/1 681/419/1
f 642/417/1 668/423/1 667/421/1
f 642/417/1 669/424/1 668/423/1
f 679/425/1 705/416/1 680/422/1
f 642/417/1 670/426/1 669/424/1
f 642/417/1 671/427/1 670/426/1
f 641/428/1 671/427/1 642/417/1
f 641/428/1 672/429/1 671/427/1
f 678/430/1 705/416/1 679/425/1
f 641/428/1 673/431/1 672/429/1
f 641/428/1 674/432/1 673/431/1
f 677/433/1 705/416/1 678/430/1
f 676/434/1 705/416/1 677/433/1
f 676/434/1 706/435/1 705/416/1
f 675/436/1 706/435/1 676/434/1
f 674/432/1 706/435/1 675/436/1
f 641/428/1 706/435/1 674/432/1
f 640/437/1 706/435/1 641/428/1
f 639/438/1 706/435/1 640/437/1
f 639/438/1 707/439/1 706/435/1
f 638/440/1 707/439/1 639/438/1
f 638/440/1 708/441/1 707/439/1
f 637/442/1 708/441/1 638/440/1
f 637/442/1 709/443/1 708/441/1
f 636/444/1 709/443/1 637/442/1
f 635/445/1 709/443/1 636/444/1
f 635/445/1 710/446/1 709/443/1
f 634/447/1 710/446/1 635/445/1
f 634/447/1 711/448/1 710/446/1
f 633/449/1 711/448/1 634/447/1
f 633/449/1 712/450/1 711/448/1
f 632/451/1 712/450/1 633/449/1
f 632/451/1 713/452/1 712/450/1
f 631/453/1 713/452/1 632/451/1
f 631/453/1 714/454/1 713/452/1
f 630/455/1 714/454/1 631/453/1
f 630/455/1 715/456/1 714/454/1
f 629/457/1 715/456/1 630/455/1
f 629/457/1 716/458/1 715/456/1
f 628/459/1 716/458/1 629/457/1
f 628/459/1 717/460/1 716/458/1
f 627/461/1 717/460/1 628/459/1
f 627/461/1 718/462/1 717/460/1
f 626/463/1 718/462/1 627/461/1
f 626/463/1 719/464/1 718/462/1
f 625/465/1 719/464/1 626/463/1
f 625/465/1 720/466/1 719/464/1
f 624/467/1 720/466/1 625/465/1
f 623/468/1 720/466/1 624/467/1
f 623/468/1 721/469/1 720/466/1
f 622/470/1 721/469/1 623/468/1
f 621/471/1 721/469/1 622/470/1
f 621/471/1 722/472/1 721/469/1
f 620/473/1 722/472/1 621/471/1
f 620/473/1 723/474/1 722/472/1
f 619/475/1 723/474/1 620/473/1
f 618/476/1 723/474/1 619/475/1
f 617/477/1 723/474/1 618/476/1
f 616/478/1 723/474/1 617/477/1
f 615/479/1 723/474/1 616/478/1
f 615/479/1 724/480/1 723/474/1
f 614/481/1 724/480/1 615/479/1
f 613/482/1 724/480/1 614/481/1
f 612/483/1 724/480/1 613/482/1
f 612/483/1 725/484/1 724/480/1
f 611/485/1 725/484/1 612/483/1
f 610/486/1 725/484/1 611/485/1
f 609/487/1 725/484/1 610/486/1
f 609/487/1 726/488/1 725/484/1
f 608/489/1 726/488/1 609/487/1
f 607/490/1 726/488/1 608/489/1
f 606/491/1 726/488/1 607/490/1
f 606/491/1 727/492/1 726/488/1
f 605/493/1 727/492/1 606/491/1
f 604/494/1 727/492/1 605/493/1
f 603/495/1 727/492/1 604/494/1
f 603/495/1 728/496/1 727/492/1
f 602/497/1 728/496/1 603/495/1
f 601/498/1 728/496/1 602/497/1
f 600/499/1 728/496/1 601/498/1
f 600/499/1 729/500/1 728/496/1
f 600/499/1 730/501/1 729/500/1
f 599/502/1 730/501/1 600/499/1
f 599/502/1 731/503/1 730/501/1
f 599/502/1 732/504/1 731/503/1
f 599/502/1 758/505/1 732/504/1
f 758/505/1 757/506/1 732/504/1
f 757/506/1 733/507/1 732/504/1
f 598/508/1 759/509/1 599/502/1
f 759/509/1 758/505/1 599/502/1
f 598/508/1 760/510/1 759/509/1
f 756/511/1 733/507/1 757/506/1
f 755/512/1 733/507/1 756/511/1
f 754/513/1 733/507/1 755/512/1
f 753/514/1 733/507/1 754/513/1
f 752/515/1 733/507/1 753/514/1
f 751/516/1 733/507/1 752/515/1
f 750/517/1 733/507/1 751/516/1
f 749/518/1 733/507/1 750/517/1
f 748/519/1 733/507/1 749/518/1
f 747/520/1 733/507/1 748/519/1
f 746/521/1 733/507/1 747/520/1
f 746/521/1 734/522/1 733/507/1
f 745/523/1 734/522/1 746/521/1
f 744/524/1 734/522/1 745/523/1
f 743/525/1 734/522/1 744/524/1
f 742/526/1 734/522/1 743/525/1
f 741/527/1 734/522/1 742/526/1
f 740/528/1 734/522/1 741/527/1
f 739/529/1 734/522/1 740/528/1
f 738/530/1 734/522/1 739/529/1
f 737/531/1 734/522/1 738/530/1
f 736/532/1 734/522/1 737/531/1
f 735/533/1 734/522/1 736/532/1
f 598/508/1 761/534/1 760/510/1
f 598/508/1 762/535/1 761/534/1
f 597/536/1 762/535/1 598/508/1
f 597/536/1 763/537/1 762/535/1
f 596/538/1 763/537/1 597/536/1
f 596/538/1 764/539/1 763/537/1
f 596/538/1 765/540/1 764/539/1
f 595/541/1 765/540/1 596/538/1
f 595/541/1 766/542/1 765/540/1
f 595/541/1 767/543/1 766/542/1
f 594/544/1 767/543/1 595/541/1
f 594/544/1 768/545/1 767/543/1
f 594/544/1 769/546/1 768/545/1
f 782/547/1 784/548/1 783/549/1
f 781/550/1 784/548/1 782/547/1
f 781/550/1 785/551/1 784/548/1
f 780/552/1 785/551/1 781/550/1
f 593/553/1 769/546/1 594/544/1
f 779/554/1 785/551/1 780/552/1
f 779/554/1 786/555/1 785/551/1
f 778/556/1 786/555/1 779/554/1
f 777/557/1 786/555/1 778/556/1
f 777/557/1 787/558/1 786/555/1
f 776/559/1 787/558/1 777/557/1
f 593/553/1 770/560/1 769/546/1
f 776/559/1 788/561/1 787/558/1
f 775/562/1 788/561/1 776/559/1
f 774/563/1 788/561/1 775/562/1
f 774/563/1 789/564/1 788/561/1
f 773/565/1 789/564/1 774/563/1
f 592/566/1 770/560/1 593/553/1
f 592/566/1 771/567/1 770/560/1
f 772/568/1 789/564/1 773/565/1
f 772/568/1 790/569/1 789/564/1
f 771/567/1 790/569/1 772/568/1
f 771/567/1 791/570/1 790/569/1
f 592/566/1 791/570/1 771/567/1
f 591/571/1 791/570/1 592/566/1
f 591/571/1 792/572/1 791/570/1
f 591/571/1 793/573/1 792/572/1
f 590/574/1 793/573/1 591/571/1
f 590/574/1 794/575/1 793/573/1
f 590/574/1 795/576/1 794/575/1
f 589/577/1 795/576/1 590/574/1
f 589/577/1 796/578/1 795/576/1
f 589/577/1 797/579/1 796/578/1
f 588/580/1 797/579/1 589/577/1
f 588/580/1 798/581/1 797/579/1
f 587/582/1 517/583/1 588/580/1
f 517/583/1 798/581/1 588/580/1
f 587/582/1 518/584/1 517/583/1
f 516/585/1 798/581/1 517/583/1
f 515/586/1 798/581/1 516/585/1
f 587/582/1 519/587/1 518/584/1
f 515/586/1 799/588/1 798/581/1
f 586/589/1 519/587/1 587/582/1
f 514/590/1 799/588/1 515/586/1
f 586/589/1 520/591/1 519/587/1
f 513/592/1 799/588/1 514/590/1
f 586/589/1 521/593/1 520/591/1
f 512/594/1 799/588/1 513/592/1
f 586/589/1 522/595/1 521/593/1
f 511/596/1 799/588/1 512/594/1
f 510/597/1 799/588/1 511/596/1
f 586/589/1 523/598/1 522/595/1
f 585/599/1 523/598/1 586/589/1
f 509/600/1 799/588/1 510/597/1
f 585/599/1 524/601/1 523/598/1
f 509/600/1 800/602/1 799/588/1
f 508/603/1 800/602/1 509/600/1
f 585/599/1 525/604/1 524/601/1
f 584/605/1 525/604/1 585/599/1
f 507/606/1 800/602/1 508/603/1
f 584/605/1 526/607/1 525/604/1
f 506/608/1 800/602/1 507/606/1
f 583/609/1 526/607/1 584/605/1
f 506/608/1 801/610/1 800/602/1
f 505/611/1 801/610/1 506/608/1
f 583/609/1 527/612/1 526/607/1
f 582/613/1 527/612/1 583/609/1
f 504/614/1 801/610/1 505/611/1
f 582/613/1 528/615/1 527/612/1
f 503/616/1 801/610/1 504/614/1
f 581/617/1 528/615/1 582/613/1
f 503/616/1 802/618/1 801/610/1
f 581/617/1 529/619/1 528/615/1
f 580/620/1 529/619/1 581/617/1
f 502/621/1 802/618/1 503/616/1
f 579/622/1 529/619/1 580/620/1
f 579/622/1 530/623/1 529/619/1
f 501/624/1 802/618/1 502/621/1
f 578/625/1 530/623/1 579/622/1
f 578/625/1 531/626/1 530/623/1
f 501/624/1 803/627/1 802/618/1
f 577/628/1 531/626/1 578/625/1
f 576/629/1 531/626/1 577/628/1
f 576/629/1 532/630/1 531/626/1
f 500/631/1 803/627/1 501/624/1
f 575/632/1 532/630/1 576/629/1
f 575/632/1 533/633/1 532/630/1
f 575/632/1 534/634/1 533/633/1
f 574/635/1 534/634/1 575/632/1
f 499/636/1 803/627/1 500/631/1
f 574/635/1 535/637/1 534/634/1
f 573/638/1 535/637/1 574/635/1
f 499/636/1 804/639/1 803/627/1
f 573/638/1 536/640/1 535/637/1
f 572/641/1 536/640/1 573/638/1
f 498/642/1 804/639/1 499/636/1
f 572/641/1 537/643/1 536/640/1
f 571/644/1 537/643/1 572/641/1
f 571/644/1 538/645/1 537/643/1
f 570/646/1 538/645/1 571/644/1
f 570/646/1 539/647/1 538/645/1
f 497/648/1 804/639/1 498/642/1
f 569/649/1 539/647/1 570/646/1
f 497/648/1 805/650/1 804/639/1
f 569/649/1 540/651/1 539/647/1
f 568/652/1 540/651/1 569/649/1
f 567/653/1 540/651/1 568/652/1
f 567/653/1 541/654/1 540/651/1
f 496/655/1 805/650/1 497/648/1
f 566/656/1 541/654/1 567/653/1
f 566/656/1 542/657/1 541/654/1
f 565/658/1 542/657/1 566/656/1
f 565/658/1 543/659/1 542/657/1
f 564/660/1 543/659/1 565/658/1
f 496/655/1 806/661/1 805/650/1
f 564/660/1 544/662/1 543/659/1
f 495/663/1 806/661/1 496/655/1
f 563/664/1 544/662/1 564/660/1
f 563/664/1 545/665/1 544/662/1
f 562/666/1 545/665/1 563/664/1
f 562/666/1 546/667/1 545/665/1
f 561/668/1 546/667/1 562/666/1
f 561/668/1 547/669/1 546/667/1
f 560/670/1 547/669/1 561/668/1
f 559/671/1 547/669/1 560/670/1
f 559/671/1 548/672/1 547/669/1
f 494/673/1 806/661/1 495/663/1
f 558/674/1 548/672/1 559/671/1
f 558/674/1 549/675/1 548/672/1
f 557/676/1 549/675/1 558/674/1
f 557/676/1 550/677/1 549/675/1
f 556/678/1 550/677/1 557/676/1
f 556/678/1 551/679/1 550/677/1
f 555/680/1 551/679/1 556/678/1
f 555/680/1 552/681/1 551/679/1
f 554/682/1 552/681/1 555/680/1
f 554/682/1 553/683/1 552/681/1
f 494/673/1 807/684/1 806/661/1
f 493/685/1 807/684/1 494/673/1
f 492/686/1 807/684/1 493/685/1
f 492/686/1 808/687/1 807/684/1
f 491/688/1 808/687/1 492/686/1
f 491/688/1 809/689/1 808/687/1
f 490/690/1 809/689/1 491/688/1
f 489/691/1 809/689/1 490/690/1
f 489/691/1 810/692/1 809/689/1
f 488/693/1 810/692/1 489/691/1
f 487/694/1 810/692/1 488/693/1
f 487/694/1 811/695/1 810/692/1
f 486/696/1 811/695/1 487/694/1
f 485/697/1 811/695/1 486/696/1
f 485/697/1 812/698/1 811/695/1
f 484/699/1 812/698/1 485/697/1
f 483/700/1 812/698/1 484/699/1
f 483/700/1 813/701/1 812/698/1
f 432/702/1 434/703/1 433/704/1
f 431/705/1 434/703/1 432/702/1
f 431/705/1 435/706/1 434/703/1
f 430/707/1 435/706/1 431/705/1
f 430/707/1 436/708/1 435/706/1
f 429/709/1 436/708/1 430/707/1
f 429/709/1 437/710/1 436/708/1
f 428/711/1 437/710/1 429/709/1
f 428/711/1 438/712/1 437/710/1
f 427/713/1 438/712/1 428/711/1
f 427/713/1 439/714/1 438/712/1
f 426/715/1 439/714/1 427/713/1
f 426/715/1 440/716/1 439/714/1
f 482/717/1 813/701/1 483/700/1
f 425/718/1 440/716/1 426/715/1
f 425/718/1 441/719/1 440/716/1
f 424/720/1 441/719/1 425/718/1
f 424/720/1 442/721/1 441/719/1
f 423/722/1 442/721/1 424/720/1
f 423/722/1 443/723/1 442/721/1
f 422/724/1 443/723/1 423/722/1
f 422/724/1 444/725/1 443/723/1
f 481/726/1 813/701/1 482/717/1
f 421/727/1 444/725/1 422/724/1
f 481/726/1 814/728/1 813/701/1
f 421/727/1 445/729/1 444/725/1
f 420/730/1 445/729/1 421/727/1
f 420/730/1 446/731/1 445/729/1
f 419/732/1 446/731/1 420/730/1
f 480/733/1 814/728/1 481/726/1
f 418/734/1 446/731/1 419/732/1
f 418/734/1 447/735/1 446/731/1
f 417/736/1 447/735/1 418/734/1
f 417/736/1 448/737/1 447/735/1
f 416/738/1 448/737/1 417/736/1
f 479/739/1 814/728/1 480/733/1
f 479/739/1 815/740/1 814/728/1
f 415/741/1 448/737/1 416/738/1
f 415/741/1 449/742/1 448/737/1
f 414/743/1 449/742/1 415/741/1
f 414/743/1 450/744/1 449/742/1
f 478/745/1 815/740/1 479/739/1
f 413/746/1 450/744/1 414/743/1
f 413/746/1 451/747/1 450/744/1
f 412/748/1 451/747/1 413/746/1
f 412/748/1 452/749/1 451/747/1
f 477/750/1 815/740/1 478/745/1
f 411/751/1 452/749/1 412/748/1
f 411/751/1 453/752/1 452/749/1
f 477/750/1 816/753/1 815/740/1
f 411/751/1 454/754/1 453/752/1
f 476/755/1 816/753/1 477/750/1
f 410/756/1 454/754/1 411/751/1
f 410/756/1 455/757/1 454/754/1
f 410/756/1 456/758/1 455/757/1
f 410/756/1 457/759/1 456/758/1
f 410/756/1 458/760/1 457/759/1
f 409/761/1 458/760/1 410/756/1
f 475/762/1 816/753/1 476/755/1
f 409/761/1 459/763/1 458/760/1
f 408/764/1 459/763/1 409/761/1
f 408/764/1 460/765/1 459/763/1
f 474/766/1 816/753/1 475/762/1
f 407/767/1 460/765/1 408/764/1
f 407/767/1 461/768/1 460/765/1
f 474/766/1 817/769/1 816/753/1
f 406/770/1 461/768/1 407/767/1
f 473/771/1 817/769/1 474/766/1
f 406/770/1 462/772/1 461/768/1
f 405/773/1 462/772/1 406/770/1
f 405/773/1 463/774/1 462/772/1
f 472/775/1 817/769/1 473/771/1
f 405/773/1 464/776/1 463/774/1
f 404/777/1 464/776/1 405/773/1
f 404/777/1 465/778/1 464/776/1
f 471/779/1 817/769/1 472/775/1
f 404/777/1 466/780/1 465/778/1
f 470/781/1 817/769/1 471/779/1
f 404/777/1 467/782/1 466/780/1
f 403/783/1 467/782/1 404/777/1
f 403/783/1 468/784/1 467/782/1
f 469/785/1 817/769/1 470/781/1
f 403/783/1 469/785/1 468/784/1
f 403/783/1 817/769/1 469/785/1
f 402/786/1 817/769/1 403/783/1
f 401/787/1 817/769/1 402/786/1
f 401/787/1 818/105/1 817/769/1
f 400/788/1 818/105/1 401/787/1
f 399/789/1 818/105/1 400/788/1
f 398/790/1 818/105/1 399/789/1
f 397/791/1 818/105/1 398/790/1
f 396/792/1 818/105/1 397/791/1
f 396/792/1 373/107/1 818/105/1
f 396/792/1 374/793/1 373/107/1
f 395/794/1 374/793/1 396/792/1
f 395/794/1 375/795/1 374/793/1
f 394/796/1 375/795/1 395/794/1
f 394/796/1 376/797/1 375/795/1
f 393/798/1 376/797/1 394/796/1
f 393/798/1 377/799/1 376/797/1
f 392/800/1 377/799/1 393/798/1
f 392/800/1 378/801/1 377/799/1
f 391/802/1 378/801/1 392/800/1
f 391/802/1 379/803/1 378/801/1
f 390/804/1 379/803/1 391/802/1
f 390/804/1 380/805/1 379/803/1
f 389/806/1 380/805/1 390/804/1
f 389/806/1 381/807/1 380/805/1
f 388/808/1 381/807/1 389/806/1
f 388/808/1 382/809/1 381/807/1
f 387/810/1 382/809/1 388/808/1
f 387/810/1 383/811/1 382/809/1
f 386/812/1 383/811/1 387/810/1
f 386/812/1 384/813/1 383/811/1
f 385/814/1 384/813/1 386/812/1
f 1083/815/1 1085/816/1 1084/817/1
f 1082/818/1 1085/816/1 1083/815/1
f 1082/818/1 1086/819/1 1085/816/1
f 1081/820/1 1086/819/1 1082/818/1
f 1081/820/1 1087/821/1 1086/819/1
f 1080/822/1 1087/821/1 1081/820/1
f 1080/822/1 1088/823/1 1087/821/1
f 1079/824/1 1088/823/1 1080/822/1
f 1079/824/1 1089/825/1 1088/823/1
f 1078/826/1 1089/825/1 1079/824/1
f 1078/826/1 1090/827/1 1089/825/1
f 1077/828/1 1090/827/1 1078/826/1
f 1077/828/1 1091/829/1 1090/827/1
f 1076/830/1 1091/829/1 1077/828/1
f 1076/830/1 1092/831/1 1091/829/1
f 1075/832/1 1092/831/1 1076/830/1
f 1074/833/1 1092/831/1 1075/832/1
f 1074/833/1 1093/834/1 1092/831/1
f 1073/835/1 1093/834/1 1074/833/1
f 1073/835/1 1094/836/1 1093/834/1
f 1072/837/1 1094/836/1 1073/835/1
f 1072/837/1 1095/838/1 1094/836/1
f 1071/839/1 1095/838/1 1072/837/1
f 1071/839/1 1096/840/1 1095/838/1
f 1070/841/1 1096/840/1 1071/839/1
f 1069/842/1 1096/840/1 1070/841/1
f 1069/842/1 1097/843/1 1096/840/1
f 1068/844/1 1097/843/1 1069/842/1
f 1068/844/1 1098/845/1 1097/843/1
f 1067/846/1 1098/845/1 1068/844/1
f 1066/847/1 1098/845/1 1067/846/1
f 1066/847/1 1099/848/1 1098/845/1
f 1065/849/1 1099/848/1 1066/847/1
f 1065/849/1 1100/850/1 1099/848/1
f 1064/851/1 1100/850/1 1065/849/1
f 1063/852/1 1100/850/1 1064/851/1
f 1063/852/1 1101/853/1 1100/850/1
f 1062/854/1 1101/853/1 1063/852/1
f 1062/854/1 1102/855/1 1101/853/1
f 1061/856/1 1102/855/1 1062/854/1
f 1060/857/1 1102/855/1 1061/856/1
f 1060/857/1 1103/858/1 1102/855/1
f 1059/859/1 1103/858/1 1060/857/1
f 1059/859/1 1104/860/1 1103/858/1
f 1058/861/1 1104/860/1 1059/859/1
f 1057/862/1 1104/860/1 1058/861/1
f 1056/863/1 1000/864/1 1057/862/1
f 1000/864/1 1104/860/1 1057/862/1
f 1056/863/1 1001/865/1 1000/864/1
f 999/866/1 1104/860/1 1000/864/1
f 999/866/1 1105/867/1 1104/860/1
f 1055/868/1 1001/865/1 1056/863/1
f 998/869/1 1105/867/1 999/866/1
f 1055/868/1 1002/870/1 1001/865/1
f 997/871/1 1105/867/1 998/869/1
f 996/872/1 1105/867/1 997/871/1
f 1055/868/1 1003/873/1 1002/870/1
f 995/874/1 1105/867/1 996/872/1
f 1055/868/1 1004/875/1 1003/873/1
f 994/876/1 1105/867/1 995/874/1
f 1054/877/1 1004/875/1 1055/868/1
f 993/878/1 1105/867/1 994/876/1
f 1054/877/1 1005/879/1 1004/875/1
f 992/880/1 1105/867/1 993/878/1
f 1054/877/1 1006/881/1 1005/879/1
f 991/882/1 1105/867/1 992/880/1
f 1053/883/1 1006/881/1 1054/877/1
f 990/884/1 1105/867/1 991/882/1
f 1053/883/1 1007/885/1 1006/881/1
f 990/884/1 1106/886/1 1105/867/1
f 989/887/1 1106/886/1 990/884/1
f 1052/888/1 1007/885/1 1053/883/1
f 988/889/1 1106/886/1 989/887/1
f 1052/888/1 1008/890/1 1007/885/1
f 1051/891/1 1008/890/1 1052/888/1
f 987/892/1 1106/886/1 988/889/1
f 1051/891/1 1009/893/1 1008/890/1
f 986/894/1 1106/886/1 987/892/1
f 1050/895/1 1009/893/1 1051/891/1
f 985/896/1 1106/886/1 986/894/1
f 985/896/1 1107/897/1 1106/886/1
f 1050/895/1 1010/898/1 1009/893/1
f 1049/899/1 1010/898/1 1050/895/1
f 984/900/1 1107/897/1 985/896/1
f 983/901/1 1107/897/1 984/900/1
f 1048/902/1 1010/898/1 1049/899/1
f 1048/902/1 1011/903/1 1010/898/1
f 982/904/1 1107/897/1 983/901/1
f 1047/905/1 1011/903/1 1048/902/1
f 981/906/1 1107/897/1 982/904/1
f 981/906/1 1108/907/1 1107/897/1
f 1047/905/1 1012/908/1 1011/903/1
f 980/909/1 1108/907/1 981/906/1
f 1046/910/1 1012/908/1 1047/905/1
f 979/911/1 1108/907/1 980/909/1
f 1045/912/1 1012/908/1 1046/910/1
f 978/913/1 1108/907/1 979/911/1
f 1045/912/1 1013/914/1 1012/908/1
f 977/915/1 1108/907/1 978/913/1
f 1044/916/1 1013/914/1 1045/912/1
f 977/915/1 1109/917/1 1108/907/1
f 976/918/1 1109/917/1 977/915/1
f 1043/919/1 1013/914/1 1044/916/1
f 1043/919/1 1014/920/1 1013/914/1
f 975/921/1 1109/917/1 976/918/1
f 1042/922/1 1014/920/1 1043/919/1
f 1042/922/1 1015/923/1 1014/920/1
f 1041/924/1 1015/923/1 1042/922/1
f 1040/925/1 1015/923/1 1041/924/1
f 975/921/1 1110/926/1 1109/917/1
f 1040/925/1 1016/927/1 1015/923/1
f 974/928/1 1110/926/1 975/921/1
f 1039/929/1 1016/927/1 1040/925/1
f 1038/930/1 1016/927/1 1039/929/1
f 1038/930/1 1017/931/1 1016/927/1
f 1037/932/1 1017/931/1 1038/930/1
f 1037/932/1 1018/933/1 1017/931/1
f 1036/934/1 1018/933/1 1037/932/1
f 974/928/1 1111/935/1 1110/926/1
f 973/936/1 1111/935/1 974/928/1
f 1035/937/1 1018/933/1 1036/934/1
f 1035/937/1 1019/938/1 1018/933/1
f 1034/939/1 1019/938/1 1035/937/1
f 1033/940/1 1019/938/1 1034/939/1
f 1033/940/1 1020/941/1 1019/938/1
f 1032/942/1 1020/941/1 1033/940/1
f 1031/943/1 1020/941/1 1032/942/1
f 1031/943/1 1021/944/1 1020/941/1
f 1030/945/1 1021/944/1 1031/943/1
f 1029/946/1 1021/944/1 1030/945/1
f 1029/946/1 1022/947/1 1021/944/1
f 972/948/1 1111/935/1 973/936/1
f 1028/949/1 1022/947/1 1029/946/1
f 1027/950/1 1022/947/1 1028/949/1
f 1027/950/1 1023/951/1 1022/947/1
f 972/948/1 1112/952/1 1111/935/1
f 1026/953/1 1023/951/1 1027/950/1
f 1025/954/1 1023/951/1 1026/953/1
f 1025/954/1 1024/955/1 1023/951/1
f 971/956/1 1112/952/1 972/948/1
f 971/956/1 1113/957/1 1112/952/1
f 970/958/1 1113/957/1 971/956/1
f 970/958/1 1114/959/1 1113/957/1
f 969/960/1 1114/959/1 970/958/1
f 969/960/1 1115/961/1 1114/959/1
f 968/962/1 1115/961/1 969/960/1
f 968/962/1 1116/963/1 1115/961/1
f 967/964/1 1116/963/1 968/962/1
f 967/964/1 1117/965/1 1116/963/1
f 966/966/1 1117/965/1 967/964/1
f 966/966/1 1118/967/1 1117/965/1
f 965/968/1 1118/967/1 966/966/1
f 965/968/1 1119/969/1 1118/967/1
f 964/970/1 1119/969/1 965/968/1
f 964/970/1 1120/971/1 1119/969/1
f 963/972/1 1120/971/1 964/970/1
f 962/973/1 1120/971/1 963/972/1
f 962/973/1 1121/974/1 1120/971/1
f 961/975/1 1121/974/1 962/973/1
f 961/975/1 1122/976/1 1121/974/1
f 960/977/1 1122/976/1 961/975/1
f 960/977/1 1123/978/1 1122/976/1
f 959/979/1 1123/978/1 960/977/1
f 959/979/1 1124/980/1 1123/978/1
f 958/981/1 1124/980/1 959/979/1
f 958/981/1 1125/982/1 1124/980/1
f 957/983/1 1125/982/1 958/981/1
f 957/983/1 1126/984/1 1125/982/1
f 956/985/1 1126/984/1 957/983/1
f 956/985/1 1127/986/1 1126/984/1
f 955/987/1 1127/986/1 956/985/1
f 955/987/1 1128/988/1 1127/986/1
f 954/989/1 1128/988/1 955/987/1
f 954/989/1 1129/990/1 1128/988/1
f 953/991/1 1129/990/1 954/989/1
f 953/991/1 1130/992/1 1129/990/1
f 952/993/1 1130/992/1 953/991/1
f 952/993/1 1131/994/1 1130/992/1
f 951/995/1 1131/994/1 952/993/1
f 951/995/1 1132/996/1 1131/994/1
f 950/997/1 1132/996/1 951/995/1
f 950/997/1 1133/998/1 1132/996/1
f 949/999/1 1133/998/1 950/997/1
f 949/999/1 1134/1000/1 1133/998/1
f 948/1001/1 1134/1000/1 949/999/1
f 948/1001/1 1135/1002/1 1134/1000/1
f 947/1003/1 1135/1002/1 948/1001/1
f 947/1003/1 1136/1004/1 1135/1002/1
f 947/1003/1 1137/1005/1 1136/1004/1
f 946/1006/1 1137/1005/1 947/1003/1
f 946/1006/1 1138/1007/1 1137/1005/1
f 945/1008/1 1138/1007/1 946/1006/1
f 945/1008/1 1139/1009/1 1138/1007/1
f 944/1010/1 1139/1009/1 945/1008/1
f 944/1010/1 1140/1011/1 1139/1009/1
f 943/1012/1 1140/1011/1 944/1010/1
f 943/1012/1 1141/1013/1 1140/1011/1
f 942/1014/1 1141/1013/1 943/1012/1
f 942/1014/1 1142/1015/1 1141/1013/1
f 942/1014/1 1143/1016/1 1142/1015/1
f 941/1017/1 1143/1016/1 942/1014/1
f 941/1017/1 1144/1018/1 1143/1016/1
f 940/1019/1 1144/1018/1 941/1017/1
f 940/1019/1 1145/1020/1 1144/1018/1
f 939/1021/1 1145/1020/1 940/1019/1
f 939/1021/1 1146/1022/1 1145/1020/1
f 938/1023/1 1146/1022/1 939/1021/1
f 938/1023/1 1147/1024/1 1146/1022/1
f 937/1025/1 1147/1024/1 938/1023/1
f 937/1025/1 1148/1026/1 1147/1024/1
f 936/1027/1 1148/1026/1 937/1025/1
f 936/1027/1 1149/1028/1 1148/1026/1
f 935/1029/1 1149/1028/1 936/1027/1
f 935/1029/1 1150/1030/1 1149/1028/1
f 934/1031/1 1150/1030/1 935/1029/1
f 934/1031/1 1151/1032/1 1150/1030/1
f 933/1033/1 1151/1032/1 934/1031/1
f 933/1033/1 1152/1034/1 1151/1032/1
f 932/1035/1 1152/1034/1 933/1033/1
f 932/1035/1 1153/1036/1 1152/1034/1
f 931/1037/1 1153/1036/1 932/1035/1
f 931/1037/1 1154/1038/1 1153/1036/1
f 931/1037/1 1155/1039/1 1154/1038/1
f 930/1040/1 1155/1039/1 931/1037/1
f 1179/1041/1 1181/1042/1 1180/1043/1
f 1178/1044/1 1181/1042/1 1179/1041/1
f 1178/1044/1 1182/1045/1 1181/1042/1
f 1177/1046/1 1182/1045/1 1178/1044/1
f 1176/1047/1 1182/1045/1 1177/1046/1
f 930/1040/1 1156/1048/1 1155/1039/1
f 1176/1047/1 1183/1049/1 1182/1045/1
f 1175/1050/1 1183/1049/1 1176/1047/1
f 1174/1051/1 1183/1049/1 1175/1050/1
f 1174/1051/1 1184/1052/1 1183/1049/1
f 1173/1053/1 1184/1052/1 1174/1051/1
f 1172/1054/1 1184/1052/1 1173/1053/1
f 1172/1054/1 1185/1055/1 1184/1052/1
f 1171/1056/1 1185/1055/1 1172/1054/1
f 929/1057/1 1156/1048/1 930/1040/1
f 1170/1058/1 1185/1055/1 1171/1056/1
f 1170/1058/1 1186/1059/1 1185/1055/1
f 1169/1060/1 1186/1059/1 1170/1058/1
f 1168/1061/1 1186/1059/1 1169/1060/1
f 1168/1061/1 1187/1062/1 1186/1059/1
f 1167/1063/1 1187/1062/1 1168/1061/1
f 1166/1064/1 1187/1062/1 1167/1063/1
f 1166/1064/1 1188/1065/1 1187/1062/1
f 1165/1066/1 1188/1065/1 1166/1064/1
f 1164/1067/1 1188/1065/1 1165/1066/1
f 1164/1067/1 1189/1068/1 1188/1065/1
f 1163/1069/1 1189/1068/1 1164/1067/1
f 1162/1070/1 1189/1068/1 1163/1069/1
f 1161/1071/1 1189/1068/1 1162/1070/1
f 1161/1071/1 1190/1072/1 1189/1068/1
f 1160/1073/1 1190/1072/1 1161/1071/1
f 1159/1074/1 1190/1072/1 1160/1073/1
f 1158/1075/1 1190/1072/1 1159/1074/1
f 1157/1076/1 1190/1072/1 1158/1075/1
f 1157/1076/1 1191/1077/1 1190/1072/1
f 1156/1048/1 1191/1077/1 1157/1076/1
f 929/1057/1 1191/1077/1 1156/1048/1
f 929/1057/1 1192/1078/1 1191/1077/1
f 928/1079/1 1192/1078/1 929/1057/1
f 928/1079/1 1193/1080/1 1192/1078/1
f 928/1079/1 1194/1081/1 1193/1080/1
f 928/1079/1 1195/1082/1 1194/1081/1
f 928/1079/1 1196/1083/1 1195/1082/1
f 927/1084/1 1196/1083/1 928/1079/1
f 927/1084/1 1197/1085/1 1196/1083/1
f 927/1084/1 1198/1086/1 1197/1085/1
f 926/1087/1 1198/1086/1 927/1084/1
f 926/1087/1 1199/1088/1 1198/1086/1
f 925/1089/1 1199/1088/1 926/1087/1
f 925/1089/1 1200/1090/1 1199/1088/1
f 925/1089/1 1201/1091/1 1200/1090/1
f 924/1092/1 1201/1091/1 925/1089/1
f 924/1092/1 1202/1093/1 1201/1091/1
f 923/1094/1 1202/1093/1 924/1092/1
f 923/1094/1 1203/1095/1 1202/1093/1
f 922/1096/1 1203/1095/1 923/1094/1
f 922/1096/1 1204/1097/1 1203/1095/1
f 921/1098/1 1204/1097/1 922/1096/1
f 921/1098/1 1205/1099/1 1204/1097/1
f 920/1100/1 1205/1099/1 921/1098/1
f 920/1100/1 1206/1101/1 1205/1099/1
f 919/1102/1 1206/1101/1 920/1100/1
f 919/1102/1 1207/1103/1 1206/1101/1
f 919/1102/1 1208/1104/1 1207/1103/1
f 918/1105/1 1208/1104/1 919/1102/1
f 918/1105/1 1209/1106/1 1208/1104/1
f 917/1107/1 1209/1106/1 918/1105/1
f 917/1107/1 1210/1108/1 1209/1106/1
f 916/1109/1 1210/1108/1 917/1107/1
f 916/1109/1 1211/1110/1 1210/1108/1
f 915/1111/1 1211/1110/1 916/1109/1
f 915/1111/1 1212/1112/1 1211/1110/1
f 915/1111/1 1213/1113/1 1212/1112/1
f 914/1114/1 1213/1113/1 915/1111/1
f 914/1114/1 1214/1115/1 1213/1113/1
f 913/1116/1 1214/1115/1 914/1114/1
f 913/1116/1 1215/105/1 1214/1115/1
f 913/1116/1 819/107/1 1215/105/1
f 912/1117/1 819/107/1 913/1116/1
f 912/1117/1 820/1118/1 819/107/1
f 911/1119/1 820/1118/1 912/1117/1
f 911/1119/1 821/1120/1 820/1118/1
f 910/1121/1 821/1120/1 911/1119/1
f 910/1121/1 822/1122/1 821/1120/1
f 909/1123/1 822/1122/1 910/1121/1
f 909/1123/1 823/1124/1 822/1122/1
f 908/1125/1 856/1126/1 909/1123/1
f 856/1126/1 823/1124/1 909/1123/1
f 856/1126/1 855/1127/1 823/1124/1
f 855/1127/1 824/1128/1 823/1124/1
f 908/1125/1 857/1129/1 856/1126/1
f 908/1125/1 858/1130/1 857/1129/1
f 908/1125/1 859/1131/1 858/1130/1
f 908/1125/1 860/1132/1 859/1131/1
f 854/1133/1 824/1128/1 855/1127/1
f 908/1125/1 861/1134/1 860/1132/1
f 853/1135/1 824/1128/1 854/1133/1
f 852/1136/1 824/1128/1 853/1135/1
f 851/1137/1 824/1128/1 852/1136/1
f 908/1125/1 862/1138/1 861/1134/1
f 850/1139/1 824/1128/1 851/1137/1
f 908/1125/1 863/1140/1 862/1138/1
f 849/1141/1 824/1128/1 850/1139/1
f 907/1142/1 863/1140/1 908/1125/1
f 848/1143/1 824/1128/1 849/1141/1
f 907/1142/1 864/1144/1 863/1140/1
f 848/1143/1 825/1145/1 824/1128/1
f 847/1146/1 825/1145/1 848/1143/1
f 907/1142/1 865/1147/1 864/1144/1
f 846/1148/1 825/1145/1 847/1146/1
f 907/1142/1 866/1149/1 865/1147/1
f 845/1150/1 825/1145/1 846/1148/1
f 906/1151/1 866/1149/1 907/1142/1
f 906/1151/1 867/1152/1 866/1149/1
f 844/1153/1 825/1145/1 845/1150/1
f 844/1153/1 826/1154/1 825/1145/1
f 906/1151/1 868/1155/1 867/1152/1
f 843/1156/1 826/1154/1 844/1153/1
f 905/1157/1 868/1155/1 906/1151/1
f 905/1157/1 869/1158/1 868/1155/1
f 842/1159/1 826/1154/1 843/1156/1
f 904/1160/1 869/1158/1 905/1157/1
f 842/1159/1 827/1161/1 826/1154/1
f 841/1162/1 827/1161/1 842/1159/1
f 903/1163/1 869/1158/1 904/1160/1
f 903/1163/1 870/1164/1 869/1158/1
f 902/1165/1 870/1164/1 903/1163/1
f 901/1166/1 870/1164/1 902/1165/1
f 900/1167/1 870/1164/1 901/1166/1
f 899/1168/1 870/1164/1 900/1167/1
f 898/1169/1 870/1164/1 899/1168/1
f 897/1170/1 870/1164/1 898/1169/1
f 840/1171/1 827/1161/1 841/1162/1
f 896/1172/1 870/1164/1 897/1170/1
f 896/1172/1 871/1173/1 870/1164/1
f 895/1174/1 871/1173/1 896/1172/1
f 839/1175/1 827/1161/1 840/1171/1
f 894/1176/1 871/1173/1 895/1174/1
f 839/1175/1 828/1177/1 827/1161/1
f 894/1176/1 872/1178/1 871/1173/1
f 893/1179/1 872/1178/1 894/1176/1
f 838/1180/1 828/1177/1 839/1175/1
f 892/1181/1 872/1178/1 893/1179/1
f 892/1181/1 873/1182/1 872/1178/1
f 891/1183/1 873/1182/1 892/1181/1
f 837/1184/1 828/1177/1 838/1180/1
f 837/1184/1 829/1185/1 828/1177/1
f 890/1186/1 873/1182/1 891/1183/1
f 890/1186/1 874/1187/1 873/1182/1
f 836/1188/1 829/1185/1 837/1184/1
f 889/1189/1 874/1187/1 890/1186/1
f 835/1190/1 829/1185/1 836/1188/1
f 889/1189/1 875/1191/1 874/1187/1
f 888/1192/1 875/1191/1 889/1189/1
f 835/1190/1 830/1193/1 829/1185/1
f 834/1194/1 830/1193/1 835/1190/1
f 887/1195/1 875/1191/1 888/1192/1
f 887/1195/1 876/1196/1 875/1191/1
f 833/1197/1 830/1193/1 834/1194/1
f 886/1198/1 876/1196/1 887/1195/1
f 833/1197/1 831/1199/1 830/1193/1
f 832/1200/1 831/1199/1 833/1197/1
f 886/1198/1 877/1201/1 876/1196/1
f 885/1202/1 877/1201/1 886/1198/1
f 884/1203/1 877/1201/1 885/1202/1
f 884/1203/1 878/1204/1 877/1201/1
f 883/1205/1 878/1204/1 884/1203/1
f 883/1205/1 879/1206/1 878/1204/1
f 882/1207/1 879/1206/1 883/1205/1
f 881/1208/1 879/1206/1 882/1207/1
f 881/1208/1 880/1209/1 879/1206/1
f 1275/143/1 1277/141/1 1276/142/1
f 1275/143/1 1278/139/1 1277/141/1
f 1274/144/1 1278/139/1 1275/143/1
f 1274/144/1 1279/138/1 1278/139/1
f 1273/145/1 1279/138/1 1274/144/1
f 1273/145/1 1280/137/1 1279/138/1
f 1272/146/1 1280/137/1 1273/145/1
f 1272/146/1 1281/136/1 1280/137/1
f 1271/147/1 1281/136/1 1272/146/1
f 1271/147/1 1282/135/1 1281/136/1
f 1270/148/1 1282/135/1 1271/147/1
f 1270/148/1 1283/134/1 1282/135/1
f 1269/150/1 1283/134/1 1270/148/1
f 1269/150/1 1284/133/1 1283/134/1
f 1268/151/1 1284/133/1 1269/150/1
f 1268/151/1 1285/132/1 1284/133/1
f 1267/152/1 1285/132/1 1268/151/1
f 1267/152/1 1286/131/1 1285/132/1
f 1266/153/1 1286/131/1 1267/152/1
f 1266/153/1 1287/130/1 1286/131/1
f 1265/154/1 1287/130/1 1266/153/1
f 1265/154/1 1288/128/1 1287/130/1
f 1264/155/1 1288/128/1 1265/154/1
f 1264/155/1 1324/70/1 1288/128/1
f 1324/70/1 1289/127/1 1288/128/1
f 1263/157/1 1325/69/1 1264/155/1
f 1325/69/1 1324/70/1 1264/155/1
f 1323/72/1 1289/127/1 1324/70/1
f 1322/73/1 1289/127/1 1323/72/1
f 1263/157/1 1326/68/1 1325/69/1
f 1321/74/1 1289/127/1 1322/73/1
f 1321/74/1 1290/125/1 1289/127/1
f 1263/157/1 1327/67/1 1326/68/1
f 1320/76/1 1290/125/1 1321/74/1
f 1263/157/1 1328/66/1 1327/67/1
f 1319/77/1 1290/125/1 1320/76/1
f 1263/157/1 1329/64/1 1328/66/1
f 1318/79/1 1290/125/1 1319/77/1
f 1263/157/1 1330/63/1 1329/64/1
f 1317/80/1 1290/125/1 1318/79/1
f 1262/158/1 1330/63/1 1263/157/1
f 1317/80/1 1291/124/1 1290/125/1
f 1262/158/1 1331/62/1 1330/63/1
f 1316/82/1 1291/124/1 1317/80/1
f 1315/84/1 1291/124/1 1316/82/1
f 1262/158/1 1332/61/1 1331/62/1
f 1314/85/1 1291/124/1 1315/84/1
f 1262/158/1 1333/60/1 1332/61/1
f 1261/159/1 1333/60/1 1262/158/1
f 1314/85/1 1292/122/1 1291/124/1
f 1313/87/1 1292/122/1 1314/85/1
f 1261/159/1 1334/58/1 1333/60/1
f 1312/89/1 1292/122/1 1313/87/1
f 1312/89/1 1293/120/1 1292/122/1
f 1260/160/1 1334/58/1 1261/159/1
f 1260/160/1 1335/57/1 1334/58/1
f 1407/105/1 1293/120/1 1312/89/1
f 1260/160/1 1336/56/1 1335/57/1
f 1406/102/1 1293/120/1 1407/105/1
f 1406/102/1 1294/119/1 1293/120/1
f 1259/161/1 1336/56/1 1260/160/1
f 1259/161/1 1337/55/1 1336/56/1
f 1405/100/1 1294/119/1 1406/102/1
f 1259/161/1 1338/53/1 1337/55/1
f 1404/98/1 1294/119/1 1405/100/1
f 1404/98/1 1295/117/1 1294/119/1
f 1258/162/1 1338/53/1 1259/161/1
f 1258/162/1 1339/52/1 1338/53/1
f 1403/95/1 1295/117/1 1404/98/1
f 1403/95/1 1296/116/1 1295/117/1
f 1257/163/1 1339/52/1 1258/162/1
f 1257/163/1 1340/51/1 1339/52/1
f 1402/93/1 1296/116/1 1403/95/1
f 1257/163/1 1341/50/1 1340/51/1
f 1402/93/1 1297/114/1 1296/116/1
f 1401/90/1 1297/114/1 1402/93/1
f 1256/165/1 1341/50/1 1257/163/1
f 1256/165/1 1342/48/1 1341/50/1
f 1400/88/1 1297/114/1 1401/90/1
f 1400/88/1 1298/112/1 1297/114/1
f 1256/165/1 1343/47/1 1342/48/1
f 1255/166/1 1343/47/1 1256/165/1
f 1399/86/1 1298/112/1 1400/88/1
f 1255/166/1 1344/46/1 1343/47/1
f 1399/86/1 1299/111/1 1298/112/1
f 1254/167/1 1344/46/1 1255/166/1
f 1398/83/1 1299/111/1 1399/86/1
f 1254/167/1 1345/44/1 1344/46/1
f 1254/167/1 1346/43/1 1345/44/1
f 1398/83/1 1300/109/1 1299/111/1
f 1397/81/1 1300/109/1 1398/83/1
f 1253/168/1 1346/43/1 1254/167/1
f 1253/168/1 1347/42/1 1346/43/1
f 1396/78/1 1300/109/1 1397/81/1
f 1396/78/1 1301/108/1 1300/109/1
f 1252/169/1 1347/42/1 1253/168/1
f 1252/169/1 1348/41/1 1347/42/1
f 1395/75/1 1301/108/1 1396/78/1
f 1252/169/1 1349/39/1 1348/41/1
f 1251/170/1 1349/39/1 1252/169/1
f 1395/75/1 1302/106/1 1301/108/1
f 1394/71/1 1302/106/1 1395/75/1
f 1251/170/1 1350/38/1 1349/39/1
f 1250/171/1 1350/38/1 1251/170/1
f 1250/171/1 1351/37/1 1350/38/1
f 1393/65/1 1302/106/1 1394/71/1
f 1393/65/1 1303/104/1 1302/106/1
f 1250/171/1 1352/36/1 1351/37/1
f 1249/173/1 1352/36/1 1250/171/1
f 1392/59/1 1303/104/1 1393/65/1
f 1249/173/1 1353/34/1 1352/36/1
f 1392/59/1 1304/103/1 1303/104/1
f 1391/54/1 1304/103/1 1392/59/1
f 1248/175/1 1353/34/1 1249/173/1
f 1248/175/1 1354/33/1 1353/34/1
f 1390/49/1 1304/103/1 1391/54/1
f 1248/175/1 1355/32/1 1354/33/1
f 1247/177/1 1355/32/1 1248/175/1
f 1390/49/1 1305/101/1 1304/103/1
f 1247/177/1 1356/31/1 1355/32/1
f 1389/45/1 1305/101/1 1390/49/1
f 1246/180/1 1356/31/1 1247/177/1
f 1246/180/1 1357/29/1 1356/31/1
f 1389/45/1 1306/99/1 1305/101/1
f 1388/40/1 1306/99/1 1389/45/1
f 1246/180/1 1358/28/1 1357/29/1
f 1245/182/1 1358/28/1 1246/180/1
f 1387/35/1 1306/99/1 1388/40/1
f 1245/182/1 1359/27/1 1358/28/1
f 1387/35/1 1307/97/1 1306/99/1
f 1245/182/1 1360/25/1 1359/27/1
f 1386/30/1 1307/97/1 1387/35/1
f 1244/184/1 1360/25/1 1245/182/1
f 1244/184/1 1361/23/1 1360/25/1
f 1385/26/1 1307/97/1 1386/30/1
f 1385/26/1 1308/96/1 1307/97/1
f 1243/186/1 1361/23/1 1244/184/1
f 1243/186/1 1362/21/1 1361/23/1
f 1384/24/1 1308/96/1 1385/26/1
f 1383/22/1 1308/96/1 1384/24/1
f 1243/186/1 1363/19/1 1362/21/1
f 1242/188/1 1363/19/1 1243/186/1
f 1383/22/1 1309/94/1 1308/96/1
f 1382/20/1 1309/94/1 1383/22/1
f 1242/188/1 1364/17/1 1363/19/1
f 1381/18/1 1309/94/1 1382/20/1
f 1241/190/1 1364/17/1 1242/188/1
f 1241/190/1 1365/15/1 1364/17/1
f 1381/18/1 1310/92/1 1309/94/1
f 1380/16/1 1310/92/1 1381/18/1
f 1241/190/1 1366/13/1 1365/15/1
f 1379/14/1 1310/92/1 1380/16/1
f 1240/192/1 1366/13/1 1241/190/1
f 1240/192/1 1367/11/1 1366/13/1
f 1378/12/1 1310/92/1 1379/14/1
f 1378/12/1 1311/91/1 1310/92/1
f 1377/10/1 1311/91/1 1378/12/1
f 1240/192/1 1368/9/1 1367/11/1
f 1239/191/1 1368/9/1 1240/192/1
f 1376/8/1 1311/91/1 1377/10/1
f 1239/191/1 1369/7/1 1368/9/1
f 1375/6/1 1311/91/1 1376/8/1
f 1239/191/1 1370/5/1 1369/7/1
f 1374/4/1 1311/91/1 1375/6/1
f 1239/191/1 1371/1/1 1370/5/1
f 1373/2/1 1311/91/1 1374/4/1
f 1373/2/1 1216/107/1 1311/91/1
f 1239/191/1 1372/3/1 1371/1/1
f 1372/3/1 1216/107/1 1373/2/1
f 1239/191/1 1216/107/1 1372/3/1
f 1238/189/1 1216/107/1 1239/191/1
f 1238/189/1 1217/110/1 1216/107/1
f 1237/187/1 1217/110/1 1238/189/1
f 1237/187/1 1218/113/1 1217/110/1
f 1236/185/1 1218/113/1 1237/187/1
f 1236/185/1 1219/115/1 1218/113/1
f 1235/183/1 1219/115/1 1236/185/1
f 1235/183/1 1220/118/1 1219/115/1
f 1235/183/1 1221/121/1 1220/118/1
f 1234/181/1 1221/121/1 1235/183/1
f 1234/181/1 1222/123/1 1221/121/1
f 1233/179/1 1222/123/1 1234/181/1
f 1233/179/1 1223/126/1 1222/123/1
f 1232/178/1 1223/126/1 1233/179/1
f 1232/178/1 1224/129/1 1223/126/1
f 1231/176/1 1224/129/1 1232/178/1
f 1231/176/1 1225/140/1 1224/129/1
f 1230/174/1 1225/140/1 1231/176/1
f 1230/174/1 1226/149/1 1225/140/1
f 1229/172/1 1226/149/1 1230/174/1
f 1229/172/1 1227/156/1 1226/149/1
f 1228/164/1 1227/156/1 1229/172/1
f 1672/815/1 1674/816/1 1673/817/1
f 1671/818/1 1674/816/1 1672/815/1
f 1671/818/1 1675/819/1 1674/816/1
f 1670/820/1 1675/819/1 1671/818/1
f 1670/820/1 1676/821/1 1675/819/1
f 1669/822/1 1676/821/1 1670/820/1
f 1669/822/1 1677/823/1 1676/821/1
f 1668/824/1 1677/823/1 1669/822/1
f 1668/824/1 1678/825/1 1677/823/1
f 1667/826/1 1678/825/1 1668/824/1
f 1667/826/1 1679/827/1 1678/825/1
f 1666/828/1 1679/827/1 1667/826/1
f 1666/828/1 1680/829/1 1679/827/1
f 1665/830/1 1680/829/1 1666/828/1
f 1665/830/1 1681/831/1 1680/829/1
f 1664/832/1 1681/831/1 1665/830/1
f 1663/833/1 1681/831/1 1664/832/1
f 1663/833/1 1682/834/1 1681/831/1
f 1662/835/1 1682/834/1 1663/833/1
f 1662/835/1 1683/836/1 1682/834/1
f 1661/837/1 1683/836/1 1662/835/1
f 1661/837/1 1684/838/1 1683/836/1
f 1660/839/1 1684/838/1 1661/837/1
f 1660/839/1 1685/840/1 1684/838/1
f 1659/841/1 1685/840/1 1660/839/1
f 1658/842/1 1685/840/1 1659/841/1
f 1658/842/1 1686/843/1 1685/840/1
f 1657/844/1 1686/843/1 1658/842/1
f 1657/844/1 1687/845/1 1686/843/1
f 1656/846/1 1687/845/1 1657/844/1
f 1655/847/1 1687/845/1 1656/846/1
f 1655/847/1 1688/848/1 1687/845/1
f 1654/849/1 1688/848/1 1655/847/1
f 1654/849/1 1689/850/1 1688/848/1
f 1653/851/1 1689/850/1 1654/849/1
f 1652/852/1 1689/850/1 1653/851/1
f 1652/852/1 1690/853/1 1689/850/1
f 1651/854/1 1690/853/1 1652/852/1
f 1651/854/1 1691/855/1 1690/853/1
f 1650/856/1 1691/855/1 1651/854/1
f 1649/857/1 1691/855/1 1650/856/1
f 1649/857/1 1692/858/1 1691/855/1
f 1648/859/1 1692/858/1 1649/857/1
f 1648/859/1 1693/860/1 1692/858/1
f 1647/861/1 1693/860/1 1648/859/1
f 1646/862/1 1693/860/1 1647/861/1
f 1645/863/1 1589/864/1 1646/862/1
f 1589/864/1 1693/860/1 1646/862/1
f 1645/863/1 1590/865/1 1589/864/1
f 1588/866/1 1693/860/1 1589/864/1
f 1588/866/1 1694/867/1 1693/860/1
f 1644/868/1 1590/865/1 1645/863/1
f 1587/869/1 1694/867/1 1588/866/1
f 1644/868/1 1591/870/1 1590/865/1
f 1586/871/1 1694/867/1 1587/869/1
f 1585/872/1 1694/867/1 1586/871/1
f 1644/868/1 1592/873/1 1591/870/1
f 1584/874/1 1694/867/1 1585/872/1
f 1644/868/1 1593/875/1 1592/873/1
f 1583/876/1 1694/867/1 1584/874/1
f 1643/877/1 1593/875/1 1644/868/1
f 1582/878/1 1694/867/1 1583/876/1
f 1643/877/1 1594/879/1 1593/875/1
f 1581/880/1 1694/867/1 1582/878/1
f 1643/877/1 1595/881/1 1594/879/1
f 1580/882/1 1694/867/1 1581/880/1
f 1642/883/1 1595/881/1 1643/877/1
f 1579/884/1 1694/867/1 1580/882/1
f 1642/883/1 1596/885/1 1595/881/1
f 1579/884/1 1695/886/1 1694/867/1
f 1578/887/1 1695/886/1 1579/884/1
f 1641/888/1 1596/885/1 1642/883/1
f 1577/889/1 1695/886/1 1578/887/1
f 1641/888/1 1597/890/1 1596/885/1
f 1640/891/1 1597/890/1 1641/888/1
f 1576/892/1 1695/886/1 1577/889/1
f 1640/891/1 1598/893/1 1597/890/1
f 1575/894/1 1695/886/1 1576/892/1
f 1639/895/1 1598/893/1 1640/891/1
f 1574/896/1 1695/886/1 1575/894/1
f 1574/896/1 1696/897/1 1695/886/1
f 1639/895/1 1599/898/1 1598/893/1
f 1638/899/1 1599/898/1 1639/895/1
f 1573/900/1 1696/897/1 1574/896/1
f 1572/901/1 1696/897/1 1573/900/1
f 1637/902/1 1599/898/1 1638/899/1
f 1637/902/1 1600/903/1 1599/898/1
f 1571/904/1 1696/897/1 1572/901/1
f 1636/905/1 1600/903/1 1637/902/1
f 1570/906/1 1696/897/1 1571/904/1
f 1570/906/1 1697/907/1 1696/897/1
f 1636/905/1 1601/908/1 1600/903/1
f 1569/909/1 1697/907/1 1570/906/1
f 1635/910/1 1601/908/1 1636/905/1
f 1568/911/1 1697/907/1 1569/909/1
f 1634/912/1 1601/908/1 1635/910/1
f 1567/913/1 1697/907/1 1568/911/1
f 1634/912/1 1602/914/1 1601/908/1
f 1566/915/1 1697/907/1 1567/913/1
f 1633/916/1 1602/914/1 1634/912/1
f 1566/915/1 1698/917/1 1697/907/1
f 1565/918/1 1698/917/1 1566/915/1
f 1632/919/1 1602/914/1 1633/916/1
f 1632/919/1 1603/920/1 1602/914/1
f 1564/921/1 1698/917/1 1565/918/1
f 1631/922/1 1603/920/1 1632/919/1
f 1631/922/1 1604/923/1 1603/920/1
f 1630/924/1 1604/923/1 1631/922/1
f 1629/925/1 1604/923/1 1630/924/1
f 1564/921/1 1699/926/1 1698/917/1
f 1629/925/1 1605/927/1 1604/923/1
f 1563/928/1 1699/926/1 1564/921/1
f 1628/929/1 1605/927/1 1629/925/1
f 1627/930/1 1605/927/1 1628/929/1
f 1627/930/1 1606/931/1 1605/927/1
f 1626/932/1 1606/931/1 1627/930/1
f 1626/932/1 1607/933/1 1606/931/1
f 1625/934/1 1607/933/1 1626/932/1
f 1563/928/1 1700/935/1 1699/926/1
f 1562/936/1 1700/935/1 1563/928/1
f 1624/937/1 1607/933/1 1625/934/1
f 1624/937/1 1608/938/1 1607/933/1
f 1623/939/1 1608/938/1 1624/937/1
f 1622/940/1 1608/938/1 1623/939/1
f 1622/940/1 1609/941/1 1608/938/1
f 1621/942/1 1609/941/1 1622/940/1
f 1620/943/1 1609/941/1 1621/942/1
f 1620/943/1 1610/944/1 1609/941/1
f 1619/945/1 1610/944/1 1620/943/1
f 1618/946/1 1610/944/1 1619/945/1
f 1618/946/1 1611/947/1 1610/944/1
f 1561/948/1 1700/935/1 1562/936/1
f 1617/949/1 1611/947/1 1618/946/1
f 1616/950/1 1611/947/1 1617/949/1
f 1616/950/1 1612/951/1 1611/947/1
f 1561/948/1 1701/952/1 1700/935/1
f 1615/953/1 1612/951/1 1616/950/1
f 1614/954/1 1612/951/1 1615/953/1
f 1614/954/1 1613/955/1 1612/951/1
f 1560/956/1 1701/952/1 1561/948/1
f 1560/956/1 1702/957/1 1701/952/1
f 1559/958/1 1702/957/1 1560/956/1
f 1559/958/1 1703/959/1 1702/957/1
f 1558/960/1 1703/959/1 1559/958/1
f 1558/960/1 1704/961/1 1703/959/1
f 1557/962/1 1704/961/1 1558/960/1
f 1557/962/1 1705/963/1 1704/961/1
f 1556/964/1 1705/963/1 1557/962/1
f 1556/964/1 1706/965/1 1705/963/1
f 1555/966/1 1706/965/1 1556/964/1
f 1555/966/1 1707/967/1 1706/965/1
f 1554/968/1 1707/967/1 1555/966/1
f 1554/968/1 1708/969/1 1707/967/1
f 1553/970/1 1708/969/1 1554/968/1
f 1553/970/1 1709/971/1 1708/969/1
f 1552/972/1 1709/971/1 1553/970/1
f 1551/973/1 1709/971/1 1552/972/1
f 1551/973/1 1710/974/1 1709/971/1
f 1550/975/1 1710/974/1 1551/973/1
f 1550/975/1 1711/976/1 1710/974/1
f 1549/977/1 1711/976/1 1550/975/1
f 1549/977/1 1712/978/1 1711/976/1
f 1548/979/1 1712/978/1 1549/977/1
f 1548/979/1 1713/980/1 1712/978/1
f 1547/981/1 1713/980/1 1548/979/1
f 1547/981/1 1714/982/1 1713/980/1
f 1546/983/1 1714/982/1 1547/981/1
f 1546/983/1 1715/984/1 1714/982/1
f 1545/985/1 1715/984/1 1546/983/1
f 1545/985/1 1716/986/1 1715/984/1
f 1544/987/1 1716/986/1 1545/985/1
f 1544/987/1 1717/988/1 1716/986/1
f 1543/989/1 1717/988/1 1544/987/1
f 1543/989/1 1718/990/1 1717/988/1
f 1542/991/1 1718/990/1 1543/989/1
f 1542/991/1 1719/992/1 1718/990/1
f 1541/993/1 1719/992/1 1542/991/1
f 1541/993/1 1720/994/1 1719/992/1
f 1540/995/1 1720/994/1 1541/993/1
f 1540/995/1 1721/996/1 1720/994/1
f 1539/997/1 1721/996/1 1540/995/1
f 1539/997/1 1722/998/1 1721/996/1
f 1538/999/1 1722/998/1 1539/997/1
f 1538/999/1 1723/1000/1 1722/998/1
f 1537/1001/1 1723/1000/1 1538/999/1
f 1537/1001/1 1724/1002/1 1723/1000/1
f 1536/1003/1 1724/1002/1 1537/1001/1
f 1536/1003/1 1725/1004/1 1724/1002/1
f 1536/1003/1 1726/1005/1 1725/1004/1
f 1535/1006/1 1726/1005/1 1536/1003/1
f 1535/1006/1 1727/1007/1 1726/1005/1
f 1534/1008/1 1727/1007/1 1535/1006/1
f 1534/1008/1 1728/1009/1 1727/1007/1
f 1533/1010/1 1728/1009/1 1534/1008/1
f 1533/1010/1 1729/1011/1 1728/1009/1
f 1532/1012/1 1729/1011/1 1533/1010/1
f 1532/1012/1 1730/1013/1 1729/1011/1
f 1531/1014/1 1730/1013/1 1532/1012/1
f 1531/1014/1 1731/1015/1 1730/1013/1
f 1531/1014/1 1732/1016/1 1731/1015/1
f 1530/1017/1 1732/1016/1 1531/1014/1
f 1530/1017/1 1733/1018/1 1732/1016/1
f 1529/1019/1 1733/1018/1 1530/1017/1
f 1529/1019/1 1734/1020/1 1733/1018/1
f 1528/1021/1 1734/1020/1 1529/1019/1
f 1528/1021/1 1735/1022/1 1734/1020/1
f 1527/1023/1 1735/1022/1 1528/1021/1
f 1527/1023/1 1736/1024/1 1735/1022/1
f 1526/1025/1 1736/1024/1 1527/1023/1
f 1526/1025/1 1737/1026/1 1736/1024/1
f 1525/1027/1 1737/1026/1 1526/1025/1
f 1525/1027/1 1738/1028/1 1737/1026/1
f 1524/1029/1 1738/1028/1 1525/1027/1
f 1524/1029/1 1739/1030/1 1738/1028/1
f 1523/1031/1 1739/1030/1 1524/1029/1
f 1523/1031/1 1740/1032/1 1739/1030/1
f 1522/1033/1 1740/1032/1 1523/1031/1
f 1522/1033/1 1741/1034/1 1740/1032/1
f 1521/1035/1 1741/1034/1 1522/1033/1
f 1521/1035/1 1742/1036/1 1741/1034/1
f 1520/1037/1 1742/1036/1 1521/1035/1
f 1520/1037/1 1743/1038/1 1742/1036/1
f 1520/1037/1 1744/1039/1 1743/1038/1
f 1519/1040/1 1744/1039/1 1520/1037/1
f 1768/1041/1 1770/1042/1 1769/1043/1
f 1767/1044/1 1770/1042/1 1768/1041/1
f 1767/1044/1 1771/1045/1 1770/1042/1
f 1766/1046/1 1771/1045/1 1767/1044/1
f 1765/1047/1 1771/1045/1 1766/1046/1
f 1519/1040/1 1745/1048/1 1744/1039/1
f 1765/1047/1 1772/1049/1 1771/1045/1
f 1764/1050/1 1772/1049/1 1765/1047/1
f 1763/1051/1 1772/1049/1 1764/1050/1
f 1763/1051/1 1773/1052/1 1772/1049/1
f 1762/1053/1 1773/1052/1 1763/1051/1
f 1761/1054/1 1773/1052/1 1762/1053/1
f 1761/1054/1 1774/1055/1 1773/1052/1
f 1760/1056/1 1774/1055/1 1761/1054/1
f 1518/1057/1 1745/1048/1 1519/1040/1
f 1759/1058/1 1774/1055/1 1760/1056/1
f 1759/1058/1 1775/1059/1 1774/1055/1
f 1758/1060/1 1775/1059/1 1759/1058/1
f 1757/1061/1 1775/1059/1 1758/1060/1
f 1757/1061/1 1776/1062/1 1775/1059/1
f 1756/1063/1 1776/1062/1 1757/1061/1
f 1755/1064/1 1776/1062/1 1756/1063/1
f 1755/1064/1 1777/1065/1 1776/1062/1
f 1754/1066/1 1777/1065/1 1755/1064/1
f 1753/1067/1 1777/1065/1 1754/1066/1
f 1753/1067/1 1778/1068/1 1777/1065/1
f 1752/1069/1 1778/1068/1 1753/1067/1
f 1751/1070/1 1778/1068/1 1752/1069/1
f 1750/1071/1 1778/1068/1 1751/1070/1
f 1750/1071/1 1779/1072/1 1778/1068/1
f 1749/1073/1 1779/1072/1 1750/1071/1
f 1748/1074/1 1779/1072/1 1749/1073/1
f 1747/1075/1 1779/1072/1 1748/1074/1
f 1746/1076/1 1779/1072/1 1747/1075/1
f 1746/1076/1 1780/1077/1 1779/1072/1
f 1745/1048/1 1780/1077/1 1746/1076/1
f 1518/1057/1 1780/1077/1 1745/1048/1
f 1518/1057/1 1781/1078/1 1780/1077/1
f 1517/1079/1 1781/1078/1 1518/1057/1
f 1517/1079/1 1782/1080/1 1781/1078/1
f 1517/1079/1 1783/1081/1 1782/1080/1
f 1517/1079/1 1784/1082/1 1783/1081/1
f 1517/1079/1 1785/1083/1 1784/1082/1
f 1516/1084/1 1785/1083/1 1517/1079/1
f 1516/1084/1 1786/1085/1 1785/1083/1
f 1516/1084/1 1787/1086/1 1786/1085/1
f 1515/1087/1 1787/1086/1 1516/1084/1
f 1515/1087/1 1788/1088/1 1787/1086/1
f 1514/1089/1 1788/1088/1 1515/1087/1
f 1514/1089/1 1789/1090/1 1788/1088/1
f 1514/1089/1 1790/1091/1 1789/1090/1
f 1513/1092/1 1790/1091/1 1514/1089/1
f 1513/1092/1 1791/1093/1 1790/1091/1
f 1512/1094/1 1791/1093/1 1513/1092/1
f 1512/1094/1 1792/1095/1 1791/1093/1
f 1511/1096/1 1792/1095/1 1512/1094/1
f 1511/1096/1 1793/1097/1 1792/1095/1
f 1510/1098/1 1793/1097/1 1511/1096/1
f 1510/1098/1 1794/1099/1 1793/1097/1
f 1509/1100/1 1794/1099/1 1510/1098/1
f 1509/1100/1 1795/1101/1 1794/1099/1
f 1508/1102/1 1795/1101/1 1509/1100/1
f 1508/1102/1 1796/1103/1 1795/1101/1
f 1508/1102/1 1797/1104/1 1796/1103/1
f 1507/1105/1 1797/1104/1 1508/1102/1
f 1507/1105/1 1798/1106/1 1797/1104/1
f 1506/1107/1 1798/1106/1 1507/1105/1
f 1506/1107/1 1799/1108/1 1798/1106/1
f 1505/1109/1 1799/1108/1 1506/1107/1
f 1505/1109/1 1800/1110/1 1799/1108/1
f 1504/1111/1 1800/1110/1 1505/1109/1
f 1504/1111/1 1801/1112/1 1800/1110/1
f 1504/1111/1 1802/1113/1 1801/1112/1
f 1503/1114/1 1802/1113/1 1504/1111/1
f 1503/1114/1 1803/1115/1 1802/1113/1
f 1502/1116/1 1803/1115/1 1503/1114/1
f 1502/1116/1 1804/105/1 1803/1115/1
f 1502/1116/1 1408/107/1 1804/105/1
f 1501/1117/1 1408/107/1 1502/1116/1
f 1501/1117/1 1409/1118/1 1408/107/1
f 1500/1119/1 1409/1118/1 1501/1117/1
f 1500/1119/1 1410/1120/1 1409/1118/1
f 1499/1121/1 1410/1120/1 1500/1119/1
f 1499/1121/1 1411/1122/1 1410/1120/1
f 1498/1123/1 1411/1122/1 1499/1121/1
f 1498/1123/1 1412/1124/1 1411/1122/1
f 1497/1125/1 1445/1126/1 1498/1123/1
f 1445/1126/1 1412/1124/1 1498/1123/1
f 1445/1126/1 1444/1127/1 1412/1124/1
f 1444/1127/1 1413/1128/1 1412/1124/1
f 1497/1125/1 1446/1129/1 1445/1126/1
f 1497/1125/1 1447/1130/1 1446/1129/1
f 1497/1125/1 1448/1131/1 1447/1130/1
f 1497/1125/1 1449/1132/1 1448/1131/1
f 1443/1133/1 1413/1128/1 1444/1127/1
f 1497/1125/1 1450/1134/1 1449/1132/1
f 1442/1135/1 1413/1128/1 1443/1133/1
f 1441/1136/1 1413/1128/1 1442/1135/1
f 1440/1137/1 1413/1128/1 1441/1136/1
f 1497/1125/1 1451/1138/1 1450/1134/1
f 1439/1139/1 1413/1128/1 1440/1137/1
f 1497/1125/1 1452/1140/1 1451/1138/1
f 1438/1141/1 1413/1128/1 1439/1139/1
f 1496/1142/1 1452/1140/1 1497/1125/1
f 1437/1143/1 1413/1128/1 1438/1141/1
f 1496/1142/1 1453/1144/1 1452/1140/1
f 1437/1143/1 1414/1145/1 1413/1128/1
f 1436/1146/1 1414/1145/1 1437/1143/1
f 1496/1142/1 1454/1147/1 1453/1144/1
f 1435/1148/1 1414/1145/1 1436/1146/1
f 1496/1142/1 1455/1149/1 1454/1147/1
f 1434/1150/1 1414/1145/1 1435/1148/1
f 1495/1151/1 1455/1149/1 1496/1142/1
f 1495/1151/1 1456/1152/1 1455/1149/1
f 1433/1153/1 1414/1145/1 1434/1150/1
f 1433/1153/1 1415/1154/1 1414/1145/1
f 1495/1151/1 1457/1155/1 1456/1152/1
f 1432/1156/1 1415/1154/1 1433/1153/1
f 1494/1157/1 1457/1155/1 1495/1151/1
f 1494/1157/1 1458/1158/1 1457/1155/1
f 1431/1159/1 1415/1154/1 1432/1156/1
f 1493/1160/1 1458/1158/1 1494/1157/1
f 1431/1159/1 1416/1161/1 1415/1154/1
f 1430/1162/1 1416/1161/1 1431/1159/1
f 1492/1163/1 1458/1158/1 1493/1160/1
f 1492/1163/1 1459/1164/1 1458/1158/1
f 1491/1165/1 1459/1164/1 1492/1163/1
f 1490/1166/1 1459/1164/1 1491/1165/1
f 1489/1167/1 1459/1164/1 1490/1166/1
f 1488/1168/1 1459/1164/1 1489/1167/1
f 1487/1169/1 1459/1164/1 1488/1168/1
f 1486/1170/1 1459/1164/1 1487/1169/1
f 1429/1171/1 1416/1161/1 1430/1162/1
f 1485/1172/1 1459/1164/1 1486/1170/1
f 1485/1172/1 1460/1173/1 1459/1164/1
f 1484/1174/1 1460/1173/1 1485/1172/1
f 1428/1175/1 1416/1161/1 1429/1171/1
f 1483/1176/1 1460/1173/1 1484/1174/1
f 1428/1175/1 1417/1177/1 1416/1161/1
f 1483/1176/1 1461/1178/1 1460/1173/1
f 1482/1179/1 1461/1178/1 1483/1176/1
f 1427/1180/1 1417/1177/1 1428/1175/1
f 1481/1181/1 1461/1178/1 1482/1179/1
f 1481/1181/1 1462/1182/1 1461/1178/1
f 1480/1183/1 1462/1182/1 1481/1181/1
f 1426/1184/1 1417/1177/1 1427/1180/1
f 1426/1184/1 1418/1185/1 1417/1177/1
f 1479/1186/1 1462/1182/1 1480/1183/1
f 1479/1186/1 1463/1187/1 1462/1182/1
f 1425/1188/1 1418/1185/1 1426/1184/1
f 1478/1189/1 1463/1187/1 1479/1186/1
f 1424/1190/1 1418/1185/1 1425/1188/1
f 1478/1189/1 1464/1191/1 1463/1187/1
f 1477/1192/1 1464/1191/1 1478/1189/1
f 1424/1190/1 1419/1193/1 1418/1185/1
f 1423/1194/1 1419/1193/1 1424/1190/1
f 1476/1195/1 1464/1191/1 1477/1192/1
f 1476/1195/1 1465/1196/1 1464/1191/1
f 1422/1197/1 1419/1193/1 1423/1194/1
f 1475/1198/1 1465/1196/1 1476/1195/1
f 1422/1197/1 1420/1199/1 1419/1193/1
f 1421/1200/1 1420/1199/1 1422/1197/1
f 1475/1198/1 1466/1201/1 1465/1196/1
f 1474/1202/1 1466/1201/1 1475/1198/1
f 1473/1203/1 1466/1201/1 1474/1202/1
f 1473/1203/1 1467/1204/1 1466/1201/1
f 1472/1205/1 1467/1204/1 1473/1203/1
f 1472/1205/1 1468/1206/1 1467/1204/1
f 1471/1207/1 1468/1206/1 1472/1205/1
f 1470/1208/1 1468/1206/1 1471/1207/1
f 1470/1208/1 1469/1209/1 1468/1206/1
f 1900/1210/1 1902/1211/1 1901/1212/1
f 1900/1210/1 1903/1213/1 1902/1211/1
f 1899/1214/1 1903/1213/1 1900/1210/1
f 1899/1214/1 1904/1215/1 1903/1213/1
f 1898/1216/1 1904/1215/1 1899/1214/1
f 1898/1216/1 1905/1217/1 1904/1215/1
f 1897/1218/1 1905/1217/1 1898/1216/1
f 1897/1218/1 1906/1219/1 1905/1217/1
f 1897/1218/1 1907/1220/1 1906/1219/1
f 1896/1221/1 1907/1220/1 1897/1218/1
f 1896/1221/1 1908/1222/1 1907/1220/1
f 1895/1223/1 1908/1222/1 1896/1221/1
f 1895/1223/1 1909/1224/1 1908/1222/1
f 1894/1225/1 1909/1224/1 1895/1223/1
f 1894/1225/1 1910/1226/1 1909/1224/1
f 1894/1225/1 1911/1227/1 1910/1226/1
f 1893/1228/1 1911/1227/1 1894/1225/1
f 1893/1228/1 1912/1229/1 1911/1227/1
f 1892/1230/1 1912/1229/1 1893/1228/1
f 1892/1230/1 1913/1231/1 1912/1229/1
f 1891/1232/1 1913/1231/1 1892/1230/1
f 1891/1232/1 1914/1233/1 1913/1231/1
f 1890/1234/1 1914/1233/1 1891/1232/1
f 1890/1234/1 1915/1235/1 1914/1233/1
f 1890/1234/1 1916/1236/1 1915/1235/1
f 1889/1237/1 1916/1236/1 1890/1234/1
f 1889/1237/1 1917/1238/1 1916/1236/1
f 1888/1239/1 1917/1238/1 1889/1237/1
f 1888/1239/1 1918/1240/1 1917/1238/1
f 1888/1239/1 1919/1241/1 1918/1240/1
f 1887/1242/1 1919/1241/1 1888/1239/1
f 1887/1242/1 1920/1243/1 1919/1241/1
f 1887/1242/1 1921/1244/1 1920/1243/1
f 1886/1245/1 1921/1244/1 1887/1242/1
f 1886/1245/1 1922/1246/1 1921/1244/1
f 1886/1245/1 1923/1247/1 1922/1246/1
f 1885/1248/1 1923/1247/1 1886/1245/1
f 1885/1248/1 1924/1249/1 1923/1247/1
f 1885/1248/1 1925/1250/1 1924/1249/1
f 1884/1251/1 1925/1250/1 1885/1248/1
f 1884/1251/1 1926/1252/1 1925/1250/1
f 1884/1251/1 1927/1253/1 1926/1252/1
f 1884/1251/1 1973/1254/1 1927/1253/1
f 1973/1254/1 1928/1255/1 1927/1253/1
f 1884/1251/1 1974/1256/1 1973/1254/1
f 1972/1257/1 1928/1255/1 1973/1254/1
f 1972/1257/1 1929/1258/1 1928/1255/1
f 1971/1259/1 1929/1258/1 1972/1257/1
f 1883/1260/1 1974/1256/1 1884/1251/1
f 1883/1260/1 1975/1261/1 1974/1256/1
f 1970/1262/1 1929/1258/1 1971/1259/1
f 1969/1263/1 1929/1258/1 1970/1262/1
f 1883/1260/1 1976/1264/1 1975/1261/1
f 1968/1265/1 1929/1258/1 1969/1263/1
f 1968/1265/1 1930/1266/1 1929/1258/1
f 1967/1267/1 1930/1266/1 1968/1265/1
f 1883/1260/1 1977/1268/1 1976/1264/1
f 1966/1269/1 1930/1266/1 1967/1267/1
f 1966/1269/1 1931/1270/1 1930/1266/1
f 1965/1271/1 1931/1270/1 1966/1269/1
f 1883/1260/1 1978/1272/1 1977/1268/1
f 1964/1273/1 1931/1270/1 1965/1271/1
f 1964/1273/1 1932/1274/1 1931/1270/1
f 1963/1275/1 1932/1274/1 1964/1273/1
f 1963/1275/1 1933/1276/1 1932/1274/1
f 1883/1260/1 1979/1277/1 1978/1272/1
f 1882/1278/1 1979/1277/1 1883/1260/1
f 1962/1279/1 1933/1276/1 1963/1275/1
f 1962/1279/1 1934/1280/1 1933/1276/1
f 1961/1281/1 1934/1280/1 1962/1279/1
f 1882/1278/1 1980/1282/1 1979/1277/1
f 1961/1281/1 1935/1283/1 1934/1280/1
f 1961/1281/1 1936/1284/1 1935/1283/1
f 1960/1285/1 1936/1284/1 1961/1281/1
f 1960/1285/1 1937/1286/1 1936/1284/1
f 1959/1287/1 1937/1286/1 1960/1285/1
f 1882/1278/1 1981/1288/1 1980/1282/1
f 1959/1287/1 1938/1289/1 1937/1286/1
f 1881/1290/1 1981/1288/1 1882/1278/1
f 1958/1291/1 1938/1289/1 1959/1287/1
f 1958/1291/1 1939/679/1 1938/1289/1
f 1957/1292/1 1939/679/1 1958/1291/1
f 1957/1292/1 1940/1293/1 1939/679/1
f 1881/1290/1 1982/1294/1 1981/1288/1
f 1956/1295/1 1940/1293/1 1957/1292/1
f 1956/1295/1 1941/1296/1 1940/1293/1
f 1955/1297/1 1941/1296/1 1956/1295/1
f 1955/1297/1 1942/1298/1 1941/1296/1
f 1955/1297/1 1943/1299/1 1942/1298/1
f 1954/1300/1 1943/1299/1 1955/1297/1
f 1954/1300/1 1944/1301/1 1943/1299/1
f 1953/1302/1 1944/1301/1 1954/1300/1
f 1953/1302/1 1945/1303/1 1944/1301/1
f 1952/1304/1 1945/1303/1 1953/1302/1
f 1952/1304/1 1946/1305/1 1945/1303/1
f 1881/1290/1 1983/1306/1 1982/1294/1
f 1951/1307/1 1946/1305/1 1952/1304/1
f 1951/1307/1 1947/1308/1 1946/1305/1
f 1950/1309/1 1947/1308/1 1951/1307/1
f 1950/1309/1 1948/1310/1 1947/1308/1
f 1880/1311/1 1983/1306/1 1881/1290/1
f 1949/1312/1 1948/1310/1 1950/1309/1
f 1880/1311/1 1984/1313/1 1983/1306/1
f 1879/1314/1 1984/1313/1 1880/1311/1
f 1879/1314/1 1985/1315/1 1984/1313/1
f 1878/1316/1 1985/1315/1 1879/1314/1
f 1878/1316/1 1986/1317/1 1985/1315/1
f 1877/1318/1 1986/1317/1 1878/1316/1
f 1877/1318/1 1987/1319/1 1986/1317/1
f 1876/1320/1 1987/1319/1 1877/1318/1
f 1876/1320/1 1988/1321/1 1987/1319/1
f 1875/1322/1 1988/1321/1 1876/1320/1
f 1875/1322/1 1989/1323/1 1988/1321/1
f 1874/1324/1 1989/1323/1 1875/1322/1
f 1874/1324/1 1990/1325/1 1989/1323/1
f 1873/1326/1 1990/1325/1 1874/1324/1
f 1873/1326/1 1991/1327/1 1990/1325/1
f 1872/772/1 1991/1327/1 1873/1326/1
f 2116/1328/1 2118/1329/1 2117/1330/1
f 2115/1331/1 2118/1329/1 2116/1328/1
f 2115/1331/1 2119/1332/1 2118/1329/1
f 2114/1333/1 2119/1332/1 2115/1331/1
f 2114/1333/1 2120/1334/1 2119/1332/1
f 2113/1335/1 2120/1334/1 2114/1333/1
f 2113/1335/1 2121/1336/1 2120/1334/1
f 2112/1337/1 2121/1336/1 2113/1335/1
f 2112/1337/1 2122/1338/1 2121/1336/1
f 2111/1339/1 2122/1338/1 2112/1337/1
f 2111/1339/1 2123/1340/1 2122/1338/1
f 2110/1341/1 2123/1340/1 2111/1339/1
f 2110/1341/1 2124/1342/1 2123/1340/1
f 2109/1343/1 2124/1342/1 2110/1341/1
f 2109/1343/1 2125/1344/1 2124/1342/1
f 2108/1345/1 2125/1344/1 2109/1343/1
f 2108/1345/1 2126/1346/1 2125/1344/1
f 2107/1347/1 2126/1346/1 2108/1345/1
f 2107/1347/1 2127/1348/1 2126/1346/1
f 2106/1349/1 2127/1348/1 2107/1347/1
f 1872/772/1 1992/1350/1 1991/1327/1
f 2106/1349/1 2128/1351/1 2127/1348/1
f 2105/1352/1 2128/1351/1 2106/1349/1
f 2105/1352/1 2129/1353/1 2128/1351/1
f 2104/1354/1 2129/1353/1 2105/1352/1
f 2104/1354/1 2130/1355/1 2129/1353/1
f 1871/1356/1 1992/1350/1 1872/772/1
f 2103/1357/1 2130/1355/1 2104/1354/1
f 2103/1357/1 2131/1358/1 2130/1355/1
f 2103/1357/1 2132/1359/1 2131/1358/1
f 2102/1360/1 2132/1359/1 2103/1357/1
f 2102/1360/1 2133/1361/1 2132/1359/1
f 2102/1360/1 2134/1362/1 2133/1361/1
f 2101/1363/1 2134/1362/1 2102/1360/1
f 2101/1363/1 2135/1364/1 2134/1362/1
f 1871/1356/1 1993/1365/1 1992/1350/1
f 2101/1363/1 2136/1366/1 2135/1364/1
f 1870/1367/1 1993/1365/1 1871/1356/1
f 2100/1368/1 2136/1366/1 2101/1363/1
f 2100/1368/1 2137/1369/1 2136/1366/1
f 2100/1368/1 2138/1370/1 2137/1369/1
f 2099/1371/1 2138/1370/1 2100/1368/1
f 2099/1371/1 2139/1372/1 2138/1370/1
f 2099/1371/1 2140/105/1 2139/1372/1
f 2098/1373/1 2140/105/1 2099/1371/1
f 2098/1373/1 1805/107/1 2140/105/1
f 1869/1374/1 1993/1365/1 1870/1367/1
f 1869/1374/1 1994/1375/1 1993/1365/1
f 2098/1373/1 1806/1376/1 1805/107/1
f 2097/1377/1 1806/1376/1 2098/1373/1
f 2097/1377/1 1807/1378/1 1806/1376/1
f 2096/1379/1 1807/1378/1 2097/1377/1
f 2096/1379/1 1808/1380/1 1807/1378/1
f 2096/1379/1 1809/1381/1 1808/1380/1
f 1868/1382/1 1994/1375/1 1869/1374/1
f 2095/1383/1 1809/1381/1 2096/1379/1
f 2095/1383/1 1810/1384/1 1809/1381/1
f 1868/1382/1 1995/1385/1 1994/1375/1
f 2095/1383/1 1811/1386/1 1810/1384/1
f 2094/1387/1 1811/1386/1 2095/1383/1
f 2094/1387/1 1812/1388/1 1811/1386/1
f 2094/1387/1 1813/1389/1 1812/1388/1
f 1867/1390/1 1995/1385/1 1868/1382/1
f 2094/1387/1 1814/1391/1 1813/1389/1
f 2093/1392/1 1814/1391/1 2094/1387/1
f 2093/1392/1 1815/1393/1 1814/1391/1
f 2093/1392/1 1816/1394/1 1815/1393/1
f 1867/1390/1 1996/1395/1 1995/1385/1
f 2093/1392/1 1817/1396/1 1816/1394/1
f 2092/1397/1 1817/1396/1 2093/1392/1
f 2092/1397/1 2045/1398/1 1817/1396/1
f 2045/1398/1 1818/1399/1 1817/1396/1
f 2091/1400/1 2045/1398/1 2092/1397/1
f 1866/1401/1 1996/1395/1 1867/1390/1
f 2090/1402/1 2045/1398/1 2091/1400/1
f 2089/1403/1 2045/1398/1 2090/1402/1
f 2089/1403/1 2046/1404/1 2045/1398/1
f 2044/1405/1 1818/1399/1 2045/1398/1
f 2089/1403/1 2047/1406/1 2046/1404/1
f 2088/1407/1 2047/1406/1 2089/1403/1
f 2088/1407/1 2048/1408/1 2047/1406/1
f 1866/1401/1 1997/1409/1 1996/1395/1
f 2087/1410/1 2048/1408/1 2088/1407/1
f 2087/1410/1 2049/1411/1 2048/1408/1
f 2087/1410/1 2050/1412/1 2049/1411/1
f 2044/1405/1 1819/1413/1 1818/1399/1
f 2086/1414/1 2050/1412/1 2087/1410/1
f 1865/1415/1 1997/1409/1 1866/1401/1
f 2086/1414/1 2051/1416/1 2050/1412/1
f 2085/1417/1 2051/1416/1 2086/1414/1
f 2043/1418/1 1819/1413/1 2044/1405/1
f 2085/1417/1 2052/1419/1 2051/1416/1
f 2084/1420/1 2052/1419/1 2085/1417/1
f 2084/1420/1 2053/1421/1 2052/1419/1
f 2083/1422/1 2053/1421/1 2084/1420/1
f 2082/1423/1 2053/1421/1 2083/1422/1
f 2082/1423/1 2054/1424/1 2053/1421/1
f 2081/1425/1 2054/1424/1 2082/1423/1
f 2042/1426/1 1819/1413/1 2043/1418/1
f 2081/1425/1 2055/1427/1 2054/1424/1
f 2080/1428/1 2055/1427/1 2081/1425/1
f 1864/1429/1 1997/1409/1 1865/1415/1
f 1864/1429/1 1998/1430/1 1997/1409/1
f 2042/1426/1 1820/1431/1 1819/1413/1
f 2079/1432/1 2055/1427/1 2080/1428/1
f 2079/1432/1 2056/1433/1 2055/1427/1
f 2078/1434/1 2056/1433/1 2079/1432/1
f 2078/1434/1 2057/1435/1 2056/1433/1
f 2041/1436/1 1820/1431/1 2042/1426/1
f 2077/1437/1 2057/1435/1 2078/1434/1
f 2076/1438/1 2057/1435/1 2077/1437/1
f 1864/1429/1 1999/1439/1 1998/1430/1
f 2075/1440/1 2057/1435/1 2076/1438/1
f 2075/1440/1 2058/1441/1 2057/1435/1
f 2075/1440/1 2059/1442/1 2058/1441/1
f 2074/1443/1 2059/1442/1 2075/1440/1
f 2074/1443/1 2060/1444/1 2059/1442/1
f 2073/500/1 2060/1444/1 2074/1443/1
f 2073/500/1 2061/1445/1 2060/1444/1
f 2073/500/1 2062/1446/1 2061/1445/1
f 2072/1447/1 2062/1446/1 2073/500/1
f 2072/1447/1 2063/1448/1 2062/1446/1
f 2072/1447/1 2064/1449/1 2063/1448/1
f 2071/1450/1 2064/1449/1 2072/1447/1
f 2071/1450/1 2065/1451/1 2064/1449/1
f 2071/1450/1 2066/1452/1 2065/1451/1
f 2070/1453/1 2066/1452/1 2071/1450/1
f 2040/1454/1 1820/1431/1 2041/1436/1
f 2070/1453/1 2067/1455/1 2066/1452/1
f 2070/1453/1 2068/1456/1 2067/1455/1
f 2069/1457/1 2068/1456/1 2070/1453/1
f 1863/1458/1 1999/1439/1 1864/1429/1
f 2040/1454/1 1821/1459/1 1820/1431/1
f 1863/1458/1 2000/1460/1 1999/1439/1
f 2039/1461/1 1821/1459/1 2040/1454/1
f 1863/1458/1 2001/1462/1 2000/1460/1
f 1862/1463/1 2001/1462/1 1863/1458/1
f 2038/1464/1 1821/1459/1 2039/1461/1
f 2038/1464/1 1822/1465/1 1821/1459/1
f 1862/1463/1 2002/1466/1 2001/1462/1
f 2037/1467/1 1822/1465/1 2038/1464/1
f 1862/1463/1 2003/1468/1 2002/1466/1
f 1861/1469/1 2003/1468/1 1862/1463/1
f 2036/1470/1 1822/1465/1 2037/1467/1
f 2036/1470/1 1823/1471/1 1822/1465/1
f 1861/1469/1 2004/1472/1 2003/1468/1
f 2035/1473/1 1823/1471/1 2036/1470/1
f 1861/1469/1 2005/1474/1 2004/1472/1
f 2034/1475/1 1823/1471/1 2035/1473/1
f 1860/1476/1 2005/1474/1 1861/1469/1
f 2034/1475/1 1824/1477/1 1823/1471/1
f 1860/1476/1 2006/437/1 2005/1474/1
f 2033/1478/1 1824/1477/1 2034/1475/1
f 1860/1476/1 2007/1479/1 2006/437/1
f 2032/1480/1 1824/1477/1 2033/1478/1
f 1860/1476/1 2008/1481/1 2007/1479/1
f 1859/1482/1 2008/1481/1 1860/1476/1
f 2032/1480/1 1825/1483/1 1824/1477/1
f 1859/1482/1 2009/1484/1 2008/1481/1
f 2031/1485/1 1825/1483/1 2032/1480/1
f 1859/1482/1 2010/1486/1 2009/1484/1
f 2030/1487/1 1825/1483/1 2031/1485/1
f 1859/1482/1 2011/1488/1 2010/1486/1
f 2029/1489/1 1825/1483/1 2030/1487/1
f 1858/1490/1 2011/1488/1 1859/1482/1
f 1858/1490/1 2012/1491/1 2011/1488/1
f 2029/1489/1 1826/1492/1 1825/1483/1
f 2028/1493/1 1826/1492/1 2029/1489/1
f 1858/1490/1 2013/1494/1 2012/1491/1
f 2027/1495/1 1826/1492/1 2028/1493/1
f 1858/1490/1 2014/1496/1 2013/1494/1
f 2026/1497/1 1826/1492/1 2027/1495/1
f 1858/1490/1 2015/1498/1 2014/1496/1
f 1858/1490/1 2016/1499/1 2015/1498/1
f 2025/1500/1 1826/1492/1 2026/1497/1
f 1858/1490/1 2017/1501/1 2016/1499/1
f 1857/1502/1 2017/1501/1 1858/1490/1
f 2024/1503/1 1826/1492/1 2025/1500/1
f 1857/1502/1 2018/1504/1 2017/1501/1
f 2023/1505/1 1826/1492/1 2024/1503/1
f 2023/1505/1 1827/1506/1 1826/1492/1
f 1857/1502/1 2019/1507/1 2018/1504/1
f 2022/1508/1 1827/1506/1 2023/1505/1
f 1857/1502/1 2020/1509/1 2019/1507/1
f 2021/1510/1 1827/1506/1 2022/1508/1
f 1857/1502/1 2021/1510/1 2020/1509/1
f 1857/1502/1 1827/1506/1 2021/1510/1
f 1856/1511/1 1827/1506/1 1857/1502/1
f 1856/1511/1 1828/1512/1 1827/1506/1
f 1855/1513/1 1828/1512/1 1856/1511/1
f 1855/1513/1 1829/1514/1 1828/1512/1
f 1854/1515/1 1829/1514/1 1855/1513/1
f 1854/1515/1 1830/1516/1 1829/1514/1
f 1853/1517/1 1830/1516/1 1854/1515/1
f 1853/1517/1 1831/1518/1 1830/1516/1
f 1852/1519/1 1831/1518/1 1853/1517/1
f 1852/1519/1 1832/1520/1 1831/1518/1
f 1851/1521/1 1832/1520/1 1852/1519/1
f 1851/1521/1 1833/1522/1 1832/1520/1
f 1850/1523/1 1833/1522/1 1851/1521/1
f 1850/1523/1 1834/1524/1 1833/1522/1
f 1849/1525/1 1834/1524/1 1850/1523/1
f 1848/1526/1 1834/1524/1 1849/1525/1
f 1848/1526/1 1835/1527/1 1834/1524/1
f 1847/1528/1 1835/1527/1 1848/1526/1
f 1847/1528/1 1836/1529/1 1835/1527/1
f 1846/1530/1 1836/1529/1 1847/1528/1
f 1846/1530/1 1837/1531/1 1836/1529/1
f 1845/1532/1 1837/1531/1 1846/1530/1
f 1845/1532/1 1838/1533/1 1837/1531/1
f 1844/1534/1 1838/1533/1 1845/1532/1
f 1844/1534/1 1839/1535/1 1838/1533/1
f 1843/1536/1 1839/1535/1 1844/1534/1
f 1843/1536/1 1840/1537/1 1839/1535/1
f 1842/1538/1 1840/1537/1 1843/1536/1
f 1842/1538/1 1841/1539/1 1840/1537/1
f 2285/931/1 2287/1540/1 2286/1541/1
f 2284/1542/1 2287/1540/1 2285/931/1
f 2283/1543/1 2287/1540/1 2284/1542/1
f 2282/1544/1 2287/1540/1 2283/1543/1
f 2281/1545/1 2287/1540/1 2282/1544/1
f 2280/1546/1 2287/1540/1 2281/1545/1
f 2280/1546/1 2288/1547/1 2287/1540/1
f 2279/1548/1 2288/1547/1 2280/1546/1
f 2278/1549/1 2288/1547/1 2279/1548/1
f 2277/881/1 2288/1547/1 2278/1549/1
f 2276/1550/1 2288/1547/1 2277/881/1
f 2275/1551/1 2288/1547/1 2276/1550/1
f 2275/1551/1 2289/1552/1 2288/1547/1
f 2274/1553/1 2289/1552/1 2275/1551/1
f 2273/1554/1 2289/1552/1 2274/1553/1
f 2272/1555/1 2289/1552/1 2273/1554/1
f 2271/1556/1 2289/1552/1 2272/1555/1
f 2270/1557/1 2289/1552/1 2271/1556/1
f 2270/1557/1 2290/1558/1 2289/1552/1
f 2269/874/1 2290/1558/1 2270/1557/1
f 2268/1559/1 2290/1558/1 2269/874/1
f 2267/1560/1 2290/1558/1 2268/1559/1
f 2266/1561/1 2290/1558/1 2267/1560/1
f 2265/1562/1 2290/1558/1 2266/1561/1
f 2264/1563/1 2290/1558/1 2265/1562/1
f 2264/1563/1 2291/1564/1 2290/1558/1
f 2263/1565/1 2291/1564/1 2264/1563/1
f 2262/1566/1 2291/1564/1 2263/1565/1
f 2261/900/1 2291/1564/1 2262/1566/1
f 2260/1567/1 2291/1564/1 2261/900/1
f 2259/1568/1 2291/1564/1 2260/1567/1
f 2259/1568/1 2292/1569/1 2291/1564/1
f 2258/1570/1 2292/1569/1 2259/1568/1
f 2258/1570/1 2293/949/1 2292/1569/1
f 2257/1571/1 2293/949/1 2258/1570/1
f 2257/1571/1 2294/1572/1 2293/949/1
f 2256/1573/1 2294/1572/1 2257/1571/1
f 2256/1573/1 2295/1574/1 2294/1572/1
f 2256/1573/1 2296/1575/1 2295/1574/1
f 2255/1576/1 2296/1575/1 2256/1573/1
f 2255/1576/1 2297/1577/1 2296/1575/1
f 2254/1578/1 2297/1577/1 2255/1576/1
f 2254/1578/1 2298/1579/1 2297/1577/1
f 2253/936/1 2298/1579/1 2254/1578/1
f 2253/936/1 2299/1580/1 2298/1579/1
f 2253/936/1 2300/1581/1 2299/1580/1
f 2252/1582/1 2300/1581/1 2253/936/1
f 2252/1582/1 2301/929/1 2300/1581/1
f 2251/1583/1 2301/929/1 2252/1582/1
f 2251/1583/1 2302/1584/1 2301/929/1
f 2250/1585/1 2302/1584/1 2251/1583/1
f 2250/1585/1 2347/1586/1 2302/1584/1
f 2347/1586/1 2346/1587/1 2302/1584/1
f 2346/1587/1 2345/1588/1 2302/1584/1
f 2345/1588/1 2344/1589/1 2302/1584/1
f 2344/1589/1 2343/1590/1 2302/1584/1
f 2343/1590/1 2342/1591/1 2302/1584/1
f 2342/1591/1 2341/836/1 2302/1584/1
f 2341/836/1 2340/1592/1 2302/1584/1
f 2340/1592/1 2339/1593/1 2302/1584/1
f 2339/1593/1 2338/1594/1 2302/1584/1
f 2338/1594/1 2337/1595/1 2302/1584/1
f 2337/1595/1 2303/1596/1 2302/1584/1
f 2337/1595/1 2336/1597/1 2303/1596/1
f 2336/1597/1 2335/1598/1 2303/1596/1
f 2335/1598/1 2334/1599/1 2303/1596/1
f 2334/1599/1 2333/815/1 2303/1596/1
f 2333/815/1 2304/1600/1 2303/1596/1
f 2332/1601/1 2304/1600/1 2333/815/1
f 2250/1585/1 2348/1602/1 2347/1586/1
f 2250/1585/1 2349/867/1 2348/1602/1
f 2250/1585/1 2350/1603/1 2349/867/1
f 2250/1585/1 2351/1604/1 2350/1603/1
f 2250/1585/1 2352/1605/1 2351/1604/1
f 2250/1585/1 2353/1606/1 2352/1605/1
f 2250/1585/1 2354/1607/1 2353/1606/1
f 2331/1608/1 2304/1600/1 2332/1601/1
f 2250/1585/1 2355/1609/1 2354/1607/1
f 2250/1585/1 2356/1610/1 2355/1609/1
f 2250/1585/1 2357/963/1 2356/1610/1
f 2250/1585/1 2358/1611/1 2357/963/1
f 2250/1585/1 2359/1612/1 2358/1611/1
f 2330/1613/1 2304/1600/1 2331/1608/1
f 2329/1614/1 2304/1600/1 2330/1613/1
f 2249/1615/1 2359/1612/1 2250/1585/1
f 2328/1616/1 2304/1600/1 2329/1614/1
f 2249/1615/1 2360/1617/1 2359/1612/1
f 2327/1618/1 2304/1600/1 2328/1616/1
f 2249/1615/1 2361/1619/1 2360/1617/1
f 2326/1620/1 2304/1600/1 2327/1618/1
f 2326/1620/1 2305/1621/1 2304/1600/1
f 2325/837/1 2305/1621/1 2326/1620/1
f 2249/1615/1 2362/1622/1 2361/1619/1
f 2248/1623/1 2362/1622/1 2249/1615/1
f 2324/1624/1 2305/1621/1 2325/837/1
f 2248/1623/1 2363/1625/1 2362/1622/1
f 2323/1626/1 2305/1621/1 2324/1624/1
f 2248/1623/1 2364/1627/1 2363/1625/1
f 2322/1628/1 2305/1621/1 2323/1626/1
f 2322/1628/1 2306/1629/1 2305/1621/1
f 2248/1623/1 2365/986/1 2364/1627/1
f 2429/105/1 2306/1629/1 2322/1628/1
f 2247/1630/1 2365/986/1 2248/1623/1
f 2247/1630/1 2366/1631/1 2365/986/1
f 2428/1632/1 2306/1629/1 2429/105/1
f 2428/1632/1 2307/1633/1 2306/1629/1
f 2427/1634/1 2307/1633/1 2428/1632/1
f 2247/1630/1 2367/1635/1 2366/1631/1
f 2246/1636/1 2367/1635/1 2247/1630/1
f 2426/1637/1 2307/1633/1 2427/1634/1
f 2246/1636/1 2368/1638/1 2367/1635/1
f 2425/1639/1 2307/1633/1 2426/1637/1
f 2246/1636/1 2369/1640/1 2368/1638/1
f 2425/1639/1 2308/1641/1 2307/1633/1
f 2424/1642/1 2308/1641/1 2425/1639/1
f 2245/973/1 2369/1640/1 2246/1636/1
f 2245/973/1 2370/1643/1 2369/1640/1
f 2423/1644/1 2308/1641/1 2424/1642/1
f 2245/973/1 2371/1645/1 2370/1643/1
f 2422/1646/1 2308/1641/1 2423/1644/1
f 2422/1646/1 2309/895/1 2308/1641/1
f 2421/1097/1 2309/895/1 2422/1646/1
f 2244/1647/1 2371/1645/1 2245/973/1
f 2244/1647/1 2372/1648/1 2371/1645/1
f 2420/1649/1 2309/895/1 2421/1097/1
f 2420/1649/1 2310/1650/1 2309/895/1
f 2244/1647/1 2373/1007/1 2372/1648/1
f 2419/1651/1 2310/1650/1 2420/1649/1
f 2243/1652/1 2373/1007/1 2244/1647/1
f 2418/1653/1 2310/1650/1 2419/1651/1
f 2243/1652/1 2374/1654/1 2373/1007/1
f 2417/1655/1 2310/1650/1 2418/1653/1
f 2417/1655/1 2311/1656/1 2310/1650/1
f 2243/1652/1 2375/1657/1 2374/1654/1
f 2416/1658/1 2311/1656/1 2417/1655/1
f 2242/1659/1 2375/1657/1 2243/1652/1
f 2415/1660/1 2311/1656/1 2416/1658/1
f 2415/1660/1 2312/1661/1 2311/1656/1
f 2242/1659/1 2376/1662/1 2375/1657/1
f 2414/1663/1 2312/1661/1 2415/1660/1
f 2241/1664/1 2376/1662/1 2242/1659/1
f 2241/1664/1 2377/1665/1 2376/1662/1
f 2413/1080/1 2312/1661/1 2414/1663/1
f 2413/1080/1 2313/1666/1 2312/1661/1
f 2412/1667/1 2313/1666/1 2413/1080/1
f 2241/1664/1 2378/1668/1 2377/1665/1
f 2240/1669/1 2378/1668/1 2241/1664/1
f 2411/1670/1 2313/1666/1 2412/1667/1
f 2411/1670/1 2314/1671/1 2313/1666/1
f 2240/1669/1 2379/1672/1 2378/1668/1
f 2410/1673/1 2314/1671/1 2411/1670/1
f 2409/1674/1 2314/1671/1 2410/1673/1
f 2239/1675/1 2379/1672/1 2240/1669/1
f 2409/1674/1 2315/1676/1 2314/1671/1
f 2239/1675/1 2380/1677/1 2379/1672/1
f 2408/1678/1 2315/1676/1 2409/1674/1
f 2407/1679/1 2315/1676/1 2408/1678/1
f 2407/1679/1 2316/1680/1 2315/1676/1
f 2406/1681/1 2316/1680/1 2407/1679/1
f 2239/1675/1 2381/1028/1 2380/1677/1
f 2238/1682/1 2381/1028/1 2239/1675/1
f 2405/1045/1 2316/1680/1 2406/1681/1
f 2404/1683/1 2316/1680/1 2405/1045/1
f 2404/1683/1 2317/856/1 2316/1680/1
f 2403/1684/1 2317/856/1 2404/1683/1
f 2238/1682/1 2382/1685/1 2381/1028/1
f 2402/1686/1 2317/856/1 2403/1684/1
f 2401/1687/1 2317/856/1 2402/1686/1
f 2237/995/1 2382/1685/1 2238/1682/1
f 2400/1688/1 2317/856/1 2401/1687/1
f 2400/1688/1 2318/1689/1 2317/856/1
f 2399/1690/1 2318/1689/1 2400/1688/1
f 2398/1691/1 2318/1689/1 2399/1690/1
f 2397/1056/1 2318/1689/1 2398/1691/1
f 2237/995/1 2383/1692/1 2382/1685/1
f 2237/995/1 2384/1693/1 2383/1692/1
f 2237/995/1 2385/1694/1 2384/1693/1
f 2396/1695/1 2318/1689/1 2397/1056/1
f 2237/995/1 2386/1696/1 2385/1694/1
f 2237/995/1 2387/1697/1 2386/1696/1
f 2237/995/1 2388/1698/1 2387/1697/1
f 2395/1699/1 2318/1689/1 2396/1695/1
f 2237/995/1 2389/1073/1 2388/1698/1
f 2237/995/1 2390/1700/1 2389/1073/1
f 2237/995/1 2391/1701/1 2390/1700/1
f 2394/1702/1 2318/1689/1 2395/1699/1
f 2237/995/1 2392/1703/1 2391/1701/1
f 2237/995/1 2393/1704/1 2392/1703/1
f 2237/995/1 2394/1702/1 2393/1704/1
f 2237/995/1 2318/1689/1 2394/1702/1
f 2237/995/1 2319/1705/1 2318/1689/1
f 2236/1706/1 2319/1705/1 2237/995/1
f 2236/1706/1 2320/1707/1 2319/1705/1
f 2235/1708/1 2320/1707/1 2236/1706/1
f 2235/1708/1 2321/1709/1 2320/1707/1
f 2235/1708/1 2141/107/1 2321/1709/1
f 2234/1710/1 2141/107/1 2235/1708/1
f 2234/1710/1 2142/1711/1 2141/107/1
f 2234/1710/1 2143/1712/1 2142/1711/1
f 2233/1713/1 2143/1712/1 2234/1710/1
f 2233/1713/1 2144/1714/1 2143/1712/1
f 2233/1713/1 2145/1715/1 2144/1714/1
f 2233/1713/1 2146/1716/1 2145/1715/1
f 2232/1717/1 2146/1716/1 2233/1713/1
f 2232/1717/1 2147/1718/1 2146/1716/1
f 2232/1717/1 2148/1719/1 2147/1718/1
f 2232/1717/1 2149/1193/1 2148/1719/1
f 2231/1720/1 2165/1136/1 2232/1717/1
f 2165/1136/1 2149/1193/1 2232/1717/1
f 2165/1136/1 2150/1721/1 2149/1193/1
f 2165/1136/1 2151/1722/1 2150/1721/1
f 2231/1720/1 2166/1723/1 2165/1136/1
f 2164/1724/1 2151/1722/1 2165/1136/1
f 2163/1725/1 2151/1722/1 2164/1724/1
f 2162/1726/1 2151/1722/1 2163/1725/1
f 2161/1727/1 2151/1722/1 2162/1726/1
f 2161/1727/1 2152/1728/1 2151/1722/1
f 2160/1729/1 2152/1728/1 2161/1727/1
f 2159/1730/1 2152/1728/1 2160/1729/1
f 2158/1731/1 2152/1728/1 2159/1730/1
f 2157/1162/1 2152/1728/1 2158/1731/1
f 2157/1162/1 2153/1732/1 2152/1728/1
f 2156/1733/1 2153/1732/1 2157/1162/1
f 2155/1734/1 2153/1732/1 2156/1733/1
f 2154/1735/1 2153/1732/1 2155/1734/1
f 2231/1720/1 2167/1736/1 2166/1723/1
f 2230/1737/1 2167/1736/1 2231/1720/1
f 2230/1737/1 2168/1738/1 2167/1736/1
f 2229/1019/1 2168/1738/1 2230/1737/1
f 2229/1019/1 2169/1739/1 2168/1738/1
f 2228/1740/1 2169/1739/1 2229/1019/1
f 2228/1740/1 2170/1741/1 2169/1739/1
f 2227/1742/1 2170/1741/1 2228/1740/1
f 2227/1742/1 2171/1743/1 2170/1741/1
f 2226/1744/1 2171/1743/1 2227/1742/1
f 2225/1745/1 2171/1743/1 2226/1744/1
f 2225/1745/1 2172/1746/1 2171/1743/1
f 2225/1745/1 2173/1140/1 2172/1746/1
f 2225/1745/1 2174/1747/1 2173/1140/1
f 2225/1745/1 2175/1748/1 2174/1747/1
f 2225/1745/1 2176/1749/1 2175/1748/1
f 2225/1745/1 2177/1750/1 2176/1749/1
f 2224/1751/1 2177/1750/1 2225/1745/1
f 2224/1751/1 2178/1752/1 2177/1750/1
f 2224/1751/1 2179/1753/1 2178/1752/1
f 2223/1754/1 2179/1753/1 2224/1751/1
f 2223/1754/1 2180/1755/1 2179/1753/1
f 2222/1756/1 2180/1755/1 2223/1754/1
f 2222/1756/1 2181/1187/1 2180/1755/1
f 2221/1057/1 2181/1187/1 2222/1756/1
f 2221/1057/1 2182/1757/1 2181/1187/1
f 2220/1758/1 2182/1757/1 2221/1057/1
f 2220/1758/1 2183/1759/1 2182/1757/1
f 2219/1760/1 2183/1759/1 2220/1758/1
f 2219/1760/1 2184/1761/1 2183/1759/1
f 2218/1762/1 2184/1761/1 2219/1760/1
f 2218/1762/1 2185/1763/1 2184/1761/1
f 2217/1764/1 2185/1763/1 2218/1762/1
f 2217/1764/1 2186/1765/1 2185/1763/1
f 2216/1766/1 2186/1765/1 2217/1764/1
f 2216/1766/1 2187/1767/1 2186/1765/1
f 2215/1768/1 2187/1767/1 2216/1766/1
f 2215/1768/1 2188/1769/1 2187/1767/1
f 2214/1770/1 2188/1769/1 2215/1768/1
f 2214/1770/1 2189/1202/1 2188/1769/1
f 2213/1105/1 2189/1202/1 2214/1770/1
f 2212/1771/1 2189/1202/1 2213/1105/1
f 2212/1771/1 2190/1772/1 2189/1202/1
f 2211/1773/1 2190/1772/1 2212/1771/1
f 2211/1773/1 2191/1774/1 2190/1772/1
f 2210/1775/1 2191/1774/1 2211/1773/1
f 2210/1775/1 2192/1776/1 2191/1774/1
f 2209/1777/1 2192/1776/1 2210/1775/1
f 2209/1777/1 2193/1778/1 2192/1776/1
f 2208/1779/1 2193/1778/1 2209/1777/1
f 2208/1779/1 2194/1780/1 2193/1778/1
f 2207/1781/1 2194/1780/1 2208/1779/1
f 2207/1781/1 2195/1782/1 2194/1780/1
f 2206/1783/1 2195/1782/1 2207/1781/1
f 2206/1783/1 2196/1784/1 2195/1782/1
f 2205/1142/1 2196/1784/1 2206/1783/1
f 2205/1142/1 2197/1172/1 2196/1784/1
f 2204/1785/1 2197/1172/1 2205/1142/1
f 2204/1785/1 2198/1786/1 2197/1172/1
f 2203/1787/1 2198/1786/1 2204/1785/1
f 2203/1787/1 2199/1788/1 2198/1786/1
f 2202/1789/1 2199/1788/1 2203/1787/1
f 2202/1789/1 2200/1790/1 2199/1788/1
f 2201/1791/1 2200/1790/1 2202/1789/1
f 2743/1792/1 2745/1793/1 2744/1794/1
f 2743/1792/1 2746/1795/1 2745/1793/1
f 2743/1792/1 2747/1796/1 2746/1795/1
f 2743/1792/1 2748/1797/1 2747/1796/1
f 2743/1792/1 2749/1798/1 2748/1797/1
f 2742/1799/1 2749/1798/1 2743/1792/1
f 2742/1799/1 2750/1800/1 2749/1798/1
f 2742/1799/1 2751/1801/1 2750/1800/1
f 2742/1799/1 2752/1802/1 2751/1801/1
f 2742/1799/1 2753/1803/1 2752/1802/1
f 2741/1804/1 2753/1803/1 2742/1799/1
f 2741/1804/1 2754/1805/1 2753/1803/1
f 2741/1804/1 2755/1806/1 2754/1805/1
f 2741/1804/1 2756/1807/1 2755/1806/1
f 2741/1804/1 2757/1808/1 2756/1807/1
f 2740/1809/1 2757/1808/1 2741/1804/1
f 2791/1810/1 2793/1811/1 2792/1812/1
f 2790/1813/1 2793/1811/1 2791/1810/1
f 2789/1814/1 2793/1811/1 2790/1813/1
f 2788/1815/1 2793/1811/1 2789/1814/1
f 2787/1816/1 2793/1811/1 2788/1815/1
f 2786/1817/1 2793/1811/1 2787/1816/1
f 2740/1809/1 2758/1818/1 2757/1808/1
f 2786/1817/1 2794/1819/1 2793/1811/1
f 2785/1820/1 2794/1819/1 2786/1817/1
f 2784/1821/1 2794/1819/1 2785/1820/1
f 2783/1822/1 2794/1819/1 2784/1821/1
f 2740/1809/1 2759/1823/1 2758/1818/1
f 2782/1824/1 2794/1819/1 2783/1822/1
f 2781/1825/1 2794/1819/1 2782/1824/1
f 2740/1809/1 2760/1826/1 2759/1823/1
f 2780/1827/1 2794/1819/1 2781/1825/1
f 2780/1827/1 2795/1828/1 2794/1819/1
f 2779/1829/1 2795/1828/1 2780/1827/1
f 2740/1809/1 2761/1830/1 2760/1826/1
f 2778/1831/1 2795/1828/1 2779/1829/1
f 2740/1809/1 2762/1832/1 2761/1830/1
f 2777/1833/1 2795/1828/1 2778/1831/1
f 2776/1834/1 2795/1828/1 2777/1833/1
f 2740/1809/1 2763/1835/1 2762/1832/1
f 2739/1836/1 2763/1835/1 2740/1809/1
f 2775/1837/1 2795/1828/1 2776/1834/1
f 2739/1836/1 2764/1838/1 2763/1835/1
f 2774/1839/1 2795/1828/1 2775/1837/1
f 2773/1840/1 2795/1828/1 2774/1839/1
f 2739/1836/1 2765/1841/1 2764/1838/1
f 2772/1842/1 2795/1828/1 2773/1840/1
f 2739/1836/1 2766/1843/1 2765/1841/1
f 2771/1844/1 2795/1828/1 2772/1842/1
f 2770/1845/1 2795/1828/1 2771/1844/1
f 2739/1836/1 2767/1846/1 2766/1843/1
f 2769/1847/1 2795/1828/1 2770/1845/1
f 2739/1836/1 2768/1848/1 2767/1846/1
f 2768/1848/1 2795/1828/1 2769/1847/1
f 2739/1836/1 2795/1828/1 2768/1848/1
f 2739/1836/1 2796/1849/1 2795/1828/1
f 2739/1836/1 2797/1850/1 2796/1849/1
f 2738/1851/1 2797/1850/1 2739/1836/1
f 2738/1851/1 2798/1852/1 2797/1850/1
f 2737/1853/1 2798/1852/1 2738/1851/1
f 2737/1853/1 2799/1854/1 2798/1852/1
f 2736/1855/1 2799/1854/1 2737/1853/1
f 2736/1855/1 2800/1856/1 2799/1854/1
f 2735/1857/1 2800/1856/1 2736/1855/1
f 2735/1857/1 2801/1858/1 2800/1856/1
f 2734/1859/1 2801/1858/1 2735/1857/1
f 2734/1859/1 2802/1860/1 2801/1858/1
f 2733/1861/1 2802/1860/1 2734/1859/1
f 2733/1861/1 2803/105/1 2802/1860/1
f 2732/1862/1 2803/105/1 2733/1861/1
f 2732/1862/1 2430/107/1 2803/105/1
f 2731/1863/1 2430/107/1 2732/1862/1
f 2731/1863/1 2431/1864/1 2430/107/1
f 2730/1865/1 2431/1864/1 2731/1863/1
f 2730/1865/1 2432/1866/1 2431/1864/1
f 2729/1867/1 2432/1866/1 2730/1865/1
f 2729/1867/1 2433/1868/1 2432/1866/1
f 2728/1869/1 2433/1868/1 2729/1867/1
f 2727/1870/1 2433/1868/1 2728/1869/1
f 2727/1870/1 2434/1871/1 2433/1868/1
f 2726/1872/1 2434/1871/1 2727/1870/1
f 2725/1873/1 2434/1871/1 2726/1872/1
f 2725/1873/1 2435/1874/1 2434/1871/1
f 2724/1875/1 2435/1874/1 2725/1873/1
f 2724/1875/1 2436/1876/1 2435/1874/1
f 2723/1877/1 2436/1876/1 2724/1875/1
f 2722/1878/1 2436/1876/1 2723/1877/1
f 2722/1878/1 2437/1879/1 2436/1876/1
f 2721/1880/1 2437/1879/1 2722/1878/1
f 2720/1881/1 2437/1879/1 2721/1880/1
f 2720/1881/1 2438/1882/1 2437/1879/1
f 2719/1883/1 2438/1882/1 2720/1881/1
f 2718/1884/1 2438/1882/1 2719/1883/1
f 2717/1885/1 2438/1882/1 2718/1884/1
f 2717/1885/1 2671/1886/1 2438/1882/1
f 2671/1886/1 2439/1887/1 2438/1882/1
f 2716/1888/1 2671/1886/1 2717/1885/1
f 2715/1889/1 2671/1886/1 2716/1888/1
f 2715/1889/1 2672/1890/1 2671/1886/1
f 2670/1891/1 2439/1887/1 2671/1886/1
f 2715/1889/1 2673/1892/1 2672/1890/1
f 2714/1893/1 2673/1892/1 2715/1889/1
f 2714/1893/1 2674/1894/1 2673/1892/1
f 2714/1893/1 2675/1895/1 2674/1894/1
f 2713/1896/1 2675/1895/1 2714/1893/1
f 2713/1896/1 2676/1897/1 2675/1895/1
f 2713/1896/1 2677/1898/1 2676/1897/1
f 2712/1899/1 2677/1898/1 2713/1896/1
f 2712/1899/1 2678/1900/1 2677/1898/1
f 2712/1899/1 2679/1901/1 2678/1900/1
f 2670/1891/1 2440/1902/1 2439/1887/1
f 2712/1899/1 2680/1903/1 2679/1901/1
f 2711/1904/1 2685/1905/1 2712/1899/1
f 2685/1905/1 2684/1906/1 2712/1899/1
f 2684/1906/1 2680/1903/1 2712/1899/1
f 2684/1906/1 2681/1907/1 2680/1903/1
f 2684/1906/1 2682/1908/1 2681/1907/1
f 2684/1906/1 2683/1909/1 2682/1908/1
f 2711/1904/1 2686/1910/1 2685/1905/1
f 2711/1904/1 2687/1911/1 2686/1910/1
f 2711/1904/1 2688/1912/1 2687/1911/1
f 2711/1904/1 2689/1913/1 2688/1912/1
f 2711/1904/1 2690/1914/1 2689/1913/1
f 2711/1904/1 2691/1915/1 2690/1914/1
f 2711/1904/1 2692/1916/1 2691/1915/1
f 2711/1904/1 2693/1917/1 2692/1916/1
f 2711/1904/1 2694/1918/1 2693/1917/1
f 2710/1919/1 2694/1918/1 2711/1904/1
f 2710/1919/1 2695/1920/1 2694/1918/1
f 2710/1919/1 2696/1921/1 2695/1920/1
f 2710/1919/1 2697/1922/1 2696/1921/1
f 2710/1919/1 2698/1923/1 2697/1922/1
f 2710/1919/1 2699/1924/1 2698/1923/1
f 2709/1925/1 2699/1924/1 2710/1919/1
f 2709/1925/1 2700/1926/1 2699/1924/1
f 2709/1925/1 2701/1927/1 2700/1926/1
f 2709/1925/1 2702/1928/1 2701/1927/1
f 2709/1925/1 2703/1929/1 2702/1928/1
f 2709/1925/1 2704/1930/1 2703/1929/1
f 2708/1931/1 2704/1930/1 2709/1925/1
f 2708/1931/1 2705/1932/1 2704/1930/1
f 2708/1931/1 2706/1933/1 2705/1932/1
f 2708/1931/1 2707/1934/1 2706/1933/1
f 2670/1891/1 2441/1935/1 2440/1902/1
f 2669/1936/1 2441/1935/1 2670/1891/1
f 2669/1936/1 2442/1937/1 2441/1935/1
f 2668/1938/1 2442/1937/1 2669/1936/1
f 2668/1938/1 2443/1939/1 2442/1937/1
f 2668/1938/1 2444/1940/1 2443/1939/1
f 2668/1938/1 2445/1941/1 2444/1940/1
f 2668/1938/1 2446/1942/1 2445/1941/1
f 2668/1938/1 2447/1943/1 2446/1942/1
f 2667/1944/1 2447/1943/1 2668/1938/1
f 2667/1944/1 2448/1945/1 2447/1943/1
f 2667/1944/1 2449/1946/1 2448/1945/1
f 2667/1944/1 2450/1947/1 2449/1946/1
f 2667/1944/1 2451/1948/1 2450/1947/1
f 2666/1949/1 2451/1948/1 2667/1944/1
f 2666/1949/1 2452/1950/1 2451/1948/1
f 2666/1949/1 2453/1951/1 2452/1950/1
f 2666/1949/1 2454/1952/1 2453/1951/1
f 2666/1949/1 2455/1953/1 2454/1952/1
f 2665/1954/1 2455/1953/1 2666/1949/1
f 2665/1954/1 2456/1955/1 2455/1953/1
f 2664/1956/1 2456/1955/1 2665/1954/1
f 2664/1956/1 2457/1957/1 2456/1955/1
f 2663/1958/1 2457/1957/1 2664/1956/1
f 2663/1958/1 2458/1959/1 2457/1957/1
f 2663/1958/1 2459/1960/1 2458/1959/1
f 2662/1961/1 2459/1960/1 2663/1958/1
f 2662/1961/1 2460/1962/1 2459/1960/1
f 2661/1963/1 2460/1962/1 2662/1961/1
f 2661/1963/1 2461/1964/1 2460/1962/1
f 2660/1965/1 2461/1964/1 2661/1963/1
f 2660/1965/1 2462/1966/1 2461/1964/1
f 2659/1967/1 2462/1966/1 2660/1965/1
f 2659/1967/1 2463/1968/1 2462/1966/1
f 2658/1969/1 2463/1968/1 2659/1967/1
f 2658/1969/1 2464/1970/1 2463/1968/1
f 2657/1971/1 2464/1970/1 2658/1969/1
f 2657/1971/1 2465/1972/1 2464/1970/1
f 2656/1973/1 2465/1972/1 2657/1971/1
f 2655/1974/1 2465/1972/1 2656/1973/1
f 2655/1974/1 2466/1975/1 2465/1972/1
f 2654/1976/1 2466/1975/1 2655/1974/1
f 2654/1976/1 2467/1977/1 2466/1975/1
f 2653/1978/1 2467/1977/1 2654/1976/1
f 2653/1978/1 2468/1979/1 2467/1977/1
f 2652/1980/1 2468/1979/1 2653/1978/1
f 2652/1980/1 2469/1981/1 2468/1979/1
f 2651/1982/1 2469/1981/1 2652/1980/1
f 2651/1982/1 2470/1983/1 2469/1981/1
f 2650/1984/1 2470/1983/1 2651/1982/1
f 2650/1984/1 2471/1985/1 2470/1983/1
f 2649/1986/1 2471/1985/1 2650/1984/1
f 2649/1986/1 2472/1987/1 2471/1985/1
f 2648/1988/1 2472/1987/1 2649/1986/1
f 2647/1989/1 2472/1987/1 2648/1988/1
f 2647/1989/1 2473/1990/1 2472/1987/1
f 2646/1991/1 2473/1990/1 2647/1989/1
f 2646/1991/1 2474/1992/1 2473/1990/1
f 2645/1993/1 2474/1992/1 2646/1991/1
f 2644/1994/1 2474/1992/1 2645/1993/1
f 2644/1994/1 2475/1995/1 2474/1992/1
f 2643/1996/1 2475/1995/1 2644/1994/1
f 2642/1997/1 2475/1995/1 2643/1996/1
f 2641/1998/1 2475/1995/1 2642/1997/1
f 2641/1998/1 2476/1999/1 2475/1995/1
f 2640/2000/1 2476/1999/1 2641/1998/1
f 2639/2001/1 2476/1999/1 2640/2000/1
f 2638/2002/1 2476/1999/1 2639/2001/1
f 2638/2002/1 2477/2003/1 2476/1999/1
f 2637/2004/1 2477/2003/1 2638/2002/1
f 2636/2005/1 2477/2003/1 2637/2004/1
f 2635/2006/1 2477/2003/1 2636/2005/1
f 2634/2007/1 2477/2003/1 2635/2006/1
f 2634/2007/1 2478/2008/1 2477/2003/1
f 2633/2009/1 2478/2008/1 2634/2007/1
f 2632/2010/1 2478/2008/1 2633/2009/1
f 2502/2011/1 2504/2012/1 2503/2013/1
f 2501/2014/1 2504/2012/1 2502/2011/1
f 2501/2014/1 2505/2015/1 2504/2012/1
f 2500/2016/1 2505/2015/1 2501/2014/1
f 2500/2016/1 2506/2017/1 2505/2015/1
f 2499/2018/1 2506/2017/1 2500/2016/1
f 2499/2018/1 2507/2019/1 2506/2017/1
f 2498/2020/1 2507/2019/1 2499/2018/1
f 2498/2020/1 2508/2021/1 2507/2019/1
f 2497/2022/1 2508/2021/1 2498/2020/1
f 2497/2022/1 2509/2023/1 2508/2021/1
f 2496/2024/1 2509/2023/1 2497/2022/1
f 2496/2024/1 2510/2025/1 2509/2023/1
f 2495/2026/1 2510/2025/1 2496/2024/1
f 2495/2026/1 2511/2027/1 2510/2025/1
f 2494/2028/1 2511/2027/1 2495/2026/1
f 2494/2028/1 2512/2029/1 2511/2027/1
f 2493/2030/1 2512/2029/1 2494/2028/1
f 2493/2030/1 2513/2031/1 2512/2029/1
f 2492/2032/1 2513/2031/1 2493/2030/1
f 2492/2032/1 2514/2033/1 2513/2031/1
f 2491/2034/1 2514/2033/1 2492/2032/1
f 2491/2034/1 2515/2035/1 2514/2033/1
f 2490/2036/1 2515/2035/1 2491/2034/1
f 2490/2036/1 2516/2037/1 2515/2035/1
f 2489/2038/1 2516/2037/1 2490/2036/1
f 2488/2039/1 2516/2037/1 2489/2038/1
f 2631/2040/1 2478/2008/1 2632/2010/1
f 2487/2041/1 2516/2037/1 2488/2039/1
f 2487/2041/1 2517/2042/1 2516/2037/1
f 2486/2043/1 2517/2042/1 2487/2041/1
f 2485/2044/1 2517/2042/1 2486/2043/1
f 2631/2040/1 2479/2045/1 2478/2008/1
f 2484/2046/1 2517/2042/1 2485/2044/1
f 2483/2047/1 2517/2042/1 2484/2046/1
f 2483/2047/1 2518/2048/1 2517/2042/1
f 2482/2049/1 2518/2048/1 2483/2047/1
f 2481/2050/1 2518/2048/1 2482/2049/1
f 2480/2051/1 2518/2048/1 2481/2050/1
f 2479/2045/1 2518/2048/1 2480/2051/1
f 2631/2040/1 2518/2048/1 2479/2045/1
f 2631/2040/1 2519/2052/1 2518/2048/1
f 2630/2053/1 2519/2052/1 2631/2040/1
f 2630/2053/1 2520/2054/1 2519/2052/1
f 2630/2053/1 2521/2055/1 2520/2054/1
f 2629/2056/1 2521/2055/1 2630/2053/1
f 2629/2056/1 2522/2057/1 2521/2055/1
f 2628/2058/1 2522/2057/1 2629/2056/1
f 2628/2058/1 2523/2059/1 2522/2057/1
f 2627/2060/1 2523/2059/1 2628/2058/1
f 2627/2060/1 2524/2061/1 2523/2059/1
f 2627/2060/1 2525/2062/1 2524/2061/1
f 2626/2063/1 2525/2062/1 2627/2060/1
f 2626/2063/1 2526/2064/1 2525/2062/1
f 2625/2065/1 2526/2064/1 2626/2063/1
f 2625/2065/1 2527/2066/1 2526/2064/1
f 2624/2067/1 2527/2066/1 2625/2065/1
f 2623/2068/1 2527/2066/1 2624/2067/1
f 2623/2068/1 2528/2069/1 2527/2066/1
f 2623/2068/1 2529/2070/1 2528/2069/1
f 2622/2071/1 2529/2070/1 2623/2068/1
f 2622/2071/1 2530/2072/1 2529/2070/1
f 2621/2073/1 2530/2072/1 2622/2071/1
f 2621/2073/1 2531/2074/1 2530/2072/1
f 2620/2075/1 2531/2074/1 2621/2073/1
f 2620/2075/1 2532/2076/1 2531/2074/1
f 2619/2077/1 2532/2076/1 2620/2075/1
f 2619/2077/1 2533/2078/1 2532/2076/1
f 2618/2079/1 2533/2078/1 2619/2077/1
f 2618/2079/1 2534/2080/1 2533/2078/1
f 2617/2081/1 2534/2080/1 2618/2079/1
f 2617/2081/1 2535/2082/1 2534/2080/1
f 2616/2083/1 2535/2082/1 2617/2081/1
f 2616/2083/1 2536/2084/1 2535/2082/1
f 2615/2085/1 2536/2084/1 2616/2083/1
f 2615/2085/1 2537/2086/1 2536/2084/1
f 2614/2087/1 2537/2086/1 2615/2085/1
f 2614/2087/1 2538/2088/1 2537/2086/1
f 2613/2089/1 2538/2088/1 2614/2087/1
f 2613/2089/1 2539/2090/1 2538/2088/1
f 2612/2091/1 2539/2090/1 2613/2089/1
f 2612/2091/1 2540/2092/1 2539/2090/1
f 2611/2093/1 2540/2092/1 2612/2091/1
f 2611/2093/1 2541/2094/1 2540/2092/1
f 2610/2095/1 2541/2094/1 2611/2093/1
f 2610/2095/1 2542/2096/1 2541/2094/1
f 2609/2097/1 2542/2096/1 2610/2095/1
f 2609/2097/1 2543/2098/1 2542/2096/1
f 2608/2099/1 2543/2098/1 2609/2097/1
f 2608/2099/1 2544/2100/1 2543/2098/1
f 2608/2099/1 2545/2101/1 2544/2100/1
f 2607/2102/1 2545/2101/1 2608/2099/1
f 2607/2102/1 2575/2103/1 2545/2101/1
f 2575/2103/1 2574/2104/1 2545/2101/1
f 2574/2104/1 2546/2105/1 2545/2101/1
f 2607/2102/1 2576/2106/1 2575/2103/1
f 2573/2107/1 2546/2105/1 2574/2104/1
f 2607/2102/1 2577/2108/1 2576/2106/1
f 2572/2109/1 2546/2105/1 2573/2107/1
f 2607/2102/1 2578/2110/1 2577/2108/1
f 2571/2111/1 2546/2105/1 2572/2109/1
f 2606/2112/1 2578/2110/1 2607/2102/1
f 2570/2113/1 2546/2105/1 2571/2111/1
f 2606/2112/1 2579/2114/1 2578/2110/1
f 2569/2115/1 2546/2105/1 2570/2113/1
f 2606/2112/1 2580/2116/1 2579/2114/1
f 2568/2117/1 2546/2105/1 2569/2115/1
f 2567/2118/1 2546/2105/1 2568/2117/1
f 2567/2118/1 2547/2119/1 2546/2105/1
f 2606/2112/1 2581/2120/1 2580/2116/1
f 2566/2121/1 2547/2119/1 2567/2118/1
f 2606/2112/1 2582/2122/1 2581/2120/1
f 2565/2123/1 2547/2119/1 2566/2121/1
f 2564/2124/1 2547/2119/1 2565/2123/1
f 2606/2112/1 2583/2125/1 2582/2122/1
f 2563/2126/1 2547/2119/1 2564/2124/1
f 2563/2126/1 2548/2127/1 2547/2119/1
f 2606/2112/1 2584/2128/1 2583/2125/1
f 2562/2129/1 2548/2127/1 2563/2126/1
f 2605/2130/1 2584/2128/1 2606/2112/1
f 2561/2131/1 2548/2127/1 2562/2129/1
f 2605/2130/1 2585/2132/1 2584/2128/1
f 2560/2133/1 2548/2127/1 2561/2131/1
f 2560/2133/1 2549/2134/1 2548/2127/1
f 2559/2135/1 2549/2134/1 2560/2133/1
f 2605/2130/1 2586/2136/1 2585/2132/1
f 2558/2137/1 2549/2134/1 2559/2135/1
f 2557/2138/1 2549/2134/1 2558/2137/1
f 2557/2138/1 2550/2139/1 2549/2134/1
f 2556/2140/1 2550/2139/1 2557/2138/1
f 2605/2130/1 2587/2141/1 2586/2136/1
f 2555/2142/1 2550/2139/1 2556/2140/1
f 2554/2143/1 2550/2139/1 2555/2142/1
f 2604/2144/1 2587/2141/1 2605/2130/1
f 2554/2143/1 2551/2145/1 2550/2139/1
f 2553/2146/1 2551/2145/1 2554/2143/1
f 2552/2147/1 2551/2145/1 2553/2146/1
f 2604/2144/1 2588/2148/1 2587/2141/1
f 2604/2144/1 2589/2149/1 2588/2148/1
f 2603/2150/1 2589/2149/1 2604/2144/1
f 2603/2150/1 2590/2151/1 2589/2149/1
f 2603/2150/1 2591/2152/1 2590/2151/1
f 2602/2153/1 2591/2152/1 2603/2150/1
f 2602/2153/1 2592/2154/1 2591/2152/1
f 2602/2153/1 2593/2155/1 2592/2154/1
f 2601/2156/1 2593/2155/1 2602/2153/1
f 2601/2156/1 2594/2157/1 2593/2155/1
f 2601/2156/1 2595/2158/1 2594/2157/1
f 2600/2159/1 2595/2158/1 2601/2156/1
f 2600/2159/1 2596/2160/1 2595/2158/1
f 2600/2159/1 2597/2161/1 2596/2160/1
f 2599/2162/1 2597/2161/1 2600/2159/1
f 2599/2162/1 2598/2163/1 2597/2161/1
f 2959/1/2 2960/3/2 2961/2/2
f 2959/1/2 2961/2/2 2962/4/2
f 2958/5/2 2959/1/2 2962/4/2
f 2958/5/2 2962/4/2 2963/6/2
f 2957/7/2 2958/5/2 2963/6/2
f 2957/7/2 2963/6/2 2964/8/2
f 2956/9/2 2957/7/2 2964/8/2
f 2956/9/2 2964/8/2 2965/10/2
f 2955/11/2 2956/9/2 2965/10/2
f 2955/11/2 2965/10/2 2966/12/2
f 2954/13/2 2955/11/2 2966/12/2
f 2954/13/2 2966/12/2 2967/14/2
f 2953/15/2 2954/13/2 2967/14/2
f 2953/15/2 2967/14/2 2968/16/2
f 2952/17/2 2953/15/2 2968/16/2
f 2952/17/2 2968/16/2 2969/18/2
f 2951/19/2 2952/17/2 2969/18/2
f 2951/19/2 2969/18/2 2970/20/2
f 2950/21/2 2951/19/2 2970/20/2
f 2950/21/2 2970/20/2 2971/22/2
f 2949/23/2 2950/21/2 2971/22/2
f 2949/23/2 2971/22/2 2972/24/2
f 2948/25/2 2949/23/2 2972/24/2
f 2948/25/2 2972/24/2 2973/26/2
f 2947/27/2 2948/25/2 2973/26/2
f 2946/28/2 2947/27/2 2973/26/2
f 2945/29/2 2946/28/2 2973/26/2
f 2945/29/2 2973/26/2 2974/30/2
f 2944/31/2 2945/29/2 2974/30/2
f 2943/32/2 2944/31/2 2974/30/2
f 2942/33/2 2943/32/2 2974/30/2
f 2941/34/2 2942/33/2 2974/30/2
f 2941/34/2 2974/30/2 2975/35/2
f 2940/36/2 2941/34/2 2975/35/2
f 2939/37/2 2940/36/2 2975/35/2
f 2938/38/2 2939/37/2 2975/35/2
f 2937/39/2 2938/38/2 2975/35/2
f 2937/39/2 2975/35/2 2976/40/2
f 2936/41/2 2937/39/2 2976/40/2
f 2935/42/2 2936/41/2 2976/40/2
f 2934/43/2 2935/42/2 2976/40/2
f 2933/44/2 2934/43/2 2976/40/2
f 2933/44/2 2976/40/2 2977/45/2
f 2932/46/2 2933/44/2 2977/45/2
f 2931/47/2 2932/46/2 2977/45/2
f 2930/48/2 2931/47/2 2977/45/2
f 2930/48/2 2977/45/2 2978/49/2
f 2929/50/2 2930/48/2 2978/49/2
f 2928/51/2 2929/50/2 2978/49/2
f 2927/52/2 2928/51/2 2978/49/2
f 2926/53/2 2927/52/2 2978/49/2
f 2926/53/2 2978/49/2 2979/54/2
f 2925/55/2 2926/53/2 2979/54/2
f 2924/56/2 2925/55/2 2979/54/2
f 2923/57/2 2924/56/2 2979/54/2
f 2922/58/2 2923/57/2 2979/54/2
f 2922/58/2 2979/54/2 2980/59/2
f 2921/60/2 2922/58/2 2980/59/2
f 2920/61/2 2921/60/2 2980/59/2
f 2919/62/2 2920/61/2 2980/59/2
f 2918/63/2 2919/62/2 2980/59/2
f 2917/64/2 2918/63/2 2980/59/2
f 2917/64/2 2980/59/2 2981/65/2
f 2916/66/2 2917/64/2 2981/65/2
f 2915/67/2 2916/66/2 2981/65/2
f 2914/68/2 2915/67/2 2981/65/2
f 2913/69/2 2914/68/2 2981/65/2
f 2912/70/2 2913/69/2 2981/65/2
f 2912/70/2 2981/65/2 2982/71/2
f 2911/72/2 2912/70/2 2982/71/2
f 2910/73/2 2911/72/2 2982/71/2
f 2909/74/2 2910/73/2 2982/71/2
f 2909/74/2 2982/71/2 2983/75/2
f 2908/76/2 2909/74/2 2983/75/2
f 2907/77/2 2908/76/2 2983/75/2
f 2907/77/2 2983/75/2 2984/78/2
f 2906/79/2 2907/77/2 2984/78/2
f 2905/80/2 2906/79/2 2984/78/2
f 2905/80/2 2984/78/2 2985/81/2
f 2904/82/2 2905/80/2 2985/81/2
f 2904/82/2 2985/81/2 2986/83/2
f 2903/84/2 2904/82/2 2986/83/2
f 2902/85/2 2903/84/2 2986/83/2
f 2902/85/2 2986/83/2 2987/86/2
f 2901/87/2 2902/85/2 2987/86/2
f 2901/87/2 2987/86/2 2988/88/2
f 2900/89/2 2901/87/2 2988/88/2
f 2900/89/2 2988/88/2 2989/90/2
f 2899/91/2 2900/89/2 2989/90/2
f 2898/92/2 2899/91/2 2989/90/2
f 2898/92/2 2989/90/2 2990/93/2
f 2897/94/2 2898/92/2 2990/93/2
f 2897/94/2 2990/93/2 2991/95/2
f 2896/96/2 2897/94/2 2991/95/2
f 2895/97/2 2896/96/2 2991/95/2
f 2895/97/2 2991/95/2 2992/98/2
f 2894/99/2 2895/97/2 2992/98/2
f 2894/99/2 2992/98/2 2993/100/2
f 2893/101/2 2894/99/2 2993/100/2
f 2893/101/2 2993/100/2 2994/102/2
f 2892/103/2 2893/101/2 2994/102/2
f 2891/104/2 2892/103/2 2994/102/2
f 2891/104/2 2994/102/2 2995/105/2
f 2890/106/2 2891/104/2 2995/105/2
f 2890/106/2 2995/105/2 2804/107/2
f 2889/108/2 2890/106/2 2804/107/2
f 2888/109/2 2889/108/2 2804/107/2
f 2888/109/2 2804/107/2 2805/110/2
f 2887/111/2 2888/109/2 2805/110/2
f 2886/112/2 2887/111/2 2805/110/2
f 2886/112/2 2805/110/2 2806/113/2
f 2885/114/2 2886/112/2 2806/113/2
f 2885/114/2 2806/113/2 2807/115/2
f 2884/116/2 2885/114/2 2807/115/2
f 2883/117/2 2884/116/2 2807/115/2
f 2883/117/2 2807/115/2 2808/118/2
f 2882/119/2 2883/117/2 2808/118/2
f 2881/120/2 2882/119/2 2808/118/2
f 2881/120/2 2808/118/2 2809/121/2
f 2880/122/2 2881/120/2 2809/121/2
f 2880/122/2 2809/121/2 2810/123/2
f 2879/124/2 2880/122/2 2810/123/2
f 2878/125/2 2879/124/2 2810/123/2
f 2878/125/2 2810/123/2 2811/126/2
f 2877/127/2 2878/125/2 2811/126/2
f 2876/128/2 2877/127/2 2811/126/2
f 2876/128/2 2811/126/2 2812/129/2
f 2875/130/2 2876/128/2 2812/129/2
f 2874/131/2 2875/130/2 2812/129/2
f 2873/132/2 2874/131/2 2812/129/2
f 2872/133/2 2873/132/2 2812/129/2
f 2871/134/2 2872/133/2 2812/129/2
f 2870/135/2 2871/134/2 2812/129/2
f 2869/136/2 2870/135/2 2812/129/2
f 2868/137/2 2869/136/2 2812/129/2
f 2867/138/2 2868/137/2 2812/129/2
f 2866/139/2 2867/138/2 2812/129/2
f 2866/139/2 2812/129/2 2813/140/2
f 2865/141/2 2866/139/2 2813/140/2
f 2864/142/2 2865/141/2 2813/140/2
f 2863/143/2 2864/142/2 2813/140/2
f 2862/144/2 2863/143/2 2813/140/2
f 2861/145/2 2862/144/2 2813/140/2
f 2860/146/2 2861/145/2 2813/140/2
f 2859/147/2 2860/146/2 2813/140/2
f 2858/148/2 2859/147/2 2813/140/2
f 2858/148/2 2813/140/2 2814/149/2
f 2857/150/2 2858/148/2 2814/149/2
f 2856/151/2 2857/150/2 2814/149/2
f 2855/152/2 2856/151/2 2814/149/2
f 2854/153/2 2855/152/2 2814/149/2
f 2853/154/2 2854/153/2 2814/149/2
f 2852/155/2 2853/154/2 2814/149/2
f 2852/155/2 2814/149/2 2815/156/2
f 2851/157/2 2852/155/2 2815/156/2
f 2850/158/2 2851/157/2 2815/156/2
f 2849/159/2 2850/158/2 2815/156/2
f 2848/160/2 2849/159/2 2815/156/2
f 2847/161/2 2848/160/2 2815/156/2
f 2846/162/2 2847/161/2 2815/156/2
f 2845/163/2 2846/162/2 2815/156/2
f 2845/163/2 2815/156/2 2816/164/2
f 2844/165/2 2845/163/2 2816/164/2
f 2843/166/2 2844/165/2 2816/164/2
f 2842/167/2 2843/166/2 2816/164/2
f 2841/168/2 2842/167/2 2816/164/2
f 2840/169/2 2841/168/2 2816/164/2
f 2839/170/2 2840/169/2 2816/164/2
f 2838/171/2 2839/170/2 2816/164/2
f 2838/171/2 2816/164/2 2817/172/2
f 2837/173/2 2838/171/2 2817/172/2
f 2837/173/2 2817/172/2 2818/174/2
f 2836/175/2 2837/173/2 2818/174/2
f 2836/175/2 2818/174/2 2819/176/2
f 2835/177/2 2836/175/2 2819/176/2
f 2835/177/2 2819/176/2 2820/178/2
f 2835/177/2 2820/178/2 2821/179/2
f 2834/180/2 2835/177/2 2821/179/2
f 2834/180/2 2821/179/2 2822/181/2
f 2833/182/2 2834/180/2 2822/181/2
f 2833/182/2 2822/181/2 2823/183/2
f 2832/184/2 2833/182/2 2823/183/2
f 2832/184/2 2823/183/2 2824/185/2
f 2831/186/2 2832/184/2 2824/185/2
f 2831/186/2 2824/185/2 2825/187/2
f 2830/188/2 2831/186/2 2825/187/2
f 2830/188/2 2825/187/2 2826/189/2
f 2829/190/2 2830/188/2 2826/189/2
f 2829/190/2 2826/189/2 2827/191/2
f 2828/192/2 2829/190/2 2827/191/2
f 3151/193/2 3152/195/2 3153/194/2
f 3150/196/2 3151/193/2 3153/194/2
f 3149/197/2 3150/196/2 3153/194/2
f 3149/197/2 3153/194/2 3154/198/2
f 3148/199/2 3149/197/2 3154/198/2
f 3147/200/2 3148/199/2 3154/198/2
f 3147/200/2 3154/198/2 3155/201/2
f 3146/202/2 3147/200/2 3155/201/2
f 3145/203/2 3146/202/2 3155/201/2
f 3145/203/2 3155/201/2 3156/204/2
f 3144/205/2 3145/203/2 3156/204/2
f 3143/206/2 3144/205/2 3156/204/2
f 3142/207/2 3143/206/2 3156/204/2
f 3142/207/2 3156/204/2 3157/208/2
f 3141/209/2 3142/207/2 3157/208/2
f 3140/210/2 3141/209/2 3157/208/2
f 3140/210/2 3157/208/2 3158/211/2
f 3139/212/2 3140/210/2 3158/211/2
f 3138/213/2 3139/212/2 3158/211/2
f 3137/214/2 3138/213/2 3158/211/2
f 3137/214/2 3158/211/2 3159/215/2
f 3136/216/2 3137/214/2 3159/215/2
f 3135/217/2 3136/216/2 3159/215/2
f 3135/217/2 3159/215/2 3160/218/2
f 3134/219/2 3135/217/2 3160/218/2
f 3133/220/2 3134/219/2 3160/218/2
f 3132/221/2 3133/220/2 3160/218/2
f 3132/221/2 3160/218/2 3161/222/2
f 3131/223/2 3132/221/2 3161/222/2
f 3130/224/2 3131/223/2 3161/222/2
f 3129/225/2 3130/224/2 3161/222/2
f 3129/225/2 3161/222/2 3162/226/2
f 3128/227/2 3129/225/2 3162/226/2
f 3127/228/2 3128/227/2 3162/226/2
f 3126/229/2 3127/228/2 3162/226/2
f 3125/230/2 3126/229/2 3162/226/2
f 3124/231/2 3125/230/2 3162/226/2
f 3124/231/2 3162/226/2 3163/232/2
f 3123/233/2 3124/231/2 3163/232/2
f 3122/234/2 3123/233/2 3163/232/2
f 3121/235/2 3122/234/2 3163/232/2
f 3120/236/2 3121/235/2 3163/232/2
f 3119/237/2 3120/236/2 3163/232/2
f 3118/238/2 3119/237/2 3163/232/2
f 3117/239/2 3118/238/2 3163/232/2
f 3116/240/2 3117/239/2 3163/232/2
f 3115/241/2 3116/240/2 3163/232/2
f 3115/241/2 3163/232/2 3164/242/2
f 3114/243/2 3115/241/2 3164/242/2
f 3113/244/2 3114/243/2 3164/242/2
f 3112/245/2 3113/244/2 3164/242/2
f 3111/246/2 3112/245/2 3164/242/2
f 3110/247/2 3111/246/2 3164/242/2
f 3109/248/2 3110/247/2 3164/242/2
f 3108/249/2 3109/248/2 3164/242/2
f 3107/250/2 3108/249/2 3164/242/2
f 3106/251/2 3107/250/2 3164/242/2
f 3105/252/2 3106/251/2 3164/242/2
f 3104/253/2 3105/252/2 3164/242/2
f 3103/254/2 3104/253/2 3164/242/2
f 3103/254/2 3164/242/2 3165/255/2
f 3102/256/2 3103/254/2 3165/255/2
f 3102/256/2 3165/255/2 3166/257/2
f 3101/258/2 3102/256/2 3166/257/2
f 3101/258/2 3166/257/2 3167/259/2
f 3100/260/2 3101/258/2 3167/259/2
f 3100/260/2 3167/259/2 3168/261/2
f 3099/262/2 3100/260/2 3168/261/2
f 3099/262/2 3168/261/2 3169/263/2
f 3098/264/2 3099/262/2 3169/263/2
f 3098/264/2 3169/263/2 3170/265/2
f 3097/266/2 3098/264/2 3170/265/2
f 3097/266/2 3170/265/2 3171/267/2
f 3096/268/2 3097/266/2 3171/267/2
f 3096/268/2 3171/267/2 3172/269/2
f 3095/270/2 3096/268/2 3172/269/2
f 3095/270/2 3172/269/2 3173/271/2
f 3094/272/2 3095/270/2 3173/271/2
f 3094/272/2 3173/271/2 3174/273/2
f 3093/274/2 3094/272/2 3174/273/2
f 3093/274/2 3174/273/2 3175/105/2
f 3092/275/2 3093/274/2 3175/105/2
f 3092/275/2 3175/105/2 3068/276/2
f 3091/277/2 3092/275/2 3068/276/2
f 3091/277/2 3068/276/2 3069/278/2
f 3090/279/2 3091/277/2 3069/278/2
f 3090/279/2 3069/278/2 3070/280/2
f 3089/281/2 3090/279/2 3070/280/2
f 3089/281/2 3070/280/2 3071/282/2
f 3088/283/2 3089/281/2 3071/282/2
f 3088/283/2 3071/282/2 3072/284/2
f 3087/285/2 3088/283/2 3072/284/2
f 3087/285/2 3072/284/2 3073/286/2
f 3086/287/2 3087/285/2 3073/286/2
f 3086/287/2 3073/286/2 3074/288/2
f 3085/289/2 3086/287/2 3074/288/2
f 3085/289/2 3074/288/2 3075/290/2
f 3084/291/2 3085/289/2 3075/290/2
f 3084/291/2 3075/290/2 3076/292/2
f 3083/293/2 3084/291/2 3076/292/2
f 3083/293/2 3076/292/2 3077/294/2
f 3082/295/2 3083/293/2 3077/294/2
f 3082/295/2 3077/294/2 3078/296/2
f 3081/297/2 3082/295/2 3078/296/2
f 3081/297/2 3078/296/2 3079/298/2
f 3080/299/2 3081/297/2 3079/298/2
f 3043/300/2 3044/302/2 3045/301/2
f 3042/303/2 3043/300/2 3045/301/2
f 3041/304/2 3042/303/2 3045/301/2
f 3041/304/2 3045/301/2 3046/305/2
f 3040/306/2 3041/304/2 3046/305/2
f 3039/307/2 3040/306/2 3046/305/2
f 3038/308/2 3039/307/2 3046/305/2
f 3038/308/2 3046/305/2 3047/309/2
f 3037/310/2 3038/308/2 3047/309/2
f 3036/311/2 3037/310/2 3047/309/2
f 3036/311/2 3047/309/2 3048/312/2
f 3035/313/2 3036/311/2 3048/312/2
f 3034/314/2 3035/313/2 3048/312/2
f 3033/315/2 3034/314/2 3048/312/2
f 3033/315/2 3048/312/2 3049/316/2
f 3032/317/2 3033/315/2 3049/316/2
f 3031/318/2 3032/317/2 3049/316/2
f 3031/318/2 3049/316/2 3050/319/2
f 3030/320/2 3031/318/2 3050/319/2
f 3029/321/2 3030/320/2 3050/319/2
f 3028/322/2 3029/321/2 3050/319/2
f 3028/322/2 3050/319/2 3051/323/2
f 3027/324/2 3028/322/2 3051/323/2
f 3026/325/2 3027/324/2 3051/323/2
f 3025/326/2 3026/325/2 3051/323/2
f 3025/326/2 3051/323/2 3052/327/2
f 3024/328/2 3025/326/2 3052/327/2
f 3023/329/2 3024/328/2 3052/327/2
f 3022/330/2 3023/329/2 3052/327/2
f 3022/330/2 3052/327/2 3053/331/2
f 3021/332/2 3022/330/2 3053/331/2
f 3020/333/2 3021/332/2 3053/331/2
f 3019/334/2 3020/333/2 3053/331/2
f 3019/334/2 3053/331/2 3054/335/2
f 3019/334/2 3054/335/2 3055/336/2
f 3018/337/2 3019/334/2 3055/336/2
f 3018/337/2 3055/336/2 3056/338/2
f 3017/339/2 3018/337/2 3056/338/2
f 3017/339/2 3056/338/2 3057/340/2
f 3016/341/2 3017/339/2 3057/340/2
f 3016/341/2 3057/340/2 3058/342/2
f 3016/341/2 3058/342/2 3059/343/2
f 3016/341/2 3059/343/2 3060/344/2
f 3015/345/2 3016/341/2 3060/344/2
f 3015/345/2 3060/344/2 3061/346/2
f 3015/345/2 3061/346/2 3062/347/2
f 3015/345/2 3062/347/2 3063/348/2
f 3014/349/2 3015/345/2 3063/348/2
f 3014/349/2 3063/348/2 3064/350/2
f 3014/349/2 3064/350/2 3065/351/2
f 3013/352/2 3014/349/2 3065/351/2
f 3013/352/2 3065/351/2 3066/353/2
f 3013/352/2 3066/353/2 3067/354/2
f 3013/352/2 3067/354/2 2996/107/2
f 3012/355/2 3013/352/2 2996/107/2
f 3012/355/2 2996/107/2 2997/356/2
f 3012/355/2 2997/356/2 2998/357/2
f 3012/355/2 2998/357/2 2999/358/2
f 3011/359/2 3012/355/2 2999/358/2
f 3011/359/2 2999/358/2 3000/360/2
f 3011/359/2 3000/360/2 3001/361/2
f 3010/362/2 3011/359/2 3001/361/2
f 3010/362/2 3001/361/2 3002/363/2
f 3010/362/2 3002/363/2 3003/364/2
f 3010/362/2 3003/364/2 3004/365/2
f 3009/366/2 3010/362/2 3004/365/2
f 3009/366/2 3004/365/2 3005/367/2
f 3009/366/2 3005/367/2 3006/368/2
f 3008/369/2 3009/366/2 3006/368/2
f 3008/369/2 3006/368/2 3007/370/2
f 3500/371/2 3501/373/2 3502/372/2
f 3499/374/2 3500/371/2 3502/372/2
f 3498/375/2 3499/374/2 3502/372/2
f 3498/375/2 3502/372/2 3503/376/2
f 3497/377/2 3498/375/2 3503/376/2
f 3496/378/2 3497/377/2 3503/376/2
f 3496/378/2 3503/376/2 3504/379/2
f 3495/380/2 3496/378/2 3504/379/2
f 3494/381/2 3495/380/2 3504/379/2
f 3493/382/2 3494/381/2 3504/379/2
f 3493/382/2 3504/379/2 3505/383/2
f 3492/384/2 3493/382/2 3505/383/2
f 3491/385/2 3492/384/2 3505/383/2
f 3491/385/2 3505/383/2 3506/386/2
f 3451/387/2 3452/389/2 3453/388/2
f 3451/387/2 3453/388/2 3454/390/2
f 3451/387/2 3454/390/2 3455/391/2
f 3450/392/2 3451/387/2 3455/391/2
f 3490/393/2 3491/385/2 3506/386/2
f 3450/392/2 3455/391/2 3456/394/2
f 3450/392/2 3456/394/2 3457/395/2
f 3449/396/2 3450/392/2 3457/395/2
f 3449/396/2 3457/395/2 3458/397/2
f 3449/396/2 3458/397/2 3459/398/2
f 3489/399/2 3490/393/2 3506/386/2
f 3449/396/2 3459/398/2 3460/400/2
f 3448/401/2 3449/396/2 3460/400/2
f 3448/401/2 3460/400/2 3461/402/2
f 3448/401/2 3461/402/2 3462/403/2
f 3489/399/2 3506/386/2 3507/404/2
f 3488/405/2 3489/399/2 3507/404/2
f 3447/406/2 3448/401/2 3462/403/2
f 3447/406/2 3462/403/2 3463/407/2
f 3447/406/2 3463/407/2 3464/408/2
f 3487/409/2 3488/405/2 3507/404/2
f 3446/410/2 3447/406/2 3464/408/2
f 3446/410/2 3464/408/2 3465/411/2
f 3486/412/2 3487/409/2 3507/404/2
f 3446/410/2 3465/411/2 3466/413/2
f 3446/410/2 3466/413/2 3467/414/2
f 3485/415/2 3486/412/2 3507/404/2
f 3485/415/2 3507/404/2 3508/416/2
f 3445/417/2 3446/410/2 3467/414/2
f 3445/417/2 3467/414/2 3468/418/2
f 3484/419/2 3485/415/2 3508/416/2
f 3445/417/2 3468/418/2 3469/420/2
f 3445/417/2 3469/420/2 3470/421/2
f 3483/422/2 3484/419/2 3508/416/2
f 3445/417/2 3470/421/2 3471/423/2
f 3445/417/2 3471/423/2 3472/424/2
f 3482/425/2 3483/422/2 3508/416/2
f 3445/417/2 3472/424/2 3473/426/2
f 3445/417/2 3473/426/2 3474/427/2
f 3444/428/2 3445/417/2 3474/427/2
f 3444/428/2 3474/427/2 3475/429/2
f 3481/430/2 3482/425/2 3508/416/2
f 3444/428/2 3475/429/2 3476/431/2
f 3444/428/2 3476/431/2 3477/432/2
f 3480/433/2 3481/430/2 3508/416/2
f 3479/434/2 3480/433/2 3508/416/2
f 3479/434/2 3508/416/2 3509/435/2
f 3478/436/2 3479/434/2 3509/435/2
f 3477/432/2 3478/436/2 3509/435/2
f 3444/428/2 3477/432/2 3509/435/2
f 3443/437/2 3444/428/2 3509/435/2
f 3442/438/2 3443/437/2 3509/435/2
f 3442/438/2 3509/435/2 3510/439/2
f 3441/440/2 3442/438/2 3510/439/2
f 3441/440/2 3510/439/2 3511/441/2
f 3440/442/2 3441/440/2 3511/441/2
f 3440/442/2 3511/441/2 3512/443/2
f 3439/444/2 3440/442/2 3512/443/2
f 3438/445/2 3439/444/2 3512/443/2
f 3438/445/2 3512/443/2 3513/446/2
f 3437/447/2 3438/445/2 3513/446/2
f 3437/447/2 3513/446/2 3514/448/2
f 3436/449/2 3437/447/2 3514/448/2
f 3436/449/2 3514/448/2 3515/450/2
f 3435/451/2 3436/449/2 3515/450/2
f 3435/451/2 3515/450/2 3516/452/2
f 3434/453/2 3435/451/2 3516/452/2
f 3434/453/2 3516/452/2 3517/454/2
f 3433/455/2 3434/453/2 3517/454/2
f 3433/455/2 3517/454/2 3518/456/2
f 3432/457/2 3433/455/2 3518/456/2
f 3432/457/2 3518/456/2 3519/458/2
f 3431/459/2 3432/457/2 3519/458/2
f 3431/459/2 3519/458/2 3520/460/2
f 3430/461/2 3431/459/2 3520/460/2
f 3430/461/2 3520/460/2 3521/462/2
f 3429/463/2 3430/461/2 3521/462/2
f 3429/463/2 3521/462/2 3522/464/2
f 3428/465/2 3429/463/2 3522/464/2
f 3428/465/2 3522/464/2 3523/466/2
f 3427/467/2 3428/465/2 3523/466/2
f 3426/468/2 3427/467/2 3523/466/2
f 3426/468/2 3523/466/2 3524/469/2
f 3425/470/2 3426/468/2 3524/469/2
f 3424/471/2 3425/470/2 3524/469/2
f 3424/471/2 3524/469/2 3525/472/2
f 3423/473/2 3424/471/2 3525/472/2
f 3423/473/2 3525/472/2 3526/474/2
f 3422/475/2 3423/473/2 3526/474/2
f 3421/476/2 3422/475/2 3526/474/2
f 3420/477/2 3421/476/2 3526/474/2
f 3419/478/2 3420/477/2 3526/474/2
f 3418/479/2 3419/478/2 3526/474/2
f 3418/479/2 3526/474/2 3527/480/2
f 3417/481/2 3418/479/2 3527/480/2
f 3416/482/2 3417/481/2 3527/480/2
f 3415/483/2 3416/482/2 3527/480/2
f 3415/483/2 3527/480/2 3528/484/2
f 3414/485/2 3415/483/2 3528/484/2
f 3413/486/2 3414/485/2 3528/484/2
f 3412/487/2 3413/486/2 3528/484/2
f 3412/487/2 3528/484/2 3529/488/2
f 3411/489/2 3412/487/2 3529/488/2
f 3410/490/2 3411/489/2 3529/488/2
f 3409/491/2 3410/490/2 3529/488/2
f 3409/491/2 3529/488/2 3530/492/2
f 3408/493/2 3409/491/2 3530/492/2
f 3407/494/2 3408/493/2 3530/492/2
f 3406/495/2 3407/494/2 3530/492/2
f 3406/495/2 3530/492/2 3531/496/2
f 3405/497/2 3406/495/2 3531/496/2
f 3404/498/2 3405/497/2 3531/496/2
f 3403/499/2 3404/498/2 3531/496/2
f 3403/499/2 3531/496/2 3532/500/2
f 3403/499/2 3532/500/2 3533/501/2
f 3402/502/2 3403/499/2 3533/501/2
f 3402/502/2 3533/501/2 3534/503/2
f 3402/502/2 3534/503/2 3535/504/2
f 3402/502/2 3535/504/2 3561/505/2
f 3561/505/2 3535/504/2 3560/506/2
f 3560/506/2 3535/504/2 3536/507/2
f 3401/508/2 3402/502/2 3562/509/2
f 3562/509/2 3402/502/2 3561/505/2
f 3401/508/2 3562/509/2 3563/510/2
f 3559/511/2 3560/506/2 3536/507/2
f 3558/512/2 3559/511/2 3536/507/2
f 3557/513/2 3558/512/2 3536/507/2
f 3556/514/2 3557/513/2 3536/507/2
f 3555/515/2 3556/514/2 3536/507/2
f 3554/516/2 3555/515/2 3536/507/2
f 3553/517/2 3554/516/2 3536/507/2
f 3552/518/2 3553/517/2 3536/507/2
f 3551/519/2 3552/518/2 3536/507/2
f 3550/520/2 3551/519/2 3536/507/2
f 3549/521/2 3550/520/2 3536/507/2
f 3549/521/2 3536/507/2 3537/522/2
f 3548/523/2 3549/521/2 3537/522/2
f 3547/524/2 3548/523/2 3537/522/2
f 3546/525/2 3547/524/2 3537/522/2
f 3545/526/2 3546/525/2 3537/522/2
f 3544/527/2 3545/526/2 3537/522/2
f 3543/528/2 3544/527/2 3537/522/2
f 3542/529/2 3543/528/2 3537/522/2
f 3541/530/2 3542/529/2 3537/522/2
f 3540/531/2 3541/530/2 3537/522/2
f 3539/532/2 3540/531/2 3537/522/2
f 3538/533/2 3539/532/2 3537/522/2
f 3401/508/2 3563/510/2 3564/534/2
f 3401/508/2 3564/534/2 3565/535/2
f 3400/536/2 3401/508/2 3565/535/2
f 3400/536/2 3565/535/2 3566/537/2
f 3399/538/2 3400/536/2 3566/537/2
f 3399/538/2 3566/537/2 3567/539/2
f 3399/538/2 3567/539/2 3568/540/2
f 3398/541/2 3399/538/2 3568/540/2
f 3398/541/2 3568/540/2 3569/542/2
f 3398/541/2 3569/542/2 3570/543/2
f 3397/544/2 3398/541/2 3570/543/2
f 3397/544/2 3570/543/2 3571/545/2
f 3397/544/2 3571/545/2 3572/546/2
f 3585/547/2 3586/549/2 3587/548/2
f 3584/550/2 3585/547/2 3587/548/2
f 3584/550/2 3587/548/2 3588/551/2
f 3583/552/2 3584/550/2 3588/551/2
f 3396/553/2 3397/544/2 3572/546/2
f 3582/554/2 3583/552/2 3588/551/2
f 3582/554/2 3588/551/2 3589/555/2
f 3581/556/2 3582/554/2 3589/555/2
f 3580/557/2 3581/556/2 3589/555/2
f 3580/557/2 3589/555/2 3590/558/2
f 3579/559/2 3580/557/2 3590/558/2
f 3396/553/2 3572/546/2 3573/560/2
f 3579/559/2 3590/558/2 3591/561/2
f 3578/562/2 3579/559/2 3591/561/2
f 3577/563/2 3578/562/2 3591/561/2
f 3577/563/2 3591/561/2 3592/564/2
f 3576/565/2 3577/563/2 3592/564/2
f 3395/566/2 3396/553/2 3573/560/2
f 3395/566/2 3573/560/2 3574/567/2
f 3575/568/2 3576/565/2 3592/564/2
f 3575/568/2 3592/564/2 3593/569/2
f 3574/567/2 3575/568/2 3593/569/2
f 3574/567/2 3593/569/2 3594/570/2
f 3395/566/2 3574/567/2 3594/570/2
f 3394/571/2 3395/566/2 3594/570/2
f 3394/571/2 3594/570/2 3595/572/2
f 3394/571/2 3595/572/2 3596/573/2
f 3393/574/2 3394/571/2 3596/573/2
f 3393/574/2 3596/573/2 3597/575/2
f 3393/574/2 3597/575/2 3598/576/2
f 3392/577/2 3393/574/2 3598/576/2
f 3392/577/2 3598/576/2 3599/578/2
f 3392/577/2 3599/578/2 3600/579/2
f 3391/580/2 3392/577/2 3600/579/2
f 3391/580/2 3600/579/2 3601/581/2
f 3390/582/2 3391/580/2 3320/583/2
f 3320/583/2 3391/580/2 3601/581/2
f 3390/582/2 3320/583/2 3321/584/2
f 3319/585/2 3320/583/2 3601/581/2
f 3318/586/2 3319/585/2 3601/581/2
f 3390/582/2 3321/584/2 3322/587/2
f 3318/586/2 3601/581/2 3602/588/2
f 3389/589/2 3390/582/2 3322/587/2
f 3317/590/2 3318/586/2 3602/588/2
f 3389/589/2 3322/587/2 3323/591/2
f 3316/592/2 3317/590/2 3602/588/2
f 3389/589/2 3323/591/2 3324/593/2
f 3315/594/2 3316/592/2 3602/588/2
f 3389/589/2 3324/593/2 3325/595/2
f 3314/596/2 3315/594/2 3602/588/2
f 3313/597/2 3314/596/2 3602/588/2
f 3389/589/2 3325/595/2 3326/598/2
f 3388/599/2 3389/589/2 3326/598/2
f 3312/600/2 3313/597/2 3602/588/2
f 3388/599/2 3326/598/2 3327/601/2
f 3312/600/2 3602/588/2 3603/602/2
f 3311/603/2 3312/600/2 3603/602/2
f 3388/599/2 3327/601/2 3328/604/2
f 3387/605/2 3388/599/2 3328/604/2
f 3310/606/2 3311/603/2 3603/602/2
f 3387/605/2 3328/604/2 3329/607/2
f 3309/608/2 3310/606/2 3603/602/2
f 3386/609/2 3387/605/2 3329/607/2
f 3309/608/2 3603/602/2 3604/610/2
f 3308/611/2 3309/608/2 3604/610/2
f 3386/609/2 3329/607/2 3330/612/2
f 3385/613/2 3386/609/2 3330/612/2
f 3307/614/2 3308/611/2 3604/610/2
f 3385/613/2 3330/612/2 3331/615/2
f 3306/616/2 3307/614/2 3604/610/2
f 3384/617/2 3385/613/2 3331/615/2
f 3306/616/2 3604/610/2 3605/618/2
f 3384/617/2 3331/615/2 3332/619/2
f 3383/620/2 3384/617/2 3332/619/2
f 3305/621/2 3306/616/2 3605/618/2
f 3382/622/2 3383/620/2 3332/619/2
f 3382/622/2 3332/619/2 3333/623/2
f 3304/624/2 3305/621/2 3605/618/2
f 3381/625/2 3382/622/2 3333/623/2
f 3381/625/2 3333/623/2 3334/626/2
f 3304/624/2 3605/618/2 3606/627/2
f 3380/628/2 3381/625/2 3334/626/2
f 3379/629/2 3380/628/2 3334/626/2
f 3379/629/2 3334/626/2 3335/630/2
f 3303/631/2 3304/624/2 3606/627/2
f 3378/632/2 3379/629/2 3335/630/2
f 3378/632/2 3335/630/2 3336/633/2
f 3378/632/2 3336/633/2 3337/634/2
f 3377/635/2 3378/632/2 3337/634/2
f 3302/636/2 3303/631/2 3606/627/2
f 3377/635/2 3337/634/2 3338/637/2
f 3376/638/2 3377/635/2 3338/637/2
f 3302/636/2 3606/627/2 3607/639/2
f 3376/638/2 3338/637/2 3339/640/2
f 3375/641/2 3376/638/2 3339/640/2
f 3301/642/2 3302/636/2 3607/639/2
f 3375/641/2 3339/640/2 3340/643/2
f 3374/644/2 3375/641/2 3340/643/2
f 3374/644/2 3340/643/2 3341/645/2
f 3373/646/2 3374/644/2 3341/645/2
f 3373/646/2 3341/645/2 3342/647/2
f 3300/648/2 3301/642/2 3607/639/2
f 3372/649/2 3373/646/2 3342/647/2
f 3300/648/2 3607/639/2 3608/650/2
f 3372/649/2 3342/647/2 3343/651/2
f 3371/652/2 3372/649/2 3343/651/2
f 3370/653/2 3371/652/2 3343/651/2
f 3370/653/2 3343/651/2 3344/654/2
f 3299/655/2 3300/648/2 3608/650/2
f 3369/656/2 3370/653/2 3344/654/2
f 3369/656/2 3344/654/2 3345/657/2
f 3368/658/2 3369/656/2 3345/657/2
f 3368/658/2 3345/657/2 3346/659/2
f 3367/660/2 3368/658/2 3346/659/2
f 3299/655/2 3608/650/2 3609/661/2
f 3367/660/2 3346/659/2 3347/662/2
f 3298/663/2 3299/655/2 3609/661/2
f 3366/664/2 3367/660/2 3347/662/2
f 3366/664/2 3347/662/2 3348/665/2
f 3365/666/2 3366/664/2 3348/665/2
f 3365/666/2 3348/665/2 3349/667/2
f 3364/668/2 3365/666/2 3349/667/2
f 3364/668/2 3349/667/2 3350/669/2
f 3363/670/2 3364/668/2 3350/669/2
f 3362/671/2 3363/670/2 3350/669/2
f 3362/671/2 3350/669/2 3351/672/2
f 3297/673/2 3298/663/2 3609/661/2
f 3361/674/2 3362/671/2 3351/672/2
f 3361/674/2 3351/672/2 3352/675/2
f 3360/676/2 3361/674/2 3352/675/2
f 3360/676/2 3352/675/2 3353/677/2
f 3359/678/2 3360/676/2 3353/677/2
f 3359/678/2 3353/677/2 3354/679/2
f 3358/680/2 3359/678/2 3354/679/2
f 3358/680/2 3354/679/2 3355/681/2
f 3357/682/2 3358/680/2 3355/681/2
f 3357/682/2 3355/681/2 3356/683/2
f 3297/673/2 3609/661/2 3610/684/2
f 3296/685/2 3297/673/2 3610/684/2
f 3295/686/2 3296/685/2 3610/684/2
f 3295/686/2 3610/684/2 3611/687/2
f 3294/688/2 3295/686/2 3611/687/2
f 3294/688/2 3611/687/2 3612/689/2
f 3293/690/2 3294/688/2 3612/689/2
f 3292/691/2 3293/690/2 3612/689/2
f 3292/691/2 3612/689/2 3613/692/2
f 3291/693/2 3292/691/2 3613/692/2
f 3290/694/2 3291/693/2 3613/692/2
f 3290/694/2 3613/692/2 3614/695/2
f 3289/696/2 3290/694/2 3614/695/2
f 3288/697/2 3289/696/2 3614/695/2
f 3288/697/2 3614/695/2 3615/698/2
f 3287/699/2 3288/697/2 3615/698/2
f 3286/700/2 3287/699/2 3615/698/2
f 3286/700/2 3615/698/2 3616/701/2
f 3235/702/2 3236/704/2 3237/703/2
f 3234/705/2 3235/702/2 3237/703/2
f 3234/705/2 3237/703/2 3238/706/2
f 3233/707/2 3234/705/2 3238/706/2
f 3233/707/2 3238/706/2 3239/708/2
f 3232/709/2 3233/707/2 3239/708/2
f 3232/709/2 3239/708/2 3240/710/2
f 3231/711/2 3232/709/2 3240/710/2
f 3231/711/2 3240/710/2 3241/712/2
f 3230/713/2 3231/711/2 3241/712/2
f 3230/713/2 3241/712/2 3242/714/2
f 3229/715/2 3230/713/2 3242/714/2
f 3229/715/2 3242/714/2 3243/716/2
f 3285/717/2 3286/700/2 3616/701/2
f 3228/718/2 3229/715/2 3243/716/2
f 3228/718/2 3243/716/2 3244/719/2
f 3227/720/2 3228/718/2 3244/719/2
f 3227/720/2 3244/719/2 3245/721/2
f 3226/722/2 3227/720/2 3245/721/2
f 3226/722/2 3245/721/2 3246/723/2
f 3225/724/2 3226/722/2 3246/723/2
f 3225/724/2 3246/723/2 3247/725/2
f 3284/726/2 3285/717/2 3616/701/2
f 3224/727/2 3225/724/2 3247/725/2
f 3284/726/2 3616/701/2 3617/728/2
f 3224/727/2 3247/725/2 3248/729/2
f 3223/730/2 3224/727/2 3248/729/2
f 3223/730/2 3248/729/2 3249/731/2
f 3222/732/2 3223/730/2 3249/731/2
f 3283/733/2 3284/726/2 3617/728/2
f 3221/734/2 3222/732/2 3249/731/2
f 3221/734/2 3249/731/2 3250/735/2
f 3220/736/2 3221/734/2 3250/735/2
f 3220/736/2 3250/735/2 3251/737/2
f 3219/738/2 3220/736/2 3251/737/2
f 3282/739/2 3283/733/2 3617/728/2
f 3282/739/2 3617/728/2 3618/740/2
f 3218/741/2 3219/738/2 3251/737/2
f 3218/741/2 3251/737/2 3252/742/2
f 3217/743/2 3218/741/2 3252/742/2
f 3217/743/2 3252/742/2 3253/744/2
f 3281/745/2 3282/739/2 3618/740/2
f 3216/746/2 3217/743/2 3253/744/2
f 3216/746/2 3253/744/2 3254/747/2
f 3215/748/2 3216/746/2 3254/747/2
f 3215/748/2 3254/747/2 3255/749/2
f 3280/750/2 3281/745/2 3618/740/2
f 3214/751/2 3215/748/2 3255/749/2
f 3214/751/2 3255/749/2 3256/752/2
f 3280/750/2 3618/740/2 3619/753/2
f 3214/751/2 3256/752/2 3257/754/2
f 3279/755/2 3280/750/2 3619/753/2
f 3213/756/2 3214/751/2 3257/754/2
f 3213/756/2 3257/754/2 3258/757/2
f 3213/756/2 3258/757/2 3259/758/2
f 3213/756/2 3259/758/2 3260/759/2
f 3213/756/2 3260/759/2 3261/760/2
f 3212/761/2 3213/756/2 3261/760/2
f 3278/762/2 3279/755/2 3619/753/2
f 3212/761/2 3261/760/2 3262/763/2
f 3211/764/2 3212/761/2 3262/763/2
f 3211/764/2 3262/763/2 3263/765/2
f 3277/766/2 3278/762/2 3619/753/2
f 3210/767/2 3211/764/2 3263/765/2
f 3210/767/2 3263/765/2 3264/768/2
f 3277/766/2 3619/753/2 3620/769/2
f 3209/770/2 3210/767/2 3264/768/2
f 3276/771/2 3277/766/2 3620/769/2
f 3209/770/2 3264/768/2 3265/772/2
f 3208/773/2 3209/770/2 3265/772/2
f 3208/773/2 3265/772/2 3266/774/2
f 3275/775/2 3276/771/2 3620/769/2
f 3208/773/2 3266/774/2 3267/776/2
f 3207/777/2 3208/773/2 3267/776/2
f 3207/777/2 3267/776/2 3268/778/2
f 3274/779/2 3275/775/2 3620/769/2
f 3207/777/2 3268/778/2 3269/780/2
f 3273/781/2 3274/779/2 3620/769/2
f 3207/777/2 3269/780/2 3270/782/2
f 3206/783/2 3207/777/2 3270/782/2
f 3206/783/2 3270/782/2 3271/784/2
f 3272/785/2 3273/781/2 3620/769/2
f 3206/783/2 3271/784/2 3272/785/2
f 3206/783/2 3272/785/2 3620/769/2
f 3205/786/2 3206/783/2 3620/769/2
f 3204/787/2 3205/786/2 3620/769/2
f 3204/787/2 3620/769/2 3621/105/2
f 3203/788/2 3204/787/2 3621/105/2
f 3202/789/2 3203/788/2 3621/105/2
f 3201/790/2 3202/789/2 3621/105/2
f 3200/791/2 3201/790/2 3621/105/2
f 3199/792/2 3200/791/2 3621/105/2
f 3199/792/2 3621/105/2 3176/107/2
f 3199/792/2 3176/107/2 3177/793/2
f 3198/794/2 3199/792/2 3177/793/2
f 3198/794/2 3177/793/2 3178/795/2
f 3197/796/2 3198/794/2 3178/795/2
f 3197/796/2 3178/795/2 3179/797/2
f 3196/798/2 3197/796/2 3179/797/2
f 3196/798/2 3179/797/2 3180/799/2
f 3195/800/2 3196/798/2 3180/799/2
f 3195/800/2 3180/799/2 3181/801/2
f 3194/802/2 3195/800/2 3181/801/2
f 3194/802/2 3181/801/2 3182/803/2
f 3193/804/2 3194/802/2 3182/803/2
f 3193/804/2 3182/803/2 3183/805/2
f 3192/806/2 3193/804/2 3183/805/2
f 3192/806/2 3183/805/2 3184/807/2
f 3191/808/2 3192/806/2 3184/807/2
f 3191/808/2 3184/807/2 3185/809/2
f 3190/810/2 3191/808/2 3185/809/2
f 3190/810/2 3185/809/2 3186/811/2
f 3189/812/2 3190/810/2 3186/811/2
f 3189/812/2 3186/811/2 3187/813/2
f 3188/814/2 3189/812/2 3187/813/2
f 3886/815/2 3887/817/2 3888/816/2
f 3885/818/2 3886/815/2 3888/816/2
f 3885/818/2 3888/816/2 3889/819/2
f 3884/820/2 3885/818/2 3889/819/2
f 3884/820/2 3889/819/2 3890/821/2
f 3883/822/2 3884/820/2 3890/821/2
f 3883/822/2 3890/821/2 3891/823/2
f 3882/824/2 3883/822/2 3891/823/2
f 3882/824/2 3891/823/2 3892/825/2
f 3881/826/2 3882/824/2 3892/825/2
f 3881/826/2 3892/825/2 3893/827/2
f 3880/828/2 3881/826/2 3893/827/2
f 3880/828/2 3893/827/2 3894/829/2
f 3879/830/2 3880/828/2 3894/829/2
f 3879/830/2 3894/829/2 3895/831/2
f 3878/832/2 3879/830/2 3895/831/2
f 3877/833/2 3878/832/2 3895/831/2
f 3877/833/2 3895/831/2 3896/834/2
f 3876/835/2 3877/833/2 3896/834/2
f 3876/835/2 3896/834/2 3897/836/2
f 3875/837/2 3876/835/2 3897/836/2
f 3875/837/2 3897/836/2 3898/838/2
f 3874/839/2 3875/837/2 3898/838/2
f 3874/839/2 3898/838/2 3899/840/2
f 3873/841/2 3874/839/2 3899/840/2
f 3872/842/2 3873/841/2 3899/840/2
f 3872/842/2 3899/840/2 3900/843/2
f 3871/844/2 3872/842/2 3900/843/2
f 3871/844/2 3900/843/2 3901/845/2
f 3870/846/2 3871/844/2 3901/845/2
f 3869/847/2 3870/846/2 3901/845/2
f 3869/847/2 3901/845/2 3902/848/2
f 3868/849/2 3869/847/2 3902/848/2
f 3868/849/2 3902/848/2 3903/850/2
f 3867/851/2 3868/849/2 3903/850/2
f 3866/852/2 3867/851/2 3903/850/2
f 3866/852/2 3903/850/2 3904/853/2
f 3865/854/2 3866/852/2 3904/853/2
f 3865/854/2 3904/853/2 3905/855/2
f 3864/856/2 3865/854/2 3905/855/2
f 3863/857/2 3864/856/2 3905/855/2
f 3863/857/2 3905/855/2 3906/858/2
f 3862/859/2 3863/857/2 3906/858/2
f 3862/859/2 3906/858/2 3907/860/2
f 3861/861/2 3862/859/2 3907/860/2
f 3860/862/2 3861/861/2 3907/860/2
f 3859/863/2 3860/862/2 3803/864/2
f 3803/864/2 3860/862/2 3907/860/2
f 3859/863/2 3803/864/2 3804/865/2
f 3802/866/2 3803/864/2 3907/860/2
f 3802/866/2 3907/860/2 3908/867/2
f 3858/868/2 3859/863/2 3804/865/2
f 3801/869/2 3802/866/2 3908/867/2
f 3858/868/2 3804/865/2 3805/870/2
f 3800/871/2 3801/869/2 3908/867/2
f 3799/872/2 3800/871/2 3908/867/2
f 3858/868/2 3805/870/2 3806/873/2
f 3798/874/2 3799/872/2 3908/867/2
f 3858/868/2 3806/873/2 3807/875/2
f 3797/876/2 3798/874/2 3908/867/2
f 3857/877/2 3858/868/2 3807/875/2
f 3796/878/2 3797/876/2 3908/867/2
f 3857/877/2 3807/875/2 3808/879/2
f 3795/880/2 3796/878/2 3908/867/2
f 3857/877/2 3808/879/2 3809/881/2
f 3794/882/2 3795/880/2 3908/867/2
f 3856/883/2 3857/877/2 3809/881/2
f 3793/884/2 3794/882/2 3908/867/2
f 3856/883/2 3809/881/2 3810/885/2
f 3793/884/2 3908/867/2 3909/886/2
f 3792/887/2 3793/884/2 3909/886/2
f 3855/888/2 3856/883/2 3810/885/2
f 3791/889/2 3792/887/2 3909/886/2
f 3855/888/2 3810/885/2 3811/890/2
f 3854/891/2 3855/888/2 3811/890/2
f 3790/892/2 3791/889/2 3909/886/2
f 3854/891/2 3811/890/2 3812/893/2
f 3789/894/2 3790/892/2 3909/886/2
f 3853/895/2 3854/891/2 3812/893/2
f 3788/896/2 3789/894/2 3909/886/2
f 3788/896/2 3909/886/2 3910/897/2
f 3853/895/2 3812/893/2 3813/898/2
f 3852/899/2 3853/895/2 3813/898/2
f 3787/900/2 3788/896/2 3910/897/2
f 3786/901/2 3787/900/2 3910/897/2
f 3851/902/2 3852/899/2 3813/898/2
f 3851/902/2 3813/898/2 3814/903/2
f 3785/904/2 3786/901/2 3910/897/2
f 3850/905/2 3851/902/2 3814/903/2
f 3784/906/2 3785/904/2 3910/897/2
f 3784/906/2 3910/897/2 3911/907/2
f 3850/905/2 3814/903/2 3815/908/2
f 3783/909/2 3784/906/2 3911/907/2
f 3849/910/2 3850/905/2 3815/908/2
f 3782/911/2 3783/909/2 3911/907/2
f 3848/912/2 3849/910/2 3815/908/2
f 3781/913/2 3782/911/2 3911/907/2
f 3848/912/2 3815/908/2 3816/914/2
f 3780/915/2 3781/913/2 3911/907/2
f 3847/916/2 3848/912/2 3816/914/2
f 3780/915/2 3911/907/2 3912/917/2
f 3779/918/2 3780/915/2 3912/917/2
f 3846/919/2 3847/916/2 3816/914/2
f 3846/919/2 3816/914/2 3817/920/2
f 3778/921/2 3779/918/2 3912/917/2
f 3845/922/2 3846/919/2 3817/920/2
f 3845/922/2 3817/920/2 3818/923/2
f 3844/924/2 3845/922/2 3818/923/2
f 3843/925/2 3844/924/2 3818/923/2
f 3778/921/2 3912/917/2 3913/926/2
f 3843/925/2 3818/923/2 3819/927/2
f 3777/928/2 3778/921/2 3913/926/2
f 3842/929/2 3843/925/2 3819/927/2
f 3841/930/2 3842/929/2 3819/927/2
f 3841/930/2 3819/927/2 3820/931/2
f 3840/932/2 3841/930/2 3820/931/2
f 3840/932/2 3820/931/2 3821/933/2
f 3839/934/2 3840/932/2 3821/933/2
f 3777/928/2 3913/926/2 3914/935/2
f 3776/936/2 3777/928/2 3914/935/2
f 3838/937/2 3839/934/2 3821/933/2
f 3838/937/2 3821/933/2 3822/938/2
f 3837/939/2 3838/937/2 3822/938/2
f 3836/940/2 3837/939/2 3822/938/2
f 3836/940/2 3822/938/2 3823/941/2
f 3835/942/2 3836/940/2 3823/941/2
f 3834/943/2 3835/942/2 3823/941/2
f 3834/943/2 3823/941/2 3824/944/2
f 3833/945/2 3834/943/2 3824/944/2
f 3832/946/2 3833/945/2 3824/944/2
f 3832/946/2 3824/944/2 3825/947/2
f 3775/948/2 3776/936/2 3914/935/2
f 3831/949/2 3832/946/2 3825/947/2
f 3830/950/2 3831/949/2 3825/947/2
f 3830/950/2 3825/947/2 3826/951/2
f 3775/948/2 3914/935/2 3915/952/2
f 3829/953/2 3830/950/2 3826/951/2
f 3828/954/2 3829/953/2 3826/951/2
f 3828/954/2 3826/951/2 3827/955/2
f 3774/956/2 3775/948/2 3915/952/2
f 3774/956/2 3915/952/2 3916/957/2
f 3773/958/2 3774/956/2 3916/957/2
f 3773/958/2 3916/957/2 3917/959/2
f 3772/960/2 3773/958/2 3917/959/2
f 3772/960/2 3917/959/2 3918/961/2
f 3771/962/2 3772/960/2 3918/961/2
f 3771/962/2 3918/961/2 3919/963/2
f 3770/964/2 3771/962/2 3919/963/2
f 3770/964/2 3919/963/2 3920/965/2
f 3769/966/2 3770/964/2 3920/965/2
f 3769/966/2 3920/965/2 3921/967/2
f 3768/968/2 3769/966/2 3921/967/2
f 3768/968/2 3921/967/2 3922/969/2
f 3767/970/2 3768/968/2 3922/969/2
f 3767/970/2 3922/969/2 3923/971/2
f 3766/972/2 3767/970/2 3923/971/2
f 3765/973/2 3766/972/2 3923/971/2
f 3765/973/2 3923/971/2 3924/974/2
f 3764/975/2 3765/973/2 3924/974/2
f 3764/975/2 3924/974/2 3925/976/2
f 3763/977/2 3764/975/2 3925/976/2
f 3763/977/2 3925/976/2 3926/978/2
f 3762/979/2 3763/977/2 3926/978/2
f 3762/979/2 3926/978/2 3927/980/2
f 3761/981/2 3762/979/2 3927/980/2
f 3761/981/2 3927/980/2 3928/982/2
f 3760/983/2 3761/981/2 3928/982/2
f 3760/983/2 3928/982/2 3929/984/2
f 3759/985/2 3760/983/2 3929/984/2
f 3759/985/2 3929/984/2 3930/986/2
f 3758/987/2 3759/985/2 3930/986/2
f 3758/987/2 3930/986/2 3931/988/2
f 3757/989/2 3758/987/2 3931/988/2
f 3757/989/2 3931/988/2 3932/990/2
f 3756/991/2 3757/989/2 3932/990/2
f 3756/991/2 3932/990/2 3933/992/2
f 3755/993/2 3756/991/2 3933/992/2
f 3755/993/2 3933/992/2 3934/994/2
f 3754/995/2 3755/993/2 3934/994/2
f 3754/995/2 3934/994/2 3935/996/2
f 3753/997/2 3754/995/2 3935/996/2
f 3753/997/2 3935/996/2 3936/998/2
f 3752/999/2 3753/997/2 3936/998/2
f 3752/999/2 3936/998/2 3937/1000/2
f 3751/1001/2 3752/999/2 3937/1000/2
f 3751/1001/2 3937/1000/2 3938/1002/2
f 3750/1003/2 3751/1001/2 3938/1002/2
f 3750/1003/2 3938/1002/2 3939/1004/2
f 3750/1003/2 3939/1004/2 3940/1005/2
f 3749/1006/2 3750/1003/2 3940/1005/2
f 3749/1006/2 3940/1005/2 3941/1007/2
f 3748/1008/2 3749/1006/2 3941/1007/2
f 3748/1008/2 3941/1007/2 3942/1009/2
f 3747/1010/2 3748/1008/2 3942/1009/2
f 3747/1010/2 3942/1009/2 3943/1011/2
f 3746/1012/2 3747/1010/2 3943/1011/2
f 3746/1012/2 3943/1011/2 3944/1013/2
f 3745/1014/2 3746/1012/2 3944/1013/2
f 3745/1014/2 3944/1013/2 3945/1015/2
f 3745/1014/2 3945/1015/2 3946/1016/2
f 3744/1017/2 3745/1014/2 3946/1016/2
f 3744/1017/2 3946/1016/2 3947/1018/2
f 3743/1019/2 3744/1017/2 3947/1018/2
f 3743/1019/2 3947/1018/2 3948/1020/2
f 3742/1021/2 3743/1019/2 3948/1020/2
f 3742/1021/2 3948/1020/2 3949/1022/2
f 3741/1023/2 3742/1021/2 3949/1022/2
f 3741/1023/2 3949/1022/2 3950/1024/2
f 3740/1025/2 3741/1023/2 3950/1024/2
f 3740/1025/2 3950/1024/2 3951/1026/2
f 3739/1027/2 3740/1025/2 3951/1026/2
f 3739/1027/2 3951/1026/2 3952/1028/2
f 3738/1029/2 3739/1027/2 3952/1028/2
f 3738/1029/2 3952/1028/2 3953/1030/2
f 3737/1031/2 3738/1029/2 3953/1030/2
f 3737/1031/2 3953/1030/2 3954/1032/2
f 3736/1033/2 3737/1031/2 3954/1032/2
f 3736/1033/2 3954/1032/2 3955/1034/2
f 3735/1035/2 3736/1033/2 3955/1034/2
f 3735/1035/2 3955/1034/2 3956/1036/2
f 3734/1037/2 3735/1035/2 3956/1036/2
f 3734/1037/2 3956/1036/2 3957/1038/2
f 3734/1037/2 3957/1038/2 3958/1039/2
f 3733/1040/2 3734/1037/2 3958/1039/2
f 3982/1041/2 3983/1043/2 3984/1042/2
f 3981/1044/2 3982/1041/2 3984/1042/2
f 3981/1044/2 3984/1042/2 3985/1045/2
f 3980/1046/2 3981/1044/2 3985/1045/2
f 3979/1047/2 3980/1046/2 3985/1045/2
f 3733/1040/2 3958/1039/2 3959/1048/2
f 3979/1047/2 3985/1045/2 3986/1049/2
f 3978/1050/2 3979/1047/2 3986/1049/2
f 3977/1051/2 3978/1050/2 3986/1049/2
f 3977/1051/2 3986/1049/2 3987/1052/2
f 3976/1053/2 3977/1051/2 3987/1052/2
f 3975/1054/2 3976/1053/2 3987/1052/2
f 3975/1054/2 3987/1052/2 3988/1055/2
f 3974/1056/2 3975/1054/2 3988/1055/2
f 3732/1057/2 3733/1040/2 3959/1048/2
f 3973/1058/2 3974/1056/2 3988/1055/2
f 3973/1058/2 3988/1055/2 3989/1059/2
f 3972/1060/2 3973/1058/2 3989/1059/2
f 3971/1061/2 3972/1060/2 3989/1059/2
f 3971/1061/2 3989/1059/2 3990/1062/2
f 3970/1063/2 3971/1061/2 3990/1062/2
f 3969/1064/2 3970/1063/2 3990/1062/2
f 3969/1064/2 3990/1062/2 3991/1065/2
f 3968/1066/2 3969/1064/2 3991/1065/2
f 3967/1067/2 3968/1066/2 3991/1065/2
f 3967/1067/2 3991/1065/2 3992/1068/2
f 3966/1069/2 3967/1067/2 3992/1068/2
f 3965/1070/2 3966/1069/2 3992/1068/2
f 3964/1071/2 3965/1070/2 3992/1068/2
f 3964/1071/2 3992/1068/2 3993/1072/2
f 3963/1073/2 3964/1071/2 3993/1072/2
f 3962/1074/2 3963/1073/2 3993/1072/2
f 3961/1075/2 3962/1074/2 3993/1072/2
f 3960/1076/2 3961/1075/2 3993/1072/2
f 3960/1076/2 3993/1072/2 3994/1077/2
f 3959/1048/2 3960/1076/2 3994/1077/2
f 3732/1057/2 3959/1048/2 3994/1077/2
f 3732/1057/2 3994/1077/2 3995/1078/2
f 3731/1079/2 3732/1057/2 3995/1078/2
f 3731/1079/2 3995/1078/2 3996/1080/2
f 3731/1079/2 3996/1080/2 3997/1081/2
f 3731/1079/2 3997/1081/2 3998/1082/2
f 3731/1079/2 3998/1082/2 3999/1083/2
f 3730/1084/2 3731/1079/2 3999/1083/2
f 3730/1084/2 3999/1083/2 4000/1085/2
f 3730/1084/2 4000/1085/2 4001/1086/2
f 3729/1087/2 3730/1084/2 4001/1086/2
f 3729/1087/2 4001/1086/2 4002/1088/2
f 3728/1089/2 3729/1087/2 4002/1088/2
f 3728/1089/2 4002/1088/2 4003/1090/2
f 3728/1089/2 4003/1090/2 4004/1091/2
f 3727/1092/2 3728/1089/2 4004/1091/2
f 3727/1092/2 4004/1091/2 4005/1093/2
f 3726/1094/2 3727/1092/2 4005/1093/2
f 3726/1094/2 4005/1093/2 4006/1095/2
f 3725/1096/2 3726/1094/2 4006/1095/2
f 3725/1096/2 4006/1095/2 4007/1097/2
f 3724/1098/2 3725/1096/2 4007/1097/2
f 3724/1098/2 4007/1097/2 4008/1099/2
f 3723/1100/2 3724/1098/2 4008/1099/2
f 3723/1100/2 4008/1099/2 4009/1101/2
f 3722/1102/2 3723/1100/2 4009/1101/2
f 3722/1102/2 4009/1101/2 4010/1103/2
f 3722/1102/2 4010/1103/2 4011/1104/2
f 3721/1105/2 3722/1102/2 4011/1104/2
f 3721/1105/2 4011/1104/2 4012/1106/2
f 3720/1107/2 3721/1105/2 4012/1106/2
f 3720/1107/2 4012/1106/2 4013/1108/2
f 3719/1109/2 3720/1107/2 4013/1108/2
f 3719/1109/2 4013/1108/2 4014/1110/2
f 3718/1111/2 3719/1109/2 4014/1110/2
f 3718/1111/2 4014/1110/2 4015/1112/2
f 3718/1111/2 4015/1112/2 4016/1113/2
f 3717/1114/2 3718/1111/2 4016/1113/2
f 3717/1114/2 4016/1113/2 4017/1115/2
f 3716/1116/2 3717/1114/2 4017/1115/2
f 3716/1116/2 4017/1115/2 4018/105/2
f 3716/1116/2 4018/105/2 3622/107/2
f 3715/1117/2 3716/1116/2 3622/107/2
f 3715/1117/2 3622/107/2 3623/1118/2
f 3714/1119/2 3715/1117/2 3623/1118/2
f 3714/1119/2 3623/1118/2 3624/1120/2
f 3713/1121/2 3714/1119/2 3624/1120/2
f 3713/1121/2 3624/1120/2 3625/1122/2
f 3712/1123/2 3713/1121/2 3625/1122/2
f 3712/1123/2 3625/1122/2 3626/1124/2
f 3711/1125/2 3712/1123/2 3659/1126/2
f 3659/1126/2 3712/1123/2 3626/1124/2
f 3659/1126/2 3626/1124/2 3658/1127/2
f 3658/1127/2 3626/1124/2 3627/1128/2
f 3711/1125/2 3659/1126/2 3660/1129/2
f 3711/1125/2 3660/1129/2 3661/1130/2
f 3711/1125/2 3661/1130/2 3662/1131/2
f 3711/1125/2 3662/1131/2 3663/1132/2
f 3657/1133/2 3658/1127/2 3627/1128/2
f 3711/1125/2 3663/1132/2 3664/1134/2
f 3656/1135/2 3657/1133/2 3627/1128/2
f 3655/1136/2 3656/1135/2 3627/1128/2
f 3654/1137/2 3655/1136/2 3627/1128/2
f 3711/1125/2 3664/1134/2 3665/1138/2
f 3653/1139/2 3654/1137/2 3627/1128/2
f 3711/1125/2 3665/1138/2 3666/1140/2
f 3652/1141/2 3653/1139/2 3627/1128/2
f 3710/1142/2 3711/1125/2 3666/1140/2
f 3651/1143/2 3652/1141/2 3627/1128/2
f 3710/1142/2 3666/1140/2 3667/1144/2
f 3651/1143/2 3627/1128/2 3628/1145/2
f 3650/1146/2 3651/1143/2 3628/1145/2
f 3710/1142/2 3667/1144/2 3668/1147/2
f 3649/1148/2 3650/1146/2 3628/1145/2
f 3710/1142/2 3668/1147/2 3669/1149/2
f 3648/1150/2 3649/1148/2 3628/1145/2
f 3709/1151/2 3710/1142/2 3669/1149/2
f 3709/1151/2 3669/1149/2 3670/1152/2
f 3647/1153/2 3648/1150/2 3628/1145/2
f 3647/1153/2 3628/1145/2 3629/1154/2
f 3709/1151/2 3670/1152/2 3671/1155/2
f 3646/1156/2 3647/1153/2 3629/1154/2
f 3708/1157/2 3709/1151/2 3671/1155/2
f 3708/1157/2 3671/1155/2 3672/1158/2
f 3645/1159/2 3646/1156/2 3629/1154/2
f 3707/1160/2 3708/1157/2 3672/1158/2
f 3645/1159/2 3629/1154/2 3630/1161/2
f 3644/1162/2 3645/1159/2 3630/1161/2
f 3706/1163/2 3707/1160/2 3672/1158/2
f 3706/1163/2 3672/1158/2 3673/1164/2
f 3705/1165/2 3706/1163/2 3673/1164/2
f 3704/1166/2 3705/1165/2 3673/1164/2
f 3703/1167/2 3704/1166/2 3673/1164/2
f 3702/1168/2 3703/1167/2 3673/1164/2
f 3701/1169/2 3702/1168/2 3673/1164/2
f 3700/1170/2 3701/1169/2 3673/1164/2
f 3643/1171/2 3644/1162/2 3630/1161/2
f 3699/1172/2 3700/1170/2 3673/1164/2
f 3699/1172/2 3673/1164/2 3674/1173/2
f 3698/1174/2 3699/1172/2 3674/1173/2
f 3642/1175/2 3643/1171/2 3630/1161/2
f 3697/1176/2 3698/1174/2 3674/1173/2
f 3642/1175/2 3630/1161/2 3631/1177/2
f 3697/1176/2 3674/1173/2 3675/1178/2
f 3696/1179/2 3697/1176/2 3675/1178/2
f 3641/1180/2 3642/1175/2 3631/1177/2
f 3695/1181/2 3696/1179/2 3675/1178/2
f 3695/1181/2 3675/1178/2 3676/1182/2
f 3694/1183/2 3695/1181/2 3676/1182/2
f 3640/1184/2 3641/1180/2 3631/1177/2
f 3640/1184/2 3631/1177/2 3632/1185/2
f 3693/1186/2 3694/1183/2 3676/1182/2
f 3693/1186/2 3676/1182/2 3677/1187/2
f 3639/1188/2 3640/1184/2 3632/1185/2
f 3692/1189/2 3693/1186/2 3677/1187/2
f 3638/1190/2 3639/1188/2 3632/1185/2
f 3692/1189/2 3677/1187/2 3678/1191/2
f 3691/1192/2 3692/1189/2 3678/1191/2
f 3638/1190/2 3632/1185/2 3633/1193/2
f 3637/1194/2 3638/1190/2 3633/1193/2
f 3690/1195/2 3691/1192/2 3678/1191/2
f 3690/1195/2 3678/1191/2 3679/1196/2
f 3636/1197/2 3637/1194/2 3633/1193/2
f 3689/1198/2 3690/1195/2 3679/1196/2
f 3636/1197/2 3633/1193/2 3634/1199/2
f 3635/1200/2 3636/1197/2 3634/1199/2
f 3689/1198/2 3679/1196/2 3680/1201/2
f 3688/1202/2 3689/1198/2 3680/1201/2
f 3687/1203/2 3688/1202/2 3680/1201/2
f 3687/1203/2 3680/1201/2 3681/1204/2
f 3686/1205/2 3687/1203/2 3681/1204/2
f 3686/1205/2 3681/1204/2 3682/1206/2
f 3685/1207/2 3686/1205/2 3682/1206/2
f 3684/1208/2 3685/1207/2 3682/1206/2
f 3684/1208/2 3682/1206/2 3683/1209/2
f 4078/143/2 4079/142/2 4080/141/2
f 4078/143/2 4080/141/2 4081/139/2
f 4077/144/2 4078/143/2 4081/139/2
f 4077/144/2 4081/139/2 4082/138/2
f 4076/145/2 4077/144/2 4082/138/2
f 4076/145/2 4082/138/2 4083/137/2
f 4075/146/2 4076/145/2 4083/137/2
f 4075/146/2 4083/137/2 4084/136/2
f 4074/147/2 4075/146/2 4084/136/2
f 4074/147/2 4084/136/2 4085/135/2
f 4073/148/2 4074/147/2 4085/135/2
f 4073/148/2 4085/135/2 4086/134/2
f 4072/150/2 4073/148/2 4086/134/2
f 4072/150/2 4086/134/2 4087/133/2
f 4071/151/2 4072/150/2 4087/133/2
f 4071/151/2 4087/133/2 4088/132/2
f 4070/152/2 4071/151/2 4088/132/2
f 4070/152/2 4088/132/2 4089/131/2
f 4069/153/2 4070/152/2 4089/131/2
f 4069/153/2 4089/131/2 4090/130/2
f 4068/154/2 4069/153/2 4090/130/2
f 4068/154/2 4090/130/2 4091/128/2
f 4067/155/2 4068/154/2 4091/128/2
f 4067/155/2 4091/128/2 4127/70/2
f 4127/70/2 4091/128/2 4092/127/2
f 4066/157/2 4067/155/2 4128/69/2
f 4128/69/2 4067/155/2 4127/70/2
f 4126/72/2 4127/70/2 4092/127/2
f 4125/73/2 4126/72/2 4092/127/2
f 4066/157/2 4128/69/2 4129/68/2
f 4124/74/2 4125/73/2 4092/127/2
f 4124/74/2 4092/127/2 4093/125/2
f 4066/157/2 4129/68/2 4130/67/2
f 4123/76/2 4124/74/2 4093/125/2
f 4066/157/2 4130/67/2 4131/66/2
f 4122/77/2 4123/76/2 4093/125/2
f 4066/157/2 4131/66/2 4132/64/2
f 4121/79/2 4122/77/2 4093/125/2
f 4066/157/2 4132/64/2 4133/63/2
f 4120/80/2 4121/79/2 4093/125/2
f 4065/158/2 4066/157/2 4133/63/2
f 4120/80/2 4093/125/2 4094/124/2
f 4065/158/2 4133/63/2 4134/62/2
f 4119/82/2 4120/80/2 4094/124/2
f 4118/84/2 4119/82/2 4094/124/2
f 4065/158/2 4134/62/2 4135/61/2
f 4117/85/2 4118/84/2 4094/124/2
f 4065/158/2 4135/61/2 4136/60/2
f 4064/159/2 4065/158/2 4136/60/2
f 4117/85/2 4094/124/2 4095/122/2
f 4116/87/2 4117/85/2 4095/122/2
f 4064/159/2 4136/60/2 4137/58/2
f 4115/89/2 4116/87/2 4095/122/2
f 4115/89/2 4095/122/2 4096/120/2
f 4063/160/2 4064/159/2 4137/58/2
f 4063/160/2 4137/58/2 4138/57/2
f 4210/105/2 4115/89/2 4096/120/2
f 4063/160/2 4138/57/2 4139/56/2
f 4209/102/2 4210/105/2 4096/120/2
f 4209/102/2 4096/120/2 4097/119/2
f 4062/161/2 4063/160/2 4139/56/2
f 4062/161/2 4139/56/2 4140/55/2
f 4208/100/2 4209/102/2 4097/119/2
f 4062/161/2 4140/55/2 4141/53/2
f 4207/98/2 4208/100/2 4097/119/2
f 4207/98/2 4097/119/2 4098/117/2
f 4061/162/2 4062/161/2 4141/53/2
f 4061/162/2 4141/53/2 4142/52/2
f 4206/95/2 4207/98/2 4098/117/2
f 4206/95/2 4098/117/2 4099/116/2
f 4060/163/2 4061/162/2 4142/52/2
f 4060/163/2 4142/52/2 4143/51/2
f 4205/93/2 4206/95/2 4099/116/2
f 4060/163/2 4143/51/2 4144/50/2
f 4205/93/2 4099/116/2 4100/114/2
f 4204/90/2 4205/93/2 4100/114/2
f 4059/165/2 4060/163/2 4144/50/2
f 4059/165/2 4144/50/2 4145/48/2
f 4203/88/2 4204/90/2 4100/114/2
f 4203/88/2 4100/114/2 4101/112/2
f 4059/165/2 4145/48/2 4146/47/2
f 4058/166/2 4059/165/2 4146/47/2
f 4202/86/2 4203/88/2 4101/112/2
f 4058/166/2 4146/47/2 4147/46/2
f 4202/86/2 4101/112/2 4102/111/2
f 4057/167/2 4058/166/2 4147/46/2
f 4201/83/2 4202/86/2 4102/111/2
f 4057/167/2 4147/46/2 4148/44/2
f 4057/167/2 4148/44/2 4149/43/2
f 4201/83/2 4102/111/2 4103/109/2
f 4200/81/2 4201/83/2 4103/109/2
f 4056/168/2 4057/167/2 4149/43/2
f 4056/168/2 4149/43/2 4150/42/2
f 4199/78/2 4200/81/2 4103/109/2
f 4199/78/2 4103/109/2 4104/108/2
f 4055/169/2 4056/168/2 4150/42/2
f 4055/169/2 4150/42/2 4151/41/2
f 4198/75/2 4199/78/2 4104/108/2
f 4055/169/2 4151/41/2 4152/39/2
f 4054/170/2 4055/169/2 4152/39/2
f 4198/75/2 4104/108/2 4105/106/2
f 4197/71/2 4198/75/2 4105/106/2
f 4054/170/2 4152/39/2 4153/38/2
f 4053/171/2 4054/170/2 4153/38/2
f 4053/171/2 4153/38/2 4154/37/2
f 4196/65/2 4197/71/2 4105/106/2
f 4196/65/2 4105/106/2 4106/104/2
f 4053/171/2 4154/37/2 4155/36/2
f 4052/173/2 4053/171/2 4155/36/2
f 4195/59/2 4196/65/2 4106/104/2
f 4052/173/2 4155/36/2 4156/34/2
f 4195/59/2 4106/104/2 4107/103/2
f 4194/54/2 4195/59/2 4107/103/2
f 4051/175/2 4052/173/2 4156/34/2
f 4051/175/2 4156/34/2 4157/33/2
f 4193/49/2 4194/54/2 4107/103/2
f 4051/175/2 4157/33/2 4158/32/2
f 4050/177/2 4051/175/2 4158/32/2
f 4193/49/2 4107/103/2 4108/101/2
f 4050/177/2 4158/32/2 4159/31/2
f 4192/45/2 4193/49/2 4108/101/2
f 4049/180/2 4050/177/2 4159/31/2
f 4049/180/2 4159/31/2 4160/29/2
f 4192/45/2 4108/101/2 4109/99/2
f 4191/40/2 4192/45/2 4109/99/2
f 4049/180/2 4160/29/2 4161/28/2
f 4048/182/2 4049/180/2 4161/28/2
f 4190/35/2 4191/40/2 4109/99/2
f 4048/182/2 4161/28/2 4162/27/2
f 4190/35/2 4109/99/2 4110/97/2
f 4048/182/2 4162/27/2 4163/25/2
f 4189/30/2 4190/35/2 4110/97/2
f 4047/184/2 4048/182/2 4163/25/2
f 4047/184/2 4163/25/2 4164/23/2
f 4188/26/2 4189/30/2 4110/97/2
f 4188/26/2 4110/97/2 4111/96/2
f 4046/186/2 4047/184/2 4164/23/2
f 4046/186/2 4164/23/2 4165/21/2
f 4187/24/2 4188/26/2 4111/96/2
f 4186/22/2 4187/24/2 4111/96/2
f 4046/186/2 4165/21/2 4166/19/2
f 4045/188/2 4046/186/2 4166/19/2
f 4186/22/2 4111/96/2 4112/94/2
f 4185/20/2 4186/22/2 4112/94/2
f 4045/188/2 4166/19/2 4167/17/2
f 4184/18/2 4185/20/2 4112/94/2
f 4044/190/2 4045/188/2 4167/17/2
f 4044/190/2 4167/17/2 4168/15/2
f 4184/18/2 4112/94/2 4113/92/2
f 4183/16/2 4184/18/2 4113/92/2
f 4044/190/2 4168/15/2 4169/13/2
f 4182/14/2 4183/16/2 4113/92/2
f 4043/192/2 4044/190/2 4169/13/2
f 4043/192/2 4169/13/2 4170/11/2
f 4181/12/2 4182/14/2 4113/92/2
f 4181/12/2 4113/92/2 4114/91/2
f 4180/10/2 4181/12/2 4114/91/2
f 4043/192/2 4170/11/2 4171/9/2
f 4042/191/2 4043/192/2 4171/9/2
f 4179/8/2 4180/10/2 4114/91/2
f 4042/191/2 4171/9/2 4172/7/2
f 4178/6/2 4179/8/2 4114/91/2
f 4042/191/2 4172/7/2 4173/5/2
f 4177/4/2 4178/6/2 4114/91/2
f 4042/191/2 4173/5/2 4174/1/2
f 4176/2/2 4177/4/2 4114/91/2
f 4176/2/2 4114/91/2 4019/107/2
f 4042/191/2 4174/1/2 4175/3/2
f 4175/3/2 4176/2/2 4019/107/2
f 4042/191/2 4175/3/2 4019/107/2
f 4041/189/2 4042/191/2 4019/107/2
f 4041/189/2 4019/107/2 4020/110/2
f 4040/187/2 4041/189/2 4020/110/2
f 4040/187/2 4020/110/2 4021/113/2
f 4039/185/2 4040/187/2 4021/113/2
f 4039/185/2 4021/113/2 4022/115/2
f 4038/183/2 4039/185/2 4022/115/2
f 4038/183/2 4022/115/2 4023/118/2
f 4038/183/2 4023/118/2 4024/121/2
f 4037/181/2 4038/183/2 4024/121/2
f 4037/181/2 4024/121/2 4025/123/2
f 4036/179/2 4037/181/2 4025/123/2
f 4036/179/2 4025/123/2 4026/126/2
f 4035/178/2 4036/179/2 4026/126/2
f 4035/178/2 4026/126/2 4027/129/2
f 4034/176/2 4035/178/2 4027/129/2
f 4034/176/2 4027/129/2 4028/140/2
f 4033/174/2 4034/176/2 4028/140/2
f 4033/174/2 4028/140/2 4029/149/2
f 4032/172/2 4033/174/2 4029/149/2
f 4032/172/2 4029/149/2 4030/156/2
f 4031/164/2 4032/172/2 4030/156/2
f 4475/815/2 4476/817/2 4477/816/2
f 4474/818/2 4475/815/2 4477/816/2
f 4474/818/2 4477/816/2 4478/819/2
f 4473/820/2 4474/818/2 4478/819/2
f 4473/820/2 4478/819/2 4479/821/2
f 4472/822/2 4473/820/2 4479/821/2
f 4472/822/2 4479/821/2 4480/823/2
f 4471/824/2 4472/822/2 4480/823/2
f 4471/824/2 4480/823/2 4481/825/2
f 4470/826/2 4471/824/2 4481/825/2
f 4470/826/2 4481/825/2 4482/827/2
f 4469/828/2 4470/826/2 4482/827/2
f 4469/828/2 4482/827/2 4483/829/2
f 4468/830/2 4469/828/2 4483/829/2
f 4468/830/2 4483/829/2 4484/831/2
f 4467/832/2 4468/830/2 4484/831/2
f 4466/833/2 4467/832/2 4484/831/2
f 4466/833/2 4484/831/2 4485/834/2
f 4465/835/2 4466/833/2 4485/834/2
f 4465/835/2 4485/834/2 4486/836/2
f 4464/837/2 4465/835/2 4486/836/2
f 4464/837/2 4486/836/2 4487/838/2
f 4463/839/2 4464/837/2 4487/838/2
f 4463/839/2 4487/838/2 4488/840/2
f 4462/841/2 4463/839/2 4488/840/2
f 4461/842/2 4462/841/2 4488/840/2
f 4461/842/2 4488/840/2 4489/843/2
f 4460/844/2 4461/842/2 4489/843/2
f 4460/844/2 4489/843/2 4490/845/2
f 4459/846/2 4460/844/2 4490/845/2
f 4458/847/2 4459/846/2 4490/845/2
f 4458/847/2 4490/845/2 4491/848/2
f 4457/849/2 4458/847/2 4491/848/2
f 4457/849/2 4491/848/2 4492/850/2
f 4456/851/2 4457/849/2 4492/850/2
f 4455/852/2 4456/851/2 4492/850/2
f 4455/852/2 4492/850/2 4493/853/2
f 4454/854/2 4455/852/2 4493/853/2
f 4454/854/2 4493/853/2 4494/855/2
f 4453/856/2 4454/854/2 4494/855/2
f 4452/857/2 4453/856/2 4494/855/2
f 4452/857/2 4494/855/2 4495/858/2
f 4451/859/2 4452/857/2 4495/858/2
f 4451/859/2 4495/858/2 4496/860/2
f 4450/861/2 4451/859/2 4496/860/2
f 4449/862/2 4450/861/2 4496/860/2
f 4448/863/2 4449/862/2 4392/864/2
f 4392/864/2 4449/862/2 4496/860/2
f 4448/863/2 4392/864/2 4393/865/2
f 4391/866/2 4392/864/2 4496/860/2
f 4391/866/2 4496/860/2 4497/867/2
f 4447/868/2 4448/863/2 4393/865/2
f 4390/869/2 4391/866/2 4497/867/2
f 4447/868/2 4393/865/2 4394/870/2
f 4389/871/2 4390/869/2 4497/867/2
f 4388/872/2 4389/871/2 4497/867/2
f 4447/868/2 4394/870/2 4395/873/2
f 4387/874/2 4388/872/2 4497/867/2
f 4447/868/2 4395/873/2 4396/875/2
f 4386/876/2 4387/874/2 4497/867/2
f 4446/877/2 4447/868/2 4396/875/2
f 4385/878/2 4386/876/2 4497/867/2
f 4446/877/2 4396/875/2 4397/879/2
f 4384/880/2 4385/878/2 4497/867/2
f 4446/877/2 4397/879/2 4398/881/2
f 4383/882/2 4384/880/2 4497/867/2
f 4445/883/2 4446/877/2 4398/881/2
f 4382/884/2 4383/882/2 4497/867/2
f 4445/883/2 4398/881/2 4399/885/2
f 4382/884/2 4497/867/2 4498/886/2
f 4381/887/2 4382/884/2 4498/886/2
f 4444/888/2 4445/883/2 4399/885/2
f 4380/889/2 4381/887/2 4498/886/2
f 4444/888/2 4399/885/2 4400/890/2
f 4443/891/2 4444/888/2 4400/890/2
f 4379/892/2 4380/889/2 4498/886/2
f 4443/891/2 4400/890/2 4401/893/2
f 4378/894/2 4379/892/2 4498/886/2
f 4442/895/2 4443/891/2 4401/893/2
f 4377/896/2 4378/894/2 4498/886/2
f 4377/896/2 4498/886/2 4499/897/2
f 4442/895/2 4401/893/2 4402/898/2
f 4441/899/2 4442/895/2 4402/898/2
f 4376/900/2 4377/896/2 4499/897/2
f 4375/901/2 4376/900/2 4499/897/2
f 4440/902/2 4441/899/2 4402/898/2
f 4440/902/2 4402/898/2 4403/903/2
f 4374/904/2 4375/901/2 4499/897/2
f 4439/905/2 4440/902/2 4403/903/2
f 4373/906/2 4374/904/2 4499/897/2
f 4373/906/2 4499/897/2 4500/907/2
f 4439/905/2 4403/903/2 4404/908/2
f 4372/909/2 4373/906/2 4500/907/2
f 4438/910/2 4439/905/2 4404/908/2
f 4371/911/2 4372/909/2 4500/907/2
f 4437/912/2 4438/910/2 4404/908/2
f 4370/913/2 4371/911/2 4500/907/2
f 4437/912/2 4404/908/2 4405/914/2
f 4369/915/2 4370/913/2 4500/907/2
f 4436/916/2 4437/912/2 4405/914/2
f 4369/915/2 4500/907/2 4501/917/2
f 4368/918/2 4369/915/2 4501/917/2
f 4435/919/2 4436/916/2 4405/914/2
f 4435/919/2 4405/914/2 4406/920/2
f 4367/921/2 4368/918/2 4501/917/2
f 4434/922/2 4435/919/2 4406/920/2
f 4434/922/2 4406/920/2 4407/923/2
f 4433/924/2 4434/922/2 4407/923/2
f 4432/925/2 4433/924/2 4407/923/2
f 4367/921/2 4501/917/2 4502/926/2
f 4432/925/2 4407/923/2 4408/927/2
f 4366/928/2 4367/921/2 4502/926/2
f 4431/929/2 4432/925/2 4408/927/2
f 4430/930/2 4431/929/2 4408/927/2
f 4430/930/2 4408/927/2 4409/931/2
f 4429/932/2 4430/930/2 4409/931/2
f 4429/932/2 4409/931/2 4410/933/2
f 4428/934/2 4429/932/2 4410/933/2
f 4366/928/2 4502/926/2 4503/935/2
f 4365/936/2 4366/928/2 4503/935/2
f 4427/937/2 4428/934/2 4410/933/2
f 4427/937/2 4410/933/2 4411/938/2
f 4426/939/2 4427/937/2 4411/938/2
f 4425/940/2 4426/939/2 4411/938/2
f 4425/940/2 4411/938/2 4412/941/2
f 4424/942/2 4425/940/2 4412/941/2
f 4423/943/2 4424/942/2 4412/941/2
f 4423/943/2 4412/941/2 4413/944/2
f 4422/945/2 4423/943/2 4413/944/2
f 4421/946/2 4422/945/2 4413/944/2
f 4421/946/2 4413/944/2 4414/947/2
f 4364/948/2 4365/936/2 4503/935/2
f 4420/949/2 4421/946/2 4414/947/2
f 4419/950/2 4420/949/2 4414/947/2
f 4419/950/2 4414/947/2 4415/951/2
f 4364/948/2 4503/935/2 4504/952/2
f 4418/953/2 4419/950/2 4415/951/2
f 4417/954/2 4418/953/2 4415/951/2
f 4417/954/2 4415/951/2 4416/955/2
f 4363/956/2 4364/948/2 4504/952/2
f 4363/956/2 4504/952/2 4505/957/2
f 4362/958/2 4363/956/2 4505/957/2
f 4362/958/2 4505/957/2 4506/959/2
f 4361/960/2 4362/958/2 4506/959/2
f 4361/960/2 4506/959/2 4507/961/2
f 4360/962/2 4361/960/2 4507/961/2
f 4360/962/2 4507/961/2 4508/963/2
f 4359/964/2 4360/962/2 4508/963/2
f 4359/964/2 4508/963/2 4509/965/2
f 4358/966/2 4359/964/2 4509/965/2
f 4358/966/2 4509/965/2 4510/967/2
f 4357/968/2 4358/966/2 4510/967/2
f 4357/968/2 4510/967/2 4511/969/2
f 4356/970/2 4357/968/2 4511/969/2
f 4356/970/2 4511/969/2 4512/971/2
f 4355/972/2 4356/970/2 4512/971/2
f 4354/973/2 4355/972/2 4512/971/2
f 4354/973/2 4512/971/2 4513/974/2
f 4353/975/2 4354/973/2 4513/974/2
f 4353/975/2 4513/974/2 4514/976/2
f 4352/977/2 4353/975/2 4514/976/2
f 4352/977/2 4514/976/2 4515/978/2
f 4351/979/2 4352/977/2 4515/978/2
f 4351/979/2 4515/978/2 4516/980/2
f 4350/981/2 4351/979/2 4516/980/2
f 4350/981/2 4516/980/2 4517/982/2
f 4349/983/2 4350/981/2 4517/982/2
f 4349/983/2 4517/982/2 4518/984/2
f 4348/985/2 4349/983/2 4518/984/2
f 4348/985/2 4518/984/2 4519/986/2
f 4347/987/2 4348/985/2 4519/986/2
f 4347/987/2 4519/986/2 4520/988/2
f 4346/989/2 4347/987/2 4520/988/2
f 4346/989/2 4520/988/2 4521/990/2
f 4345/991/2 4346/989/2 4521/990/2
f 4345/991/2 4521/990/2 4522/992/2
f 4344/993/2 4345/991/2 4522/992/2
f 4344/993/2 4522/992/2 4523/994/2
f 4343/995/2 4344/993/2 4523/994/2
f 4343/995/2 4523/994/2 4524/996/2
f 4342/997/2 4343/995/2 4524/996/2
f 4342/997/2 4524/996/2 4525/998/2
f 4341/999/2 4342/997/2 4525/998/2
f 4341/999/2 4525/998/2 4526/1000/2
f 4340/1001/2 4341/999/2 4526/1000/2
f 4340/1001/2 4526/1000/2 4527/1002/2
f 4339/1003/2 4340/1001/2 4527/1002/2
f 4339/1003/2 4527/1002/2 4528/1004/2
f 4339/1003/2 4528/1004/2 4529/1005/2
f 4338/1006/2 4339/1003/2 4529/1005/2
f 4338/1006/2 4529/1005/2 4530/1007/2
f 4337/1008/2 4338/1006/2 4530/1007/2
f 4337/1008/2 4530/1007/2 4531/1009/2
f 4336/1010/2 4337/1008/2 4531/1009/2
f 4336/1010/2 4531/1009/2 4532/1011/2
f 4335/1012/2 4336/1010/2 4532/1011/2
f 4335/1012/2 4532/1011/2 4533/1013/2
f 4334/1014/2 4335/1012/2 4533/1013/2
f 4334/1014/2 4533/1013/2 4534/1015/2
f 4334/1014/2 4534/1015/2 4535/1016/2
f 4333/1017/2 4334/1014/2 4535/1016/2
f 4333/1017/2 4535/1016/2 4536/1018/2
f 4332/1019/2 4333/1017/2 4536/1018/2
f 4332/1019/2 4536/1018/2 4537/1020/2
f 4331/1021/2 4332/1019/2 4537/1020/2
f 4331/1021/2 4537/1020/2 4538/1022/2
f 4330/1023/2 4331/1021/2 4538/1022/2
f 4330/1023/2 4538/1022/2 4539/1024/2
f 4329/1025/2 4330/1023/2 4539/1024/2
f 4329/1025/2 4539/1024/2 4540/1026/2
f 4328/1027/2 4329/1025/2 4540/1026/2
f 4328/1027/2 4540/1026/2 4541/1028/2
f 4327/1029/2 4328/1027/2 4541/1028/2
f 4327/1029/2 4541/1028/2 4542/1030/2
f 4326/1031/2 4327/1029/2 4542/1030/2
f 4326/1031/2 4542/1030/2 4543/1032/2
f 4325/1033/2 4326/1031/2 4543/1032/2
f 4325/1033/2 4543/1032/2 4544/1034/2
f 4324/1035/2 4325/1033/2 4544/1034/2
f 4324/1035/2 4544/1034/2 4545/1036/2
f 4323/1037/2 4324/1035/2 4545/1036/2
f 4323/1037/2 4545/1036/2 4546/1038/2
f 4323/1037/2 4546/1038/2 4547/1039/2
f 4322/1040/2 4323/1037/2 4547/1039/2
f 4571/1041/2 4572/1043/2 4573/1042/2
f 4570/1044/2 4571/1041/2 4573/1042/2
f 4570/1044/2 4573/1042/2 4574/1045/2
f 4569/1046/2 4570/1044/2 4574/1045/2
f 4568/1047/2 4569/1046/2 4574/1045/2
f 4322/1040/2 4547/1039/2 4548/1048/2
f 4568/1047/2 4574/1045/2 4575/1049/2
f 4567/1050/2 4568/1047/2 4575/1049/2
f 4566/1051/2 4567/1050/2 4575/1049/2
f 4566/1051/2 4575/1049/2 4576/1052/2
f 4565/1053/2 4566/1051/2 4576/1052/2
f 4564/1054/2 4565/1053/2 4576/1052/2
f 4564/1054/2 4576/1052/2 4577/1055/2
f 4563/1056/2 4564/1054/2 4577/1055/2
f 4321/1057/2 4322/1040/2 4548/1048/2
f 4562/1058/2 4563/1056/2 4577/1055/2
f 4562/1058/2 4577/1055/2 4578/1059/2
f 4561/1060/2 4562/1058/2 4578/1059/2
f 4560/1061/2 4561/1060/2 4578/1059/2
f 4560/1061/2 4578/1059/2 4579/1062/2
f 4559/1063/2 4560/1061/2 4579/1062/2
f 4558/1064/2 4559/1063/2 4579/1062/2
f 4558/1064/2 4579/1062/2 4580/1065/2
f 4557/1066/2 4558/1064/2 4580/1065/2
f 4556/1067/2 4557/1066/2 4580/1065/2
f 4556/1067/2 4580/1065/2 4581/1068/2
f 4555/1069/2 4556/1067/2 4581/1068/2
f 4554/1070/2 4555/1069/2 4581/1068/2
f 4553/1071/2 4554/1070/2 4581/1068/2
f 4553/1071/2 4581/1068/2 4582/1072/2
f 4552/1073/2 4553/1071/2 4582/1072/2
f 4551/1074/2 4552/1073/2 4582/1072/2
f 4550/1075/2 4551/1074/2 4582/1072/2
f 4549/1076/2 4550/1075/2 4582/1072/2
f 4549/1076/2 4582/1072/2 4583/1077/2
f 4548/1048/2 4549/1076/2 4583/1077/2
f 4321/1057/2 4548/1048/2 4583/1077/2
f 4321/1057/2 4583/1077/2 4584/1078/2
f 4320/1079/2 4321/1057/2 4584/1078/2
f 4320/1079/2 4584/1078/2 4585/1080/2
f 4320/1079/2 4585/1080/2 4586/1081/2
f 4320/1079/2 4586/1081/2 4587/1082/2
f 4320/1079/2 4587/1082/2 4588/1083/2
f 4319/1084/2 4320/1079/2 4588/1083/2
f 4319/1084/2 4588/1083/2 4589/1085/2
f 4319/1084/2 4589/1085/2 4590/1086/2
f 4318/1087/2 4319/1084/2 4590/1086/2
f 4318/1087/2 4590/1086/2 4591/1088/2
f 4317/1089/2 4318/1087/2 4591/1088/2
f 4317/1089/2 4591/1088/2 4592/1090/2
f 4317/1089/2 4592/1090/2 4593/1091/2
f 4316/1092/2 4317/1089/2 4593/1091/2
f 4316/1092/2 4593/1091/2 4594/1093/2
f 4315/1094/2 4316/1092/2 4594/1093/2
f 4315/1094/2 4594/1093/2 4595/1095/2
f 4314/1096/2 4315/1094/2 4595/1095/2
f 4314/1096/2 4595/1095/2 4596/1097/2
f 4313/1098/2 4314/1096/2 4596/1097/2
f 4313/1098/2 4596/1097/2 4597/1099/2
f 4312/1100/2 4313/1098/2 4597/1099/2
f 4312/1100/2 4597/1099/2 4598/1101/2
f 4311/1102/2 4312/1100/2 4598/1101/2
f 4311/1102/2 4598/1101/2 4599/1103/2
f 4311/1102/2 4599/1103/2 4600/1104/2
f 4310/1105/2 4311/1102/2 4600/1104/2
f 4310/1105/2 4600/1104/2 4601/1106/2
f 4309/1107/2 4310/1105/2 4601/1106/2
f 4309/1107/2 4601/1106/2 4602/1108/2
f 4308/1109/2 4309/1107/2 4602/1108/2
f 4308/1109/2 4602/1108/2 4603/1110/2
f 4307/1111/2 4308/1109/2 4603/1110/2
f 4307/1111/2 4603/1110/2 4604/1112/2
f 4307/1111/2 4604/1112/2 4605/1113/2
f 4306/1114/2 4307/1111/2 4605/1113/2
f 4306/1114/2 4605/1113/2 4606/1115/2
f 4305/1116/2 4306/1114/2 4606/1115/2
f 4305/1116/2 4606/1115/2 4607/105/2
f 4305/1116/2 4607/105/2 4211/107/2
f 4304/1117/2 4305/1116/2 4211/107/2
f 4304/1117/2 4211/107/2 4212/1118/2
f 4303/1119/2 4304/1117/2 4212/1118/2
f 4303/1119/2 4212/1118/2 4213/1120/2
f 4302/1121/2 4303/1119/2 4213/1120/2
f 4302/1121/2 4213/1120/2 4214/1122/2
f 4301/1123/2 4302/1121/2 4214/1122/2
f 4301/1123/2 4214/1122/2 4215/1124/2
f 4300/1125/2 4301/1123/2 4248/1126/2
f 4248/1126/2 4301/1123/2 4215/1124/2
f 4248/1126/2 4215/1124/2 4247/1127/2
f 4247/1127/2 4215/1124/2 4216/1128/2
f 4300/1125/2 4248/1126/2 4249/1129/2
f 4300/1125/2 4249/1129/2 4250/1130/2
f 4300/1125/2 4250/1130/2 4251/1131/2
f 4300/1125/2 4251/1131/2 4252/1132/2
f 4246/1133/2 4247/1127/2 4216/1128/2
f 4300/1125/2 4252/1132/2 4253/1134/2
f 4245/1135/2 4246/1133/2 4216/1128/2
f 4244/1136/2 4245/1135/2 4216/1128/2
f 4243/1137/2 4244/1136/2 4216/1128/2
f 4300/1125/2 4253/1134/2 4254/1138/2
f 4242/1139/2 4243/1137/2 4216/1128/2
f 4300/1125/2 4254/1138/2 4255/1140/2
f 4241/1141/2 4242/1139/2 4216/1128/2
f 4299/1142/2 4300/1125/2 4255/1140/2
f 4240/1143/2 4241/1141/2 4216/1128/2
f 4299/1142/2 4255/1140/2 4256/1144/2
f 4240/1143/2 4216/1128/2 4217/1145/2
f 4239/1146/2 4240/1143/2 4217/1145/2
f 4299/1142/2 4256/1144/2 4257/1147/2
f 4238/1148/2 4239/1146/2 4217/1145/2
f 4299/1142/2 4257/1147/2 4258/1149/2
f 4237/1150/2 4238/1148/2 4217/1145/2
f 4298/1151/2 4299/1142/2 4258/1149/2
f 4298/1151/2 4258/1149/2 4259/1152/2
f 4236/1153/2 4237/1150/2 4217/1145/2
f 4236/1153/2 4217/1145/2 4218/1154/2
f 4298/1151/2 4259/1152/2 4260/1155/2
f 4235/1156/2 4236/1153/2 4218/1154/2
f 4297/1157/2 4298/1151/2 4260/1155/2
f 4297/1157/2 4260/1155/2 4261/1158/2
f 4234/1159/2 4235/1156/2 4218/1154/2
f 4296/1160/2 4297/1157/2 4261/1158/2
f 4234/1159/2 4218/1154/2 4219/1161/2
f 4233/1162/2 4234/1159/2 4219/1161/2
f 4295/1163/2 4296/1160/2 4261/1158/2
f 4295/1163/2 4261/1158/2 4262/1164/2
f 4294/1165/2 4295/1163/2 4262/1164/2
f 4293/1166/2 4294/1165/2 4262/1164/2
f 4292/1167/2 4293/1166/2 4262/1164/2
f 4291/1168/2 4292/1167/2 4262/1164/2
f 4290/1169/2 4291/1168/2 4262/1164/2
f 4289/1170/2 4290/1169/2 4262/1164/2
f 4232/1171/2 4233/1162/2 4219/1161/2
f 4288/1172/2 4289/1170/2 4262/1164/2
f 4288/1172/2 4262/1164/2 4263/1173/2
f 4287/1174/2 4288/1172/2 4263/1173/2
f 4231/1175/2 4232/1171/2 4219/1161/2
f 4286/1176/2 4287/1174/2 4263/1173/2
f 4231/1175/2 4219/1161/2 4220/1177/2
f 4286/1176/2 4263/1173/2 4264/1178/2
f 4285/1179/2 4286/1176/2 4264/1178/2
f 4230/1180/2 4231/1175/2 4220/1177/2
f 4284/1181/2 4285/1179/2 4264/1178/2
f 4284/1181/2 4264/1178/2 4265/1182/2
f 4283/1183/2 4284/1181/2 4265/1182/2
f 4229/1184/2 4230/1180/2 4220/1177/2
f 4229/1184/2 4220/1177/2 4221/1185/2
f 4282/1186/2 4283/1183/2 4265/1182/2
f 4282/1186/2 4265/1182/2 4266/1187/2
f 4228/1188/2 4229/1184/2 4221/1185/2
f 4281/1189/2 4282/1186/2 4266/1187/2
f 4227/1190/2 4228/1188/2 4221/1185/2
f 4281/1189/2 4266/1187/2 4267/1191/2
f 4280/1192/2 4281/1189/2 4267/1191/2
f 4227/1190/2 4221/1185/2 4222/1193/2
f 4226/1194/2 4227/1190/2 4222/1193/2
f 4279/1195/2 4280/1192/2 4267/1191/2
f 4279/1195/2 4267/1191/2 4268/1196/2
f 4225/1197/2 4226/1194/2 4222/1193/2
f 4278/1198/2 4279/1195/2 4268/1196/2
f 4225/1197/2 4222/1193/2 4223/1199/2
f 4224/1200/2 4225/1197/2 4223/1199/2
f 4278/1198/2 4268/1196/2 4269/1201/2
f 4277/1202/2 4278/1198/2 4269/1201/2
f 4276/1203/2 4277/1202/2 4269/1201/2
f 4276/1203/2 4269/1201/2 4270/1204/2
f 4275/1205/2 4276/1203/2 4270/1204/2
f 4275/1205/2 4270/1204/2 4271/1206/2
f 4274/1207/2 4275/1205/2 4271/1206/2
f 4273/1208/2 4274/1207/2 4271/1206/2
f 4273/1208/2 4271/1206/2 4272/1209/2
f 4703/1210/2 4704/1212/2 4705/1211/2
f 4703/1210/2 4705/1211/2 4706/1213/2
f 4702/1214/2 4703/1210/2 4706/1213/2
f 4702/1214/2 4706/1213/2 4707/1215/2
f 4701/1216/2 4702/1214/2 4707/1215/2
f 4701/1216/2 4707/1215/2 4708/1217/2
f 4700/1218/2 4701/1216/2 4708/1217/2
f 4700/1218/2 4708/1217/2 4709/1219/2
f 4700/1218/2 4709/1219/2 4710/1220/2
f 4699/1221/2 4700/1218/2 4710/1220/2
f 4699/1221/2 4710/1220/2 4711/1222/2
f 4698/1223/2 4699/1221/2 4711/1222/2
f 4698/1223/2 4711/1222/2 4712/1224/2
f 4697/1225/2 4698/1223/2 4712/1224/2
f 4697/1225/2 4712/1224/2 4713/1226/2
f 4697/1225/2 4713/1226/2 4714/1227/2
f 4696/1228/2 4697/1225/2 4714/1227/2
f 4696/1228/2 4714/1227/2 4715/1229/2
f 4695/1230/2 4696/1228/2 4715/1229/2
f 4695/1230/2 4715/1229/2 4716/1231/2
f 4694/1232/2 4695/1230/2 4716/1231/2
f 4694/1232/2 4716/1231/2 4717/1233/2
f 4693/1234/2 4694/1232/2 4717/1233/2
f 4693/1234/2 4717/1233/2 4718/1235/2
f 4693/1234/2 4718/1235/2 4719/1236/2
f 4692/1237/2 4693/1234/2 4719/1236/2
f 4692/1237/2 4719/1236/2 4720/1238/2
f 4691/1239/2 4692/1237/2 4720/1238/2
f 4691/1239/2 4720/1238/2 4721/1240/2
f 4691/1239/2 4721/1240/2 4722/1241/2
f 4690/1242/2 4691/1239/2 4722/1241/2
f 4690/1242/2 4722/1241/2 4723/1243/2
f 4690/1242/2 4723/1243/2 4724/1244/2
f 4689/1245/2 4690/1242/2 4724/1244/2
f 4689/1245/2 4724/1244/2 4725/1246/2
f 4689/1245/2 4725/1246/2 4726/1247/2
f 4688/1248/2 4689/1245/2 4726/1247/2
f 4688/1248/2 4726/1247/2 4727/1249/2
f 4688/1248/2 4727/1249/2 4728/1250/2
f 4687/1251/2 4688/1248/2 4728/1250/2
f 4687/1251/2 4728/1250/2 4729/1252/2
f 4687/1251/2 4729/1252/2 4730/1253/2
f 4687/1251/2 4730/1253/2 4776/1254/2
f 4776/1254/2 4730/1253/2 4731/1255/2
f 4687/1251/2 4776/1254/2 4777/1256/2
f 4775/1257/2 4776/1254/2 4731/1255/2
f 4775/1257/2 4731/1255/2 4732/1258/2
f 4774/1259/2 4775/1257/2 4732/1258/2
f 4686/1260/2 4687/1251/2 4777/1256/2
f 4686/1260/2 4777/1256/2 4778/1261/2
f 4773/1262/2 4774/1259/2 4732/1258/2
f 4772/1263/2 4773/1262/2 4732/1258/2
f 4686/1260/2 4778/1261/2 4779/1264/2
f 4771/1265/2 4772/1263/2 4732/1258/2
f 4771/1265/2 4732/1258/2 4733/1266/2
f 4770/1267/2 4771/1265/2 4733/1266/2
f 4686/1260/2 4779/1264/2 4780/1268/2
f 4769/1269/2 4770/1267/2 4733/1266/2
f 4769/1269/2 4733/1266/2 4734/1270/2
f 4768/1271/2 4769/1269/2 4734/1270/2
f 4686/1260/2 4780/1268/2 4781/1272/2
f 4767/1273/2 4768/1271/2 4734/1270/2
f 4767/1273/2 4734/1270/2 4735/1274/2
f 4766/1275/2 4767/1273/2 4735/1274/2
f 4766/1275/2 4735/1274/2 4736/1276/2
f 4686/1260/2 4781/1272/2 4782/1277/2
f 4685/1278/2 4686/1260/2 4782/1277/2
f 4765/1279/2 4766/1275/2 4736/1276/2
f 4765/1279/2 4736/1276/2 4737/1280/2
f 4764/1281/2 4765/1279/2 4737/1280/2
f 4685/1278/2 4782/1277/2 4783/1282/2
f 4764/1281/2 4737/1280/2 4738/1283/2
f 4764/1281/2 4738/1283/2 4739/1284/2
f 4763/1285/2 4764/1281/2 4739/1284/2
f 4763/1285/2 4739/1284/2 4740/1286/2
f 4762/1287/2 4763/1285/2 4740/1286/2
f 4685/1278/2 4783/1282/2 4784/1288/2
f 4762/1287/2 4740/1286/2 4741/1289/2
f 4684/1290/2 4685/1278/2 4784/1288/2
f 4761/1291/2 4762/1287/2 4741/1289/2
f 4761/1291/2 4741/1289/2 4742/679/2
f 4760/1292/2 4761/1291/2 4742/679/2
f 4760/1292/2 4742/679/2 4743/1293/2
f 4684/1290/2 4784/1288/2 4785/1294/2
f 4759/1295/2 4760/1292/2 4743/1293/2
f 4759/1295/2 4743/1293/2 4744/1296/2
f 4758/1297/2 4759/1295/2 4744/1296/2
f 4758/1297/2 4744/1296/2 4745/1298/2
f 4758/1297/2 4745/1298/2 4746/1299/2
f 4757/1300/2 4758/1297/2 4746/1299/2
f 4757/1300/2 4746/1299/2 4747/1301/2
f 4756/1302/2 4757/1300/2 4747/1301/2
f 4756/1302/2 4747/1301/2 4748/1303/2
f 4755/1304/2 4756/1302/2 4748/1303/2
f 4755/1304/2 4748/1303/2 4749/1305/2
f 4684/1290/2 4785/1294/2 4786/1306/2
f 4754/1307/2 4755/1304/2 4749/1305/2
f 4754/1307/2 4749/1305/2 4750/1308/2
f 4753/1309/2 4754/1307/2 4750/1308/2
f 4753/1309/2 4750/1308/2 4751/1310/2
f 4683/1311/2 4684/1290/2 4786/1306/2
f 4752/1312/2 4753/1309/2 4751/1310/2
f 4683/1311/2 4786/1306/2 4787/1313/2
f 4682/1314/2 4683/1311/2 4787/1313/2
f 4682/1314/2 4787/1313/2 4788/1315/2
f 4681/1316/2 4682/1314/2 4788/1315/2
f 4681/1316/2 4788/1315/2 4789/1317/2
f 4680/1318/2 4681/1316/2 4789/1317/2
f 4680/1318/2 4789/1317/2 4790/1319/2
f 4679/1320/2 4680/1318/2 4790/1319/2
f 4679/1320/2 4790/1319/2 4791/1321/2
f 4678/1322/2 4679/1320/2 4791/1321/2
f 4678/1322/2 4791/1321/2 4792/1323/2
f 4677/1324/2 4678/1322/2 4792/1323/2
f 4677/1324/2 4792/1323/2 4793/1325/2
f 4676/1326/2 4677/1324/2 4793/1325/2
f 4676/1326/2 4793/1325/2 4794/1327/2
f 4675/772/2 4676/1326/2 4794/1327/2
f 4919/1328/2 4920/1330/2 4921/1329/2
f 4918/1331/2 4919/1328/2 4921/1329/2
f 4918/1331/2 4921/1329/2 4922/1332/2
f 4917/1333/2 4918/1331/2 4922/1332/2
f 4917/1333/2 4922/1332/2 4923/1334/2
f 4916/1335/2 4917/1333/2 4923/1334/2
f 4916/1335/2 4923/1334/2 4924/1336/2
f 4915/1337/2 4916/1335/2 4924/1336/2
f 4915/1337/2 4924/1336/2 4925/1338/2
f 4914/1339/2 4915/1337/2 4925/1338/2
f 4914/1339/2 4925/1338/2 4926/1340/2
f 4913/1341/2 4914/1339/2 4926/1340/2
f 4913/1341/2 4926/1340/2 4927/1342/2
f 4912/1343/2 4913/1341/2 4927/1342/2
f 4912/1343/2 4927/1342/2 4928/1344/2
f 4911/1345/2 4912/1343/2 4928/1344/2
f 4911/1345/2 4928/1344/2 4929/1346/2
f 4910/1347/2 4911/1345/2 4929/1346/2
f 4910/1347/2 4929/1346/2 4930/1348/2
f 4909/1349/2 4910/1347/2 4930/1348/2
f 4675/772/2 4794/1327/2 4795/1350/2
f 4909/1349/2 4930/1348/2 4931/1351/2
f 4908/1352/2 4909/1349/2 4931/1351/2
f 4908/1352/2 4931/1351/2 4932/1353/2
f 4907/1354/2 4908/1352/2 4932/1353/2
f 4907/1354/2 4932/1353/2 4933/1355/2
f 4674/1356/2 4675/772/2 4795/1350/2
f 4906/1357/2 4907/1354/2 4933/1355/2
f 4906/1357/2 4933/1355/2 4934/1358/2
f 4906/1357/2 4934/1358/2 4935/1359/2
f 4905/1360/2 4906/1357/2 4935/1359/2
f 4905/1360/2 4935/1359/2 4936/1361/2
f 4905/1360/2 4936/1361/2 4937/1362/2
f 4904/1363/2 4905/1360/2 4937/1362/2
f 4904/1363/2 4937/1362/2 4938/1364/2
f 4674/1356/2 4795/1350/2 4796/1365/2
f 4904/1363/2 4938/1364/2 4939/1366/2
f 4673/1367/2 4674/1356/2 4796/1365/2
f 4903/1368/2 4904/1363/2 4939/1366/2
f 4903/1368/2 4939/1366/2 4940/1369/2
f 4903/1368/2 4940/1369/2 4941/1370/2
f 4902/1371/2 4903/1368/2 4941/1370/2
f 4902/1371/2 4941/1370/2 4942/1372/2
f 4902/1371/2 4942/1372/2 4943/105/2
f 4901/1373/2 4902/1371/2 4943/105/2
f 4901/1373/2 4943/105/2 4608/107/2
f 4672/1374/2 4673/1367/2 4796/1365/2
f 4672/1374/2 4796/1365/2 4797/1375/2
f 4901/1373/2 4608/107/2 4609/1376/2
f 4900/1377/2 4901/1373/2 4609/1376/2
f 4900/1377/2 4609/1376/2 4610/1378/2
f 4899/1379/2 4900/1377/2 4610/1378/2
f 4899/1379/2 4610/1378/2 4611/1380/2
f 4899/1379/2 4611/1380/2 4612/1381/2
f 4671/1382/2 4672/1374/2 4797/1375/2
f 4898/1383/2 4899/1379/2 4612/1381/2
f 4898/1383/2 4612/1381/2 4613/1384/2
f 4671/1382/2 4797/1375/2 4798/1385/2
f 4898/1383/2 4613/1384/2 4614/1386/2
f 4897/1387/2 4898/1383/2 4614/1386/2
f 4897/1387/2 4614/1386/2 4615/1388/2
f 4897/1387/2 4615/1388/2 4616/1389/2
f 4670/1390/2 4671/1382/2 4798/1385/2
f 4897/1387/2 4616/1389/2 4617/1391/2
f 4896/1392/2 4897/1387/2 4617/1391/2
f 4896/1392/2 4617/1391/2 4618/1393/2
f 4896/1392/2 4618/1393/2 4619/1394/2
f 4670/1390/2 4798/1385/2 4799/1395/2
f 4896/1392/2 4619/1394/2 4620/1396/2
f 4895/1397/2 4896/1392/2 4620/1396/2
f 4895/1397/2 4620/1396/2 4848/1398/2
f 4848/1398/2 4620/1396/2 4621/1399/2
f 4894/1400/2 4895/1397/2 4848/1398/2
f 4669/1401/2 4670/1390/2 4799/1395/2
f 4893/1402/2 4894/1400/2 4848/1398/2
f 4892/1403/2 4893/1402/2 4848/1398/2
f 4892/1403/2 4848/1398/2 4849/1404/2
f 4847/1405/2 4848/1398/2 4621/1399/2
f 4892/1403/2 4849/1404/2 4850/1406/2
f 4891/1407/2 4892/1403/2 4850/1406/2
f 4891/1407/2 4850/1406/2 4851/1408/2
f 4669/1401/2 4799/1395/2 4800/1409/2
f 4890/1410/2 4891/1407/2 4851/1408/2
f 4890/1410/2 4851/1408/2 4852/1411/2
f 4890/1410/2 4852/1411/2 4853/1412/2
f 4847/1405/2 4621/1399/2 4622/1413/2
f 4889/1414/2 4890/1410/2 4853/1412/2
f 4668/1415/2 4669/1401/2 4800/1409/2
f 4889/1414/2 4853/1412/2 4854/1416/2
f 4888/1417/2 4889/1414/2 4854/1416/2
f 4846/1418/2 4847/1405/2 4622/1413/2
f 4888/1417/2 4854/1416/2 4855/1419/2
f 4887/1420/2 4888/1417/2 4855/1419/2
f 4887/1420/2 4855/1419/2 4856/1421/2
f 4886/1422/2 4887/1420/2 4856/1421/2
f 4885/1423/2 4886/1422/2 4856/1421/2
f 4885/1423/2 4856/1421/2 4857/1424/2
f 4884/1425/2 4885/1423/2 4857/1424/2
f 4845/1426/2 4846/1418/2 4622/1413/2
f 4884/1425/2 4857/1424/2 4858/1427/2
f 4883/1428/2 4884/1425/2 4858/1427/2
f 4667/1429/2 4668/1415/2 4800/1409/2
f 4667/1429/2 4800/1409/2 4801/1430/2
f 4845/1426/2 4622/1413/2 4623/1431/2
f 4882/1432/2 4883/1428/2 4858/1427/2
f 4882/1432/2 4858/1427/2 4859/1433/2
f 4881/1434/2 4882/1432/2 4859/1433/2
f 4881/1434/2 4859/1433/2 4860/1435/2
f 4844/1436/2 4845/1426/2 4623/1431/2
f 4880/1437/2 4881/1434/2 4860/1435/2
f 4879/1438/2 4880/1437/2 4860/1435/2
f 4667/1429/2 4801/1430/2 4802/1439/2
f 4878/1440/2 4879/1438/2 4860/1435/2
f 4878/1440/2 4860/1435/2 4861/1441/2
f 4878/1440/2 4861/1441/2 4862/1442/2
f 4877/1443/2 4878/1440/2 4862/1442/2
f 4877/1443/2 4862/1442/2 4863/1444/2
f 4876/500/2 4877/1443/2 4863/1444/2
f 4876/500/2 4863/1444/2 4864/1445/2
f 4876/500/2 4864/1445/2 4865/1446/2
f 4875/1447/2 4876/500/2 4865/1446/2
f 4875/1447/2 4865/1446/2 4866/1448/2
f 4875/1447/2 4866/1448/2 4867/1449/2
f 4874/1450/2 4875/1447/2 4867/1449/2
f 4874/1450/2 4867/1449/2 4868/1451/2
f 4874/1450/2 4868/1451/2 4869/1452/2
f 4873/1453/2 4874/1450/2 4869/1452/2
f 4843/1454/2 4844/1436/2 4623/1431/2
f 4873/1453/2 4869/1452/2 4870/1455/2
f 4873/1453/2 4870/1455/2 4871/1456/2
f 4872/1457/2 4873/1453/2 4871/1456/2
f 4666/1458/2 4667/1429/2 4802/1439/2
f 4843/1454/2 4623/1431/2 4624/1459/2
f 4666/1458/2 4802/1439/2 4803/1460/2
f 4842/1461/2 4843/1454/2 4624/1459/2
f 4666/1458/2 4803/1460/2 4804/1462/2
f 4665/1463/2 4666/1458/2 4804/1462/2
f 4841/1464/2 4842/1461/2 4624/1459/2
f 4841/1464/2 4624/1459/2 4625/1465/2
f 4665/1463/2 4804/1462/2 4805/1466/2
f 4840/1467/2 4841/1464/2 4625/1465/2
f 4665/1463/2 4805/1466/2 4806/1468/2
f 4664/1469/2 4665/1463/2 4806/1468/2
f 4839/1470/2 4840/1467/2 4625/1465/2
f 4839/1470/2 4625/1465/2 4626/1471/2
f 4664/1469/2 4806/1468/2 4807/1472/2
f 4838/1473/2 4839/1470/2 4626/1471/2
f 4664/1469/2 4807/1472/2 4808/1474/2
f 4837/1475/2 4838/1473/2 4626/1471/2
f 4663/1476/2 4664/1469/2 4808/1474/2
f 4837/1475/2 4626/1471/2 4627/1477/2
f 4663/1476/2 4808/1474/2 4809/437/2
f 4836/1478/2 4837/1475/2 4627/1477/2
f 4663/1476/2 4809/437/2 4810/1479/2
f 4835/1480/2 4836/1478/2 4627/1477/2
f 4663/1476/2 4810/1479/2 4811/1481/2
f 4662/1482/2 4663/1476/2 4811/1481/2
f 4835/1480/2 4627/1477/2 4628/1483/2
f 4662/1482/2 4811/1481/2 4812/1484/2
f 4834/1485/2 4835/1480/2 4628/1483/2
f 4662/1482/2 4812/1484/2 4813/1486/2
f 4833/1487/2 4834/1485/2 4628/1483/2
f 4662/1482/2 4813/1486/2 4814/1488/2
f 4832/1489/2 4833/1487/2 4628/1483/2
f 4661/1490/2 4662/1482/2 4814/1488/2
f 4661/1490/2 4814/1488/2 4815/1491/2
f 4832/1489/2 4628/1483/2 4629/1492/2
f 4831/1493/2 4832/1489/2 4629/1492/2
f 4661/1490/2 4815/1491/2 4816/1494/2
f 4830/1495/2 4831/1493/2 4629/1492/2
f 4661/1490/2 4816/1494/2 4817/1496/2
f 4829/1497/2 4830/1495/2 4629/1492/2
f 4661/1490/2 4817/1496/2 4818/1498/2
f 4661/1490/2 4818/1498/2 4819/1499/2
f 4828/1500/2 4829/1497/2 4629/1492/2
f 4661/1490/2 4819/1499/2 4820/1501/2
f 4660/1502/2 4661/1490/2 4820/1501/2
f 4827/1503/2 4828/1500/2 4629/1492/2
f 4660/1502/2 4820/1501/2 4821/1504/2
f 4826/1505/2 4827/1503/2 4629/1492/2
f 4826/1505/2 4629/1492/2 4630/1506/2
f 4660/1502/2 4821/1504/2 4822/1507/2
f 4825/1508/2 4826/1505/2 4630/1506/2
f 4660/1502/2 4822/1507/2 4823/1509/2
f 4824/1510/2 4825/1508/2 4630/1506/2
f 4660/1502/2 4823/1509/2 4824/1510/2
f 4660/1502/2 4824/1510/2 4630/1506/2
f 4659/1511/2 4660/1502/2 4630/1506/2
f 4659/1511/2 4630/1506/2 4631/1512/2
f 4658/1513/2 4659/1511/2 4631/1512/2
f 4658/1513/2 4631/1512/2 4632/1514/2
f 4657/1515/2 4658/1513/2 4632/1514/2
f 4657/1515/2 4632/1514/2 4633/1516/2
f 4656/1517/2 4657/1515/2 4633/1516/2
f 4656/1517/2 4633/1516/2 4634/1518/2
f 4655/1519/2 4656/1517/2 4634/1518/2
f 4655/1519/2 4634/1518/2 4635/1520/2
f 4654/1521/2 4655/1519/2 4635/1520/2
f 4654/1521/2 4635/1520/2 4636/1522/2
f 4653/1523/2 4654/1521/2 4636/1522/2
f 4653/1523/2 4636/1522/2 4637/1524/2
f 4652/1525/2 4653/1523/2 4637/1524/2
f 4651/1526/2 4652/1525/2 4637/1524/2
f 4651/1526/2 4637/1524/2 4638/1527/2
f 4650/1528/2 4651/1526/2 4638/1527/2
f 4650/1528/2 4638/1527/2 4639/1529/2
f 4649/1530/2 4650/1528/2 4639/1529/2
f 4649/1530/2 4639/1529/2 4640/1531/2
f 4648/1532/2 4649/1530/2 4640/1531/2
f 4648/1532/2 4640/1531/2 4641/1533/2
f 4647/1534/2 4648/1532/2 4641/1533/2
f 4647/1534/2 4641/1533/2 4642/1535/2
f 4646/1536/2 4647/1534/2 4642/1535/2
f 4646/1536/2 4642/1535/2 4643/1537/2
f 4645/1538/2 4646/1536/2 4643/1537/2
f 4645/1538/2 4643/1537/2 4644/1539/2
f 5088/931/2 5089/1541/2 5090/1540/2
f 5087/1542/2 5088/931/2 5090/1540/2
f 5086/1543/2 5087/1542/2 5090/1540/2
f 5085/1544/2 5086/1543/2 5090/1540/2
f 5084/1545/2 5085/1544/2 5090/1540/2
f 5083/1546/2 5084/1545/2 5090/1540/2
f 5083/1546/2 5090/1540/2 5091/1547/2
f 5082/1548/2 5083/1546/2 5091/1547/2
f 5081/1549/2 5082/1548/2 5091/1547/2
f 5080/881/2 5081/1549/2 5091/1547/2
f 5079/1550/2 5080/881/2 5091/1547/2
f 5078/1551/2 5079/1550/2 5091/1547/2
f 5078/1551/2 5091/1547/2 5092/1552/2
f 5077/1553/2 5078/1551/2 5092/1552/2
f 5076/1554/2 5077/1553/2 5092/1552/2
f 5075/1555/2 5076/1554/2 5092/1552/2
f 5074/1556/2 5075/1555/2 5092/1552/2
f 5073/1557/2 5074/1556/2 5092/1552/2
f 5073/1557/2 5092/1552/2 5093/1558/2
f 5072/874/2 5073/1557/2 5093/1558/2
f 5071/1559/2 5072/874/2 5093/1558/2
f 5070/1560/2 5071/1559/2 5093/1558/2
f 5069/1561/2 5070/1560/2 5093/1558/2
f 5068/1562/2 5069/1561/2 5093/1558/2
f 5067/1563/2 5068/1562/2 5093/1558/2
f 5067/1563/2 5093/1558/2 5094/1564/2
f 5066/1565/2 5067/1563/2 5094/1564/2
f 5065/1566/2 5066/1565/2 5094/1564/2
f 5064/900/2 5065/1566/2 5094/1564/2
f 5063/1567/2 5064/900/2 5094/1564/2
f 5062/1568/2 5063/1567/2 5094/1564/2
f 5062/1568/2 5094/1564/2 5095/1569/2
f 5061/1570/2 5062/1568/2 5095/1569/2
f 5061/1570/2 5095/1569/2 5096/949/2
f 5060/1571/2 5061/1570/2 5096/949/2
f 5060/1571/2 5096/949/2 5097/1572/2
f 5059/1573/2 5060/1571/2 5097/1572/2
f 5059/1573/2 5097/1572/2 5098/1574/2
f 5059/1573/2 5098/1574/2 5099/1575/2
f 5058/1576/2 5059/1573/2 5099/1575/2
f 5058/1576/2 5099/1575/2 5100/1577/2
f 5057/1578/2 5058/1576/2 5100/1577/2
f 5057/1578/2 5100/1577/2 5101/1579/2
f 5056/936/2 5057/1578/2 5101/1579/2
f 5056/936/2 5101/1579/2 5102/1580/2
f 5056/936/2 5102/1580/2 5103/1581/2
f 5055/1582/2 5056/936/2 5103/1581/2
f 5055/1582/2 5103/1581/2 5104/929/2
f 5054/1583/2 5055/1582/2 5104/929/2
f 5054/1583/2 5104/929/2 5105/1584/2
f 5053/1585/2 5054/1583/2 5105/1584/2
f 5053/1585/2 5105/1584/2 5150/1586/2
f 5150/1586/2 5105/1584/2 5149/1587/2
f 5149/1587/2 5105/1584/2 5148/1588/2
f 5148/1588/2 5105/1584/2 5147/1589/2
f 5147/1589/2 5105/1584/2 5146/1590/2
f 5146/1590/2 5105/1584/2 5145/1591/2
f 5145/1591/2 5105/1584/2 5144/836/2
f 5144/836/2 5105/1584/2 5143/1592/2
f 5143/1592/2 5105/1584/2 5142/1593/2
f 5142/1593/2 5105/1584/2 5141/1594/2
f 5141/1594/2 5105/1584/2 5140/1595/2
f 5140/1595/2 5105/1584/2 5106/1596/2
f 5140/1595/2 5106/1596/2 5139/1597/2
f 5139/1597/2 5106/1596/2 5138/1598/2
f 5138/1598/2 5106/1596/2 5137/1599/2
f 5137/1599/2 5106/1596/2 5136/815/2
f 5136/815/2 5106/1596/2 5107/1600/2
f 5135/1601/2 5136/815/2 5107/1600/2
f 5053/1585/2 5150/1586/2 5151/1602/2
f 5053/1585/2 5151/1602/2 5152/867/2
f 5053/1585/2 5152/867/2 5153/1603/2
f 5053/1585/2 5153/1603/2 5154/1604/2
f 5053/1585/2 5154/1604/2 5155/1605/2
f 5053/1585/2 5155/1605/2 5156/1606/2
f 5053/1585/2 5156/1606/2 5157/1607/2
f 5134/1608/2 5135/1601/2 5107/1600/2
f 5053/1585/2 5157/1607/2 5158/1609/2
f 5053/1585/2 5158/1609/2 5159/1610/2
f 5053/1585/2 5159/1610/2 5160/963/2
f 5053/1585/2 5160/963/2 5161/1611/2
f 5053/1585/2 5161/1611/2 5162/1612/2
f 5133/1613/2 5134/1608/2 5107/1600/2
f 5132/1614/2 5133/1613/2 5107/1600/2
f 5052/1615/2 5053/1585/2 5162/1612/2
f 5131/1616/2 5132/1614/2 5107/1600/2
f 5052/1615/2 5162/1612/2 5163/1617/2
f 5130/1618/2 5131/1616/2 5107/1600/2
f 5052/1615/2 5163/1617/2 5164/1619/2
f 5129/1620/2 5130/1618/2 5107/1600/2
f 5129/1620/2 5107/1600/2 5108/1621/2
f 5128/837/2 5129/1620/2 5108/1621/2
f 5052/1615/2 5164/1619/2 5165/1622/2
f 5051/1623/2 5052/1615/2 5165/1622/2
f 5127/1624/2 5128/837/2 5108/1621/2
f 5051/1623/2 5165/1622/2 5166/1625/2
f 5126/1626/2 5127/1624/2 5108/1621/2
f 5051/1623/2 5166/1625/2 5167/1627/2
f 5125/1628/2 5126/1626/2 5108/1621/2
f 5125/1628/2 5108/1621/2 5109/1629/2
f 5051/1623/2 5167/1627/2 5168/986/2
f 5232/105/2 5125/1628/2 5109/1629/2
f 5050/1630/2 5051/1623/2 5168/986/2
f 5050/1630/2 5168/986/2 5169/1631/2
f 5231/1632/2 5232/105/2 5109/1629/2
f 5231/1632/2 5109/1629/2 5110/1633/2
f 5230/1634/2 5231/1632/2 5110/1633/2
f 5050/1630/2 5169/1631/2 5170/1635/2
f 5049/1636/2 5050/1630/2 5170/1635/2
f 5229/1637/2 5230/1634/2 5110/1633/2
f 5049/1636/2 5170/1635/2 5171/1638/2
f 5228/1639/2 5229/1637/2 5110/1633/2
f 5049/1636/2 5171/1638/2 5172/1640/2
f 5228/1639/2 5110/1633/2 5111/1641/2
f 5227/1642/2 5228/1639/2 5111/1641/2
f 5048/973/2 5049/1636/2 5172/1640/2
f 5048/973/2 5172/1640/2 5173/1643/2
f 5226/1644/2 5227/1642/2 5111/1641/2
f 5048/973/2 5173/1643/2 5174/1645/2
f 5225/1646/2 5226/1644/2 5111/1641/2
f 5225/1646/2 5111/1641/2 5112/895/2
f 5224/1097/2 5225/1646/2 5112/895/2
f 5047/1647/2 5048/973/2 5174/1645/2
f 5047/1647/2 5174/1645/2 5175/1648/2
f 5223/1649/2 5224/1097/2 5112/895/2
f 5223/1649/2 5112/895/2 5113/1650/2
f 5047/1647/2 5175/1648/2 5176/1007/2
f 5222/1651/2 5223/1649/2 5113/1650/2
f 5046/1652/2 5047/1647/2 5176/1007/2
f 5221/1653/2 5222/1651/2 5113/1650/2
f 5046/1652/2 5176/1007/2 5177/1654/2
f 5220/1655/2 5221/1653/2 5113/1650/2
f 5220/1655/2 5113/1650/2 5114/1656/2
f 5046/1652/2 5177/1654/2 5178/1657/2
f 5219/1658/2 5220/1655/2 5114/1656/2
f 5045/1659/2 5046/1652/2 5178/1657/2
f 5218/1660/2 5219/1658/2 5114/1656/2
f 5218/1660/2 5114/1656/2 5115/1661/2
f 5045/1659/2 5178/1657/2 5179/1662/2
f 5217/1663/2 5218/1660/2 5115/1661/2
f 5044/1664/2 5045/1659/2 5179/1662/2
f 5044/1664/2 5179/1662/2 5180/1665/2
f 5216/1080/2 5217/1663/2 5115/1661/2
f 5216/1080/2 5115/1661/2 5116/1666/2
f 5215/1667/2 5216/1080/2 5116/1666/2
f 5044/1664/2 5180/1665/2 5181/1668/2
f 5043/1669/2 5044/1664/2 5181/1668/2
f 5214/1670/2 5215/1667/2 5116/1666/2
f 5214/1670/2 5116/1666/2 5117/1671/2
f 5043/1669/2 5181/1668/2 5182/1672/2
f 5213/1673/2 5214/1670/2 5117/1671/2
f 5212/1674/2 5213/1673/2 5117/1671/2
f 5042/1675/2 5043/1669/2 5182/1672/2
f 5212/1674/2 5117/1671/2 5118/1676/2
f 5042/1675/2 5182/1672/2 5183/1677/2
f 5211/1678/2 5212/1674/2 5118/1676/2
f 5210/1679/2 5211/1678/2 5118/1676/2
f 5210/1679/2 5118/1676/2 5119/1680/2
f 5209/1681/2 5210/1679/2 5119/1680/2
f 5042/1675/2 5183/1677/2 5184/1028/2
f 5041/1682/2 5042/1675/2 5184/1028/2
f 5208/1045/2 5209/1681/2 5119/1680/2
f 5207/1683/2 5208/1045/2 5119/1680/2
f 5207/1683/2 5119/1680/2 5120/856/2
f 5206/1684/2 5207/1683/2 5120/856/2
f 5041/1682/2 5184/1028/2 5185/1685/2
f 5205/1686/2 5206/1684/2 5120/856/2
f 5204/1687/2 5205/1686/2 5120/856/2
f 5040/995/2 5041/1682/2 5185/1685/2
f 5203/1688/2 5204/1687/2 5120/856/2
f 5203/1688/2 5120/856/2 5121/1689/2
f 5202/1690/2 5203/1688/2 5121/1689/2
f 5201/1691/2 5202/1690/2 5121/1689/2
f 5200/1056/2 5201/1691/2 5121/1689/2
f 5040/995/2 5185/1685/2 5186/1692/2
f 5040/995/2 5186/1692/2 5187/1693/2
f 5040/995/2 5187/1693/2 5188/1694/2
f 5199/1695/2 5200/1056/2 5121/1689/2
f 5040/995/2 5188/1694/2 5189/1696/2
f 5040/995/2 5189/1696/2 5190/1697/2
f 5040/995/2 5190/1697/2 5191/1698/2
f 5198/1699/2 5199/1695/2 5121/1689/2
f 5040/995/2 5191/1698/2 5192/1073/2
f 5040/995/2 5192/1073/2 5193/1700/2
f 5040/995/2 5193/1700/2 5194/1701/2
f 5197/1702/2 5198/1699/2 5121/1689/2
f 5040/995/2 5194/1701/2 5195/1703/2
f 5040/995/2 5195/1703/2 5196/1704/2
f 5040/995/2 5196/1704/2 5197/1702/2
f 5040/995/2 5197/1702/2 5121/1689/2
f 5040/995/2 5121/1689/2 5122/1705/2
f 5039/1706/2 5040/995/2 5122/1705/2
f 5039/1706/2 5122/1705/2 5123/1707/2
f 5038/1708/2 5039/1706/2 5123/1707/2
f 5038/1708/2 5123/1707/2 5124/1709/2
f 5038/1708/2 5124/1709/2 4944/107/2
f 5037/1710/2 5038/1708/2 4944/107/2
f 5037/1710/2 4944/107/2 4945/1711/2
f 5037/1710/2 4945/1711/2 4946/1712/2
f 5036/1713/2 5037/1710/2 4946/1712/2
f 5036/1713/2 4946/1712/2 4947/1714/2
f 5036/1713/2 4947/1714/2 4948/1715/2
f 5036/1713/2 4948/1715/2 4949/1716/2
f 5035/1717/2 5036/1713/2 4949/1716/2
f 5035/1717/2 4949/1716/2 4950/1718/2
f 5035/1717/2 4950/1718/2 4951/1719/2
f 5035/1717/2 4951/1719/2 4952/1193/2
f 5034/1720/2 5035/1717/2 4968/1136/2
f 4968/1136/2 5035/1717/2 4952/1193/2
f 4968/1136/2 4952/1193/2 4953/1721/2
f 4968/1136/2 4953/1721/2 4954/1722/2
f 5034/1720/2 4968/1136/2 4969/1723/2
f 4967/1724/2 4968/1136/2 4954/1722/2
f 4966/1725/2 4967/1724/2 4954/1722/2
f 4965/1726/2 4966/1725/2 4954/1722/2
f 4964/1727/2 4965/1726/2 4954/1722/2
f 4964/1727/2 4954/1722/2 4955/1728/2
f 4963/1729/2 4964/1727/2 4955/1728/2
f 4962/1730/2 4963/1729/2 4955/1728/2
f 4961/1731/2 4962/1730/2 4955/1728/2
f 4960/1162/2 4961/1731/2 4955/1728/2
f 4960/1162/2 4955/1728/2 4956/1732/2
f 4959/1733/2 4960/1162/2 4956/1732/2
f 4958/1734/2 4959/1733/2 4956/1732/2
f 4957/1735/2 4958/1734/2 4956/1732/2
f 5034/1720/2 4969/1723/2 4970/1736/2
f 5033/1737/2 5034/1720/2 4970/1736/2
f 5033/1737/2 4970/1736/2 4971/1738/2
f 5032/1019/2 5033/1737/2 4971/1738/2
f 5032/1019/2 4971/1738/2 4972/1739/2
f 5031/1740/2 5032/1019/2 4972/1739/2
f 5031/1740/2 4972/1739/2 4973/1741/2
f 5030/1742/2 5031/1740/2 4973/1741/2
f 5030/1742/2 4973/1741/2 4974/1743/2
f 5029/1744/2 5030/1742/2 4974/1743/2
f 5028/1745/2 5029/1744/2 4974/1743/2
f 5028/1745/2 4974/1743/2 4975/1746/2
f 5028/1745/2 4975/1746/2 4976/1140/2
f 5028/1745/2 4976/1140/2 4977/1747/2
f 5028/1745/2 4977/1747/2 4978/1748/2
f 5028/1745/2 4978/1748/2 4979/1749/2
f 5028/1745/2 4979/1749/2 4980/1750/2
f 5027/1751/2 5028/1745/2 4980/1750/2
f 5027/1751/2 4980/1750/2 4981/1752/2
f 5027/1751/2 4981/1752/2 4982/1753/2
f 5026/1754/2 5027/1751/2 4982/1753/2
f 5026/1754/2 4982/1753/2 4983/1755/2
f 5025/1756/2 5026/1754/2 4983/1755/2
f 5025/1756/2 4983/1755/2 4984/1187/2
f 5024/1057/2 5025/1756/2 4984/1187/2
f 5024/1057/2 4984/1187/2 4985/1757/2
f 5023/1758/2 5024/1057/2 4985/1757/2
f 5023/1758/2 4985/1757/2 4986/1759/2
f 5022/1760/2 5023/1758/2 4986/1759/2
f 5022/1760/2 4986/1759/2 4987/1761/2
f 5021/1762/2 5022/1760/2 4987/1761/2
f 5021/1762/2 4987/1761/2 4988/1763/2
f 5020/1764/2 5021/1762/2 4988/1763/2
f 5020/1764/2 4988/1763/2 4989/1765/2
f 5019/1766/2 5020/1764/2 4989/1765/2
f 5019/1766/2 4989/1765/2 4990/1767/2
f 5018/1768/2 5019/1766/2 4990/1767/2
f 5018/1768/2 4990/1767/2 4991/1769/2
f 5017/1770/2 5018/1768/2 4991/1769/2
f 5017/1770/2 4991/1769/2 4992/1202/2
f 5016/1105/2 5017/1770/2 4992/1202/2
f 5015/1771/2 5016/1105/2 4992/1202/2
f 5015/1771/2 4992/1202/2 4993/1772/2
f 5014/1773/2 5015/1771/2 4993/1772/2
f 5014/1773/2 4993/1772/2 4994/1774/2
f 5013/1775/2 5014/1773/2 4994/1774/2
f 5013/1775/2 4994/1774/2 4995/1776/2
f 5012/1777/2 5013/1775/2 4995/1776/2
f 5012/1777/2 4995/1776/2 4996/1778/2
f 5011/1779/2 5012/1777/2 4996/1778/2
f 5011/1779/2 4996/1778/2 4997/1780/2
f 5010/1781/2 5011/1779/2 4997/1780/2
f 5010/1781/2 4997/1780/2 4998/1782/2
f 5009/1783/2 5010/1781/2 4998/1782/2
f 5009/1783/2 4998/1782/2 4999/1784/2
f 5008/1142/2 5009/1783/2 4999/1784/2
f 5008/1142/2 4999/1784/2 5000/1172/2
f 5007/1785/2 5008/1142/2 5000/1172/2
f 5007/1785/2 5000/1172/2 5001/1786/2
f 5006/1787/2 5007/1785/2 5001/1786/2
f 5006/1787/2 5001/1786/2 5002/1788/2
f 5005/1789/2 5006/1787/2 5002/1788/2
f 5005/1789/2 5002/1788/2 5003/1790/2
f 5004/1791/2 5005/1789/2 5003/1790/2
f 5546/1792/2 5547/1794/2 5548/1793/2
f 5546/1792/2 5548/1793/2 5549/1795/2
f 5546/1792/2 5549/1795/2 5550/1796/2
f 5546/1792/2 5550/1796/2 5551/1797/2
f 5546/1792/2 5551/1797/2 5552/1798/2
f 5545/1799/2 5546/1792/2 5552/1798/2
f 5545/1799/2 5552/1798/2 5553/1800/2
f 5545/1799/2 5553/1800/2 5554/1801/2
f 5545/1799/2 5554/1801/2 5555/1802/2
f 5545/1799/2 5555/1802/2 5556/1803/2
f 5544/1804/2 5545/1799/2 5556/1803/2
f 5544/1804/2 5556/1803/2 5557/1805/2
f 5544/1804/2 5557/1805/2 5558/1806/2
f 5544/1804/2 5558/1806/2 5559/1807/2
f 5544/1804/2 5559/1807/2 5560/1808/2
f 5543/1809/2 5544/1804/2 5560/1808/2
f 5594/1810/2 5595/1812/2 5596/1811/2
f 5593/1813/2 5594/1810/2 5596/1811/2
f 5592/1814/2 5593/1813/2 5596/1811/2
f 5591/1815/2 5592/1814/2 5596/1811/2
f 5590/1816/2 5591/1815/2 5596/1811/2
f 5589/1817/2 5590/1816/2 5596/1811/2
f 5543/1809/2 5560/1808/2 5561/1818/2
f 5589/1817/2 5596/1811/2 5597/1819/2
f 5588/1820/2 5589/1817/2 5597/1819/2
f 5587/1821/2 5588/1820/2 5597/1819/2
f 5586/1822/2 5587/1821/2 5597/1819/2
f 5543/1809/2 5561/1818/2 5562/1823/2
f 5585/1824/2 5586/1822/2 5597/1819/2
f 5584/1825/2 5585/1824/2 5597/1819/2
f 5543/1809/2 5562/1823/2 5563/1826/2
f 5583/1827/2 5584/1825/2 5597/1819/2
f 5583/1827/2 5597/1819/2 5598/1828/2
f 5582/1829/2 5583/1827/2 5598/1828/2
f 5543/1809/2 5563/1826/2 5564/1830/2
f 5581/1831/2 5582/1829/2 5598/1828/2
f 5543/1809/2 5564/1830/2 5565/1832/2
f 5580/1833/2 5581/1831/2 5598/1828/2
f 5579/1834/2 5580/1833/2 5598/1828/2
f 5543/1809/2 5565/1832/2 5566/1835/2
f 5542/1836/2 5543/1809/2 5566/1835/2
f 5578/1837/2 5579/1834/2 5598/1828/2
f 5542/1836/2 5566/1835/2 5567/1838/2
f 5577/1839/2 5578/1837/2 5598/1828/2
f 5576/1840/2 5577/1839/2 5598/1828/2
f 5542/1836/2 5567/1838/2 5568/1841/2
f 5575/1842/2 5576/1840/2 5598/1828/2
f 5542/1836/2 5568/1841/2 5569/1843/2
f 5574/1844/2 5575/1842/2 5598/1828/2
f 5573/1845/2 5574/1844/2 5598/1828/2
f 5542/1836/2 5569/1843/2 5570/1846/2
f 5572/1847/2 5573/1845/2 5598/1828/2
f 5542/1836/2 5570/1846/2 5571/1848/2
f 5571/1848/2 5572/1847/2 5598/1828/2
f 5542/1836/2 5571/1848/2 5598/1828/2
f 5542/1836/2 5598/1828/2 5599/1849/2
f 5542/1836/2 5599/1849/2 5600/1850/2
f 5541/1851/2 5542/1836/2 5600/1850/2
f 5541/1851/2 5600/1850/2 5601/1852/2
f 5540/1853/2 5541/1851/2 5601/1852/2
f 5540/1853/2 5601/1852/2 5602/1854/2
f 5539/1855/2 5540/1853/2 5602/1854/2
f 5539/1855/2 5602/1854/2 5603/1856/2
f 5538/1857/2 5539/1855/2 5603/1856/2
f 5538/1857/2 5603/1856/2 5604/1858/2
f 5537/1859/2 5538/1857/2 5604/1858/2
f 5537/1859/2 5604/1858/2 5605/1860/2
f 5536/1861/2 5537/1859/2 5605/1860/2
f 5536/1861/2 5605/1860/2 5606/105/2
f 5535/1862/2 5536/1861/2 5606/105/2
f 5535/1862/2 5606/105/2 5233/107/2
f 5534/1863/2 5535/1862/2 5233/107/2
f 5534/1863/2 5233/107/2 5234/1864/2
f 5533/1865/2 5534/1863/2 5234/1864/2
f 5533/1865/2 5234/1864/2 5235/1866/2
f 5532/1867/2 5533/1865/2 5235/1866/2
f 5532/1867/2 5235/1866/2 5236/1868/2
f 5531/1869/2 5532/1867/2 5236/1868/2
f 5530/1870/2 5531/1869/2 5236/1868/2
f 5530/1870/2 5236/1868/2 5237/1871/2
f 5529/1872/2 5530/1870/2 5237/1871/2
f 5528/1873/2 5529/1872/2 5237/1871/2
f 5528/1873/2 5237/1871/2 5238/1874/2
f 5527/1875/2 5528/1873/2 5238/1874/2
f 5527/1875/2 5238/1874/2 5239/1876/2
f 5526/1877/2 5527/1875/2 5239/1876/2
f 5525/1878/2 5526/1877/2 5239/1876/2
f 5525/1878/2 5239/1876/2 5240/1879/2
f 5524/1880/2 5525/1878/2 5240/1879/2
f 5523/1881/2 5524/1880/2 5240/1879/2
f 5523/1881/2 5240/1879/2 5241/1882/2
f 5522/1883/2 5523/1881/2 5241/1882/2
f 5521/1884/2 5522/1883/2 5241/1882/2
f 5520/1885/2 5521/1884/2 5241/1882/2
f 5520/1885/2 5241/1882/2 5474/1886/2
f 5474/1886/2 5241/1882/2 5242/1887/2
f 5519/1888/2 5520/1885/2 5474/1886/2
f 5518/1889/2 5519/1888/2 5474/1886/2
f 5518/1889/2 5474/1886/2 5475/1890/2
f 5473/1891/2 5474/1886/2 5242/1887/2
f 5518/1889/2 5475/1890/2 5476/1892/2
f 5517/1893/2 5518/1889/2 5476/1892/2
f 5517/1893/2 5476/1892/2 5477/1894/2
f 5517/1893/2 5477/1894/2 5478/1895/2
f 5516/1896/2 5517/1893/2 5478/1895/2
f 5516/1896/2 5478/1895/2 5479/1897/2
f 5516/1896/2 5479/1897/2 5480/1898/2
f 5515/1899/2 5516/1896/2 5480/1898/2
f 5515/1899/2 5480/1898/2 5481/1900/2
f 5515/1899/2 5481/1900/2 5482/1901/2
f 5473/1891/2 5242/1887/2 5243/1902/2
f 5515/1899/2 5482/1901/2 5483/1903/2
f 5514/1904/2 5515/1899/2 5488/1905/2
f 5488/1905/2 5515/1899/2 5487/1906/2
f 5487/1906/2 5515/1899/2 5483/1903/2
f 5487/1906/2 5483/1903/2 5484/1907/2
f 5487/1906/2 5484/1907/2 5485/1908/2
f 5487/1906/2 5485/1908/2 5486/1909/2
f 5514/1904/2 5488/1905/2 5489/1910/2
f 5514/1904/2 5489/1910/2 5490/1911/2
f 5514/1904/2 5490/1911/2 5491/1912/2
f 5514/1904/2 5491/1912/2 5492/1913/2
f 5514/1904/2 5492/1913/2 5493/1914/2
f 5514/1904/2 5493/1914/2 5494/1915/2
f 5514/1904/2 5494/1915/2 5495/1916/2
f 5514/1904/2 5495/1916/2 5496/1917/2
f 5514/1904/2 5496/1917/2 5497/1918/2
f 5513/1919/2 5514/1904/2 5497/1918/2
f 5513/1919/2 5497/1918/2 5498/1920/2
f 5513/1919/2 5498/1920/2 5499/1921/2
f 5513/1919/2 5499/1921/2 5500/1922/2
f 5513/1919/2 5500/1922/2 5501/1923/2
f 5513/1919/2 5501/1923/2 5502/1924/2
f 5512/1925/2 5513/1919/2 5502/1924/2
f 5512/1925/2 5502/1924/2 5503/1926/2
f 5512/1925/2 5503/1926/2 5504/1927/2
f 5512/1925/2 5504/1927/2 5505/1928/2
f 5512/1925/2 5505/1928/2 5506/1929/2
f 5512/1925/2 5506/1929/2 5507/1930/2
f 5511/1931/2 5512/1925/2 5507/1930/2
f 5511/1931/2 5507/1930/2 5508/1932/2
f 5511/1931/2 5508/1932/2 5509/1933/2
f 5511/1931/2 5509/1933/2 5510/1934/2
f 5473/1891/2 5243/1902/2 5244/1935/2
f 5472/1936/2 5473/1891/2 5244/1935/2
f 5472/1936/2 5244/1935/2 5245/1937/2
f 5471/1938/2 5472/1936/2 5245/1937/2
f 5471/1938/2 5245/1937/2 5246/1939/2
f 5471/1938/2 5246/1939/2 5247/1940/2
f 5471/1938/2 5247/1940/2 5248/1941/2
f 5471/1938/2 5248/1941/2 5249/1942/2
f 5471/1938/2 5249/1942/2 5250/1943/2
f 5470/1944/2 5471/1938/2 5250/1943/2
f 5470/1944/2 5250/1943/2 5251/1945/2
f 5470/1944/2 5251/1945/2 5252/1946/2
f 5470/1944/2 5252/1946/2 5253/1947/2
f 5470/1944/2 5253/1947/2 5254/1948/2
f 5469/1949/2 5470/1944/2 5254/1948/2
f 5469/1949/2 5254/1948/2 5255/1950/2
f 5469/1949/2 5255/1950/2 5256/1951/2
f 5469/1949/2 5256/1951/2 5257/1952/2
f 5469/1949/2 5257/1952/2 5258/1953/2
f 5468/1954/2 5469/1949/2 5258/1953/2
f 5468/1954/2 5258/1953/2 5259/1955/2
f 5467/1956/2 5468/1954/2 5259/1955/2
f 5467/1956/2 5259/1955/2 5260/1957/2
f 5466/1958/2 5467/1956/2 5260/1957/2
f 5466/1958/2 5260/1957/2 5261/1959/2
f 5466/1958/2 5261/1959/2 5262/1960/2
f 5465/1961/2 5466/1958/2 5262/1960/2
f 5465/1961/2 5262/1960/2 5263/1962/2
f 5464/1963/2 5465/1961/2 5263/1962/2
f 5464/1963/2 5263/1962/2 5264/1964/2
f 5463/1965/2 5464/1963/2 5264/1964/2
f 5463/1965/2 5264/1964/2 5265/1966/2
f 5462/1967/2 5463/1965/2 5265/1966/2
f 5462/1967/2 5265/1966/2 5266/1968/2
f 5461/1969/2 5462/1967/2 5266/1968/2
f 5461/1969/2 5266/1968/2 5267/1970/2
f 5460/1971/2 5461/1969/2 5267/1970/2
f 5460/1971/2 5267/1970/2 5268/1972/2
f 5459/1973/2 5460/1971/2 5268/1972/2
f 5458/1974/2 5459/1973/2 5268/1972/2
f 5458/1974/2 5268/1972/2 5269/1975/2
f 5457/1976/2 5458/1974/2 5269/1975/2
f 5457/1976/2 5269/1975/2 5270/1977/2
f 5456/1978/2 5457/1976/2 5270/1977/2
f 5456/1978/2 5270/1977/2 5271/1979/2
f 5455/1980/2 5456/1978/2 5271/1979/2
f 5455/1980/2 5271/1979/2 5272/1981/2
f 5454/1982/2 5455/1980/2 5272/1981/2
f 5454/1982/2 5272/1981/2 5273/1983/2
f 5453/1984/2 5454/1982/2 5273/1983/2
f 5453/1984/2 5273/1983/2 5274/1985/2
f 5452/1986/2 5453/1984/2 5274/1985/2
f 5452/1986/2 5274/1985/2 5275/1987/2
f 5451/1988/2 5452/1986/2 5275/1987/2
f 5450/1989/2 5451/1988/2 5275/1987/2
f 5450/1989/2 5275/1987/2 5276/1990/2
f 5449/1991/2 5450/1989/2 5276/1990/2
f 5449/1991/2 5276/1990/2 5277/1992/2
f 5448/1993/2 5449/1991/2 5277/1992/2
f 5447/1994/2 5448/1993/2 5277/1992/2
f 5447/1994/2 5277/1992/2 5278/1995/2
f 5446/1996/2 5447/1994/2 5278/1995/2
f 5445/1997/2 5446/1996/2 5278/1995/2
f 5444/1998/2 5445/1997/2 5278/1995/2
f 5444/1998/2 5278/1995/2 5279/1999/2
f 5443/2000/2 5444/1998/2 5279/1999/2
f 5442/2001/2 5443/2000/2 5279/1999/2
f 5441/2002/2 5442/2001/2 5279/1999/2
f 5441/2002/2 5279/1999/2 5280/2003/2
f 5440/2004/2 5441/2002/2 5280/2003/2
f 5439/2005/2 5440/2004/2 5280/2003/2
f 5438/2006/2 5439/2005/2 5280/2003/2
f 5437/2007/2 5438/2006/2 5280/2003/2
f 5437/2007/2 5280/2003/2 5281/2008/2
f 5436/2009/2 5437/2007/2 5281/2008/2
f 5435/2010/2 5436/2009/2 5281/2008/2
f 5305/2011/2 5306/2013/2 5307/2012/2
f 5304/2014/2 5305/2011/2 5307/2012/2
f 5304/2014/2 5307/2012/2 5308/2015/2
f 5303/2016/2 5304/2014/2 5308/2015/2
f 5303/2016/2 5308/2015/2 5309/2017/2
f 5302/2018/2 5303/2016/2 5309/2017/2
f 5302/2018/2 5309/2017/2 5310/2019/2
f 5301/2020/2 5302/2018/2 5310/2019/2
f 5301/2020/2 5310/2019/2 5311/2021/2
f 5300/2022/2 5301/2020/2 5311/2021/2
f 5300/2022/2 5311/2021/2 5312/2023/2
f 5299/2024/2 5300/2022/2 5312/2023/2
f 5299/2024/2 5312/2023/2 5313/2025/2
f 5298/2026/2 5299/2024/2 5313/2025/2
f 5298/2026/2 5313/2025/2 5314/2027/2
f 5297/2028/2 5298/2026/2 5314/2027/2
f 5297/2028/2 5314/2027/2 5315/2029/2
f 5296/2030/2 5297/2028/2 5315/2029/2
f 5296/2030/2 5315/2029/2 5316/2031/2
f 5295/2032/2 5296/2030/2 5316/2031/2
f 5295/2032/2 5316/2031/2 5317/2033/2
f 5294/2034/2 5295/2032/2 5317/2033/2
f 5294/2034/2 5317/2033/2 5318/2035/2
f 5293/2036/2 5294/2034/2 5318/2035/2
f 5293/2036/2 5318/2035/2 5319/2037/2
f 5292/2038/2 5293/2036/2 5319/2037/2
f 5291/2039/2 5292/2038/2 5319/2037/2
f 5434/2040/2 5435/2010/2 5281/2008/2
f 5290/2041/2 5291/2039/2 5319/2037/2
f 5290/2041/2 5319/2037/2 5320/2042/2
f 5289/2043/2 5290/2041/2 5320/2042/2
f 5288/2044/2 5289/2043/2 5320/2042/2
f 5434/2040/2 5281/2008/2 5282/2045/2
f 5287/2046/2 5288/2044/2 5320/2042/2
f 5286/2047/2 5287/2046/2 5320/2042/2
f 5286/2047/2 5320/2042/2 5321/2048/2
f 5285/2049/2 5286/2047/2 5321/2048/2
f 5284/2050/2 5285/2049/2 5321/2048/2
f 5283/2051/2 5284/2050/2 5321/2048/2
f 5282/2045/2 5283/2051/2 5321/2048/2
f 5434/2040/2 5282/2045/2 5321/2048/2
f 5434/2040/2 5321/2048/2 5322/2052/2
f 5433/2053/2 5434/2040/2 5322/2052/2
f 5433/2053/2 5322/2052/2 5323/2054/2
f 5433/2053/2 5323/2054/2 5324/2055/2
f 5432/2056/2 5433/2053/2 5324/2055/2
f 5432/2056/2 5324/2055/2 5325/2057/2
f 5431/2058/2 5432/2056/2 5325/2057/2
f 5431/2058/2 5325/2057/2 5326/2059/2
f 5430/2060/2 5431/2058/2 5326/2059/2
f 5430/2060/2 5326/2059/2 5327/2061/2
f 5430/2060/2 5327/2061/2 5328/2062/2
f 5429/2063/2 5430/2060/2 5328/2062/2
f 5429/2063/2 5328/2062/2 5329/2064/2
f 5428/2065/2 5429/2063/2 5329/2064/2
f 5428/2065/2 5329/2064/2 5330/2066/2
f 5427/2067/2 5428/2065/2 5330/2066/2
f 5426/2068/2 5427/2067/2 5330/2066/2
f 5426/2068/2 5330/2066/2 5331/2069/2
f 5426/2068/2 5331/2069/2 5332/2070/2
f 5425/2071/2 5426/2068/2 5332/2070/2
f 5425/2071/2 5332/2070/2 5333/2072/2
f 5424/2073/2 5425/2071/2 5333/2072/2
f 5424/2073/2 5333/2072/2 5334/2074/2
f 5423/2075/2 5424/2073/2 5334/2074/2
f 5423/2075/2 5334/2074/2 5335/2076/2
f 5422/2077/2 5423/2075/2 5335/2076/2
f 5422/2077/2 5335/2076/2 5336/2078/2
f 5421/2079/2 5422/2077/2 5336/2078/2
f 5421/2079/2 5336/2078/2 5337/2080/2
f 5420/2081/2 5421/2079/2 5337/2080/2
f 5420/2081/2 5337/2080/2 5338/2082/2
f 5419/2083/2 5420/2081/2 5338/2082/2
f 5419/2083/2 5338/2082/2 5339/2084/2
f 5418/2085/2 5419/2083/2 5339/2084/2
f 5418/2085/2 5339/2084/2 5340/2086/2
f 5417/2087/2 5418/2085/2 5340/2086/2
f 5417/2087/2 5340/2086/2 5341/2088/2
f 5416/2089/2 5417/2087/2 5341/2088/2
f 5416/2089/2 5341/2088/2 5342/2090/2
f 5415/2091/2 5416/2089/2 5342/2090/2
f 5415/2091/2 5342/2090/2 5343/2092/2
f 5414/2093/2 5415/2091/2 5343/2092/2
f 5414/2093/2 5343/2092/2 5344/2094/2
f 5413/2095/2 5414/2093/2 5344/2094/2
f 5413/2095/2 5344/2094/2 5345/2096/2
f 5412/2097/2 5413/2095/2 5345/2096/2
f 5412/2097/2 5345/2096/2 5346/2098/2
f 5411/2099/2 5412/2097/2 5346/2098/2
f 5411/2099/2 5346/2098/2 5347/2100/2
f 5411/2099/2 5347/2100/2 5348/2101/2
f 5410/2102/2 5411/2099/2 5348/2101/2
f 5410/2102/2 5348/2101/2 5378/2103/2
f 5378/2103/2 5348/2101/2 5377/2104/2
f 5377/2104/2 5348/2101/2 5349/2105/2
f 5410/2102/2 5378/2103/2 5379/2106/2
f 5376/2107/2 5377/2104/2 5349/2105/2
f 5410/2102/2 5379/2106/2 5380/2108/2
f 5375/2109/2 5376/2107/2 5349/2105/2
f 5410/2102/2 5380/2108/2 5381/2110/2
f 5374/2111/2 5375/2109/2 5349/2105/2
f 5409/2112/2 5410/2102/2 5381/2110/2
f 5373/2113/2 5374/2111/2 5349/2105/2
f 5409/2112/2 5381/2110/2 5382/2114/2
f 5372/2115/2 5373/2113/2 5349/2105/2
f 5409/2112/2 5382/2114/2 5383/2116/2
f 5371/2117/2 5372/2115/2 5349/2105/2
f 5370/2118/2 5371/2117/2 5349/2105/2
f 5370/2118/2 5349/2105/2 5350/2119/2
f 5409/2112/2 5383/2116/2 5384/2120/2
f 5369/2121/2 5370/2118/2 5350/2119/2
f 5409/2112/2 5384/2120/2 5385/2122/2
f 5368/2123/2 5369/2121/2 5350/2119/2
f 5367/2124/2 5368/2123/2 5350/2119/2
f 5409/2112/2 5385/2122/2 5386/2125/2
f 5366/2126/2 5367/2124/2 5350/2119/2
f 5366/2126/2 5350/2119/2 5351/2127/2
f 5409/2112/2 5386/2125/2 5387/2128/2
f 5365/2129/2 5366/2126/2 5351/2127/2
f 5408/2130/2 5409/2112/2 5387/2128/2
f 5364/2131/2 5365/2129/2 5351/2127/2
f 5408/2130/2 5387/2128/2 5388/2132/2
f 5363/2133/2 5364/2131/2 5351/2127/2
f 5363/2133/2 5351/2127/2 5352/2134/2
f 5362/2135/2 5363/2133/2 5352/2134/2
f 5408/2130/2 5388/2132/2 5389/2136/2
f 5361/2137/2 5362/2135/2 5352/2134/2
f 5360/2138/2 5361/2137/2 5352/2134/2
f 5360/2138/2 5352/2134/2 5353/2139/2
f 5359/2140/2 5360/2138/2 5353/2139/2
f 5408/2130/2 5389/2136/2 5390/2141/2
f 5358/2142/2 5359/2140/2 5353/2139/2
f 5357/2143/2 5358/2142/2 5353/2139/2
f 5407/2144/2 5408/2130/2 5390/2141/2
f 5357/2143/2 5353/2139/2 5354/2145/2
f 5356/2146/2 5357/2143/2 5354/2145/2
f 5355/2147/2 5356/2146/2 5354/2145/2
f 5407/2144/2 5390/2141/2 5391/2148/2
f 5407/2144/2 5391/2148/2 5392/2149/2
f 5406/2150/2 5407/2144/2 5392/2149/2
f 5406/2150/2 5392/2149/2 5393/2151/2
f 5406/2150/2 5393/2151/2 5394/2152/2
f 5405/2153/2 5406/2150/2 5394/2152/2
f 5405/2153/2 5394/2152/2 5395/2154/2
f 5405/2153/2 5395/2154/2 5396/2155/2
f 5404/2156/2 5405/2153/2 5396/2155/2
f 5404/2156/2 5396/2155/2 5397/2157/2
f 5404/2156/2 5397/2157/2 5398/2158/2
f 5403/2159/2 5404/2156/2 5398/2158/2
f 5403/2159/2 5398/2158/2 5399/2160/2
f 5403/2159/2 5399/2160/2 5400/2161/2
f 5402/2162/2 5403/2159/2 5400/2161/2
f 5402/2162/2 5400/2161/2 5401/2163/2
f 5608/2164/3 5610/2165/4 5609/2166/4 5607/107/3
f 5610/2165/4 5612/2167/5 5611/2168/5 5609/2166/4
f 5612/2167/5 5614/2169/6 5613/2170/6 5611/2168/5
f 5614/2169/6 5616/2171/7 5615/2172/7 5613/2170/6
f 5616/2171/7 5618/2173/8 5617/2174/8 5615/2172/7
f 5618/2173/8 5620/2175/9 5619/2176/9 5617/2174/8
f 5620/2175/9 5622/2177/10 5621/2178/10 5619/2176/9
f 5622/2177/10 5624/2179/11 5623/2180/11 5621/2178/10
f 5624/2179/11 5626/2181/12 5625/2182/12 5623/2180/11
f 5626/2181/12 5628/2183/13 5627/2184/13 5625/2182/12
f 5628/2183/13 5630/2185/14 5629/2186/14 5627/2184/13
f 5630/2185/14 5632/2187/15 5631/2188/15 5629/2186/14
f 5632/2187/15 5634/2189/16 5633/2190/16 5631/2188/15
f 5634/2189/16 5636/2191/17 5635/2192/17 5633/2190/16
f 5636/2191/17 5638/2193/18 5637/2194/18 5635/2192/17
f 5638/2193/18 5640/2195/19 5639/2196/19 5637/2194/18
f 5640/2195/19 5642/2197/20 5641/1184/20 5639/2196/19
f 5642/2197/20 5644/2198/21 5643/2199/21 5641/1184/20
f 5644/2198/21 5646/2200/22 5645/2201/22 5643/2199/21
f 5646/2200/22 5648/2202/23 5647/2203/23 5645/2201/22
f 5648/2202/23 5650/2204/24 5649/2205/24 5647/2203/23
f 5650/2204/24 5652/2206/25 5651/2207/25 5649/2205/24
f 5652/2206/25 5654/2208/26 5653/2209/26 5651/2207/25
f 5654/2208/26 5656/2210/27 5655/2211/27 5653/2209/26
f 5656/2210/27 5658/2212/28 5657/2213/28 5655/2211/27
f 5658/2212/28 5660/2214/29 5659/2215/29 5657/2213/28
f 5660/2214/29 5662/2216/30 5661/2217/30 5659/2215/29
f 5662/2216/30 5664/2218/31 5663/2219/31 5661/2217/30
f 5664/2218/31 5666/2220/32 5665/2221/32 5663/2219/31
f 5666/2220/32 5668/2222/33 5667/2223/33 5665/2221/32
f 5668/2222/33 5670/2224/34 5669/2225/34 5667/2223/33
f 5670/2224/34 5672/2226/35 5671/2227/35 5669/2225/34
f 5672/2226/35 5674/2228/36 5673/2229/36 5671/2227/35
f 5674/2228/36 5676/2230/37 5675/1127/37 5673/2229/36
f 5676/2230/37 5678/2231/38 5677/2232/38 5675/1127/37
f 5678/2231/38 5680/2233/39 5679/2234/39 5677/2232/38
f 5680/2233/39 5682/2235/40 5681/2236/40 5679/2234/39
f 5682/2235/40 5684/2237/41 5683/2238/41 5681/2236/40
f 5684/2237/41 5686/2239/42 5685/2240/42 5683/2238/41
f 5686/2239/42 5688/2241/43 5687/2242/43 5685/2240/42
f 5688/2241/43 5690/2243/44 5689/2244/44 5687/2242/43
f 5690/2243/44 5692/2245/45 5691/2246/45 5689/2244/44
f 5692/2245/45 5694/2247/46 5693/2248/46 5691/2246/45
f 5694/2247/46 5696/2249/47 5695/2250/47 5693/2248/46
f 5696/2249/47 5698/2251/48 5697/2252/48 5695/2250/47
f 5698/2251/48 5700/2253/49 5699/2254/49 5697/2252/48
f 5700/2253/49 5702/2255/50 5701/2256/50 5699/2254/49
f 5702/2255/50 5704/2257/51 5703/2258/51 5701/2256/50
f 5704/2257/51 5706/2259/52 5705/2260/52 5703/2258/51
f 5706/2259/53 5708/2261/54 5707/2262/54 5705/2260/53
f 5708/2261/54 5710/2263/55 5709/1182/55 5707/2262/54
f 5710/2263/55 5712/2264/56 5711/2265/56 5709/1182/55
f 5712/2264/56 5714/2266/57 5713/2267/57 5711/2265/56
f 5714/2266/57 5716/2268/58 5715/2269/58 5713/2267/57
f 5716/2268/58 5718/2270/59 5717/2271/59 5715/2269/58
f 5718/2270/59 5720/2272/60 5719/2273/60 5717/2271/59
f 5720/2272/60 5722/2274/61 5721/2275/61 5719/2273/60
f 5722/2274/61 5724/2276/62 5723/2277/62 5721/2275/61
f 5724/2276/62 5726/2278/63 5725/2279/63 5723/2277/62
f 5726/2278/63 5728/2280/64 5727/2281/64 5725/2279/63
f 5728/2280/64 5730/2282/65 5729/2283/65 5727/2281/64
f 5730/2282/65 5732/2284/66 5731/2285/66 5729/2283/65
f 5732/2284/66 5734/2286/67 5733/2287/67 5731/2285/66
f 5734/2286/67 5736/2288/68 5735/2289/68 5733/2287/67
f 5736/2288/68 5738/2290/69 5737/2291/69 5735/2289/68
f 5738/2290/69 5740/2292/70 5739/2293/70 5737/2291/69
f 5740/2292/70 5742/2294/71 5741/2295/71 5739/2293/70
f 5742/2294/71 5744/2296/72 5743/1183/72 5741/2295/71
f 5744/2296/72 5746/2297/73 5745/2298/73 5743/1183/72
f 5746/2297/73 5748/2299/74 5747/2300/74 5745/2298/73
f 5748/2299/74 5750/2301/75 5749/2302/75 5747/2300/74
f 5750/2301/75 5752/2303/76 5751/2304/76 5749/2302/75
f 5752/2303/76 5754/2305/77 5753/2306/77 5751/2304/76
f 5754/2305/77 5756/2307/78 5755/2308/78 5753/2306/77
f 5756/2307/78 5758/2309/79 5757/2310/79 5755/2308/78
f 5758/2309/79 5760/2311/80 5759/2312/80 5757/2310/79
f 5760/2311/80 5762/2313/81 5761/2314/81 5759/2312/80
f 5762/2313/81 5764/2315/82 5763/2316/82 5761/2314/81
f 5764/2315/82 5766/2317/83 5765/2318/83 5763/2316/82
f 5766/2317/83 5768/2319/84 5767/2320/84 5765/2318/83
f 5768/2319/84 5770/2321/85 5769/2322/85 5767/2320/84
f 5770/2321/85 5772/2323/86 5771/2324/86 5769/2322/85
f 5772/2323/86 5774/2325/87 5773/2326/87 5771/2324/86
f 5774/2325/87 5776/2327/88 5775/2328/88 5773/2326/87
f 5776/2327/88 5778/2329/89 5777/1123/89 5775/2328/88
f 5778/2329/89 5780/2330/90 5779/2331/90 5777/1123/89
f 5780/2330/90 5782/2332/91 5781/2333/91 5779/2331/90
f 5782/2332/91 5784/2334/92 5783/2335/92 5781/2333/91
f 5784/2334/92 5786/2336/93 5785/2337/93 5783/2335/92
f 5786/2336/93 5788/2338/94 5787/2339/94 5785/2337/93
f 5788/2338/94 5790/2340/95 5789/2341/95 5787/2339/94
f 5790/2340/95 5792/2342/96 5791/2343/96 5789/2341/95
f 5792/2342/96 5794/2344/97 5793/2345/97 5791/2343/96
f 5794/2344/97 5796/2346/98 5795/2347/98 5793/2345/97
f 5796/2346/98 5798/2348/99 5797/2349/99 5795/2347/98
f 5798/2348/99 5800/2350/100 5799/2351/100 5797/2349/99
f 5800/2350/100 5802/2352/101 5801/2353/101 5799/2351/100
f 5802/2352/101 5804/2354/102 5803/2355/102 5801/2353/101
f 5804/2354/102 5806/2356/103 5805/2357/103 5803/2355/102
f 5806/2356/103 5808/2358/104 5807/2359/104 5805/2357/103
f 5808/2358/104 5810/2360/105 5809/2361/105 5807/2359/104
f 5810/2360/105 5812/2362/106 5811/1084/106 5809/2361/105
f 5812/2362/106 5814/2363/107 5813/2364/107 5811/1084/106
f 5814/2363/107 5816/2365/108 5815/2366/108 5813/2364/107
f 5816/2365/108 5818/2367/109 5817/2368/109 5815/2366/108
f 5818/2367/109 5820/2369/110 5819/2370/110 5817/2368/109
f 5820/2369/110 5822/2371/111 5821/2372/111 5819/2370/110
f 5822/2371/111 5824/2373/112 5823/2374/112 5821/2372/111
f 5824/2373/112 5826/2375/113 5825/2376/113 5823/2374/112
f 5826/2375/113 5828/2377/114 5827/2378/114 5825/2376/113
f 5828/2377/114 5830/2379/115 5829/2380/115 5827/2378/114
f 5830/2379/115 5832/2381/116 5831/2382/116 5829/2380/115
f 5832/2381/116 5834/2383/117 5833/2384/117 5831/2382/116
f 5834/2383/117 5836/2385/118 5835/2386/118 5833/2384/117
f 5836/2385/118 5838/2387/119 5837/2388/119 5835/2386/118
f 5838/2387/119 5840/2389/120 5839/2390/120 5837/2388/119
f 5840/2389/120 5842/2391/121 5841/2392/121 5839/2390/120
f 5842/2391/121 5844/2393/122 5843/2394/122 5841/2392/121
f 5844/2393/122 5846/2395/123 5845/1008/123 5843/2394/122
f 5846/2395/123 5848/2396/124 5847/2397/124 5845/1008/123
f 5848/2396/124 5850/2398/125 5849/2399/125 5847/2397/124
f 5850/2398/125 5852/2400/126 5851/2401/126 5849/2399/125
f 5852/2400/126 5854/2402/127 5853/2403/127 5851/2401/126
f 5854/2402/127 5856/2404/128 5855/2405/128 5853/2403/127
f 5856/2404/128 5858/2406/129 5857/2407/129 5855/2405/128
f 5858/2406/129 5860/2408/130 5859/2409/130 5857/2407/129
f 5860/2408/130 5862/2410/131 5861/2411/131 5859/2409/130
f 5862/2410/131 5864/2412/132 5863/2413/132 5861/2411/131
f 5864/2412/132 5866/2414/133 5865/2415/133 5863/2413/132
f 5866/2414/133 5868/2416/134 5867/2417/134 5865/2415/133
f 5868/2416/134 5870/2418/135 5869/2419/135 5867/2417/134
f 5870/2418/135 5872/2420/136 5871/2421/136 5869/2419/135
f 5872/2420/136 5874/2422/137 5873/2423/137 5871/2421/136
f 5874/2422/137 5876/2424/136 5875/2425/136 5873/2423/137
f 5876/2424/136 5878/2426/135 5877/2427/135 5875/2425/136
f 5878/2426/135 5880/2428/134 5879/972/134 5877/2427/135
f 5880/2428/134 5882/2429/133 5881/2430/133 5879/972/134
f 5882/2429/133 5884/2431/132 5883/2432/132 5881/2430/133
f 5884/2431/132 5886/2433/131 5885/2434/131 5883/2432/132
f 5886/2433/131 5888/2435/130 5887/2436/130 5885/2434/131
f 5888/2435/130 5890/2437/129 5889/2438/129 5887/2436/130
f 5890/2437/129 5892/2439/128 5891/2440/128 5889/2438/129
f 5892/2439/128 5894/2441/127 5893/2442/127 5891/2440/128
f 5894/2441/127 5896/2443/126 5895/2444/126 5893/2442/127
f 5896/2443/126 5898/2445/138 5897/2446/138 5895/2444/126
f 5898/2445/138 5900/2447/139 5899/2448/139 5897/2446/138
f 5900/2447/139 5902/2449/140 5901/2450/140 5899/2448/139
f 5902/2449/140 5904/2451/141 5903/2452/141 5901/2450/140
f 5904/2451/141 5906/2453/142 5905/2454/142 5903/2452/141
f 5906/2453/142 5908/2455/143 5907/2456/143 5905/2454/142
f 5908/2455/143 5910/2457/144 5909/2458/144 5907/2456/143
f 5910/2457/144 5912/2459/145 5911/2460/145 5909/2458/144
f 5912/2459/145 5914/2461/146 5913/906/146 5911/2460/145
f 5914/2461/146 5916/2462/147 5915/2463/147 5913/906/146
f 5916/2462/147 5918/2464/148 5917/2465/148 5915/2463/147
f 5918/2464/148 5920/2466/149 5919/2467/149 5917/2465/148
f 5920/2466/149 5922/2468/150 5921/2469/150 5919/2467/149
f 5922/2468/150 5924/2470/149 5923/2471/149 5921/2469/150
f 5924/2470/149 5926/2472/148 5925/2473/148 5923/2471/149
f 5926/2472/148 5928/2474/147 5927/2475/147 5925/2473/148
f 5928/2474/147 5930/2476/146 5929/2477/146 5927/2475/147
f 5930/2476/146 5932/2478/145 5931/2479/145 5929/2477/146
f 5932/2478/145 5934/2480/144 5933/2481/144 5931/2479/145
f 5934/2480/144 5936/2482/143 5935/2483/143 5933/2481/144
f 5936/2482/143 5938/2484/142 5937/2485/142 5935/2483/143
f 5938/2484/142 5940/2486/141 5939/2487/141 5937/2485/142
f 5940/2486/141 5942/2488/140 5941/2489/140 5939/2487/141
f 5942/2488/140 5944/2490/139 5943/2491/139 5941/2489/140
f 5944/2490/139 5946/2492/151 5945/2493/151 5943/2491/139
f 5946/2492/151 5948/2494/152 5947/866/152 5945/2493/151
f 5948/2494/152 5950/2495/153 5949/2496/153 5947/866/152
f 5950/2495/153 5952/2497/154 5951/2498/154 5949/2496/153
f 5952/2497/154 5954/2499/155 5953/2500/155 5951/2498/154
f 5954/2499/155 5956/2501/156 5955/2502/156 5953/2500/155
f 5956/2501/156 5958/2503/157 5957/2504/157 5955/2502/156
f 5958/2503/157 5960/2505/158 5959/2506/158 5957/2504/157
f 5960/2505/158 5962/2507/159 5961/2508/159 5959/2506/158
f 5962/2507/159 5964/2509/160 5963/2510/160 5961/2508/159
f 5964/2509/160 5966/2511/161 5965/2512/161 5963/2510/160
f 5966/2511/161 5968/2513/162 5967/2514/162 5965/2512/161
f 5968/2513/162 5970/2515/163 5969/2516/163 5967/2514/162
f 5970/2515/163 5972/2517/164 5971/2518/164 5969/2516/163
f 5972/2517/164 5974/2519/165 5973/2520/165 5971/2518/164
f 5974/2519/165 5976/2521/166 5975/2522/166 5973/2520/165
f 5976/2521/166 5978/2523/167 5977/2524/167 5975/2522/166
f 5978/2523/167 5980/2525/168 5979/2526/168 5977/2524/167
f 5980/2525/168 5982/2527/169 5981/931/169 5979/2526/168
f 5982/2527/169 5984/2528/170 5983/2529/170 5981/931/169
f 5984/2528/170 5986/2530/171 5985/2531/171 5983/2529/170
f 5986/2530/171 5988/2532/172 5987/2533/172 5985/2531/171
f 5988/2532/172 5990/2534/173 5989/2535/173 5987/2533/172
f 5990/2534/173 5992/2536/174 5991/2537/174 5989/2535/173
f 5992/2536/174 5994/2538/175 5993/2539/175 5991/2537/174
f 5994/2538/175 5996/2540/176 5995/2541/176 5993/2539/175
f 5996/2540/176 5998/2542/177 5997/2543/177 5995/2541/176
f 5998/2542/177 6000/2544/178 5999/2545/178 5997/2543/177
f 6000/2544/178 6002/2546/179 6001/2547/179 5999/2545/178
f 6002/2546/179 6004/2548/180 6003/2549/180 6001/2547/179
f 6004/2548/180 6006/2550/181 6005/2551/181 6003/2549/180
f 6006/2550/181 6008/2552/182 6007/2553/182 6005/2551/181
f 6008/2552/182 6010/2554/183 6009/2555/183 6007/2553/182
f 6010/2554/183 6012/2556/184 6011/2557/184 6009/2555/183
f 6012/2556/184 6014/2558/185 6013/2559/185 6011/2557/184
f 6014/2558/185 6016/2560/186 6015/937/186 6013/2559/185
f 6016/2560/186 6018/2561/187 6017/2562/187 6015/937/186
f 6018/2561/187 6020/2563/188 6019/2564/188 6017/2562/187
f 6020/2563/188 6022/2565/189 6021/2566/189 6019/2564/188
f 6022/2565/189 6024/2567/190 6023/2568/190 6021/2566/189
f 6024/2567/190 6026/2569/191 6025/2570/191 6023/2568/190
f 6026/2569/191 6028/2571/192 6027/2572/192 6025/2570/191
f 6028/2571/192 6030/2573/193 6029/2574/193 6027/2572/192
f 6030/2573/193 6032/2575/194 6031/2576/194 6029/2574/193
f 6032/2575/194 6034/2577/195 6033/2578/195 6031/2576/194
f 6034/2577/195 6036/2579/196 6035/2580/196 6033/2578/195
f 6036/2579/196 6038/2581/197 6037/2582/197 6035/2580/196
f 6038/2581/197 6040/2583/198 6039/2584/198 6037/2582/197
f 6040/2583/198 6042/2585/199 6041/2586/199 6039/2584/198
f 6042/2585/199 6044/2587/200 6043/2588/200 6041/2586/199
f 6044/2587/200 6046/2589/201 6045/2590/201 6043/2588/200
f 6046/2589/201 6048/2591/202 6047/2592/202 6045/2590/201
f 6048/2591/202 6050/2593/203 6049/883/203 6047/2592/202
f 6050/2593/203 6052/2594/204 6051/2595/204 6049/883/203
f 6052/2594/204 6054/2596/205 6053/2597/205 6051/2595/204
f 6054/2596/205 6056/2598/206 6055/2599/206 6053/2597/205
f 6056/2598/206 6058/2600/207 6057/2601/207 6055/2599/206
f 6058/2600/207 6060/2602/208 6059/2603/208 6057/2601/207
f 6060/2602/208 6062/2604/209 6061/2605/209 6059/2603/208
f 6062/2604/209 6064/2606/210 6063/2607/210 6061/2605/209
f 6064/2606/210 6066/2608/211 6065/2609/211 6063/2607/210
f 6066/2608/211 6068/2610/212 6067/2611/212 6065/2609/211
f 6068/2610/212 6070/2612/213 6069/2613/213 6067/2611/212
f 6070/2612/213 6072/2614/214 6071/2615/214 6069/2613/213
f 6072/2614/214 6074/2616/215 6073/2617/215 6071/2615/214
f 6074/2616/215 6076/2618/216 6075/2619/216 6073/2617/215
f 6076/2618/216 6078/2620/217 6077/2621/217 6075/2619/216
f 6078/2620/217 6080/2622/218 6079/2623/218 6077/2621/217
f 6080/2622/218 6082/2624/219 6081/2625/219 6079/2623/218
f 6082/2624/219 6084/2626/220 6083/839/220 6081/2625/219
f 6084/2626/220 6086/2627/221 6085/2628/221 6083/839/220
f 6086/2627/221 6088/2629/222 6087/2630/222 6085/2628/221
f 6088/2629/222 6090/2631/223 6089/2632/223 6087/2630/222
f 6090/2631/224 6092/2633/225 6091/2634/225 6089/2632/224
f 6092/2633/225 6094/2635/226 6093/2636/226 6091/2634/225
f 6094/2635/226 6096/2637/227 6095/2638/227 6093/2636/226
f 6096/2637/227 6098/2639/228 6097/2640/228 6095/2638/227
f 6098/2639/228 6100/2641/229 6099/2642/229 6097/2640/228
f 6100/2641/229 6102/2643/230 6101/2644/230 6099/2642/229
f 6102/2643/230 6104/2645/231 6103/2646/231 6101/2644/230
f 6104/2645/231 6106/2647/232 6105/2648/232 6103/2646/231
f 6106/2647/232 6108/2649/233 6107/2650/233 6105/2648/232
f 6108/2649/233 6110/2651/234 6109/2652/234 6107/2650/233
f 6110/2651/234 6112/2653/235 6111/2654/235 6109/2652/234
f 6112/2653/235 6114/2655/236 6113/2656/236 6111/2654/235
f 6114/2655/236 6116/2657/236 6115/2658/236 6113/2656/236
f 6116/2657/236 6118/2659/237 6117/825/237 6115/2658/236
f 6118/2659/237 6120/2660/238 6119/2661/238 6117/825/237
f 6120/2660/238 6122/2662/239 6121/2663/239 6119/2661/238
f 6122/2662/239 6124/2664/240 6123/2665/240 6121/2663/239
f 6124/2664/240 6126/2666/241 6125/2667/241 6123/2665/240
f 6126/2666/241 6128/2668/242 6127/2669/242 6125/2667/241
f 6128/2668/242 6130/2670/243 6129/2671/243 6127/2669/242
f 6130/2670/243 6132/2672/244 6131/2673/244 6129/2671/243
f 6132/2672/244 6134/2674/245 6133/2675/245 6131/2673/244
f 6134/2674/245 6136/2676/246 6135/2677/246 6133/2675/245
f 6136/2676/246 6138/2678/247 6137/2679/247 6135/2677/246
f 6138/2678/247 6140/2680/248 6139/2681/248 6137/2679/247
f 6140/2680/248 6142/2682/247 6141/2683/247 6139/2681/248
f 6142/2682/247 6144/2684/246 6143/2685/246 6141/2683/247
f 6144/2684/246 6146/2686/245 6145/2687/245 6143/2685/246
f 6146/2686/245 6148/2688/244 6147/2689/244 6145/2687/245
f 6148/2688/244 6150/2690/243 6149/2691/243 6147/2689/244
f 6150/2690/243 6152/2692/242 6151/897/242 6149/2691/243
f 6152/2692/242 6154/2693/241 6153/2694/241 6151/897/242
f 6154/2693/241 6156/2695/240 6155/2696/240 6153/2694/241
f 6156/2695/240 6158/2697/239 6157/2698/239 6155/2696/240
f 6158/2697/239 6160/2699/238 6159/2700/238 6157/2698/239
f 6160/2699/238 6162/2701/237 6161/2702/237 6159/2700/238
f 6162/2701/237 6164/2703/249 6163/2704/249 6161/2702/237
f 6164/2703/249 6166/2705/250 6165/2706/250 6163/2704/249
f 6166/2705/250 6168/2707/251 6167/2708/251 6165/2706/250
f 6168/2707/251 6170/2709/252 6169/2710/252 6167/2708/251
f 6170/2709/252 6172/2711/253 6171/2712/253 6169/2710/252
f 6172/2711/253 6174/2713/254 6173/2714/254 6171/2712/253
f 6174/2713/254 6176/2715/255 6175/2716/255 6173/2714/254
f 6176/2715/255 6178/2717/256 6177/2718/256 6175/2716/255
f 6178/2717/256 6180/2719/257 6179/2720/257 6177/2718/256
f 6180/2719/257 6182/2721/258 6181/2722/258 6179/2720/257
f 6182/2721/258 6184/2723/259 6183/2724/259 6181/2722/258
f 6184/2723/259 6186/2725/260 6185/982/260 6183/2724/259
f 6186/2725/260 6188/2726/261 6187/2727/261 6185/982/260
f 6188/2726/261 6190/2728/262 6189/2729/262 6187/2727/261
f 6190/2728/262 6192/2730/263 6191/2731/263 6189/2729/262
f 6192/2730/263 6194/2732/264 6193/2733/264 6191/2731/263
f 6194/2732/264 6196/2734/265 6195/2735/265 6193/2733/264
f 6196/2734/265 6198/2736/266 6197/2737/266 6195/2735/265
f 6198/2736/266 6200/2738/267 6199/2739/267 6197/2737/266
f 6200/2738/267 6202/2740/268 6201/2741/268 6199/2739/267
f 6202/2740/268 6204/2742/269 6203/2743/269 6201/2741/268
f 6204/2742/269 6206/2744/270 6205/2745/270 6203/2743/269
f 6206/2744/270 6208/2746/271 6207/2747/271 6205/2745/270
f 6208/2746/271 6210/2748/272 6209/2749/272 6207/2747/271
f 6210/2748/272 6212/2750/273 6211/2751/273 6209/2749/272
f 6212/2750/273 6214/2752/274 6213/2753/274 6211/2751/273
f 6214/2752/274 6216/2754/275 6215/2755/275 6213/2753/274
f 6216/2754/275 6218/2756/276 6217/2757/276 6215/2755/275
f 6218/2756/276 6220/2758/192 6219/1016/192 6217/2757/276
f 6220/2758/192 6222/2759/277 6221/2760/277 6219/1016/192
f 6222/2759/277 6224/2761/278 6223/2762/278 6221/2760/277
f 6224/2761/278 6226/2763/279 6225/2764/279 6223/2762/278
f 6226/2763/279 6228/2765/280 6227/2766/280 6225/2764/279
f 6228/2765/280 6230/2767/281 6229/2768/281 6227/2766/280
f 6230/2767/281 6232/2769/282 6231/2770/282 6229/2768/281
f 6232/2769/282 6234/2771/283 6233/2772/283 6231/2770/282
f 6234/2771/283 6236/2773/284 6235/2774/284 6233/2772/283
f 6236/2773/284 6238/2775/285 6237/2776/285 6235/2774/284
f 6238/2775/285 6240/2777/286 6239/2778/286 6237/2776/285
f 6240/2777/286 6242/2779/287 6241/2780/287 6239/2778/286
f 6242/2779/287 6244/2781/288 6243/2782/288 6241/2780/287
f 6244/2781/288 6246/2783/289 6245/2784/289 6243/2782/288
f 6246/2783/289 6248/2785/290 6247/2786/290 6245/2784/289
f 6248/2785/290 6250/2787/291 6249/2788/291 6247/2786/290
f 6250/2787/291 6252/2789/292 6251/2790/292 6249/2788/291
f 6252/2789/292 6254/2791/293 6253/1071/293 6251/2790/292
f 6254/2791/293 6256/2792/294 6255/2793/294 6253/1071/293
f 6256/2792/294 6258/2794/295 6257/2795/295 6255/2793/294
f 6258/2794/295 6260/2796/296 6259/2797/296 6257/2795/295
f 6260/2796/296 6262/2798/295 6261/2799/295 6259/2797/296
f 6262/2798/295 6264/2800/294 6263/2801/294 6261/2799/295
f 6264/2800/294 6266/2802/293 6265/2803/293 6263/2801/294
f 6266/2802/293 6268/2804/292 6267/2805/292 6265/2803/293
f 6268/2804/292 6270/2806/291 6269/2807/291 6267/2805/292
f 6270/2806/291 6272/2808/290 6271/2809/290 6269/2807/291
f 6272/2808/290 6274/2810/289 6273/2811/289 6271/2809/290
f 6274/2810/289 6276/2812/288 6275/2813/288 6273/2811/289
f 6276/2812/288 6278/2814/287 6277/2815/287 6275/2813/288
f 6278/2814/287 6280/2816/286 6279/2817/286 6277/2815/287
f 6280/2816/286 6282/2818/285 6281/2819/285 6279/2817/286
f 6282/2818/285 6284/2820/297 6283/2821/297 6281/2819/285
f 6284/2820/297 6286/2822/298 6285/2823/298 6283/2821/297
f 6286/2822/298 6288/2824/299 6287/1041/299 6285/2823/298
f 6288/2824/299 6290/2825/300 6289/2826/300 6287/1041/299
f 6290/2825/300 6292/2827/301 6291/2828/301 6289/2826/300
f 6292/2827/301 6294/2829/302 6293/2830/302 6291/2828/301
f 6294/2829/302 6296/2831/303 6295/2832/303 6293/2830/302
f 6296/2831/303 6298/2833/304 6297/2834/304 6295/2832/303
f 6298/2833/304 6300/2835/73 6299/2836/73 6297/2834/304
f 6300/2835/73 6302/2837/305 6301/2838/305 6299/2836/73
f 6302/2837/305 6304/2839/306 6303/2840/306 6301/2838/305
f 6304/2839/306 6306/2841/72 6305/2842/72 6303/2840/306
f 6306/2841/72 6308/2843/307 6307/2844/307 6305/2842/72
f 6308/2843/307 6310/2845/72 6309/2846/72 6307/2844/307
f 6310/2845/72 6312/2847/306 6311/2848/306 6309/2846/72
f 6312/2847/306 6314/2849/305 6313/2850/305 6311/2848/306
f 6314/2849/305 6316/2851/73 6315/2852/73 6313/2850/305
f 6316/2851/73 6318/2853/304 6317/2854/304 6315/2852/73
f 6318/2853/304 6320/2855/303 6319/2856/303 6317/2854/304
f 6320/2855/303 6322/2857/302 6321/1085/302 6319/2856/303
f 6322/2857/302 6324/2858/301 6323/2859/301 6321/1085/302
f 6324/2858/301 6326/2860/300 6325/2861/300 6323/2859/301
f 6326/2860/300 6328/2862/299 6327/2863/299 6325/2861/300
f 6328/2862/299 6330/2864/298 6329/2865/298 6327/2863/299
f 6330/2864/298 6332/2866/308 6331/2867/308 6329/2865/298
f 6332/2866/308 6334/2868/309 6333/2869/309 6331/2867/308
f 6334/2868/309 6336/2870/310 6335/2871/310 6333/2869/309
f 6336/2870/310 6338/2872/311 6337/2873/311 6335/2871/310
f 6338/2872/311 6340/2874/312 6339/2875/312 6337/2873/311
f 6340/2874/312 6342/2876/313 6341/2877/313 6339/2875/312
f 6342/2876/313 6344/2878/314 6343/2879/314 6341/2877/313
f 6344/2878/314 6346/2880/315 6345/2881/315 6343/2879/314
f 6346/2880/315 6348/2882/316 6347/2883/316 6345/2881/315
f 6348/2882/316 6350/2884/317 6349/2885/317 6347/2883/316
f 6350/2884/317 6352/2886/318 6351/2887/318 6349/2885/317
f 6352/2886/318 6354/2888/319 6353/2889/319 6351/2887/318
f 6354/2888/319 5608/2890/3 5607/105/3 6353/2889/319
f 6356/2164/320 6358/2891/321 6357/2892/321 6355/107/320
f 6358/2891/321 6360/2893/322 6359/2894/322 6357/2892/321
f 6360/2893/322 6362/2895/323 6361/2896/323 6359/2894/322
f 6362/2895/323 6364/2897/324 6363/2898/324 6361/2896/323
f 6364/2897/324 6366/2899/325 6365/2900/325 6363/2898/324
f 6366/2899/325 6368/2901/326 6367/2902/326 6365/2900/325
f 6368/2901/326 6370/2903/327 6369/2904/327 6367/2902/326
f 6370/2903/327 6372/2905/328 6371/2906/328 6369/2904/327
f 6372/2905/328 6374/2907/329 6373/2908/329 6371/2906/328
f 6374/2907/329 6376/2909/330 6375/2910/330 6373/2908/329
f 6376/2909/330 6378/2911/331 6377/2912/331 6375/2910/330
f 6378/2911/331 6380/2913/332 6379/2914/332 6377/2912/331
f 6380/2913/332 6382/2915/333 6381/2916/333 6379/2914/332
f 6382/2915/333 6384/2917/334 6383/2918/334 6381/2916/333
f 6384/2917/334 6386/2919/335 6385/2920/335 6383/2918/334
f 6386/2919/335 6388/2921/336 6387/2922/336 6385/2920/335
f 6388/2921/336 6390/2923/337 6389/2924/337 6387/2922/336
f 6390/2923/337 6392/2925/338 6391/2926/338 6389/2924/337
f 6392/2925/338 6394/2927/339 6393/2928/339 6391/2926/338
f 6394/2927/339 6396/2929/340 6395/2930/340 6393/2928/339
f 6396/2929/340 6398/2931/341 6397/2932/341 6395/2930/340
f 6398/2931/341 6400/2933/342 6399/2934/342 6397/2932/341
f 6400/2933/342 6402/2935/343 6401/2936/343 6399/2934/342
f 6402/2935/343 6404/2937/344 6403/2938/344 6401/2936/343
f 6404/2937/345 6406/2939/346 6405/2940/346 6403/2938/345
f 6406/2939/346 6408/2941/347 6407/2942/347 6405/2940/346
f 6408/2941/347 6410/2943/348 6409/2944/348 6407/2942/347
f 6410/2943/348 6412/2945/349 6411/2946/349 6409/2944/348
f 6412/2945/349 6414/2947/350 6413/2948/350 6411/2946/349
f 6414/2947/350 6416/2949/351 6415/2950/351 6413/2948/350
f 6416/2949/351 6418/2951/352 6417/2952/352 6415/2950/351
f 6418/2951/352 6420/2953/353 6419/2954/353 6417/2952/352
f 6420/2953/353 6422/2955/354 6421/2956/354 6419/2954/353
f 6422/2955/354 6424/2957/355 6423/2958/355 6421/2956/354
f 6424/2957/355 6426/2959/356 6425/2960/356 6423/2958/355
f 6426/2959/356 6428/2961/357 6427/2962/357 6425/2960/356
f 6428/2961/357 6430/2963/358 6429/2964/358 6427/2962/357
f 6430/2963/358 6432/2965/359 6431/2966/359 6429/2964/358
f 6432/2965/359 6434/2967/360 6433/2968/360 6431/2966/359
f 6434/2967/360 6436/2969/361 6435/2970/361 6433/2968/360
f 6436/2969/361 6438/2971/362 6437/2972/362 6435/2970/361
f 6438/2971/362 6440/2973/363 6439/2974/363 6437/2972/362
f 6440/2973/363 6442/2975/364 6441/2976/364 6439/2974/363
f 6442/2975/364 6444/2977/365 6443/2978/365 6441/2976/364
f 6444/2977/365 6446/2979/366 6445/2980/366 6443/2978/365
f 6446/2979/366 6448/2981/367 6447/2982/367 6445/2980/366
f 6448/2981/367 6450/2983/368 6449/2984/368 6447/2982/367
f 6450/2983/368 6452/2985/369 6451/2986/369 6449/2984/368
f 6452/2985/369 6454/2987/370 6453/2988/370 6451/2986/369
f 6454/2987/370 6456/2989/371 6455/2990/371 6453/2988/370
f 6456/2989/371 6458/2991/372 6457/2992/372 6455/2990/371
f 6458/2991/372 6460/2993/373 6459/2994/373 6457/2992/372
f 6460/2993/373 6462/2995/374 6461/2996/374 6459/2994/373
f 6462/2995/374 6464/2997/375 6463/2998/375 6461/2996/374
f 6464/2997/375 6466/2999/376 6465/3000/376 6463/2998/375
f 6466/2999/376 6468/3001/377 6467/3002/377 6465/3000/376
f 6468/3001/377 6470/3003/378 6469/3004/378 6467/3002/377
f 6470/3003/378 6472/3005/379 6471/3006/379 6469/3004/378
f 6472/3005/379 6474/3007/380 6473/3008/380 6471/3006/379
f 6474/3007/380 6476/3009/381 6475/3010/381 6473/3008/380
f 6476/3009/381 6478/3011/382 6477/3012/382 6475/3010/381
f 6478/3011/382 6480/3013/383 6479/3014/383 6477/3012/382
f 6480/3013/383 6482/3015/384 6481/3016/384 6479/3014/383
f 6482/3015/384 6484/3017/385 6483/3018/385 6481/3016/384
f 6484/3017/385 6486/3019/386 6485/3020/386 6483/3018/385
f 6486/3019/386 6488/3021/387 6487/3022/387 6485/3020/386
f 6488/3021/387 6490/3023/388 6489/3024/388 6487/3022/387
f 6490/3023/388 6492/3025/389 6491/3026/389 6489/3024/388
f 6492/3025/389 6494/3027/390 6493/3028/390 6491/3026/389
f 6494/3027/390 6496/3029/391 6495/3030/391 6493/3028/390
f 6496/3029/391 6498/3031/392 6497/3032/392 6495/3030/391
f 6498/3031/392 6500/3033/393 6499/3034/393 6497/3032/392
f 6500/3033/393 6502/3035/394 6501/3036/394 6499/3034/393
f 6502/3035/394 6504/3037/395 6503/3038/395 6501/3036/394
f 6504/3037/395 6506/3039/396 6505/3040/396 6503/3038/395
f 6506/3039/396 6508/3041/397 6507/3042/397 6505/3040/396
f 6508/3041/397 6510/3043/398 6509/3044/398 6507/3042/397
f 6510/3043/398 6512/3045/399 6511/3046/399 6509/3044/398
f 6512/3045/399 6514/3047/400 6513/3048/400 6511/3046/399
f 6514/3047/400 6516/3049/401 6515/3050/401 6513/3048/400
f 6516/3049/401 6518/3051/402 6517/3052/402 6515/3050/401
f 6518/3051/402 6520/3053/403 6519/3054/403 6517/3052/402
f 6520/3053/403 6522/3055/404 6521/3056/404 6519/3054/403
f 6522/3055/404 6524/3057/405 6523/3058/405 6521/3056/404
f 6524/3057/405 6526/3059/175 6525/3060/175 6523/3058/405
f 6526/3059/175 6528/3061/406 6527/3062/406 6525/3060/175
f 6528/3061/406 6530/3063/407 6529/3064/407 6527/3062/406
f 6530/3063/407 6532/3065/408 6531/3066/408 6529/3064/407
f 6532/3065/408 6534/3067/409 6533/3068/409 6531/3066/408
f 6534/3067/409 6536/3069/410 6535/3070/410 6533/3068/409
f 6536/3069/410 6538/3071/411 6537/3072/411 6535/3070/410
f 6538/3071/411 6540/3073/412 6539/3074/412 6537/3072/411
f 6540/3073/412 6542/3075/413 6541/3076/413 6539/3074/412
f 6542/3075/413 6544/3077/414 6543/3078/414 6541/3076/413
f 6544/3077/414 6546/3079/415 6545/3080/415 6543/3078/414
f 6546/3079/415 6548/3081/416 6547/3082/416 6545/3080/415
f 6548/3081/416 6550/3083/417 6549/3084/417 6547/3082/416
f 6550/3083/417 6552/3085/418 6551/3086/418 6549/3084/417
f 6552/3085/418 6554/3087/419 6553/3088/419 6551/3086/418
f 6554/3087/419 6556/3089/420 6555/3090/420 6553/3088/419
f 6556/3089/420 6558/3091/421 6557/3092/421 6555/3090/420
f 6558/3091/421 6560/3093/422 6559/3094/422 6557/3092/421
f 6560/3093/422 6562/3095/423 6561/3096/423 6559/3094/422
f 6562/3095/423 6564/3097/424 6563/3098/424 6561/3096/423
f 6564/3097/424 6566/3099/425 6565/3100/425 6563/3098/424
f 6566/3099/425 6568/3101/426 6567/3102/426 6565/3100/425
f 6568/3101/426 6570/3103/427 6569/3104/427 6567/3102/426
f 6570/3103/427 6572/3105/428 6571/3106/428 6569/3104/427
f 6572/3105/428 6574/3107/429 6573/3108/429 6571/3106/428
f 6574/3107/429 6576/3109/430 6575/3110/430 6573/3108/429
f 6576/3109/430 6578/3111/431 6577/3112/431 6575/3110/430
f 6578/3111/431 6580/3113/432 6579/3114/432 6577/3112/431
f 6580/3113/432 6582/3115/433 6581/3116/433 6579/3114/432
f 6582/3115/433 6584/3117/434 6583/3118/434 6581/3116/433
f 6584/3117/434 6586/3119/435 6585/3120/435 6583/3118/434
f 6586/3119/435 6588/3121/436 6587/3122/436 6585/3120/435
f 6588/3121/436 6590/3123/437 6589/3124/437 6587/3122/436
f 6590/3123/437 6592/3125/438 6591/3126/438 6589/3124/437
f 6592/3125/438 6594/3127/439 6593/3128/439 6591/3126/438
f 6594/3127/439 6596/3129/440 6595/3130/440 6593/3128/439
f 6596/3129/440 6598/3131/441 6597/3132/441 6595/3130/440
f 6598/3131/441 6600/3133/442 6599/3134/442 6597/3132/441
f 6600/3133/442 6602/3135/443 6601/3136/443 6599/3134/442
f 6602/3135/443 6604/3137/444 6603/3138/444 6601/3136/443
f 6604/3137/444 6606/3139/445 6605/3140/445 6603/3138/444
f 6606/3139/445 6608/3141/446 6607/3142/446 6605/3140/445
f 6608/3141/446 6610/3143/447 6609/3144/447 6607/3142/446
f 6610/3143/447 6612/3145/448 6611/3146/448 6609/3144/447
f 6612/3145/448 6614/3147/449 6613/3148/449 6611/3146/448
f 6614/3147/449 6616/3149/450 6615/3150/450 6613/3148/449
f 6616/3149/450 6618/3151/451 6617/3152/451 6615/3150/450
f 6618/3151/451 6620/3153/452 6619/3154/452 6617/3152/451
f 6620/3153/452 6622/3155/453 6621/3156/453 6619/3154/452
f 6622/3155/453 6624/3157/454 6623/3158/454 6621/3156/453
f 6624/3157/454 6626/3159/455 6625/3160/455 6623/3158/454
f 6626/3159/455 6628/3161/456 6627/3162/456 6625/3160/455
f 6628/3161/456 6630/3163/457 6629/3164/457 6627/3162/456
f 6630/3163/457 6632/3165/458 6631/3166/458 6629/3164/457
f 6632/3165/458 6634/3167/459 6633/3168/459 6631/3166/458
f 6634/3167/459 6636/3169/460 6635/3170/460 6633/3168/459
f 6636/3169/460 6638/3171/461 6637/3172/461 6635/3170/460
f 6638/3171/461 6640/3173/462 6639/3174/462 6637/3172/461
f 6640/3173/462 6642/3175/463 6641/3176/463 6639/3174/462
f 6642/3175/463 6644/3177/464 6643/3178/464 6641/3176/463
f 6644/3177/464 6646/3179/465 6645/3180/465 6643/3178/464
f 6646/3179/465 6648/3181/466 6647/3182/466 6645/3180/465
f 6648/3181/466 6650/3183/467 6649/3184/467 6647/3182/466
f 6650/3183/467 6652/3185/468 6651/3186/468 6649/3184/467
f 6652/3185/468 6654/3187/469 6653/3188/469 6651/3186/468
f 6654/3187/469 6656/3189/470 6655/3190/470 6653/3188/469
f 6656/3189/470 6658/3191/471 6657/3192/471 6655/3190/470
f 6658/3191/471 6660/3193/472 6659/3194/472 6657/3192/471
f 6660/3193/472 6662/3195/473 6661/3196/473 6659/3194/472
f 6662/3195/473 6664/3197/474 6663/3198/474 6661/3196/473
f 6664/3197/474 6666/3199/475 6665/3200/475 6663/3198/474
f 6666/3199/475 6668/3201/476 6667/3202/476 6665/3200/475
f 6668/3201/476 6670/3203/477 6669/3204/477 6667/3202/476
f 6670/3203/477 6672/3205/478 6671/3206/478 6669/3204/477
f 6672/3205/478 6674/3207/479 6673/3208/479 6671/3206/478
f 6674/3207/479 6676/3209/480 6675/3210/480 6673/3208/479
f 6676/3209/480 6678/3211/481 6677/3212/481 6675/3210/480
f 6678/3211/481 6680/3213/482 6679/3214/482 6677/3212/481
f 6680/3213/482 6682/3215/483 6681/3216/483 6679/3214/482
f 6682/3215/483 6684/3217/484 6683/3218/484 6681/3216/483
f 6684/3217/484 6686/3219/485 6685/3220/485 6683/3218/484
f 6686/3219/485 6688/3221/486 6687/3222/486 6685/3220/485
f 6688/3221/486 6690/3223/487 6689/3224/487 6687/3222/486
f 6690/3223/487 6692/3225/488 6691/3226/488 6689/3224/487
f 6692/3225/488 6694/3227/489 6693/3228/489 6691/3226/488
f 6694/3227/489 6696/3229/490 6695/3230/490 6693/3228/489
f 6696/3229/490 6698/3231/491 6697/3232/491 6695/3230/490
f 6698/3231/491 6700/3233/492 6699/3234/492 6697/3232/491
f 6700/3233/492 6702/3235/493 6701/3236/493 6699/3234/492
f 6702/3235/493 6704/3237/494 6703/3238/494 6701/3236/493
f 6704/3237/494 6706/3239/495 6705/3240/495 6703/3238/494
f 6706/3239/495 6708/3241/496 6707/3242/496 6705/3240/495
f 6708/3241/496 6710/3243/497 6709/3244/497 6707/3242/496
f 6710/3243/497 6712/3245/498 6711/3246/498 6709/3244/497
f 6712/3245/498 6714/3247/499 6713/3248/499 6711/3246/498
f 6714/3247/499 6716/3249/500 6715/3250/500 6713/3248/499
f 6716/3249/500 6356/2890/320 6355/105/320 6715/3250/500
f 6718/2164/501 6720/3251/502 6719/3252/502 6717/107/501
f 6720/3251/502 6722/3253/503 6721/3254/503 6719/3252/502
f 6722/3253/503 6724/3255/504 6723/1193/504 6721/3254/503
f 6724/3255/504 6726/3256/505 6725/3257/505 6723/1193/504
f 6726/3256/505 6728/3258/506 6727/3259/506 6725/3257/505
f 6728/3258/506 6730/3260/507 6729/1162/507 6727/3259/506
f 6730/3260/507 6732/3261/508 6731/3262/508 6729/1162/507
f 6732/3261/508 6734/3263/509 6733/3264/509 6731/3262/508
f 6734/3263/509 6736/3265/510 6735/1136/510 6733/3264/509
f 6736/3265/510 6738/3266/511 6737/3267/511 6735/1136/510
f 6738/3266/511 6740/3268/512 6739/3269/512 6737/3267/511
f 6740/3268/512 6742/3270/513 6741/1140/513 6739/3269/512
f 6742/3270/513 6744/3271/514 6743/3272/514 6741/1140/513
f 6744/3271/514 6746/3273/236 6745/3274/236 6743/3272/514
f 6746/3273/236 6748/3275/515 6747/1187/515 6745/3274/236
f 6748/3275/515 6750/3276/516 6749/3277/516 6747/1187/515
f 6750/3276/516 6752/3278/517 6751/3279/517 6749/3277/516
f 6752/3278/517 6754/3280/518 6753/1202/518 6751/3279/517
f 6754/3280/518 6756/3281/519 6755/3282/519 6753/1202/518
f 6756/3281/519 6758/3283/520 6757/3284/520 6755/3282/519
f 6758/3283/520 6760/3285/521 6759/1172/521 6757/3284/520
f 6760/3285/521 6762/3286/522 6761/3287/522 6759/1172/521
f 6762/3286/522 6764/3288/523 6763/3289/523 6761/3287/522
f 6764/3288/523 6766/3290/524 6765/1142/524 6763/3289/523
f 6766/3290/524 6768/3291/525 6767/3292/525 6765/1142/524
f 6768/3291/525 6770/3293/526 6769/3294/526 6767/3292/525
f 6770/3293/526 6772/3295/527 6771/1105/527 6769/3294/526
f 6772/3295/527 6774/3296/528 6773/3297/528 6771/1105/527
f 6774/3296/528 6776/3298/529 6775/3299/529 6773/3297/528
f 6776/3298/529 6778/3300/530 6777/1057/530 6775/3299/529
f 6778/3300/530 6780/3301/531 6779/3302/531 6777/1057/530
f 6780/3301/531 6782/3303/532 6781/3304/532 6779/3302/531
f 6782/3303/532 6784/3305/533 6783/1019/533 6781/3304/532
f 6784/3305/533 6786/3306/534 6785/3307/534 6783/1019/533
f 6786/3306/534 6788/3308/535 6787/3309/535 6785/3307/534
f 6788/3308/535 6790/3310/536 6789/995/536 6787/3309/535
f 6790/3310/537 6792/3311/538 6791/3312/538 6789/995/537
f 6792/3311/538 6794/3313/539 6793/3314/539 6791/3312/538
f 6794/3313/539 6796/3315/540 6795/973/540 6793/3314/539
f 6796/3315/540 6798/3316/541 6797/3317/541 6795/973/540
f 6798/3316/541 6800/3318/542 6799/3319/542 6797/3317/541
f 6800/3318/542 6802/3320/543 6801/936/543 6799/3319/542
f 6802/3320/543 6804/3321/544 6803/3322/544 6801/936/543
f 6804/3321/544 6806/3323/545 6805/3324/545 6803/3322/544
f 6806/3323/545 6808/3325/546 6807/900/546 6805/3324/545
f 6808/3325/546 6810/3326/547 6809/3327/547 6807/900/546
f 6810/3326/547 6812/3328/352 6811/3329/352 6809/3327/547
f 6812/3328/352 6814/3330/548 6813/874/548 6811/3329/352
f 6814/3330/548 6816/3331/549 6815/3332/549 6813/874/548
f 6816/3331/549 6818/3333/550 6817/3334/550 6815/3332/549
f 6818/3333/550 6820/3335/551 6819/881/551 6817/3334/550
f 6820/3335/551 6822/3336/552 6821/3337/552 6819/881/551
f 6822/3336/552 6824/3338/553 6823/3339/553 6821/3337/552
f 6824/3338/553 6826/2527/554 6825/931/554 6823/3339/553
f 6826/2527/554 6828/3340/555 6827/3341/555 6825/931/554
f 6828/3340/555 6830/3342/556 6829/3343/556 6827/3341/555
f 6830/3342/556 6832/3344/557 6831/949/557 6829/3343/556
f 6832/3344/557 6834/3345/558 6833/3346/558 6831/949/557
f 6834/3345/558 6836/3347/559 6835/3348/559 6833/3346/558
f 6836/3347/559 6838/3349/560 6837/929/560 6835/3348/559
f 6838/3349/561 6840/3350/562 6839/3351/562 6837/929/561
f 6840/3350/562 6842/3352/563 6841/3353/563 6839/3351/562
f 6842/3352/563 6844/3354/564 6843/895/564 6841/3353/563
f 6844/3354/564 6846/3355/565 6845/3356/565 6843/895/564
f 6846/3355/565 6848/3357/566 6847/3358/566 6845/3356/565
f 6848/3357/566 6850/3359/567 6849/856/567 6847/3358/566
f 6850/3359/567 6852/3360/568 6851/3361/568 6849/856/567
f 6852/3360/568 6854/3362/569 6853/3363/569 6851/3361/568
f 6854/3362/569 6856/3364/570 6855/837/570 6853/3363/569
f 6856/3364/570 6858/3365/571 6857/3366/571 6855/837/570
f 6858/3365/571 6860/3367/572 6859/3368/572 6857/3366/571
f 6860/3367/572 6862/3369/573 6861/815/573 6859/3368/572
f 6862/3369/573 6864/3370/574 6863/3371/574 6861/815/573
f 6864/3370/574 6866/3372/575 6865/3373/575 6863/3371/574
f 6866/3372/575 6868/3374/576 6867/836/576 6865/3373/575
f 6868/3374/576 6870/3375/577 6869/3376/577 6867/836/576
f 6870/3375/577 6872/3377/578 6871/3378/578 6869/3376/577
f 6872/3377/578 6874/3379/579 6873/867/579 6871/3378/578
f 6874/3379/579 6876/3380/580 6875/3381/580 6873/867/579
f 6876/3380/580 6878/3382/581 6877/3383/581 6875/3381/580
f 6878/3382/581 6880/3384/582 6879/963/582 6877/3383/581
f 6880/3384/582 6882/3385/583 6881/3386/583 6879/963/582
f 6882/3385/583 6884/3387/584 6883/3388/584 6881/3386/583
f 6884/3387/584 6886/3389/585 6885/986/585 6883/3388/584
f 6886/3389/585 6888/3390/586 6887/3391/586 6885/986/585
f 6888/3390/586 6890/3392/587 6889/3393/587 6887/3391/586
f 6890/3392/587 6892/3394/588 6891/1007/588 6889/3393/587
f 6892/3394/588 6894/3395/589 6893/3396/589 6891/1007/588
f 6894/3395/589 6896/3397/590 6895/3398/590 6893/3396/589
f 6896/3397/590 6898/3399/591 6897/1028/591 6895/3398/590
f 6898/3399/591 6900/3400/592 6899/3401/592 6897/1028/591
f 6900/3400/592 6902/3402/593 6901/3403/593 6899/3401/592
f 6902/3402/593 6904/3404/594 6903/1073/594 6901/3403/593
f 6904/3404/594 6906/3405/595 6905/3406/595 6903/1073/594
f 6906/3405/595 6908/3407/596 6907/3408/596 6905/3406/595
f 6908/3407/596 6910/3409/597 6909/1056/597 6907/3408/596
f 6910/3409/597 6912/3410/598 6911/3411/598 6909/1056/597
f 6912/3410/598 6914/3412/599 6913/3413/599 6911/3411/598
f 6914/3412/599 6916/3414/600 6915/1045/600 6913/3413/599
f 6916/3414/600 6918/3415/601 6917/3416/601 6915/1045/600
f 6918/3415/601 6920/3417/602 6919/3418/602 6917/3416/601
f 6920/3417/602 6922/3419/603 6921/1080/603 6919/3418/602
f 6922/3419/603 6924/3420/604 6923/3421/604 6921/1080/603
f 6924/3420/604 6926/3422/605 6925/3423/605 6923/3421/604
f 6926/3422/605 6928/3424/606 6927/1097/606 6925/3423/605
f 6928/3424/606 6930/3425/607 6929/3426/607 6927/1097/606
f 6930/3425/607 6932/3427/608 6931/3428/608 6929/3426/607
f 6932/3427/608 6718/2890/501 6717/105/501 6931/3428/608
f 6934/2164/609 6936/3429/610 6935/3430/610 6933/107/609
f 6936/3429/610 6938/3431/611 6937/3432/611 6935/3430/610
f 6938/3431/611 6940/3433/612 6939/3434/612 6937/3432/611
f 6940/3433/612 6942/3435/613 6941/3436/613 6939/3434/612
f 6942/3435/613 6944/3437/614 6943/3438/614 6941/3436/613
f 6944/3437/614 6946/3439/615 6945/3440/615 6943/3438/614
f 6946/3439/615 6948/3441/616 6947/1718/616 6945/3440/615
f 6948/3441/616 6950/3442/617 6949/3443/617 6947/1718/616
f 6950/3442/617 6952/3444/618 6951/3445/618 6949/3443/617
f 6952/3444/618 6954/3446/619 6953/3447/619 6951/3445/618
f 6954/3446/619 6956/3448/620 6955/3449/620 6953/3447/619
f 6956/3448/620 6958/3450/621 6957/3451/621 6955/3449/620
f 6958/3450/622 6960/3452/623 6959/3453/623 6957/3451/622
f 6960/3452/623 6962/3454/624 6961/1732/624 6959/3453/623
f 6962/3454/624 6964/3455/625 6963/3456/625 6961/1732/624
f 6964/3455/625 6966/3457/626 6965/3458/626 6963/3456/625
f 6966/3457/626 6968/3459/627 6967/3460/627 6965/3458/626
f 6968/3459/627 6970/3461/628 6969/3462/628 6967/3460/627
f 6970/3461/628 6972/3463/629 6971/3464/629 6969/3462/628
f 6972/3463/629 6974/3465/630 6973/3466/630 6971/3464/629
f 6974/3465/630 6976/3467/631 6975/1730/631 6973/3466/630
f 6976/3467/631 6978/3468/632 6977/3469/632 6975/1730/631
f 6978/3468/632 6980/3470/633 6979/3471/633 6977/3469/632
f 6980/3470/633 6982/3472/634 6981/3473/634 6979/3471/633
f 6982/3472/634 6984/3474/635 6983/3475/635 6981/3473/634
f 6984/3474/635 6986/3476/372 6985/3477/372 6983/3475/635
f 6986/3476/372 6988/3478/636 6987/3479/636 6985/3477/372
f 6988/3478/636 6990/3265/637 6989/1136/637 6987/3479/636
f 6990/3265/637 6992/3480/638 6991/3481/638 6989/1136/637
f 6992/3480/638 6994/3482/639 6993/3483/639 6991/3481/638
f 6994/3482/639 6996/3484/640 6995/3485/640 6993/3483/639
f 6996/3484/640 6998/3486/641 6997/3487/641 6995/3485/640
f 6998/3486/641 7000/3488/642 6999/3489/642 6997/3487/641
f 7000/3488/642 7002/3490/643 7001/3491/643 6999/3489/642
f 7002/3490/643 7004/3492/644 7003/1743/644 7001/3491/643
f 7004/3492/644 7006/3493/645 7005/3494/645 7003/1743/644
f 7006/3493/645 7008/3495/646 7007/3496/646 7005/3494/645
f 7008/3495/646 7010/3497/647 7009/3498/647 7007/3496/646
f 7010/3497/647 7012/3499/648 7011/3500/648 7009/3498/647
f 7012/3499/648 7014/3501/649 7013/3502/649 7011/3500/648
f 7014/3501/649 7016/3503/650 7015/3504/650 7013/3502/649
f 7016/3503/650 7018/3505/651 7017/1750/651 7015/3504/650
f 7018/3505/651 7020/3506/652 7019/3507/652 7017/1750/651
f 7020/3506/652 7022/3508/653 7021/3509/653 7019/3507/652
f 7022/3508/653 7024/3510/654 7023/3511/654 7021/3509/653
f 7024/3510/654 7026/3512/655 7025/3513/655 7023/3511/654
f 7026/3512/655 7028/3514/656 7027/3515/656 7025/3513/655
f 7028/3514/656 7030/3516/657 7029/3517/657 7027/3515/656
f 7030/3516/657 7032/3518/658 7031/1759/658 7029/3517/657
f 7032/3518/658 7034/3519/659 7033/3520/659 7031/1759/658
f 7034/3519/659 7036/3521/660 7035/3522/660 7033/3520/659
f 7036/3521/660 7038/3523/661 7037/3524/661 7035/3522/660
f 7038/3523/661 7040/3525/662 7039/3526/662 7037/3524/661
f 7040/3525/662 7042/3527/663 7041/3528/663 7039/3526/662
f 7042/3527/663 7044/3529/664 7043/3530/664 7041/3528/663
f 7044/3529/664 7046/3280/665 7045/1202/665 7043/3530/664
f 7046/3280/665 7048/3531/666 7047/3532/666 7045/1202/665
f 7048/3531/666 7050/3533/667 7049/3534/667 7047/3532/666
f 7050/3533/667 7052/3535/668 7051/3536/668 7049/3534/667
f 7052/3535/668 7054/3537/669 7053/3538/669 7051/3536/668
f 7054/3537/669 7056/3539/670 7055/3540/670 7053/3538/669
f 7056/3539/670 7058/3541/671 7057/3542/671 7055/3540/670
f 7058/3541/671 7060/3543/672 7059/1782/672 7057/3542/671
f 7060/3543/672 7062/3544/673 7061/3545/673 7059/1782/672
f 7062/3544/673 7064/3546/674 7063/3547/674 7061/3545/673
f 7064/3546/674 7066/3548/675 7065/3549/675 7063/3547/674
f 7066/3548/675 7068/3550/676 7067/3551/676 7065/3549/675
f 7068/3550/676 7070/3552/677 7069/3553/677 7067/3551/676
f 7070/3552/677 7072/3554/678 7071/3555/678 7069/3553/677
f 7072/3554/678 7074/3556/679 7073/1791/679 7071/3555/678
f 7074/3556/679 7076/3557/680 7075/3558/680 7073/1791/679
f 7076/3557/680 7078/3559/681 7077/3560/681 7075/3558/680
f 7078/3559/681 7080/3561/682 7079/3562/682 7077/3560/681
f 7080/3561/682 7082/3563/683 7081/3564/683 7079/3562/682
f 7082/3563/683 7084/3565/684 7083/3566/684 7081/3564/683
f 7084/3565/684 7086/3567/685 7085/3568/685 7083/3566/684
f 7086/3567/685 7088/3569/686 7087/1781/686 7085/3568/685
f 7088/3569/686 7090/3570/687 7089/3571/687 7087/1781/686
f 7090/3570/687 7092/3572/688 7091/3573/688 7089/3571/687
f 7092/3572/688 7094/3574/689 7093/3575/689 7091/3573/688
f 7094/3574/689 7096/3576/690 7095/3577/690 7093/3575/689
f 7096/3576/690 7098/3578/691 7097/3579/691 7095/3577/690
f 7098/3578/691 7100/3580/692 7099/3581/692 7097/3579/691
f 7100/3580/692 7102/3295/693 7101/1105/693 7099/3581/692
f 7102/3295/693 7104/3582/694 7103/3583/694 7101/1105/693
f 7104/3582/694 7106/3584/695 7105/3585/695 7103/3583/694
f 7106/3584/695 7108/3586/696 7107/3587/696 7105/3585/695
f 7108/3586/696 7110/3588/697 7109/3589/697 7107/3587/696
f 7110/3588/697 7112/3590/698 7111/3591/698 7109/3589/697
f 7112/3590/698 7114/3592/699 7113/3593/699 7111/3591/698
f 7114/3592/699 7116/3594/700 7115/1760/700 7113/3593/699
f 7116/3594/700 7118/3595/701 7117/3596/701 7115/1760/700
f 7118/3595/701 7120/3597/702 7119/3598/702 7117/3596/701
f 7120/3597/702 7122/3599/703 7121/3600/703 7119/3598/702
f 7122/3599/703 7124/3601/704 7123/3602/704 7121/3600/703
f 7124/3601/704 7126/3603/705 7125/3604/705 7123/3602/704
f 7126/3603/705 7128/3605/706 7127/3606/706 7125/3604/705
f 7128/3605/706 7130/3607/568 7129/1745/568 7127/3606/706
f 7130/3607/568 7132/3608/707 7131/3609/707 7129/1745/568
f 7132/3608/707 7134/3610/708 7133/3611/708 7131/3609/707
f 7134/3610/708 7136/3612/709 7135/3613/709 7133/3611/708
f 7136/3612/709 7138/3614/710 7137/3615/710 7135/3613/709
f 7138/3614/710 7140/3616/711 7139/3617/711 7137/3615/710
f 7140/3616/711 7142/3618/712 7141/3619/712 7139/3617/711
f 7142/3618/712 7144/3620/713 7143/1720/713 7141/3619/712
f 7144/3620/713 7146/3621/714 7145/3622/714 7143/1720/713
f 7146/3621/714 7148/3623/715 7147/3624/715 7145/3622/714
f 7148/3623/715 7150/3625/716 7149/3626/716 7147/3624/715
f 7150/3625/716 7152/3627/717 7151/3628/717 7149/3626/716
f 7152/3627/717 7154/3629/718 7153/3630/718 7151/3628/717
f 7154/3629/718 7156/3631/719 7155/3632/719 7153/3630/718
f 7156/3631/719 7158/3310/720 7157/995/720 7155/3632/719
f 7158/3310/720 7160/3633/721 7159/3634/721 7157/995/720
f 7160/3633/721 7162/3635/722 7161/3636/722 7159/3634/721
f 7162/3635/722 7164/3637/723 7163/3638/723 7161/3636/722
f 7164/3637/723 7166/3639/724 7165/3640/724 7163/3638/723
f 7166/3639/724 7168/3641/725 7167/3642/725 7165/3640/724
f 7168/3641/725 7170/3643/726 7169/3644/726 7167/3642/725
f 7170/3643/726 7172/3645/727 7171/1652/727 7169/3644/726
f 7172/3645/727 7174/3646/728 7173/3647/728 7171/1652/727
f 7174/3646/728 7176/3648/729 7175/3649/729 7173/3647/728
f 7176/3648/729 7178/3650/730 7177/3651/730 7175/3649/729
f 7178/3650/730 7180/3652/731 7179/3653/731 7177/3651/730
f 7180/3652/731 7182/3654/732 7181/3655/732 7179/3653/731
f 7182/3654/732 7184/3656/733 7183/3657/733 7181/3655/732
f 7184/3656/733 7186/3658/734 7185/1615/734 7183/3657/733
f 7186/3658/734 7188/3659/627 7187/3660/627 7185/1615/734
f 7188/3659/627 7190/3661/735 7189/3662/735 7187/3660/627
f 7190/3661/735 7192/3663/736 7191/3664/736 7189/3662/735
f 7192/3663/736 7194/3665/737 7193/3666/737 7191/3664/736
f 7194/3665/737 7196/3667/738 7195/3668/738 7193/3666/737
f 7196/3667/738 7198/3669/739 7197/3670/739 7195/3668/738
f 7198/3669/739 7200/3671/740 7199/1576/740 7197/3670/739
f 7200/3671/740 7202/3672/741 7201/3673/741 7199/1576/740
f 7202/3672/741 7204/3674/742 7203/3675/742 7201/3673/741
f 7204/3674/742 7206/3676/743 7205/3677/743 7203/3675/742
f 7206/3676/743 7208/3678/744 7207/3679/744 7205/3677/743
f 7208/3678/744 7210/3680/745 7209/3681/745 7207/3679/744
f 7210/3680/745 7212/3682/746 7211/3683/746 7209/3681/745
f 7212/3682/746 7214/3325/747 7213/900/747 7211/3683/746
f 7214/3325/747 7216/3684/748 7215/3685/748 7213/900/747
f 7216/3684/748 7218/3686/749 7217/3687/749 7215/3685/748
f 7218/3686/749 7220/3688/750 7219/3689/750 7217/3687/749
f 7220/3688/750 7222/3690/751 7221/3691/751 7219/3689/750
f 7222/3690/751 7224/3692/752 7223/3693/752 7221/3691/751
f 7224/3692/752 7226/3694/753 7225/3695/753 7223/3693/752
f 7226/3694/753 7228/3696/754 7227/1560/754 7225/3695/753
f 7228/3696/754 7230/3697/755 7229/3698/755 7227/1560/754
f 7230/3697/755 7232/3699/756 7231/3700/756 7229/3698/755
f 7232/3699/756 7234/3701/757 7233/3702/757 7231/3700/756
f 7234/3701/757 7236/3703/758 7235/3704/758 7233/3702/757
f 7236/3703/758 7238/3705/759 7237/3706/759 7235/3704/758
f 7238/3705/759 7240/3707/760 7239/3708/760 7237/3706/759
f 7240/3707/760 7242/3709/761 7241/1554/761 7239/3708/760
f 7242/3709/761 7244/3710/762 7243/3711/762 7241/1554/761
f 7244/3710/762 7246/3712/763 7245/3713/763 7243/3711/762
f 7246/3712/763 7248/3714/764 7247/3715/764 7245/3713/763
f 7248/3714/764 7250/3716/765 7249/3717/765 7247/3715/764
f 7250/3716/765 7252/3718/766 7251/3719/766 7249/3717/765
f 7252/3718/766 7254/3720/767 7253/3721/767 7251/3719/766
f 7254/3720/767 7256/3722/768 7255/1548/768 7253/3721/767
f 7256/3722/768 7258/3723/769 7257/3724/769 7255/1548/768
f 7258/3723/769 7260/3725/770 7259/3726/770 7257/3724/769
f 7260/3725/770 7262/3727/771 7261/3728/771 7259/3726/770
f 7262/3727/771 7264/3729/772 7263/3730/772 7261/3728/771
f 7264/3729/772 7266/3731/773 7265/3732/773 7263/3730/772
f 7266/3731/773 7268/3733/774 7267/3734/774 7265/3732/773
f 7268/3733/774 7270/2527/775 7269/931/775 7267/3734/774
f 7270/2527/775 7272/3735/776 7271/3736/776 7269/931/775
f 7272/3735/776 7274/3737/777 7273/3738/777 7271/3736/776
f 7274/3737/777 7276/3739/778 7275/3740/778 7273/3738/777
f 7276/3739/778 7278/3741/779 7277/3742/779 7275/3740/778
f 7278/3741/779 7280/3743/780 7279/3744/780 7277/3742/779
f 7280/3743/780 7282/3745/781 7281/3746/781 7279/3744/780
f 7282/3745/781 7284/3747/782 7283/1564/782 7281/3746/781
f 7284/3747/782 7286/3748/783 7285/3749/783 7283/1564/782
f 7286/3748/783 7288/3750/784 7287/3751/784 7285/3749/783
f 7288/3750/784 7290/3752/785 7289/3753/785 7287/3751/784
f 7290/3752/785 7292/3754/786 7291/3755/786 7289/3753/785
f 7292/3754/786 7294/3756/787 7293/3757/787 7291/3755/786
f 7294/3756/787 7296/3758/788 7295/3759/788 7293/3757/787
f 7296/3758/788 7298/3760/789 7297/1577/789 7295/3759/788
f 7298/3760/789 7300/3761/790 7299/3762/790 7297/1577/789
f 7300/3761/790 7302/3763/791 7301/3764/791 7299/3762/790
f 7302/3763/791 7304/3765/792 7303/3766/792 7301/3764/791
f 7304/3765/792 7306/3767/793 7305/3768/793 7303/3766/792
f 7306/3767/793 7308/3769/794 7307/3770/794 7305/3768/793
f 7308/3769/794 7310/3771/795 7309/3772/795 7307/3770/794
f 7310/3771/795 7312/3773/796 7311/1596/796 7309/3772/795
f 7312/3773/796 7314/3774/797 7313/3775/797 7311/1596/796
f 7314/3774/797 7316/3776/798 7315/3777/798 7313/3775/797
f 7316/3776/798 7318/3778/799 7317/3779/799 7315/3777/798
f 7318/3778/799 7320/3780/800 7319/3781/800 7317/3779/799
f 7320/3780/800 7322/3782/801 7321/3783/801 7319/3781/800
f 7322/3782/801 7324/3784/802 7323/3785/802 7321/3783/801
f 7324/3784/802 7326/3354/803 7325/895/803 7323/3785/802
f 7326/3354/803 7328/3786/804 7327/3787/804 7325/895/803
f 7328/3786/804 7330/3788/805 7329/3789/805 7327/3787/804
f 7330/3788/805 7332/3790/806 7331/3791/806 7329/3789/805
f 7332/3790/806 7334/3792/807 7333/3793/807 7331/3791/806
f 7334/3792/807 7336/3794/808 7335/3795/808 7333/3793/807
f 7336/3794/808 7338/3796/809 7337/3797/809 7335/3795/808
f 7338/3796/809 7340/3798/810 7339/1676/810 7337/3797/809
f 7340/3798/810 7342/3799/811 7341/3800/811 7339/1676/810
f 7342/3799/811 7344/3801/812 7343/3802/812 7341/3800/811
f 7344/3801/812 7346/3803/813 7345/3804/813 7343/3802/812
f 7346/3803/813 7348/3805/814 7347/3806/814 7345/3804/813
f 7348/3805/814 7350/3807/815 7349/3808/815 7347/3806/814
f 7350/3807/815 7352/3809/816 7351/3810/816 7349/3808/815
f 7352/3809/816 7354/3811/313 7353/1709/313 7351/3810/816
f 7354/3811/313 7356/3812/817 7355/3813/817 7353/1709/313
f 7356/3812/817 7358/3814/818 7357/3815/818 7355/3813/817
f 7358/3814/818 7360/3816/819 7359/3817/819 7357/3815/818
f 7360/3816/819 7362/3818/820 7361/3819/820 7359/3817/819
f 7362/3818/820 7364/3820/821 7363/3821/821 7361/3819/820
f 7364/3820/821 7366/3822/822 7365/3823/822 7363/3821/821
f 7366/3822/822 7368/3824/823 7367/1618/823 7365/3823/822
f 7368/3824/823 7370/3825/824 7369/3826/824 7367/1618/823
f 7370/3825/824 7372/3827/825 7371/3828/825 7369/3826/824
f 7372/3827/825 7374/3829/826 7373/3830/826 7371/3828/825
f 7374/3829/826 7376/3831/827 7375/3832/827 7373/3830/826
f 7376/3831/827 7378/3833/828 7377/3834/828 7375/3832/827
f 7378/3833/828 7380/3835/829 7379/3836/829 7377/3834/828
f 7380/3835/829 7382/3369/830 7381/815/830 7379/3836/829
f 7382/3369/830 7384/3837/831 7383/3838/831 7381/815/830
f 7384/3837/831 7386/3839/832 7385/3840/832 7383/3838/831
f 7386/3839/832 7388/3841/833 7387/3842/833 7385/3840/832
f 7388/3841/833 7390/3843/834 7389/3844/834 7387/3842/833
f 7390/3843/834 7392/3845/835 7391/3846/835 7389/3844/834
f 7392/3845/835 7394/3847/836 7393/3848/836 7391/3846/835
f 7394/3847/836 7396/3849/837 7395/1593/837 7393/3848/836
f 7396/3849/837 7398/3850/838 7397/3851/838 7395/1593/837
f 7398/3850/838 7400/3852/839 7399/3853/839 7397/3851/838
f 7400/3852/839 7402/3854/840 7401/3855/840 7399/3853/839
f 7402/3854/840 7404/3856/841 7403/3857/841 7401/3855/840
f 7404/3856/841 7406/3858/842 7405/3859/842 7403/3857/841
f 7406/3858/842 7408/3860/843 7407/3861/843 7405/3859/842
f 7408/3860/843 7410/3862/844 7409/1588/844 7407/3861/843
f 7410/3862/844 7412/3863/845 7411/3864/845 7409/1588/844
f 7412/3863/845 7414/3865/846 7413/3866/846 7411/3864/845
f 7414/3865/847 7416/3867/848 7415/3868/848 7413/3866/847
f 7416/3867/848 7418/3869/849 7417/3870/849 7415/3868/848
f 7418/3869/849 7420/3871/850 7419/3872/850 7417/3870/849
f 7420/3871/850 7422/3873/851 7421/3874/851 7419/3872/850
f 7422/3873/851 7424/3875/852 7423/1604/852 7421/3874/851
f 7424/3875/852 7426/3876/853 7425/3877/853 7423/1604/852
f 7426/3876/853 7428/3878/854 7427/3879/854 7425/3877/853
f 7428/3878/854 7430/3880/855 7429/3881/855 7427/3879/854
f 7430/3880/855 7432/3882/856 7431/3883/856 7429/3881/855
f 7432/3882/856 7434/3884/857 7433/3885/857 7431/3883/856
f 7434/3884/857 7436/3886/858 7435/3887/858 7433/3885/857
f 7436/3886/858 7438/3384/859 7437/963/859 7435/3887/858
f 7438/3384/859 7440/3888/860 7439/3889/860 7437/963/859
f 7440/3888/860 7442/3890/861 7441/3891/861 7439/3889/860
f 7442/3890/861 7444/3892/862 7443/3893/862 7441/3891/861
f 7444/3892/862 7446/3894/863 7445/3895/863 7443/3893/862
f 7446/3894/863 7448/3896/864 7447/3897/864 7445/3895/863
f 7448/3896/864 7450/3898/865 7449/3899/865 7447/3897/864
f 7450/3898/865 7452/3900/866 7451/1625/866 7449/3899/865
f 7452/3900/866 7454/3901/867 7453/3902/867 7451/1625/866
f 7454/3901/867 7456/3903/868 7455/3904/868 7453/3902/867
f 7456/3903/868 7458/3905/869 7457/3906/869 7455/3904/868
f 7458/3905/869 7460/3907/870 7459/3908/870 7457/3906/869
f 7460/3907/870 7462/3909/871 7461/3910/871 7459/3908/870
f 7462/3909/871 7464/3911/872 7463/3912/872 7461/3910/871
f 7464/3911/872 7466/3913/873 7465/1640/873 7463/3912/872
f 7466/3913/873 7468/3914/874 7467/3915/874 7465/1640/873
f 7468/3914/874 7470/3916/875 7469/3917/875 7467/3915/874
f 7470/3916/875 7472/3918/876 7471/3919/876 7469/3917/875
f 7472/3918/876 7474/3920/877 7473/3921/877 7471/3919/876
f 7474/3920/877 7476/3922/878 7475/3923/878 7473/3921/877
f 7476/3922/878 7478/3924/879 7477/3925/879 7475/3923/878
f 7478/3924/879 7480/3926/880 7479/1657/880 7477/3925/879
f 7480/3926/880 7482/3927/881 7481/3928/881 7479/1657/880
f 7482/3927/881 7484/3929/882 7483/3930/882 7481/3928/881
f 7484/3929/882 7486/3931/883 7485/3932/883 7483/3930/882
f 7486/3931/883 7488/3933/884 7487/3934/884 7485/3932/883
f 7488/3933/884 7490/3935/885 7489/3936/885 7487/3934/884
f 7490/3935/885 7492/3937/886 7491/3938/886 7489/3936/885
f 7492/3937/886 7494/3399/887 7493/1028/887 7491/3938/886
f 7494/3399/887 7496/3939/888 7495/3940/888 7493/1028/887
f 7496/3939/888 7498/3941/889 7497/3942/889 7495/3940/888
f 7498/3941/889 7500/3943/890 7499/3944/890 7497/3942/889
f 7500/3943/890 7502/3945/891 7501/3946/891 7499/3944/890
f 7502/3945/891 7504/3947/892 7503/3948/892 7501/3946/891
f 7504/3947/892 7506/3949/893 7505/3950/893 7503/3948/892
f 7506/3949/893 7508/3951/894 7507/1697/894 7505/3950/893
f 7508/3951/894 7510/3952/895 7509/3953/895 7507/1697/894
f 7510/3952/895 7512/3954/896 7511/3955/896 7509/3953/895
f 7512/3954/896 7514/3956/897 7513/3957/897 7511/3955/896
f 7514/3956/897 7516/3958/898 7515/3959/898 7513/3957/897
f 7516/3958/898 7518/3960/899 7517/3961/899 7515/3959/898
f 7518/3960/899 7520/3962/900 7519/3963/900 7517/3961/899
f 7520/3962/900 7522/3964/901 7521/1704/901 7519/3963/900
f 7522/3964/901 7524/3965/902 7523/3966/902 7521/1704/901
f 7524/3965/902 7526/3967/903 7525/3968/903 7523/3966/902
f 7526/3967/903 7528/3969/904 7527/3970/904 7525/3968/903
f 7528/3969/904 7530/3971/905 7529/3972/905 7527/3970/904
f 7530/3971/905 7532/3973/906 7531/3974/906 7529/3972/905
f 7532/3973/906 7534/3975/907 7533/3976/907 7531/3974/906
f 7534/3975/907 7536/3977/908 7535/1690/908 7533/3976/907
f 7536/3977/908 7538/3978/909 7537/3979/909 7535/1690/908
f 7538/3978/909 7540/3980/910 7539/3981/910 7537/3979/909
f 7540/3980/910 7542/3982/911 7541/3983/911 7539/3981/910
f 7542/3982/911 7544/3984/912 7543/3985/912 7541/3983/911
f 7544/3984/912 7546/3986/913 7545/3987/913 7543/3985/912
f 7546/3986/913 7548/3988/914 7547/3989/914 7545/3987/913
f 7548/3988/914 7550/3414/915 7549/1045/915 7547/3989/914
f 7550/3414/915 7552/3990/916 7551/3991/916 7549/1045/915
f 7552/3990/916 7554/3992/917 7553/3993/917 7551/3991/916
f 7554/3992/917 7556/3994/918 7555/3995/918 7553/3993/917
f 7556/3994/918 7558/3996/919 7557/3997/919 7555/3995/918
f 7558/3996/919 7560/3998/920 7559/3999/920 7557/3997/919
f 7560/3998/920 7562/4000/921 7561/4001/921 7559/3999/920
f 7562/4000/921 7564/4002/922 7563/1670/922 7561/4001/921
f 7564/4002/922 7566/4003/923 7565/4004/923 7563/1670/922
f 7566/4003/923 7568/4005/924 7567/4006/924 7565/4004/923
f 7568/4005/924 7570/4007/925 7569/4008/925 7567/4006/924
f 7570/4007/925 7572/4009/926 7571/4010/926 7569/4008/925
f 7572/4009/926 7574/4011/927 7573/4012/927 7571/4010/926
f 7574/4011/927 7576/4013/928 7575/4014/928 7573/4012/927
f 7576/4013/928 7578/4015/929 7577/1655/929 7575/4014/928
f 7578/4015/929 7580/4016/930 7579/4017/930 7577/1655/929
f 7580/4016/930 7582/4018/812 7581/4019/812 7579/4017/930
f 7582/4018/812 7584/4020/931 7583/4021/931 7581/4019/812
f 7584/4020/931 7586/4022/932 7585/4023/932 7583/4021/931
f 7586/4022/932 7588/4024/933 7587/4025/933 7585/4023/932
f 7588/4024/933 7590/4026/934 7589/4027/934 7587/4025/933
f 7590/4026/934 7592/4028/935 7591/1644/935 7589/4027/934
f 7592/4028/935 7594/4029/936 7593/4030/936 7591/1644/935
f 7594/4029/936 7596/4031/937 7595/4032/937 7593/4030/936
f 7596/4031/937 7598/4033/938 7597/4034/938 7595/4032/937
f 7598/4033/938 7600/4035/939 7599/4036/939 7597/4034/938
f 7600/4035/939 7602/4037/940 7601/4038/940 7599/4036/939
f 7602/4037/940 7604/4039/941 7603/4040/941 7601/4038/940
f 7604/4039/941 6934/2890/609 6933/105/609 7603/4040/941
f 7606/2164/942 7608/4041/943 7607/4042/943 7605/107/942
f 7608/4041/943 7610/4043/944 7609/4044/944 7607/4042/943
f 7610/4043/944 7612/4045/621 7611/4046/621 7609/4044/944
f 7612/4045/621 7614/4047/945 7613/4048/945 7611/4046/621
f 7614/4047/945 7616/4049/946 7615/4050/946 7613/4048/945
f 7616/4049/946 7618/4051/947 7617/4052/947 7615/4050/946
f 7618/4051/947 7620/4053/948 7619/4054/948 7617/4052/947
f 7620/4053/948 7622/4055/949 7621/4056/949 7619/4054/948
f 7622/4055/949 7624/4057/950 7623/4058/950 7621/4056/949
f 7624/4057/950 7626/4059/951 7625/4060/951 7623/4058/950
f 7626/4059/951 7628/4061/952 7627/4062/952 7625/4060/951
f 7628/4061/952 7630/4063/953 7629/4064/953 7627/4062/952
f 7630/4063/953 7632/4065/954 7631/4066/954 7629/4064/953
f 7632/4065/954 7634/4067/955 7633/4068/955 7631/4066/954
f 7634/4067/955 7636/4069/956 7635/4070/956 7633/4068/955
f 7636/4069/956 7638/4071/957 7637/4072/957 7635/4070/956
f 7638/4071/957 7640/4073/958 7639/4074/958 7637/4072/957
f 7640/4073/958 7642/4075/959 7641/4076/959 7639/4074/958
f 7642/4075/959 7644/4077/960 7643/4078/960 7641/4076/959
f 7644/4077/960 7646/4079/961 7645/4080/961 7643/4078/960
f 7646/4079/961 7648/4081/962 7647/4082/962 7645/4080/961
f 7648/4081/962 7650/4083/963 7649/4084/963 7647/4082/962
f 7650/4083/963 7652/4085/964 7651/4086/964 7649/4084/963
f 7652/4085/964 7654/4087/965 7653/4088/965 7651/4086/964
f 7654/4087/965 7656/4089/966 7655/4090/966 7653/4088/965
f 7656/4089/966 7658/4091/967 7657/4092/967 7655/4090/966
f 7658/4091/967 7660/4093/968 7659/4094/968 7657/4092/967
f 7660/4093/968 7662/4095/969 7661/4096/969 7659/4094/968
f 7662/4095/969 7664/4097/970 7663/4098/970 7661/4096/969
f 7664/4097/970 7666/4099/971 7665/4100/971 7663/4098/970
f 7666/4099/971 7668/4101/972 7667/4102/972 7665/4100/971
f 7668/4101/972 7670/4103/973 7669/4104/973 7667/4102/972
f 7670/4103/973 7672/4105/974 7671/4106/974 7669/4104/973
f 7672/4105/974 7674/4107/975 7673/4108/975 7671/4106/974
f 7674/4107/975 7676/4109/976 7675/4110/976 7673/4108/975
f 7676/4109/976 7678/4111/977 7677/4112/977 7675/4110/976
f 7678/4111/977 7680/4113/978 7679/4114/978 7677/4112/977
f 7680/4113/978 7682/4115/979 7681/4116/979 7679/4114/978
f 7682/4115/979 7684/4117/980 7683/4118/980 7681/4116/979
f 7684/4117/980 7686/4119/981 7685/4120/981 7683/4118/980
f 7686/4119/981 7688/4121/982 7687/4122/982 7685/4120/981
f 7688/4121/982 7690/4123/983 7689/4124/983 7687/4122/982
f 7690/4123/983 7692/4125/984 7691/4126/984 7689/4124/983
f 7692/4125/984 7694/4127/985 7693/4128/985 7691/4126/984
f 7694/4127/985 7696/4129/986 7695/4130/986 7693/4128/985
f 7696/4129/986 7698/4131/987 7697/4132/987 7695/4130/986
f 7698/4131/987 7700/4133/988 7699/4134/988 7697/4132/987
f 7700/4133/988 7702/4135/989 7701/4136/989 7699/4134/988
f 7702/4135/989 7704/4137/990 7703/4138/990 7701/4136/989
f 7704/4137/990 7706/4139/991 7705/4140/991 7703/4138/990
f 7706/4139/991 7708/4141/992 7707/4142/992 7705/4140/991
f 7708/4141/992 7710/4143/993 7709/4144/993 7707/4142/992
f 7710/4143/993 7712/4145/994 7711/4146/994 7709/4144/993
f 7712/4145/994 7714/4147/995 7713/4148/995 7711/4146/994
f 7714/4147/995 7716/4149/996 7715/4150/996 7713/4148/995
f 7716/4149/996 7718/4151/997 7717/4152/997 7715/4150/996
f 7718/4151/997 7720/4153/998 7719/4154/998 7717/4152/997
f 7720/4153/998 7722/4155/999 7721/4156/999 7719/4154/998
f 7722/4155/999 7724/4157/1000 7723/4158/1000 7721/4156/999
f 7724/4157/1000 7726/4159/1001 7725/4160/1001 7723/4158/1000
f 7726/4159/1001 7728/4161/1002 7727/4162/1002 7725/4160/1001
f 7728/4161/1002 7730/4163/1003 7729/4164/1003 7727/4162/1002
f 7730/4163/1003 7732/4165/1004 7731/4166/1004 7729/4164/1003
f 7732/4165/1004 7734/4167/1005 7733/4168/1005 7731/4166/1004
f 7734/4167/1005 7736/4169/1006 7735/4170/1006 7733/4168/1005
f 7736/4169/1006 7738/4171/1007 7737/4172/1007 7735/4170/1006
f 7738/4171/1007 7740/4173/1008 7739/4174/1008 7737/4172/1007
f 7740/4173/1008 7742/4175/1009 7741/4176/1009 7739/4174/1008
f 7742/4175/1009 7744/4177/1010 7743/4178/1010 7741/4176/1009
f 7744/4177/1010 7746/4179/1011 7745/4180/1011 7743/4178/1010
f 7746/4179/1011 7748/4181/1012 7747/4182/1012 7745/4180/1011
f 7748/4181/1012 7750/4183/1013 7749/4184/1013 7747/4182/1012
f 7750/4183/1013 7752/4185/1014 7751/4186/1014 7749/4184/1013
f 7752/4185/1014 7754/4187/1013 7753/4188/1013 7751/4186/1014
f 7754/4187/1013 7756/4189/1012 7755/4190/1012 7753/4188/1013
f 7756/4189/1012 7758/4191/1015 7757/4192/1015 7755/4190/1012
f 7758/4191/1015 7760/4193/1010 7759/4194/1010 7757/4192/1015
f 7760/4193/1010 7762/4195/1009 7761/4196/1009 7759/4194/1010
f 7762/4195/1009 7764/4197/1016 7763/4198/1016 7761/4196/1009
f 7764/4197/1016 7766/4199/1007 7765/4200/1007 7763/4198/1016
f 7766/4199/1007 7768/4201/1006 7767/4202/1006 7765/4200/1007
f 7768/4201/1006 7770/4203/1005 7769/4204/1005 7767/4202/1006
f 7770/4203/1005 7772/4205/1004 7771/4206/1004 7769/4204/1005
f 7772/4205/1004 7774/4207/1003 7773/4208/1003 7771/4206/1004
f 7774/4207/1003 7776/4209/1017 7775/4210/1017 7773/4208/1003
f 7776/4209/1017 7778/4211/1018 7777/4212/1018 7775/4210/1017
f 7778/4211/1018 7780/4213/1019 7779/4214/1019 7777/4212/1018
f 7780/4213/1019 7782/4215/1020 7781/4216/1020 7779/4214/1019
f 7782/4215/1020 7784/4217/1021 7783/4218/1021 7781/4216/1020
f 7784/4217/1021 7786/4219/1022 7785/4220/1022 7783/4218/1021
f 7786/4219/1022 7788/4221/1023 7787/4222/1023 7785/4220/1022
f 7788/4221/1023 7790/4223/1024 7789/4224/1024 7787/4222/1023
f 7790/4223/1024 7792/4225/1025 7791/4226/1025 7789/4224/1024
f 7792/4225/1025 7794/4227/1026 7793/4228/1026 7791/4226/1025
f 7794/4227/1026 7796/4229/167 7795/4230/167 7793/4228/1026
f 7796/4229/167 7798/4231/1027 7797/4232/1027 7795/4230/167
f 7798/4231/1027 7800/4233/1028 7799/4234/1028 7797/4232/1027
f 7800/4233/1028 7802/4235/1029 7801/4236/1029 7799/4234/1028
f 7802/4235/1029 7804/4237/1030 7803/4238/1030 7801/4236/1029
f 7804/4237/1030 7806/4239/1031 7805/4240/1031 7803/4238/1030
f 7806/4239/1031 7808/4241/1032 7807/4242/1032 7805/4240/1031
f 7808/4241/1032 7810/4243/1033 7809/4244/1033 7807/4242/1032
f 7810/4243/1033 7812/4245/1034 7811/4246/1034 7809/4244/1033
f 7812/4245/1034 7814/4247/1035 7813/4248/1035 7811/4246/1034
f 7814/4247/1035 7816/4249/1036 7815/4250/1036 7813/4248/1035
f 7816/4249/1036 7818/4251/1037 7817/4252/1037 7815/4250/1036
f 7818/4251/1037 7820/4253/1038 7819/4254/1038 7817/4252/1037
f 7820/4253/1038 7822/4255/1039 7821/4256/1039 7819/4254/1038
f 7822/4255/1039 7824/4257/1040 7823/4258/1040 7821/4256/1039
f 7824/4257/1040 7826/4259/410 7825/4260/410 7823/4258/1040
f 7826/4259/410 7828/4261/1041 7827/4262/1041 7825/4260/410
f 7828/4261/1041 7830/4263/1042 7829/4264/1042 7827/4262/1041
f 7830/4263/1042 7832/4265/1043 7831/4266/1043 7829/4264/1042
f 7832/4265/1043 7834/4267/1044 7833/4268/1044 7831/4266/1043
f 7834/4267/1044 7836/4269/1045 7835/4270/1045 7833/4268/1044
f 7836/4269/1045 7838/4271/1046 7837/4272/1046 7835/4270/1045
f 7838/4271/1046 7840/4273/1047 7839/4274/1047 7837/4272/1046
f 7840/4273/1047 7842/4275/1048 7841/4276/1048 7839/4274/1047
f 7842/4275/1048 7844/4277/1049 7843/4278/1049 7841/4276/1048
f 7844/4277/1049 7846/4279/1050 7845/4280/1050 7843/4278/1049
f 7846/4279/1050 7848/4281/1051 7847/4282/1051 7845/4280/1050
f 7848/4281/1051 7850/4283/1052 7849/4284/1052 7847/4282/1051
f 7850/4283/1052 7852/4285/1053 7851/4286/1053 7849/4284/1052
f 7852/4285/1053 7854/4287/1054 7853/4288/1054 7851/4286/1053
f 7854/4287/1054 7856/4289/1055 7855/4290/1055 7853/4288/1054
f 7856/4289/1055 7858/4291/1056 7857/4292/1056 7855/4290/1055
f 7858/4291/1056 7860/4293/1057 7859/4294/1057 7857/4292/1056
f 7860/4293/1057 7862/4295/1058 7861/4296/1058 7859/4294/1057
f 7862/4295/1058 7864/4297/1059 7863/4298/1059 7861/4296/1058
f 7864/4297/1059 7866/4299/1060 7865/4300/1060 7863/4298/1059
f 7866/4299/1060 7868/4301/1061 7867/4302/1061 7865/4300/1060
f 7868/4301/1061 7870/4303/1062 7869/4304/1062 7867/4302/1061
f 7870/4303/1062 7872/4305/1063 7871/4306/1063 7869/4304/1062
f 7872/4305/1063 7874/4307/1064 7873/4308/1064 7871/4306/1063
f 7874/4307/1064 7876/4309/1065 7875/4310/1065 7873/4308/1064
f 7876/4309/1065 7878/4311/1066 7877/4312/1066 7875/4310/1065
f 7878/4311/1066 7880/4313/1067 7879/4314/1067 7877/4312/1066
f 7880/4313/1067 7882/4315/1068 7881/4316/1068 7879/4314/1067
f 7882/4315/1068 7884/4317/1069 7883/4318/1069 7881/4316/1068
f 7884/4317/1069 7886/4319/1070 7885/4320/1070 7883/4318/1069
f 7886/4319/1070 7888/4321/1071 7887/4322/1071 7885/4320/1070
f 7888/4321/1071 7890/4323/1072 7889/4324/1072 7887/4322/1071
f 7890/4323/1072 7892/4325/1073 7891/4326/1073 7889/4324/1072
f 7892/4325/1073 7894/4327/1074 7893/4328/1074 7891/4326/1073
f 7894/4327/1074 7896/4329/1075 7895/4330/1075 7893/4328/1074
f 7896/4329/1075 7898/4331/1076 7897/4332/1076 7895/4330/1075
f 7898/4331/1076 7900/4333/1077 7899/4334/1077 7897/4332/1076
f 7900/4333/1077 7902/4335/1078 7901/4336/1078 7899/4334/1077
f 7902/4335/1078 7904/4337/1079 7903/4338/1079 7901/4336/1078
f 7904/4337/1079 7906/4339/1080 7905/4340/1080 7903/4338/1079
f 7906/4339/1080 7908/4341/1081 7907/4342/1081 7905/4340/1080
f 7908/4341/1081 7910/4343/1082 7909/4344/1082 7907/4342/1081
f 7910/4343/1082 7912/4345/1083 7911/4346/1083 7909/4344/1082
f 7912/4345/1083 7914/4347/1084 7913/4348/1084 7911/4346/1083
f 7914/4347/1084 7916/4349/1085 7915/4350/1085 7913/4348/1084
f 7916/4349/1085 7918/4351/1086 7917/4352/1086 7915/4350/1085
f 7918/4351/1086 7920/4353/1087 7919/4354/1087 7917/4352/1086
f 7920/4353/1087 7922/4355/1088 7921/4356/1088 7919/4354/1087
f 7922/4355/1088 7924/4357/1089 7923/4358/1089 7921/4356/1088
f 7924/4357/1089 7926/4359/1090 7925/4360/1090 7923/4358/1089
f 7926/4359/1090 7928/4361/1091 7927/4362/1091 7925/4360/1090
f 7928/4361/1091 7930/4363/1092 7929/4364/1092 7927/4362/1091
f 7930/4363/1092 7932/4365/1093 7931/4366/1093 7929/4364/1092
f 7932/4365/1093 7934/4367/1094 7933/4368/1094 7931/4366/1093
f 7934/4367/1094 7936/4369/1095 7935/4370/1095 7933/4368/1094
f 7936/4369/1095 7938/4371/1096 7937/4372/1096 7935/4370/1095
f 7938/4371/1096 7940/4373/1097 7939/4374/1097 7937/4372/1096
f 7940/4373/1097 7942/4375/1098 7941/4376/1098 7939/4374/1097
f 7942/4375/1098 7944/4377/1099 7943/4378/1099 7941/4376/1098
f 7944/4377/1099 7946/4379/1100 7945/4380/1100 7943/4378/1099
f 7946/4379/1100 7948/4381/1101 7947/4382/1101 7945/4380/1100
f 7948/4381/1101 7950/4383/1102 7949/4384/1102 7947/4382/1101
f 7950/4383/1102 7952/4385/1103 7951/4386/1103 7949/4384/1102
f 7952/4385/1103 7954/4387/1104 7953/4388/1104 7951/4386/1103
f 7954/4387/1104 7956/4389/1105 7955/4390/1105 7953/4388/1104
f 7956/4389/1105 7958/4391/1106 7957/4392/1106 7955/4390/1105
f 7958/4391/1106 7960/4393/1107 7959/4394/1107 7957/4392/1106
f 7960/4393/1107 7962/4395/1108 7961/4396/1108 7959/4394/1107
f 7962/4395/1108 7964/4397/1109 7963/4398/1109 7961/4396/1108
f 7964/4397/1109 7966/4399/1110 7965/4400/1110 7963/4398/1109
f 7966/4399/1110 7968/4401/1111 7967/4402/1111 7965/4400/1110
f 7968/4401/1111 7970/4403/1112 7969/4404/1112 7967/4402/1111
f 7970/4403/1112 7972/4405/1113 7971/4406/1113 7969/4404/1112
f 7972/4405/1113 7974/4407/1114 7973/4408/1114 7971/4406/1113
f 7974/4407/1114 7976/4409/1115 7975/4410/1115 7973/4408/1114
f 7976/4409/1115 7978/4411/1116 7977/4412/1116 7975/4410/1115
f 7978/4411/1116 7980/4413/1117 7979/4414/1117 7977/4412/1116
f 7980/4413/1117 7982/4415/1118 7981/4416/1118 7979/4414/1117
f 7982/4415/1118 7984/4417/1119 7983/4418/1119 7981/4416/1118
f 7984/4417/1119 7986/4419/1120 7985/4420/1120 7983/4418/1119
f 7986/4419/1120 7988/4421/1121 7987/4422/1121 7985/4420/1120
f 7988/4421/1121 7990/4423/1122 7989/4424/1122 7987/4422/1121
f 7990/4423/1122 7992/4425/1123 7991/4426/1123 7989/4424/1122
f 7992/4425/1123 7994/4427/1124 7993/4428/1124 7991/4426/1123
f 7994/4427/1124 7996/4429/1125 7995/4430/1125 7993/4428/1124
f 7996/4429/1125 7998/4431/1126 7997/4432/1126 7995/4430/1125
f 7998/4431/1126 8000/4433/1127 7999/4434/1127 7997/4432/1126
f 8000/4433/1127 8002/4435/1128 8001/4436/1128 7999/4434/1127
f 8002/4435/1128 8004/4437/1129 8003/4438/1129 8001/4436/1128
f 8004/4437/1129 8006/4439/1130 8005/4440/1130 8003/4438/1129
f 8006/4439/1130 8008/4441/1131 8007/4442/1131 8005/4440/1130
f 8008/4441/1131 8010/4443/1132 8009/4444/1132 8007/4442/1131
f 8010/4443/1132 8012/4445/1133 8011/4446/1133 8009/4444/1132
f 8012/4445/1133 8014/4447/1134 8013/4448/1134 8011/4446/1133
f 8014/4447/1134 8016/4449/1135 8015/4450/1135 8013/4448/1134
f 8016/4449/1135 8018/4451/1136 8017/4452/1136 8015/4450/1135
f 8018/4451/1136 8020/4453/1137 8019/4454/1137 8017/4452/1136
f 8020/4453/1137 8022/4455/1138 8021/4456/1138 8019/4454/1137
f 8022/4455/1138 8024/4457/1139 8023/4458/1139 8021/4456/1138
f 8024/4457/1139 8026/4459/1140 8025/4460/1140 8023/4458/1139
f 8026/4459/1140 8028/4461/1141 8027/4462/1141 8025/4460/1140
f 8028/4461/1141 8030/4463/1142 8029/4464/1142 8027/4462/1141
f 8030/4463/1142 8032/4465/1143 8031/4466/1143 8029/4464/1142
f 8032/4465/1143 8034/4467/1144 8033/4468/1144 8031/4466/1143
f 8034/4467/1144 8036/4469/1145 8035/4470/1145 8033/4468/1144
f 8036/4469/1145 8038/4471/1146 8037/4472/1146 8035/4470/1145
f 8038/4471/1146 8040/4473/1147 8039/4474/1147 8037/4472/1146
f 8040/4473/1147 8042/4475/1148 8041/4476/1148 8039/4474/1147
f 8042/4475/1148 8044/4477/1149 8043/4478/1149 8041/4476/1148
f 8044/4477/1149 8046/4479/1150 8045/4480/1150 8043/4478/1149
f 8046/4479/1150 8048/4481/1151 8047/4482/1151 8045/4480/1150
f 8048/4481/1151 8050/4483/1152 8049/4484/1152 8047/4482/1151
f 8050/4483/1152 8052/4485/1153 8051/4486/1153 8049/4484/1152
f 8052/4485/1153 8054/4487/1154 8053/4488/1154 8051/4486/1153
f 8054/4487/1154 8056/4489/1155 8055/4490/1155 8053/4488/1154
f 8056/4489/1155 8058/4491/1156 8057/4492/1156 8055/4490/1155
f 8058/4491/1156 8060/4493/1157 8059/4494/1157 8057/4492/1156
f 8060/4493/1157 8062/4495/1158 8061/4496/1158 8059/4494/1157
f 8062/4495/1158 8064/4497/1159 8063/4498/1159 8061/4496/1158
f 8064/4497/1159 8066/4499/1160 8065/4500/1160 8063/4498/1159
f 8066/4499/1160 8068/4501/1161 8067/4502/1161 8065/4500/1160
f 8068/4501/1161 8070/4503/1162 8069/4504/1162 8067/4502/1161
f 8070/4503/1162 8072/4505/1163 8071/4506/1163 8069/4504/1162
f 8072/4505/1163 8074/4507/1164 8073/4508/1164 8071/4506/1163
f 8074/4507/1164 8076/4509/1165 8075/4510/1165 8073/4508/1164
f 8076/4509/1165 8078/4511/1166 8077/4512/1166 8075/4510/1165
f 8078/4511/1166 8080/4513/1167 8079/4514/1167 8077/4512/1166
f 8080/4513/1167 8082/4515/1168 8081/4516/1168 8079/4514/1167
f 8082/4515/1168 8084/4517/1169 8083/4518/1169 8081/4516/1168
f 8084/4517/1169 8086/4519/1170 8085/4520/1170 8083/4518/1169
f 8086/4519/1170 8088/4521/1171 8087/4522/1171 8085/4520/1170
f 8088/4521/1171 8090/4523/1172 8089/4524/1172 8087/4522/1171
f 8090/4523/1172 8092/4525/1173 8091/4526/1173 8089/4524/1172
f 8092/4525/1173 8094/4527/1174 8093/4528/1174 8091/4526/1173
f 8094/4527/1174 8096/4529/1175 8095/4530/1175 8093/4528/1174
f 8096/4529/1175 8098/4531/1176 8097/4532/1176 8095/4530/1175
f 8098/4531/1176 8100/4533/1177 8099/4534/1177 8097/4532/1176
f 8100/4533/1177 8102/4535/1178 8101/4536/1178 8099/4534/1177
f 8102/4535/1178 8104/4537/1179 8103/4538/1179 8101/4536/1178
f 8104/4537/1179 8106/4539/1180 8105/4540/1180 8103/4538/1179
f 8106/4539/1180 8108/4541/1181 8107/4542/1181 8105/4540/1180
f 8108/4541/1181 8110/4543/1182 8109/4544/1182 8107/4542/1181
f 8110/4543/1182 8112/4545/1183 8111/4546/1183 8109/4544/1182
f 8112/4545/1183 8114/4547/1184 8113/4548/1184 8111/4546/1183
f 8114/4547/1184 8116/4549/1185 8115/4550/1185 8113/4548/1184
f 8116/4549/1185 8118/4551/1186 8117/4552/1186 8115/4550/1185
f 8118/4551/1186 8120/4553/1187 8119/4554/1187 8117/4552/1186
f 8120/4553/1187 8122/4555/1188 8121/4556/1188 8119/4554/1187
f 8122/4555/1188 8124/4557/1189 8123/4558/1189 8121/4556/1188
f 8124/4557/1189 8126/4559/1190 8125/4560/1190 8123/4558/1189
f 8126/4559/1190 8128/4561/1191 8127/4562/1191 8125/4560/1190
f 8128/4561/1191 8130/4563/448 8129/4564/448 8127/4562/1191
f 8130/4563/448 8132/4565/1192 8131/4566/1192 8129/4564/448
f 8132/4565/1192 8134/4567/1193 8133/4568/1193 8131/4566/1192
f 8134/4567/1193 8136/4569/1194 8135/4570/1194 8133/4568/1193
f 8136/4569/1194 8138/4571/1195 8137/4572/1195 8135/4570/1194
f 8138/4571/1195 8140/4573/1196 8139/4574/1196 8137/4572/1195
f 8140/4573/1196 8142/4575/1197 8141/4576/1197 8139/4574/1196
f 8142/4575/1197 8144/4577/1198 8143/4578/1198 8141/4576/1197
f 8144/4577/1198 8146/4579/1199 8145/4580/1199 8143/4578/1198
f 8146/4579/1199 8148/4581/1200 8147/4582/1200 8145/4580/1199
f 8148/4581/1200 8150/4583/1201 8149/4584/1201 8147/4582/1200
f 8150/4583/1201 8152/4585/1202 8151/4586/1202 8149/4584/1201
f 8152/4585/1202 8154/4587/1203 8153/4588/1203 8151/4586/1202
f 8154/4587/1203 8156/4589/1204 8155/4590/1204 8153/4588/1203
f 8156/4589/1204 8158/4591/1205 8157/4592/1205 8155/4590/1204
f 8158/4591/1205 8160/4593/1206 8159/4594/1206 8157/4592/1205
f 8160/4593/1206 8162/4595/1207 8161/4596/1207 8159/4594/1206
f 8162/4595/1207 8164/4597/1208 8163/4598/1208 8161/4596/1207
f 8164/4597/1208 8166/4599/1209 8165/4600/1209 8163/4598/1208
f 8166/4599/1209 8168/4601/1210 8167/4602/1210 8165/4600/1209
f 8168/4601/1210 8170/4603/1211 8169/4604/1211 8167/4602/1210
f 8170/4603/1211 8172/4605/1212 8171/4606/1212 8169/4604/1211
f 8172/4605/1212 8174/4607/1213 8173/4608/1213 8171/4606/1212
f 8174/4607/1213 8176/4609/1214 8175/4610/1214 8173/4608/1213
f 8176/4609/1214 8178/4611/1215 8177/4612/1215 8175/4610/1214
f 8178/4611/1215 8180/4613/1216 8179/4614/1216 8177/4612/1215
f 8180/4613/1216 8182/4615/1217 8181/4616/1217 8179/4614/1216
f 8182/4615/1217 8184/4617/1218 8183/4618/1218 8181/4616/1217
f 8184/4617/1218 8186/4619/1219 8185/4620/1219 8183/4618/1218
f 8186/4619/1219 8188/4621/1220 8187/4622/1220 8185/4620/1219
f 8188/4621/1220 8190/4623/1221 8189/4624/1221 8187/4622/1220
f 8190/4623/1221 8192/4625/1222 8191/4626/1222 8189/4624/1221
f 8192/4625/1222 8194/4627/1223 8193/4628/1223 8191/4626/1222
f 8194/4627/1223 8196/4629/1224 8195/4630/1224 8193/4628/1223
f 8196/4629/1224 8198/4631/1225 8197/4632/1225 8195/4630/1224
f 8198/4631/1225 8200/4633/1226 8199/4634/1226 8197/4632/1225
f 8200/4633/1226 8202/4635/1227 8201/4636/1227 8199/4634/1226
f 8202/4635/1227 8204/4637/1228 8203/4638/1228 8201/4636/1227
f 8204/4637/1228 8206/4639/1229 8205/4640/1229 8203/4638/1228
f 8206/4639/1229 8208/4641/1230 8207/4642/1230 8205/4640/1229
f 8208/4641/1230 8210/4643/1231 8209/4644/1231 8207/4642/1230
f 8210/4643/1231 8212/4645/1232 8211/4646/1232 8209/4644/1231
f 8212/4645/1232 8214/4647/1233 8213/4648/1233 8211/4646/1232
f 8214/4647/1233 8216/4649/1234 8215/4650/1234 8213/4648/1233
f 8216/4649/1234 8218/4651/1235 8217/4652/1235 8215/4650/1234
f 8218/4651/1235 8220/4653/1236 8219/4654/1236 8217/4652/1235
f 8220/4653/1236 8222/4655/1237 8221/4656/1237 8219/4654/1236
f 8222/4655/1237 8224/4657/1238 8223/4658/1238 8221/4656/1237
f 8224/4657/1238 8226/4659/1239 8225/4660/1239 8223/4658/1238
f 8226/4659/1239 8228/4661/1240 8227/4662/1240 8225/4660/1239
f 8228/4661/1240 8230/4663/1241 8229/4664/1241 8227/4662/1240
f 8230/4663/1241 8232/4665/1242 8231/4666/1242 8229/4664/1241
f 8232/4665/1242 8234/4667/1243 8233/4668/1243 8231/4666/1242
f 8234/4667/1243 8236/4669/1244 8235/4670/1244 8233/4668/1243
f 8236/4669/1244 8238/4671/1245 8237/4672/1245 8235/4670/1244
f 8238/4671/1245 8240/4673/1246 8239/4674/1246 8237/4672/1245
f 8240/4673/1246 8242/4675/1247 8241/4676/1247 8239/4674/1246
f 8242/4675/1247 8244/4677/1248 8243/4678/1248 8241/4676/1247
f 8244/4677/1248 8246/4679/1249 8245/4680/1249 8243/4678/1248
f 8246/4679/1249 8248/4681/1250 8247/4682/1250 8245/4680/1249
f 8248/4681/1250 8250/4683/1251 8249/4684/1251 8247/4682/1250
f 8250/4683/1251 8252/4685/1252 8251/4686/1252 8249/4684/1251
f 8252/4685/1252 8254/4687/1253 8253/4688/1253 8251/4686/1252
f 8254/4687/1253 8256/4689/1254 8255/4690/1254 8253/4688/1253
f 8256/4689/1254 8258/4691/1255 8257/4692/1255 8255/4690/1254
f 8258/4691/1255 8260/4693/1256 8259/4694/1256 8257/4692/1255
f 8260/4693/1256 8262/4695/1257 8261/4696/1257 8259/4694/1256
f 8262/4695/1257 8264/4697/1258 8263/4698/1258 8261/4696/1257
f 8264/4697/1258 8266/4699/1259 8265/4700/1259 8263/4698/1258
f 8266/4699/1259 8268/4701/1260 8267/4702/1260 8265/4700/1259
f 8268/4701/1260 8270/4703/1261 8269/4704/1261 8267/4702/1260
f 8270/4703/1261 8272/4705/1262 8271/4706/1262 8269/4704/1261
f 8272/4705/1262 8274/4707/1263 8273/4708/1263 8271/4706/1262
f 8274/4707/1263 8276/4709/1264 8275/4710/1264 8273/4708/1263
f 8276/4709/1264 8278/4711/1265 8277/4712/1265 8275/4710/1264
f 8278/4711/1265 8280/4713/1266 8279/4714/1266 8277/4712/1265
f 8280/4713/1267 8282/4715/1268 8281/4716/1268 8279/4714/1267
f 8282/4715/1268 8284/4717/1269 8283/4718/1269 8281/4716/1268
f 8284/4717/1269 8286/4719/1270 8285/4720/1270 8283/4718/1269
f 8286/4719/1270 8288/4721/1271 8287/4722/1271 8285/4720/1270
f 8288/4721/1271 8290/4723/1272 8289/4724/1272 8287/4722/1271
f 8290/4723/1272 8292/4725/1273 8291/4726/1273 8289/4724/1272
f 8292/4725/1273 8294/4727/1274 8293/4728/1274 8291/4726/1273
f 8294/4727/1274 8296/4729/1275 8295/4730/1275 8293/4728/1274
f 8296/4729/1275 8298/4731/1276 8297/4732/1276 8295/4730/1275
f 8298/4731/1276 8300/4733/1277 8299/4734/1277 8297/4732/1276
f 8300/4733/1277 8302/4735/1278 8301/4736/1278 8299/4734/1277
f 8302/4735/1278 8304/4737/1279 8303/4738/1279 8301/4736/1278
f 8304/4737/1279 8306/4739/1280 8305/4740/1280 8303/4738/1279
f 8306/4739/1280 8308/4741/1281 8307/4742/1281 8305/4740/1280
f 8308/4741/1281 8310/4743/1282 8309/4744/1282 8307/4742/1281
f 8310/4743/1282 8312/4745/1283 8311/4746/1283 8309/4744/1282
f 8312/4745/1283 8314/4747/1284 8313/4748/1284 8311/4746/1283
f 8314/4747/1284 8316/4749/1285 8315/4750/1285 8313/4748/1284
f 8316/4749/1285 8318/4751/1286 8317/4752/1286 8315/4750/1285
f 8318/4751/1286 8320/4753/1287 8319/4754/1287 8317/4752/1286
f 8320/4753/1287 8322/4755/1288 8321/4756/1288 8319/4754/1287
f 8322/4755/1288 8324/4757/1289 8323/4758/1289 8321/4756/1288
f 8324/4757/1289 8326/4759/1290 8325/4760/1290 8323/4758/1289
f 8326/4759/1290 8328/4761/1291 8327/4762/1291 8325/4760/1290
f 8328/4761/1291 8330/4763/1292 8329/4764/1292 8327/4762/1291
f 8330/4763/1292 8332/4765/1293 8331/4766/1293 8329/4764/1292
f 8332/4765/1293 8334/4767/1294 8333/4768/1294 8331/4766/1293
f 8334/4767/1294 8336/4769/1295 8335/4770/1295 8333/4768/1294
f 8336/4769/1295 8338/4771/1296 8337/4772/1296 8335/4770/1295
f 8338/4771/1296 8340/4773/1297 8339/4774/1297 8337/4772/1296
f 8340/4773/1297 8342/4775/1298 8341/4776/1298 8339/4774/1297
f 8342/4775/1298 8344/4777/1299 8343/4778/1299 8341/4776/1298
f 8344/4777/1299 8346/4779/1300 8345/4780/1300 8343/4778/1299
f 8346/4779/1300 8348/4781/1301 8347/4782/1301 8345/4780/1300
f 8348/4781/1301 8350/4783/1302 8349/4784/1302 8347/4782/1301
f 8350/4783/1302 8352/4785/1303 8351/4786/1303 8349/4784/1302
f 8352/4785/1303 8354/4787/1304 8353/4788/1304 8351/4786/1303
f 8354/4787/1304 8356/4789/1305 8355/4790/1305 8353/4788/1304
f 8356/4789/1305 8358/4791/1306 8357/4792/1306 8355/4790/1305
f 8358/4791/1306 8360/4793/1307 8359/4794/1307 8357/4792/1306
f 8360/4793/1307 8362/4795/1308 8361/4796/1308 8359/4794/1307
f 8362/4795/1308 8364/4797/1309 8363/4798/1309 8361/4796/1308
f 8364/4797/1309 8366/4799/1310 8365/4800/1310 8363/4798/1309
f 8366/4799/1310 8368/4801/1311 8367/4802/1311 8365/4800/1310
f 8368/4801/1311 8370/4803/1312 8369/4804/1312 8367/4802/1311
f 8370/4803/1312 8372/4805/1313 8371/4806/1313 8369/4804/1312
f 8372/4805/1313 8374/4807/1314 8373/4808/1314 8371/4806/1313
f 8374/4807/1314 8376/4809/1315 8375/4810/1315 8373/4808/1314
f 8376/4809/1315 8378/4811/1316 8377/4812/1316 8375/4810/1315
f 8378/4811/1316 8380/4813/1317 8379/4814/1317 8377/4812/1316
f 8380/4813/1317 8382/4815/1318 8381/4816/1318 8379/4814/1317
f 8382/4815/1318 8384/4817/1319 8383/4818/1319 8381/4816/1318
f 8384/4817/1319 8386/4819/1320 8385/4820/1320 8383/4818/1319
f 8386/4819/1320 8388/4821/363 8387/4822/363 8385/4820/1320
f 8388/4821/363 8390/4823/1321 8389/4824/1321 8387/4822/363
f 8390/4823/1321 8392/4825/1322 8391/4826/1322 8389/4824/1321
f 8392/4825/1322 8394/4827/1323 8393/4828/1323 8391/4826/1322
f 8394/4827/1323 8396/4829/1324 8395/4830/1324 8393/4828/1323
f 8396/4829/1324 8398/4831/1325 8397/4832/1325 8395/4830/1324
f 8398/4831/1325 7606/2890/942 7605/105/942 8397/4832/1325
f 8400/2164/1326 8402/4833/1327 8401/1714/1327 8399/107/1326
f 8402/4833/1327 8404/3441/1328 8403/1718/1328 8401/1714/1327
f 8404/3441/1328 8406/4834/1329 8405/1721/1329 8403/1718/1328
f 8406/4834/1329 8408/3454/1330 8407/1732/1330 8405/1721/1329
f 8408/3454/1330 8410/4835/1331 8409/1733/1331 8407/1732/1330
f 8410/4835/1331 8412/3467/1332 8411/1730/1332 8409/1733/1331
f 8412/3467/1332 8414/4836/1333 8413/1726/1333 8411/1730/1332
f 8414/4836/1333 8416/3265/1334 8415/1136/1334 8413/1726/1333
f 8416/3265/1334 8418/4837/1335 8417/1738/1335 8415/1136/1334
f 8418/4837/1335 8420/3492/1336 8419/1743/1336 8417/1738/1335
f 8420/3492/1336 8422/4838/1337 8421/1747/1337 8419/1743/1336
f 8422/4838/1337 8424/3505/1338 8423/1750/1338 8421/1747/1337
f 8424/3505/1338 8426/4839/1339 8425/1755/1339 8423/1750/1338
f 8426/4839/1339 8428/3518/1340 8427/1759/1340 8425/1755/1339
f 8428/3518/1340 8430/4840/1341 8429/1765/1341 8427/1759/1340
f 8430/4840/1341 8432/3280/1342 8431/1202/1342 8429/1765/1341
f 8432/3280/1342 8434/4841/1343 8433/1776/1343 8431/1202/1342
f 8434/4841/1343 8436/3543/1344 8435/1782/1344 8433/1776/1343
f 8436/3543/1344 8438/4842/1345 8437/1786/1345 8435/1782/1344
f 8438/4842/1345 8440/3556/1346 8439/1791/1346 8437/1786/1345
f 8440/3556/1346 8442/4843/1347 8441/1785/1347 8439/1791/1346
f 8442/4843/1347 8444/3569/1348 8443/1781/1348 8441/1785/1347
f 8444/3569/1348 8446/4844/1349 8445/1775/1349 8443/1781/1348
f 8446/4844/1349 8448/3295/1350 8447/1105/1350 8445/1775/1349
f 8448/3295/1350 8450/4845/1351 8449/1766/1351 8447/1105/1350
f 8450/4845/1351 8452/3594/1352 8451/1760/1352 8449/1766/1351
f 8452/3594/1352 8454/4846/1353 8453/1756/1353 8451/1760/1352
f 8454/4846/1353 8456/3607/1354 8455/1745/1354 8453/1756/1353
f 8456/3607/1354 8458/4847/1355 8457/1740/1355 8455/1745/1354
f 8458/4847/1355 8460/3620/1356 8459/1720/1356 8457/1740/1355
f 8460/3620/1356 8462/4848/1357 8461/1710/1357 8459/1720/1356
f 8462/4848/1357 8464/3310/1358 8463/995/1358 8461/1710/1357
f 8464/3310/1358 8466/4849/1359 8465/1669/1359 8463/995/1358
f 8466/4849/1359 8468/3645/1360 8467/1652/1360 8465/1669/1359
f 8468/3645/1360 8470/4850/1361 8469/1636/1361 8467/1652/1360
f 8470/4850/1361 8472/3658/1362 8471/1615/1362 8469/1636/1361
f 8472/3658/1362 8474/4851/423 8473/1582/423 8471/1615/1362
f 8474/4851/423 8476/3671/1363 8475/1576/1363 8473/1582/423
f 8476/3671/1363 8478/4852/1364 8477/1570/1364 8475/1576/1363
f 8478/4852/1364 8480/3325/1365 8479/900/1365 8477/1570/1364
f 8480/3325/1365 8482/4853/1366 8481/1563/1366 8479/900/1365
f 8482/4853/1366 8484/3696/1367 8483/1560/1367 8481/1563/1366
f 8484/3696/1367 8486/4854/1368 8485/1557/1368 8483/1560/1367
f 8486/4854/1368 8488/3709/1369 8487/1554/1369 8485/1557/1368
f 8488/3709/1369 8490/4855/1370 8489/1550/1370 8487/1554/1369
f 8490/4855/1370 8492/3722/1371 8491/1548/1371 8489/1550/1370
f 8492/3722/1371 8494/4856/1372 8493/1544/1372 8491/1548/1371
f 8494/4856/1372 8496/2527/1373 8495/931/1373 8493/1544/1372
f 8496/2527/1373 8498/4857/1374 8497/1547/1374 8495/931/1373
f 8498/4857/1374 8500/3747/1375 8499/1564/1375 8497/1547/1374
f 8500/3747/1375 8502/4858/1376 8501/1572/1376 8499/1564/1375
f 8502/4858/1376 8504/3760/1377 8503/1577/1377 8501/1572/1376
f 8504/3760/1377 8506/4859/1378 8505/1581/1378 8503/1577/1377
f 8506/4859/1378 8508/3773/1379 8507/1596/1379 8505/1581/1378
f 8508/3773/1379 8510/4860/1380 8509/1629/1380 8507/1596/1379
f 8510/4860/1380 8512/3354/1381 8511/895/1381 8509/1629/1380
f 8512/3354/1381 8514/4861/1382 8513/1661/1382 8511/895/1381
f 8514/4861/1382 8516/3798/1383 8515/1676/1383 8513/1661/1382
f 8516/3798/1383 8518/4862/1384 8517/1689/1384 8515/1676/1383
f 8518/4862/1384 8520/3811/573 8519/1709/573 8517/1689/1384
f 8520/3811/573 8522/4863/1385 8521/1624/1385 8519/1709/573
f 8522/4863/1385 8524/3824/1386 8523/1618/1386 8521/1624/1385
f 8524/3824/1386 8526/4864/1387 8525/1613/1387 8523/1618/1386
f 8526/4864/1387 8528/3369/1388 8527/815/1388 8525/1613/1387
f 8528/3369/1388 8530/4865/1389 8529/1597/1389 8527/815/1388
f 8530/4865/1389 8532/3849/1390 8531/1593/1390 8529/1597/1389
f 8532/3849/1390 8534/4866/1391 8533/1591/1391 8531/1593/1390
f 8534/4866/1391 8536/3862/1392 8535/1588/1392 8533/1591/1391
f 8536/3862/1392 8538/4867/1393 8537/1602/1393 8535/1588/1392
f 8538/4867/1393 8540/3875/1394 8539/1604/1394 8537/1602/1393
f 8540/3875/1394 8542/4868/1395 8541/1607/1395 8539/1604/1394
f 8542/4868/1395 8544/3384/1396 8543/963/1396 8541/1607/1395
f 8544/3384/1396 8546/4869/1397 8545/1617/1397 8543/963/1396
f 8546/4869/1397 8548/3900/1398 8547/1625/1398 8545/1617/1397
f 8548/3900/1398 8550/4870/1399 8549/1631/1399 8547/1625/1398
f 8550/4870/1399 8552/3913/1400 8551/1640/1400 8549/1631/1399
f 8552/3913/1400 8554/4871/1401 8553/1648/1401 8551/1640/1400
f 8554/4871/1401 8556/3926/1402 8555/1657/1402 8553/1648/1401
f 8556/3926/1402 8558/4872/1403 8557/1668/1403 8555/1657/1402
f 8558/4872/1403 8560/3399/1404 8559/1028/1404 8557/1668/1403
f 8560/3399/1404 8562/4873/1405 8561/1693/1405 8559/1028/1404
f 8562/4873/1405 8564/3951/1406 8563/1697/1406 8561/1693/1405
f 8564/3951/1406 8566/4874/1407 8565/1700/1407 8563/1697/1406
f 8566/4874/1407 8568/3964/489 8567/1704/489 8565/1700/1407
f 8568/3964/489 8570/4875/1408 8569/1695/1408 8567/1704/489
f 8570/4875/1408 8572/3977/1409 8571/1690/1409 8569/1695/1408
f 8572/3977/1409 8574/4876/1410 8573/1686/1410 8571/1690/1409
f 8574/4876/1410 8576/3414/1411 8575/1045/1411 8573/1686/1410
f 8576/3414/1411 8578/4877/1412 8577/1678/1412 8575/1045/1411
f 8578/4877/1412 8580/4002/1413 8579/1670/1413 8577/1678/1412
f 8580/4002/1413 8582/4878/1414 8581/1663/1414 8579/1670/1413
f 8582/4878/1414 8584/4015/1415 8583/1655/1415 8581/1663/1414
f 8584/4015/1415 8586/4879/1416 8585/1649/1416 8583/1655/1415
f 8586/4879/1416 8588/4028/364 8587/1644/364 8585/1649/1416
f 8588/4028/364 8590/4880/1417 8589/1637/1417 8587/1644/364
f 8590/4880/1417 8400/2890/1326 8399/105/1326 8589/1637/1417
f 8592/2164/1418 8594/4833/1419 8593/1714/1419 8591/107/1418
f 8594/4833/1419 8596/3441/1420 8595/1718/1420 8593/1714/1419
f 8596/3441/1420 8598/4834/1421 8597/1721/1421 8595/1718/1420
f 8598/4834/1421 8600/3454/1422 8599/1732/1422 8597/1721/1421
f 8600/3454/1422 8602/4835/1423 8601/1733/1423 8599/1732/1422
f 8602/4835/1423 8604/3467/1424 8603/1730/1424 8601/1733/1423
f 8604/3467/1424 8606/4836/1425 8605/1726/1425 8603/1730/1424
f 8606/4836/1425 8608/3265/1426 8607/1136/1426 8605/1726/1425
f 8608/3265/1426 8610/4837/1427 8609/1738/1427 8607/1136/1426
f 8610/4837/1427 8612/3492/1428 8611/1743/1428 8609/1738/1427
f 8612/3492/1428 8614/4838/1429 8613/1747/1429 8611/1743/1428
f 8614/4838/1429 8616/3505/1430 8615/1750/1430 8613/1747/1429
f 8616/3505/1430 8618/4839/533 8617/1755/533 8615/1750/1430
f 8618/4839/533 8620/3518/1431 8619/1759/1431 8617/1755/533
f 8620/3518/1431 8622/4840/1432 8621/1765/1432 8619/1759/1431
f 8622/4840/1432 8624/3280/1433 8623/1202/1433 8621/1765/1432
f 8624/3280/1433 8626/4841/1434 8625/1776/1434 8623/1202/1433
f 8626/4841/1434 8628/3543/1435 8627/1782/1435 8625/1776/1434
f 8628/3543/1435 8630/4842/1436 8629/1786/1436 8627/1782/1435
f 8630/4842/1436 8632/3556/1437 8631/1791/1437 8629/1786/1436
f 8632/3556/1437 8634/4843/1438 8633/1785/1438 8631/1791/1437
f 8634/4843/1438 8636/3569/1439 8635/1781/1439 8633/1785/1438
f 8636/3569/1439 8638/4844/1440 8637/1775/1440 8635/1781/1439
f 8638/4844/1440 8640/3295/1441 8639/1105/1441 8637/1775/1440
f 8640/3295/1441 8642/4845/1442 8641/1766/1442 8639/1105/1441
f 8642/4845/1442 8644/3594/1443 8643/1760/1443 8641/1766/1442
f 8644/3594/1443 8646/4846/1444 8645/1756/1444 8643/1760/1443
f 8646/4846/1444 8648/3607/1445 8647/1745/1445 8645/1756/1444
f 8648/3607/1445 8650/4847/1446 8649/1740/1446 8647/1745/1445
f 8650/4847/1446 8652/3620/1447 8651/1720/1447 8649/1740/1446
f 8652/3620/1447 8654/4848/1448 8653/1710/1448 8651/1720/1447
f 8654/4848/1448 8656/3310/1449 8655/995/1449 8653/1710/1448
f 8656/3310/1449 8658/4849/1317 8657/1669/1317 8655/995/1449
f 8658/4849/1317 8660/3645/1450 8659/1652/1450 8657/1669/1317
f 8660/3645/1450 8662/4850/1451 8661/1636/1451 8659/1652/1450
f 8662/4850/1451 8664/3658/1452 8663/1615/1452 8661/1636/1451
f 8664/3658/1452 8666/4851/1453 8665/1582/1453 8663/1615/1452
f 8666/4851/1453 8668/3671/1454 8667/1576/1454 8665/1582/1453
f 8668/3671/1454 8670/4852/1455 8669/1570/1455 8667/1576/1454
f 8670/4852/1455 8672/3325/1456 8671/900/1456 8669/1570/1455
f 8672/3325/1456 8674/4853/1457 8673/1563/1457 8671/900/1456
f 8674/4853/1457 8676/3696/1458 8675/1560/1458 8673/1563/1457
f 8676/3696/1458 8678/4854/1459 8677/1557/1459 8675/1560/1458
f 8678/4854/1459 8680/3709/1460 8679/1554/1460 8677/1557/1459
f 8680/3709/1460 8682/4855/1461 8681/1550/1461 8679/1554/1460
f 8682/4855/1461 8684/3722/1462 8683/1548/1462 8681/1550/1461
f 8684/3722/1462 8686/4856/1463 8685/1544/1463 8683/1548/1462
f 8686/4856/1463 8688/2527/1464 8687/931/1464 8685/1544/1463
f 8688/2527/1464 8690/4857/1465 8689/1547/1465 8687/931/1464
f 8690/4857/1465 8692/3747/1466 8691/1564/1466 8689/1547/1465
f 8692/3747/1466 8694/4858/1467 8693/1572/1467 8691/1564/1466
f 8694/4858/1467 8696/3760/1468 8695/1577/1468 8693/1572/1467
f 8696/3760/1468 8698/4859/1469 8697/1581/1469 8695/1577/1468
f 8698/4859/1469 8700/3773/1470 8699/1596/1470 8697/1581/1469
f 8700/3773/1470 8702/4860/1471 8701/1629/1471 8699/1596/1470
f 8702/4860/1471 8704/3354/1472 8703/895/1472 8701/1629/1471
f 8704/3354/1472 8706/4861/1473 8705/1661/1473 8703/895/1472
f 8706/4861/1473 8708/3798/1474 8707/1676/1474 8705/1661/1473
f 8708/3798/1474 8710/4862/1475 8709/1689/1475 8707/1676/1474
f 8710/4862/1475 8712/3811/1476 8711/1709/1476 8709/1689/1475
f 8712/3811/1476 8714/4863/1477 8713/1624/1477 8711/1709/1476
f 8714/4863/1477 8716/3824/1478 8715/1618/1478 8713/1624/1477
f 8716/3824/1478 8718/4864/1479 8717/1613/1479 8715/1618/1478
f 8718/4864/1479 8720/3369/1480 8719/815/1480 8717/1613/1479
f 8720/3369/1480 8722/4865/1481 8721/1597/1481 8719/815/1480
f 8722/4865/1481 8724/3849/1482 8723/1593/1482 8721/1597/1481
f 8724/3849/1482 8726/4866/1483 8725/1591/1483 8723/1593/1482
f 8726/4866/1483 8728/3862/1484 8727/1588/1484 8725/1591/1483
f 8728/3862/1484 8730/4867/1485 8729/1602/1485 8727/1588/1484
f 8730/4867/1485 8732/3875/1486 8731/1604/1486 8729/1602/1485
f 8732/3875/1486 8734/4868/1487 8733/1607/1487 8731/1604/1486
f 8734/4868/1487 8736/3384/1488 8735/963/1488 8733/1607/1487
f 8736/3384/1488 8738/4869/1489 8737/1617/1489 8735/963/1488
f 8738/4869/1489 8740/3900/1490 8739/1625/1490 8737/1617/1489
f 8740/3900/1490 8742/4870/1491 8741/1631/1491 8739/1625/1490
f 8742/4870/1491 8744/3913/1492 8743/1640/1492 8741/1631/1491
f 8744/3913/1492 8746/4871/1493 8745/1648/1493 8743/1640/1492
f 8746/4871/1493 8748/3926/1494 8747/1657/1494 8745/1648/1493
f 8748/3926/1494 8750/4872/1495 8749/1668/1495 8747/1657/1494
f 8750/4872/1495 8752/3399/1496 8751/1028/1496 8749/1668/1495
f 8752/3399/1496 8754/4873/1497 8753/1693/1497 8751/1028/1496
f 8754/4873/1497 8756/3951/1498 8755/1697/1498 8753/1693/1497
f 8756/3951/1498 8758/4874/1499 8757/1700/1499 8755/1697/1498
f 8758/4874/1499 8760/3964/1500 8759/1704/1500 8757/1700/1499
f 8760/3964/1500 8762/4875/1501 8761/1695/1501 8759/1704/1500
f 8762/4875/1501 8764/3977/1502 8763/1690/1502 8761/1695/1501
f 8764/3977/1502 8766/4876/1503 8765/1686/1503 8763/1690/1502
f 8766/4876/1503 8768/3414/1504 8767/1045/1504 8765/1686/1503
f 8768/3414/1504 8770/4877/1505 8769/1678/1505 8767/1045/1504
f 8770/4877/1505 8772/4002/1506 8771/1670/1506 8769/1678/1505
f 8772/4002/1506 8774/4878/1507 8773/1663/1507 8771/1670/1506
f 8774/4878/1507 8776/4015/1508 8775/1655/1508 8773/1663/1507
f 8776/4015/1508 8778/4879/1509 8777/1649/1509 8775/1655/1508
f 8778/4879/1509 8780/4028/1510 8779/1644/1510 8777/1649/1509
f 8780/4028/1510 8782/4880/1511 8781/1637/1511 8779/1644/1510
f 8782/4880/1511 8592/2890/1418 8591/105/1418 8781/1637/1511
f 8784/2164/942 8786/4041/943 8785/4042/943 8783/107/942
f 8786/4041/943 8788/4043/1512 8787/4044/1512 8785/4042/943
f 8788/4043/1512 8790/4045/621 8789/4046/621 8787/4044/1512
f 8790/4045/621 8792/4047/1513 8791/4048/1513 8789/4046/621
f 8792/4047/1513 8794/4049/1514 8793/4050/1514 8791/4048/1513
f 8794/4049/1514 8796/4051/947 8795/4052/947 8793/4050/1514
f 8796/4051/947 8798/4053/948 8797/4054/948 8795/4052/947
f 8798/4053/948 8800/4055/949 8799/4056/949 8797/4054/948
f 8800/4055/949 8802/4057/950 8801/4058/950 8799/4056/949
f 8802/4057/950 8804/4059/951 8803/4060/951 8801/4058/950
f 8804/4059/951 8806/4061/952 8805/4062/952 8803/4060/951
f 8806/4061/952 8808/4063/953 8807/4064/953 8805/4062/952
f 8808/4063/953 8810/4065/954 8809/4066/954 8807/4064/953
f 8810/4065/954 8812/4067/955 8811/4068/955 8809/4066/954
f 8812/4067/955 8814/4069/956 8813/4070/956 8811/4068/955
f 8814/4069/956 8816/4071/957 8815/4072/957 8813/4070/956
f 8816/4071/957 8818/4073/958 8817/4074/958 8815/4072/957
f 8818/4073/958 8820/4075/959 8819/4076/959 8817/4074/958
f 8820/4075/959 8822/4077/960 8821/4078/960 8819/4076/959
f 8822/4077/960 8824/4079/961 8823/4080/961 8821/4078/960
f 8824/4079/961 8826/4081/962 8825/4082/962 8823/4080/961
f 8826/4081/962 8828/4083/963 8827/4084/963 8825/4082/962
f 8828/4083/963 8830/4085/964 8829/4086/964 8827/4084/963
f 8830/4085/964 8832/4087/965 8831/4088/965 8829/4086/964
f 8832/4087/965 8834/4089/966 8833/4090/966 8831/4088/965
f 8834/4089/966 8836/4091/967 8835/4092/967 8833/4090/966
f 8836/4091/967 8838/4093/968 8837/4094/968 8835/4092/967
f 8838/4093/968 8840/4095/969 8839/4096/969 8837/4094/968
f 8840/4095/969 8842/4097/970 8841/4098/970 8839/4096/969
f 8842/4097/970 8844/4099/971 8843/4100/971 8841/4098/970
f 8844/4099/971 8846/4101/972 8845/4102/972 8843/4100/971
f 8846/4101/972 8848/4103/973 8847/4104/973 8845/4102/972
f 8848/4103/973 8850/4105/974 8849/4106/974 8847/4104/973
f 8850/4105/974 8852/4107/975 8851/4108/975 8849/4106/974
f 8852/4107/975 8854/4109/976 8853/4110/976 8851/4108/975
f 8854/4109/976 8856/4111/977 8855/4112/977 8853/4110/976
f 8856/4111/977 8858/4113/978 8857/4114/978 8855/4112/977
f 8858/4113/978 8860/4115/979 8859/4116/979 8857/4114/978
f 8860/4115/979 8862/4117/980 8861/4118/980 8859/4116/979
f 8862/4117/980 8864/4119/981 8863/4120/981 8861/4118/980
f 8864/4119/981 8866/4121/982 8865/4122/982 8863/4120/981
f 8866/4121/982 8868/4123/983 8867/4124/983 8865/4122/982
f 8868/4123/983 8870/4125/984 8869/4126/984 8867/4124/983
f 8870/4125/984 8872/4127/985 8871/4128/985 8869/4126/984
f 8872/4127/985 8874/4129/986 8873/4130/986 8871/4128/985
f 8874/4129/986 8876/4131/987 8875/4132/987 8873/4130/986
f 8876/4131/987 8878/4133/988 8877/4134/988 8875/4132/987
f 8878/4133/988 8880/4135/989 8879/4136/989 8877/4134/988
f 8880/4135/989 8882/4137/990 8881/4138/990 8879/4136/989
f 8882/4137/990 8884/4139/991 8883/4140/991 8881/4138/990
f 8884/4139/991 8886/4141/992 8885/4142/992 8883/4140/991
f 8886/4141/992 8888/4143/993 8887/4144/993 8885/4142/992
f 8888/4143/993 8890/4145/994 8889/4146/994 8887/4144/993
f 8890/4145/994 8892/4147/995 8891/4148/995 8889/4146/994
f 8892/4147/995 8894/4149/996 8893/4150/996 8891/4148/995
f 8894/4149/996 8896/4151/997 8895/4152/997 8893/4150/996
f 8896/4151/997 8898/4153/998 8897/4154/998 8895/4152/997
f 8898/4153/998 8900/4155/999 8899/4156/999 8897/4154/998
f 8900/4155/999 8902/4157/1000 8901/4158/1000 8899/4156/999
f 8902/4157/1000 8904/4159/1001 8903/4160/1001 8901/4158/1000
f 8904/4159/1001 8906/4161/1002 8905/4162/1002 8903/4160/1001
f 8906/4161/1002 8908/4163/1003 8907/4164/1003 8905/4162/1002
f 8908/4163/1003 8910/4165/1004 8909/4166/1004 8907/4164/1003
f 8910/4165/1004 8912/4167/1005 8911/4168/1005 8909/4166/1004
f 8912/4167/1005 8914/4169/1006 8913/4170/1006 8911/4168/1005
f 8914/4169/1006 8916/4171/1007 8915/4172/1007 8913/4170/1006
f 8916/4171/1007 8918/4173/1008 8917/4174/1008 8915/4172/1007
f 8918/4173/1008 8920/4175/1009 8919/4176/1009 8917/4174/1008
f 8920/4175/1009 8922/4177/1010 8921/4178/1010 8919/4176/1009
f 8922/4177/1010 8924/4179/1011 8923/4180/1011 8921/4178/1010
f 8924/4179/1011 8926/4181/1012 8925/4182/1012 8923/4180/1011
f 8926/4181/1012 8928/4183/1013 8927/4184/1013 8925/4182/1012
f 8928/4183/1013 8930/4185/1014 8929/4186/1014 8927/4184/1013
f 8930/4185/1014 8932/4187/1013 8931/4188/1013 8929/4186/1014
f 8932/4187/1013 8934/4189/1012 8933/4190/1012 8931/4188/1013
f 8934/4189/1012 8936/4191/1011 8935/4192/1011 8933/4190/1012
f 8936/4191/1011 8938/4193/1010 8937/4194/1010 8935/4192/1011
f 8938/4193/1010 8940/4195/1009 8939/4196/1009 8937/4194/1010
f 8940/4195/1009 8942/4197/1016 8941/4198/1016 8939/4196/1009
f 8942/4197/1016 8944/4199/1007 8943/4200/1007 8941/4198/1016
f 8944/4199/1007 8946/4201/1006 8945/4202/1006 8943/4200/1007
f 8946/4201/1006 8948/4203/1005 8947/4204/1005 8945/4202/1006
f 8948/4203/1005 8950/4205/1004 8949/4206/1004 8947/4204/1005
f 8950/4205/1004 8952/4207/1003 8951/4208/1003 8949/4206/1004
f 8952/4207/1003 8954/4209/1017 8953/4210/1017 8951/4208/1003
f 8954/4209/1017 8956/4211/1018 8955/4212/1018 8953/4210/1017
f 8956/4211/1018 8958/4213/1019 8957/4214/1019 8955/4212/1018
f 8958/4213/1019 8960/4215/1020 8959/4216/1020 8957/4214/1019
f 8960/4215/1020 8962/4217/1021 8961/4218/1021 8959/4216/1020
f 8962/4217/1021 8964/4219/1022 8963/4220/1022 8961/4218/1021
f 8964/4219/1022 8966/4221/1023 8965/4222/1023 8963/4220/1022
f 8966/4221/1023 8968/4223/1024 8967/4224/1024 8965/4222/1023
f 8968/4223/1024 8970/4225/1025 8969/4226/1025 8967/4224/1024
f 8970/4225/1025 8972/4227/1026 8971/4228/1026 8969/4226/1025
f 8972/4227/1026 8974/4229/167 8973/4230/167 8971/4228/1026
f 8974/4229/167 8976/4231/1027 8975/4232/1027 8973/4230/167
f 8976/4231/1027 8978/4233/1028 8977/4234/1028 8975/4232/1027
f 8978/4233/1028 8980/4235/1029 8979/4236/1029 8977/4234/1028
f 8980/4235/1029 8982/4237/1030 8981/4238/1030 8979/4236/1029
f 8982/4237/1030 8984/4239/1031 8983/4240/1031 8981/4238/1030
f 8984/4239/1031 8986/4241/1032 8985/4242/1032 8983/4240/1031
f 8986/4241/1032 8988/4243/1033 8987/4244/1033 8985/4242/1032
f 8988/4243/1033 8990/4245/1034 8989/4246/1034 8987/4244/1033
f 8990/4245/1034 8992/4247/1035 8991/4248/1035 8989/4246/1034
f 8992/4247/1035 8994/4249/1036 8993/4250/1036 8991/4248/1035
f 8994/4249/1036 8996/4251/1515 8995/4252/1515 8993/4250/1036
f 8996/4251/1515 8998/4253/1038 8997/4254/1038 8995/4252/1515
f 8998/4253/1038 9000/4255/1039 8999/4256/1039 8997/4254/1038
f 9000/4255/1039 9002/4257/1040 9001/4258/1040 8999/4256/1039
f 9002/4257/1040 9004/4259/410 9003/4260/410 9001/4258/1040
f 9004/4259/410 9006/4261/1041 9005/4262/1041 9003/4260/410
f 9006/4261/1041 9008/4263/1042 9007/4264/1042 9005/4262/1041
f 9008/4263/1042 9010/4265/1043 9009/4266/1043 9007/4264/1042
f 9010/4265/1043 9012/4267/1044 9011/4268/1044 9009/4266/1043
f 9012/4267/1044 9014/4269/1045 9013/4270/1045 9011/4268/1044
f 9014/4269/1045 9016/4271/1046 9015/4272/1046 9013/4270/1045
f 9016/4271/1046 9018/4273/1047 9017/4274/1047 9015/4272/1046
f 9018/4273/1047 9020/4275/1048 9019/4276/1048 9017/4274/1047
f 9020/4275/1048 9022/4277/1049 9021/4278/1049 9019/4276/1048
f 9022/4277/1049 9024/4279/1050 9023/4280/1050 9021/4278/1049
f 9024/4279/1050 9026/4281/1051 9025/4282/1051 9023/4280/1050
f 9026/4281/1051 9028/4283/1052 9027/4284/1052 9025/4282/1051
f 9028/4283/1052 9030/4285/1053 9029/4286/1053 9027/4284/1052
f 9030/4285/1053 9032/4287/1054 9031/4288/1054 9029/4286/1053
f 9032/4287/1054 9034/4289/1055 9033/4290/1055 9031/4288/1054
f 9034/4289/1055 9036/4291/1056 9035/4292/1056 9033/4290/1055
f 9036/4291/1056 9038/4293/1057 9037/4294/1057 9035/4292/1056
f 9038/4293/1057 9040/4295/1058 9039/4296/1058 9037/4294/1057
f 9040/4295/1058 9042/4297/1059 9041/4298/1059 9039/4296/1058
f 9042/4297/1059 9044/4299/1060 9043/4300/1060 9041/4298/1059
f 9044/4299/1060 9046/4301/1061 9045/4302/1061 9043/4300/1060
f 9046/4301/1061 9048/4303/1062 9047/4304/1062 9045/4302/1061
f 9048/4303/1062 9050/4305/1063 9049/4306/1063 9047/4304/1062
f 9050/4305/1063 9052/4307/1064 9051/4308/1064 9049/4306/1063
f 9052/4307/1064 9054/4309/1065 9053/4310/1065 9051/4308/1064
f 9054/4309/1065 9056/4311/1066 9055/4312/1066 9053/4310/1065
f 9056/4311/1066 9058/4313/1067 9057/4314/1067 9055/4312/1066
f 9058/4313/1067 9060/4315/1068 9059/4316/1068 9057/4314/1067
f 9060/4315/1068 9062/4317/1069 9061/4318/1069 9059/4316/1068
f 9062/4317/1069 9064/4319/1070 9063/4320/1070 9061/4318/1069
f 9064/4319/1070 9066/4321/1071 9065/4322/1071 9063/4320/1070
f 9066/4321/1071 9068/4323/1072 9067/4324/1072 9065/4322/1071
f 9068/4323/1072 9070/4325/1073 9069/4326/1073 9067/4324/1072
f 9070/4325/1073 9072/4327/1074 9071/4328/1074 9069/4326/1073
f 9072/4327/1074 9074/4329/1075 9073/4330/1075 9071/4328/1074
f 9074/4329/1075 9076/4331/1076 9075/4332/1076 9073/4330/1075
f 9076/4331/1076 9078/4333/1077 9077/4334/1077 9075/4332/1076
f 9078/4333/1077 9080/4335/1078 9079/4336/1078 9077/4334/1077
f 9080/4335/1078 9082/4337/1079 9081/4338/1079 9079/4336/1078
f 9082/4337/1079 9084/4339/1080 9083/4340/1080 9081/4338/1079
f 9084/4339/1080 9086/4341/1081 9085/4342/1081 9083/4340/1080
f 9086/4341/1081 9088/4343/1082 9087/4344/1082 9085/4342/1081
f 9088/4343/1082 9090/4345/1083 9089/4346/1083 9087/4344/1082
f 9090/4345/1083 9092/4347/1084 9091/4348/1084 9089/4346/1083
f 9092/4347/1084 9094/4349/1085 9093/4350/1085 9091/4348/1084
f 9094/4349/1085 9096/4351/1086 9095/4352/1086 9093/4350/1085
f 9096/4351/1086 9098/4353/1087 9097/4354/1087 9095/4352/1086
f 9098/4353/1087 9100/4355/1088 9099/4356/1088 9097/4354/1087
f 9100/4355/1088 9102/4357/1089 9101/4358/1089 9099/4356/1088
f 9102/4357/1089 9104/4359/1090 9103/4360/1090 9101/4358/1089
f 9104/4359/1090 9106/4361/1091 9105/4362/1091 9103/4360/1090
f 9106/4361/1091 9108/4363/1092 9107/4364/1092 9105/4362/1091
f 9108/4363/1092 9110/4365/1093 9109/4366/1093 9107/4364/1092
f 9110/4365/1093 9112/4367/1094 9111/4368/1094 9109/4366/1093
f 9112/4367/1094 9114/4369/1516 9113/4370/1516 9111/4368/1094
f 9114/4369/1516 9116/4371/1096 9115/4372/1096 9113/4370/1516
f 9116/4371/1096 9118/4373/1097 9117/4374/1097 9115/4372/1096
f 9118/4373/1097 9120/4375/1098 9119/4376/1098 9117/4374/1097
f 9120/4375/1098 9122/4377/1099 9121/4378/1099 9119/4376/1098
f 9122/4377/1099 9124/4379/1100 9123/4380/1100 9121/4378/1099
f 9124/4379/1100 9126/4381/1101 9125/4382/1101 9123/4380/1100
f 9126/4381/1101 9128/4383/1102 9127/4384/1102 9125/4382/1101
f 9128/4383/1102 9130/4385/1103 9129/4386/1103 9127/4384/1102
f 9130/4385/1103 9132/4387/1104 9131/4388/1104 9129/4386/1103
f 9132/4387/1104 9134/4389/1105 9133/4390/1105 9131/4388/1104
f 9134/4389/1105 9136/4391/1106 9135/4392/1106 9133/4390/1105
f 9136/4391/1106 9138/4393/1107 9137/4394/1107 9135/4392/1106
f 9138/4393/1107 9140/4395/1108 9139/4396/1108 9137/4394/1107
f 9140/4395/1108 9142/4397/1109 9141/4398/1109 9139/4396/1108
f 9142/4397/1109 9144/4399/1110 9143/4400/1110 9141/4398/1109
f 9144/4399/1110 9146/4401/1111 9145/4402/1111 9143/4400/1110
f 9146/4401/1111 9148/4403/1112 9147/4404/1112 9145/4402/1111
f 9148/4403/1112 9150/4405/1113 9149/4406/1113 9147/4404/1112
f 9150/4405/1113 9152/4407/1114 9151/4408/1114 9149/4406/1113
f 9152/4407/1114 9154/4409/1115 9153/4410/1115 9151/4408/1114
f 9154/4409/1115 9156/4411/1116 9155/4412/1116 9153/4410/1115
f 9156/4411/1116 9158/4413/1117 9157/4414/1117 9155/4412/1116
f 9158/4413/1117 9160/4415/1118 9159/4416/1118 9157/4414/1117
f 9160/4415/1118 9162/4417/1119 9161/4418/1119 9159/4416/1118
f 9162/4417/1119 9164/4419/1120 9163/4420/1120 9161/4418/1119
f 9164/4419/1120 9166/4421/1121 9165/4422/1121 9163/4420/1120
f 9166/4421/1121 9168/4423/1122 9167/4424/1122 9165/4422/1121
f 9168/4423/1122 9170/4425/1517 9169/4426/1517 9167/4424/1122
f 9170/4425/1517 9172/4427/1124 9171/4428/1124 9169/4426/1517
f 9172/4427/1124 9174/4429/1125 9173/4430/1125 9171/4428/1124
f 9174/4429/1125 9176/4431/1126 9175/4432/1126 9173/4430/1125
f 9176/4431/1126 9178/4433/1127 9177/4434/1127 9175/4432/1126
f 9178/4433/1127 9180/4435/1128 9179/4436/1128 9177/4434/1127
f 9180/4435/1128 9182/4437/1129 9181/4438/1129 9179/4436/1128
f 9182/4437/1129 9184/4439/1130 9183/4440/1130 9181/4438/1129
f 9184/4439/1130 9186/4441/1131 9185/4442/1131 9183/4440/1130
f 9186/4441/1131 9188/4443/1132 9187/4444/1132 9185/4442/1131
f 9188/4443/1132 9190/4445/1133 9189/4446/1133 9187/4444/1132
f 9190/4445/1133 9192/4447/1134 9191/4448/1134 9189/4446/1133
f 9192/4447/1134 9194/4449/1135 9193/4450/1135 9191/4448/1134
f 9194/4449/1135 9196/4451/1136 9195/4452/1136 9193/4450/1135
f 9196/4451/1136 9198/4453/1137 9197/4454/1137 9195/4452/1136
f 9198/4453/1137 9200/4455/1138 9199/4456/1138 9197/4454/1137
f 9200/4455/1138 9202/4457/1139 9201/4458/1139 9199/4456/1138
f 9202/4457/1139 9204/4459/1140 9203/4460/1140 9201/4458/1139
f 9204/4459/1140 9206/4461/1141 9205/4462/1141 9203/4460/1140
f 9206/4461/1141 9208/4463/1142 9207/4464/1142 9205/4462/1141
f 9208/4463/1142 9210/4465/1143 9209/4466/1143 9207/4464/1142
f 9210/4465/1143 9212/4467/1144 9211/4468/1144 9209/4466/1143
f 9212/4467/1144 9214/4469/1145 9213/4470/1145 9211/4468/1144
f 9214/4469/1145 9216/4471/1146 9215/4472/1146 9213/4470/1145
f 9216/4471/1146 9218/4473/1147 9217/4474/1147 9215/4472/1146
f 9218/4473/1147 9220/4475/1148 9219/4476/1148 9217/4474/1147
f 9220/4475/1148 9222/4477/1149 9221/4478/1149 9219/4476/1148
f 9222/4477/1149 9224/4479/1150 9223/4480/1150 9221/4478/1149
f 9224/4479/1150 9226/4481/1151 9225/4482/1151 9223/4480/1150
f 9226/4481/1151 9228/4483/1152 9227/4484/1152 9225/4482/1151
f 9228/4483/1152 9230/4485/1153 9229/4486/1153 9227/4484/1152
f 9230/4485/1153 9232/4487/1154 9231/4488/1154 9229/4486/1153
f 9232/4487/1154 9234/4489/1518 9233/4490/1518 9231/4488/1154
f 9234/4489/1518 9236/4491/1156 9235/4492/1156 9233/4490/1518
f 9236/4491/1156 9238/4493/1157 9237/4494/1157 9235/4492/1156
f 9238/4493/1157 9240/4495/1158 9239/4496/1158 9237/4494/1157
f 9240/4495/1158 9242/4497/1159 9241/4498/1159 9239/4496/1158
f 9242/4497/1159 9244/4499/1160 9243/4500/1160 9241/4498/1159
f 9244/4499/1160 9246/4501/1161 9245/4502/1161 9243/4500/1160
f 9246/4501/1161 9248/4503/1162 9247/4504/1162 9245/4502/1161
f 9248/4503/1162 9250/4505/1163 9249/4506/1163 9247/4504/1162
f 9250/4505/1163 9252/4507/1164 9251/4508/1164 9249/4506/1163
f 9252/4507/1164 9254/4509/1165 9253/4510/1165 9251/4508/1164
f 9254/4509/1165 9256/4511/1166 9255/4512/1166 9253/4510/1165
f 9256/4511/1166 9258/4513/1167 9257/4514/1167 9255/4512/1166
f 9258/4513/1167 9260/4515/1168 9259/4516/1168 9257/4514/1167
f 9260/4515/1168 9262/4517/1169 9261/4518/1169 9259/4516/1168
f 9262/4517/1169 9264/4519/1170 9263/4520/1170 9261/4518/1169
f 9264/4519/1170 9266/4521/1171 9265/4522/1171 9263/4520/1170
f 9266/4521/1171 9268/4523/1172 9267/4524/1172 9265/4522/1171
f 9268/4523/1172 9270/4525/1173 9269/4526/1173 9267/4524/1172
f 9270/4525/1173 9272/4527/1174 9271/4528/1174 9269/4526/1173
f 9272/4527/1174 9274/4529/1175 9273/4530/1175 9271/4528/1174
f 9274/4529/1175 9276/4531/1176 9275/4532/1176 9273/4530/1175
f 9276/4531/1176 9278/4533/1177 9277/4534/1177 9275/4532/1176
f 9278/4533/1177 9280/4535/1178 9279/4536/1178 9277/4534/1177
f 9280/4535/1178 9282/4537/1179 9281/4538/1179 9279/4536/1178
f 9282/4537/1179 9284/4539/1180 9283/4540/1180 9281/4538/1179
f 9284/4539/1180 9286/4541/1181 9285/4542/1181 9283/4540/1180
f 9286/4541/1181 9288/4543/1182 9287/4544/1182 9285/4542/1181
f 9288/4543/1182 9290/4545/1183 9289/4546/1183 9287/4544/1182
f 9290/4545/1183 9292/4547/1184 9291/4548/1184 9289/4546/1183
f 9292/4547/1184 9294/4549/1185 9293/4550/1185 9291/4548/1184
f 9294/4549/1185 9296/4551/1186 9295/4552/1186 9293/4550/1185
f 9296/4551/1186 9298/4553/1187 9297/4554/1187 9295/4552/1186
f 9298/4553/1187 9300/4555/1188 9299/4556/1188 9297/4554/1187
f 9300/4555/1188 9302/4557/1189 9301/4558/1189 9299/4556/1188
f 9302/4557/1189 9304/4559/1190 9303/4560/1190 9301/4558/1189
f 9304/4559/1190 9306/4561/1191 9305/4562/1191 9303/4560/1190
f 9306/4561/1191 9308/4563/448 9307/4564/448 9305/4562/1191
f 9308/4563/448 9310/4565/1192 9309/4566/1192 9307/4564/448
f 9310/4565/1192 9312/4567/1193 9311/4568/1193 9309/4566/1192
f 9312/4567/1193 9314/4569/1194 9313/4570/1194 9311/4568/1193
f 9314/4569/1194 9316/4571/1195 9315/4572/1195 9313/4570/1194
f 9316/4571/1195 9318/4573/1196 9317/4574/1196 9315/4572/1195
f 9318/4573/1196 9320/4575/1197 9319/4576/1197 9317/4574/1196
f 9320/4575/1197 9322/4577/1198 9321/4578/1198 9319/4576/1197
f 9322/4577/1198 9324/4579/1199 9323/4580/1199 9321/4578/1198
f 9324/4579/1199 9326/4581/1200 9325/4582/1200 9323/4580/1199
f 9326/4581/1200 9328/4583/1201 9327/4584/1201 9325/4582/1200
f 9328/4583/1201 9330/4585/1202 9329/4586/1202 9327/4584/1201
f 9330/4585/1202 9332/4587/1203 9331/4588/1203 9329/4586/1202
f 9332/4587/1203 9334/4589/1204 9333/4590/1204 9331/4588/1203
f 9334/4589/1204 9336/4591/1205 9335/4592/1205 9333/4590/1204
f 9336/4591/1205 9338/4593/1206 9337/4594/1206 9335/4592/1205
f 9338/4593/1206 9340/4595/1207 9339/4596/1207 9337/4594/1206
f 9340/4595/1207 9342/4597/1208 9341/4598/1208 9339/4596/1207
f 9342/4597/1208 9344/4599/1209 9343/4600/1209 9341/4598/1208
f 9344/4599/1209 9346/4601/1210 9345/4602/1210 9343/4600/1209
f 9346/4601/1210 9348/4603/1211 9347/4604/1211 9345/4602/1210
f 9348/4603/1211 9350/4605/1212 9349/4606/1212 9347/4604/1211
f 9350/4605/1212 9352/4607/1213 9351/4608/1213 9349/4606/1212
f 9352/4607/1213 9354/4609/1214 9353/4610/1214 9351/4608/1213
f 9354/4609/1214 9356/4611/1215 9355/4612/1215 9353/4610/1214
f 9356/4611/1215 9358/4613/1216 9357/4614/1216 9355/4612/1215
f 9358/4613/1216 9360/4615/1217 9359/4616/1217 9357/4614/1216
f 9360/4615/1217 9362/4617/1218 9361/4618/1218 9359/4616/1217
f 9362/4617/1218 9364/4619/1219 9363/4620/1219 9361/4618/1218
f 9364/4619/1219 9366/4621/1220 9365/4622/1220 9363/4620/1219
f 9366/4621/1220 9368/4623/1221 9367/4624/1221 9365/4622/1220
f 9368/4623/1221 9370/4625/1222 9369/4626/1222 9367/4624/1221
f 9370/4625/1222 9372/4627/1223 9371/4628/1223 9369/4626/1222
f 9372/4627/1223 9374/4629/1224 9373/4630/1224 9371/4628/1223
f 9374/4629/1224 9376/4631/1225 9375/4632/1225 9373/4630/1224
f 9376/4631/1225 9378/4633/1226 9377/4634/1226 9375/4632/1225
f 9378/4633/1226 9380/4635/1227 9379/4636/1227 9377/4634/1226
f 9380/4635/1227 9382/4637/1228 9381/4638/1228 9379/4636/1227
f 9382/4637/1228 9384/4639/1229 9383/4640/1229 9381/4638/1228
f 9384/4639/1229 9386/4641/1230 9385/4642/1230 9383/4640/1229
f 9386/4641/1230 9388/4643/1231 9387/4644/1231 9385/4642/1230
f 9388/4643/1231 9390/4645/1232 9389/4646/1232 9387/4644/1231
f 9390/4645/1232 9392/4647/1233 9391/4648/1233 9389/4646/1232
f 9392/4647/1233 9394/4649/1234 9393/4650/1234 9391/4648/1233
f 9394/4649/1234 9396/4651/1235 9395/4652/1235 9393/4650/1234
f 9396/4651/1235 9398/4653/1236 9397/4654/1236 9395/4652/1235
f 9398/4653/1236 9400/4655/1237 9399/4656/1237 9397/4654/1236
f 9400/4655/1237 9402/4657/1238 9401/4658/1238 9399/4656/1237
f 9402/4657/1238 9404/4659/1239 9403/4660/1239 9401/4658/1238
f 9404/4659/1239 9406/4661/1240 9405/4662/1240 9403/4660/1239
f 9406/4661/1240 9408/4663/1241 9407/4664/1241 9405/4662/1240
f 9408/4663/1241 9410/4665/1519 9409/4666/1519 9407/4664/1241
f 9410/4665/1519 9412/4667/1243 9411/4668/1243 9409/4666/1519
f 9412/4667/1243 9414/4669/1244 9413/4670/1244 9411/4668/1243
f 9414/4669/1244 9416/4671/1245 9415/4672/1245 9413/4670/1244
f 9416/4671/1245 9418/4673/1246 9417/4674/1246 9415/4672/1245
f 9418/4673/1246 9420/4675/1247 9419/4676/1247 9417/4674/1246
f 9420/4675/1247 9422/4677/1248 9421/4678/1248 9419/4676/1247
f 9422/4677/1248 9424/4679/1249 9423/4680/1249 9421/4678/1248
f 9424/4679/1249 9426/4681/1250 9425/4682/1250 9423/4680/1249
f 9426/4681/1250 9428/4683/1251 9427/4684/1251 9425/4682/1250
f 9428/4683/1251 9430/4685/1252 9429/4686/1252 9427/4684/1251
f 9430/4685/1252 9432/4687/1253 9431/4688/1253 9429/4686/1252
f 9432/4687/1253 9434/4689/1254 9433/4690/1254 9431/4688/1253
f 9434/4689/1254 9436/4691/1255 9435/4692/1255 9433/4690/1254
f 9436/4691/1255 9438/4693/1256 9437/4694/1256 9435/4692/1255
f 9438/4693/1256 9440/4695/1257 9439/4696/1257 9437/4694/1256
f 9440/4695/1257 9442/4697/1258 9441/4698/1258 9439/4696/1257
f 9442/4697/1258 9444/4699/1259 9443/4700/1259 9441/4698/1258
f 9444/4699/1259 9446/4701/1260 9445/4702/1260 9443/4700/1259
f 9446/4701/1260 9448/4703/1261 9447/4704/1261 9445/4702/1260
f 9448/4703/1261 9450/4705/1262 9449/4706/1262 9447/4704/1261
f 9450/4705/1262 9452/4707/1263 9451/4708/1263 9449/4706/1262
f 9452/4707/1263 9454/4709/1264 9453/4710/1264 9451/4708/1263
f 9454/4709/1264 9456/4711/1265 9455/4712/1265 9453/4710/1264
f 9456/4711/1265 9458/4713/1266 9457/4714/1266 9455/4712/1265
f 9458/4713/1267 9460/4715/1268 9459/4716/1268 9457/4714/1267
f 9460/4715/1268 9462/4717/1269 9461/4718/1269 9459/4716/1268
f 9462/4717/1269 9464/4719/1270 9463/4720/1270 9461/4718/1269
f 9464/4719/1270 9466/4721/1271 9465/4722/1271 9463/4720/1270
f 9466/4721/1271 9468/4723/1272 9467/4724/1272 9465/4722/1271
f 9468/4723/1272 9470/4725/1273 9469/4726/1273 9467/4724/1272
f 9470/4725/1273 9472/4727/1274 9471/4728/1274 9469/4726/1273
f 9472/4727/1274 9474/4729/1275 9473/4730/1275 9471/4728/1274
f 9474/4729/1275 9476/4731/1276 9475/4732/1276 9473/4730/1275
f 9476/4731/1276 9478/4733/1277 9477/4734/1277 9475/4732/1276
f 9478/4733/1277 9480/4735/1278 9479/4736/1278 9477/4734/1277
f 9480/4735/1278 9482/4737/1279 9481/4738/1279 9479/4736/1278
f 9482/4737/1279 9484/4739/1280 9483/4740/1280 9481/4738/1279
f 9484/4739/1280 9486/4741/1281 9485/4742/1281 9483/4740/1280
f 9486/4741/1281 9488/4743/1282 9487/4744/1282 9485/4742/1281
f 9488/4743/1282 9490/4745/1283 9489/4746/1283 9487/4744/1282
f 9490/4745/1283 9492/4747/1284 9491/4748/1284 9489/4746/1283
f 9492/4747/1284 9494/4749/1285 9493/4750/1285 9491/4748/1284
f 9494/4749/1285 9496/4751/1286 9495/4752/1286 9493/4750/1285
f 9496/4751/1286 9498/4753/1287 9497/4754/1287 9495/4752/1286
f 9498/4753/1287 9500/4755/1288 9499/4756/1288 9497/4754/1287
f 9500/4755/1288 9502/4757/1289 9501/4758/1289 9499/4756/1288
f 9502/4757/1289 9504/4759/1290 9503/4760/1290 9501/4758/1289
f 9504/4759/1290 9506/4761/1291 9505/4762/1291 9503/4760/1290
f 9506/4761/1291 9508/4763/1292 9507/4764/1292 9505/4762/1291
f 9508/4763/1292 9510/4765/1293 9509/4766/1293 9507/4764/1292
f 9510/4765/1293 9512/4767/1294 9511/4768/1294 9509/4766/1293
f 9512/4767/1294 9514/4769/1295 9513/4770/1295 9511/4768/1294
f 9514/4769/1295 9516/4771/1296 9515/4772/1296 9513/4770/1295
f 9516/4771/1296 9518/4773/1297 9517/4774/1297 9515/4772/1296
f 9518/4773/1297 9520/4775/1298 9519/4776/1298 9517/4774/1297
f 9520/4775/1298 9522/4777/1299 9521/4778/1299 9519/4776/1298
f 9522/4777/1299 9524/4779/1300 9523/4780/1300 9521/4778/1299
f 9524/4779/1300 9526/4781/1301 9525/4782/1301 9523/4780/1300
f 9526/4781/1301 9528/4783/1302 9527/4784/1302 9525/4782/1301
f 9528/4783/1302 9530/4785/1303 9529/4786/1303 9527/4784/1302
f 9530/4785/1303 9532/4787/1304 9531/4788/1304 9529/4786/1303
f 9532/4787/1304 9534/4789/1305 9533/4790/1305 9531/4788/1304
f 9534/4789/1305 9536/4791/1306 9535/4792/1306 9533/4790/1305
f 9536/4791/1306 9538/4793/1307 9537/4794/1307 9535/4792/1306
f 9538/4793/1307 9540/4795/1308 9539/4796/1308 9537/4794/1307
f 9540/4795/1308 9542/4797/1309 9541/4798/1309 9539/4796/1308
f 9542/4797/1309 9544/4799/1310 9543/4800/1310 9541/4798/1309
f 9544/4799/1310 9546/4801/1311 9545/4802/1311 9543/4800/1310
f 9546/4801/1311 9548/4803/1312 9547/4804/1312 9545/4802/1311
f 9548/4803/1312 9550/4805/1313 9549/4806/1313 9547/4804/1312
f 9550/4805/1313 9552/4807/1314 9551/4808/1314 9549/4806/1313
f 9552/4807/1314 9554/4809/1315 9553/4810/1315 9551/4808/1314
f 9554/4809/1315 9556/4811/1316 9555/4812/1316 9553/4810/1315
f 9556/4811/1316 9558/4813/1317 9557/4814/1317 9555/4812/1316
f 9558/4813/1317 9560/4815/1318 9559/4816/1318 9557/4814/1317
f 9560/4815/1318 9562/4817/1319 9561/4818/1319 9559/4816/1318
f 9562/4817/1319 9564/4819/1320 9563/4820/1320 9561/4818/1319
f 9564/4819/1320 9566/4821/363 9565/4822/363 9563/4820/1320
f 9566/4821/363 9568/4823/1321 9567/4824/1321 9565/4822/363
f 9568/4823/1321 9570/4825/1322 9569/4826/1322 9567/4824/1321
f 9570/4825/1322 9572/4827/1323 9571/4828/1323 9569/4826/1322
f 9572/4827/1323 9574/4829/1324 9573/4830/1324 9571/4828/1323
f 9574/4829/1324 9576/4831/1325 9575/4832/1325 9573/4830/1324
f 9576/4831/1325 8784/2890/942 8783/105/942 9575/4832/1325
f 9578/2164/784 9580/4881/1520 9579/4882/1520 9577/107/784
f 9580/4881/1520 9582/4883/1521 9581/4884/1521 9579/4882/1520
f 9582/4883/1521 9584/4885/1522 9583/4886/1522 9581/4884/1521
f 9584/4885/1522 9586/4887/1523 9585/4888/1523 9583/4886/1522
f 9586/4887/1523 9588/4889/1524 9587/4890/1524 9585/4888/1523
f 9588/4889/1524 9590/4891/1525 9589/4892/1525 9587/4890/1524
f 9590/4891/1525 9592/4893/1526 9591/4894/1526 9589/4892/1525
f 9592/4893/1526 9594/4895/1527 9593/4896/1527 9591/4894/1526
f 9594/4895/1527 9596/4897/1528 9595/4898/1528 9593/4896/1527
f 9596/4897/1528 9598/4899/1529 9597/4900/1529 9595/4898/1528
f 9598/4899/1529 9600/4901/1530 9599/4902/1530 9597/4900/1529
f 9600/4901/1530 9602/4903/1531 9601/4904/1531 9599/4902/1530
f 9602/4903/1531 9604/4905/1532 9603/4906/1532 9601/4904/1531
f 9604/4905/1532 9606/4907/1138 9605/4908/1138 9603/4906/1532
f 9606/4907/1138 9608/4909/1533 9607/4910/1533 9605/4908/1138
f 9608/4909/1533 9610/4911/1534 9609/4912/1534 9607/4910/1533
f 9610/4911/1534 9612/4913/1535 9611/4914/1535 9609/4912/1534
f 9612/4913/1535 9614/4915/1536 9613/4916/1536 9611/4914/1535
f 9614/4915/1536 9616/4917/1537 9615/4918/1537 9613/4916/1536
f 9616/4917/1537 9618/4919/1538 9617/4920/1538 9615/4918/1537
f 9618/4919/1538 9620/4921/1539 9619/4922/1539 9617/4920/1538
f 9620/4921/1539 9622/4923/1540 9621/4924/1540 9619/4922/1539
f 9622/4923/1540 9624/4925/1541 9623/4926/1541 9621/4924/1540
f 9624/4925/1541 9626/4927/1542 9625/4928/1542 9623/4926/1541
f 9626/4927/1542 9628/4929/1543 9627/4930/1543 9625/4928/1542
f 9628/4929/1543 9630/4931/1544 9629/4932/1544 9627/4930/1543
f 9630/4931/1544 9632/4933/1545 9631/4934/1545 9629/4932/1544
f 9632/4933/1545 9634/4935/1546 9633/4936/1546 9631/4934/1545
f 9634/4935/1546 9636/4937/1547 9635/4938/1547 9633/4936/1546
f 9636/4937/1547 9638/4939/1548 9637/4940/1548 9635/4938/1547
f 9638/4939/1548 9640/4941/1549 9639/4942/1549 9637/4940/1548
f 9640/4941/1549 9642/4943/1550 9641/4944/1550 9639/4942/1549
f 9642/4943/1550 9644/4945/1551 9643/4946/1551 9641/4944/1550
f 9644/4945/1551 9646/4947/1552 9645/4948/1552 9643/4946/1551
f 9646/4947/1552 9648/4949/1553 9647/4950/1553 9645/4948/1552
f 9648/4949/1553 9650/4951/1554 9649/4952/1554 9647/4950/1553
f 9650/4951/1554 9652/4953/1555 9651/4954/1555 9649/4952/1554
f 9652/4953/1555 9654/4955/1556 9653/4956/1556 9651/4954/1555
f 9654/4955/1556 9656/4957/1557 9655/4958/1557 9653/4956/1556
f 9656/4957/1557 9658/4959/1558 9657/4960/1558 9655/4958/1557
f 9658/4959/1558 9660/4961/1559 9659/4962/1559 9657/4960/1558
f 9660/4961/1559 9662/4963/1560 9661/4964/1560 9659/4962/1559
f 9662/4963/1560 9664/4965/1561 9663/4966/1561 9661/4964/1560
f 9664/4965/1561 9666/4967/1562 9665/4968/1562 9663/4966/1561
f 9666/4967/1562 9668/4969/1563 9667/4970/1563 9665/4968/1562
f 9668/4969/1563 9670/4971/1564 9669/4972/1564 9667/4970/1563
f 9670/4971/1564 9672/4973/1565 9671/4974/1565 9669/4972/1564
f 9672/4973/1565 9674/4975/1566 9673/4976/1566 9671/4974/1565
f 9674/4975/1566 9676/4977/1567 9675/4978/1567 9673/4976/1566
f 9676/4977/1567 9678/4979/1568 9677/4980/1568 9675/4978/1567
f 9678/4979/1568 9680/4981/1569 9679/4982/1569 9677/4980/1568
f 9680/4981/1569 9682/4983/1570 9681/4984/1570 9679/4982/1569
f 9682/4983/1570 9684/4985/1571 9683/4986/1571 9681/4984/1570
f 9684/4985/1571 9686/4987/1572 9685/4988/1572 9683/4986/1571
f 9686/4987/1572 9688/4989/1573 9687/4990/1573 9685/4988/1572
f 9688/4989/1573 9690/4991/1574 9689/4992/1574 9687/4990/1573
f 9690/4991/1574 9692/4993/1575 9691/4994/1575 9689/4992/1574
f 9692/4993/1575 9694/4995/1576 9693/4996/1576 9691/4994/1575
f 9694/4995/1576 9696/4997/1577 9695/4998/1577 9693/4996/1576
f 9696/4997/1577 9698/4999/1578 9697/5000/1578 9695/4998/1577
f 9698/4999/1578 9700/5001/1579 9699/5002/1579 9697/5000/1578
f 9700/5001/1579 9702/5003/1580 9701/5004/1580 9699/5002/1579
f 9702/5003/1580 9704/5005/1581 9703/5006/1581 9701/5004/1580
f 9704/5005/1581 9706/5007/1582 9705/5008/1582 9703/5006/1581
f 9706/5007/1582 9708/5009/1583 9707/5010/1583 9705/5008/1582
f 9708/5009/1583 9710/5011/1584 9709/5012/1584 9707/5010/1583
f 9710/5011/1584 9712/5013/1585 9711/5014/1585 9709/5012/1584
f 9712/5013/1585 9714/5015/1586 9713/5016/1586 9711/5014/1585
f 9714/5015/1586 9716/5017/1587 9715/5018/1587 9713/5016/1586
f 9716/5017/1587 9718/5019/1588 9717/5020/1588 9715/5018/1587
f 9718/5019/1588 9720/5021/1589 9719/5022/1589 9717/5020/1588
f 9720/5021/1589 9722/5023/1590 9721/5024/1590 9719/5022/1589
f 9722/5023/1590 9724/5025/1591 9723/5026/1591 9721/5024/1590
f 9724/5025/1591 9726/5027/1592 9725/5028/1592 9723/5026/1591
f 9726/5027/1592 9728/5029/1593 9727/5030/1593 9725/5028/1592
f 9728/5029/1593 9730/5031/1594 9729/5032/1594 9727/5030/1593
f 9730/5031/1594 9732/5033/1595 9731/5034/1595 9729/5032/1594
f 9732/5033/1595 9734/5035/1596 9733/5036/1596 9731/5034/1595
f 9734/5035/1596 9736/5037/1597 9735/5038/1597 9733/5036/1596
f 9736/5037/1597 9738/5039/1598 9737/5040/1598 9735/5038/1597
f 9738/5039/1598 9740/5041/1599 9739/5042/1599 9737/5040/1598
f 9740/5041/1599 9742/5043/1600 9741/5044/1600 9739/5042/1599
f 9742/5043/1600 9744/5045/1601 9743/5046/1601 9741/5044/1600
f 9744/5045/1601 9746/5047/1602 9745/5048/1602 9743/5046/1601
f 9746/5047/1602 9748/5049/1603 9747/5050/1603 9745/5048/1602
f 9748/5049/1603 9750/5051/1604 9749/5052/1604 9747/5050/1603
f 9750/5051/1604 9752/5053/1605 9751/5054/1605 9749/5052/1604
f 9752/5053/1605 9754/5055/1606 9753/5056/1606 9751/5054/1605
f 9754/5055/1606 9756/5057/1607 9755/5058/1607 9753/5056/1606
f 9756/5057/1607 9758/5059/1608 9757/5060/1608 9755/5058/1607
f 9758/5059/1608 9760/5061/1609 9759/5062/1609 9757/5060/1608
f 9760/5061/1609 9762/5063/1610 9761/5064/1610 9759/5062/1609
f 9762/5063/1610 9764/5065/1611 9763/5066/1611 9761/5064/1610
f 9764/5065/1611 9766/5067/1612 9765/5068/1612 9763/5066/1611
f 9766/5067/1612 9768/5069/1613 9767/5070/1613 9765/5068/1612
f 9768/5069/1613 9770/5071/1614 9769/5072/1614 9767/5070/1613
f 9770/5071/1614 9772/5073/1615 9771/5074/1615 9769/5072/1614
f 9772/5073/1615 9774/5075/448 9773/5076/448 9771/5074/1615
f 9774/5075/448 9776/5077/1616 9775/5078/1616 9773/5076/448
f 9776/5077/1616 9778/5079/1617 9777/5080/1617 9775/5078/1616
f 9778/5079/1617 9780/5081/1618 9779/5082/1618 9777/5080/1617
f 9780/5081/1618 9782/5083/1619 9781/5084/1619 9779/5082/1618
f 9782/5083/1619 9784/5085/1620 9783/5086/1620 9781/5084/1619
f 9784/5085/1620 9786/5087/1621 9785/5088/1621 9783/5086/1620
f 9786/5087/1621 9788/5089/1622 9787/5090/1622 9785/5088/1621
f 9788/5089/1622 9790/5091/1623 9789/5092/1623 9787/5090/1622
f 9790/5091/1623 9792/5093/1624 9791/5094/1624 9789/5092/1623
f 9792/5093/1624 9794/5095/1625 9793/5096/1625 9791/5094/1624
f 9794/5095/1625 9796/5097/1626 9795/5098/1626 9793/5096/1625
f 9796/5097/1626 9798/5099/1627 9797/5100/1627 9795/5098/1626
f 9798/5099/1627 9800/5101/1628 9799/5102/1628 9797/5100/1627
f 9800/5101/1628 9802/5103/1371 9801/5104/1371 9799/5102/1628
f 9802/5103/1371 9804/5105/1629 9803/5106/1629 9801/5104/1371
f 9804/5105/1629 9806/5107/1630 9805/5108/1630 9803/5106/1629
f 9806/5107/1630 9808/5109/1631 9807/5110/1631 9805/5108/1630
f 9808/5109/1631 9810/5111/1632 9809/5112/1632 9807/5110/1631
f 9810/5111/1632 9812/5113/1633 9811/5114/1633 9809/5112/1632
f 9812/5113/1633 9814/5115/1634 9813/5116/1634 9811/5114/1633
f 9814/5115/1634 9816/5117/1635 9815/5118/1635 9813/5116/1634
f 9816/5117/1635 9818/5119/1636 9817/5120/1636 9815/5118/1635
f 9818/5119/1636 9820/5121/1637 9819/5122/1637 9817/5120/1636
f 9820/5121/1637 9822/5123/1638 9821/5124/1638 9819/5122/1637
f 9822/5123/1638 9824/5125/1639 9823/5126/1639 9821/5124/1638
f 9824/5125/1639 9826/5127/1640 9825/5128/1640 9823/5126/1639
f 9826/5127/1640 9828/5129/1641 9827/5130/1641 9825/5128/1640
f 9828/5129/1641 9830/5131/1642 9829/5132/1642 9827/5130/1641
f 9830/5131/1642 9832/5133/1643 9831/5134/1643 9829/5132/1642
f 9832/5133/1643 9834/5135/1644 9833/5136/1644 9831/5134/1643
f 9834/5135/1644 9836/5137/1645 9835/5138/1645 9833/5136/1644
f 9836/5137/1645 9838/5139/1646 9837/5140/1646 9835/5138/1645
f 9838/5139/1646 9840/5141/1647 9839/5142/1647 9837/5140/1646
f 9840/5141/1647 9842/5143/1648 9841/5144/1648 9839/5142/1647
f 9842/5143/1648 9844/5145/1649 9843/5146/1649 9841/5144/1648
f 9844/5145/1649 9846/5147/1650 9845/5148/1650 9843/5146/1649
f 9846/5147/1650 9848/5149/1651 9847/5150/1651 9845/5148/1650
f 9848/5149/1651 9850/5151/1652 9849/5152/1652 9847/5150/1651
f 9850/5151/1652 9852/5153/1653 9851/5154/1653 9849/5152/1652
f 9852/5153/1653 9854/5155/1654 9853/5156/1654 9851/5154/1653
f 9854/5155/1654 9856/5157/1655 9855/5158/1655 9853/5156/1654
f 9856/5157/1655 9858/5159/1656 9857/5160/1656 9855/5158/1655
f 9858/5159/1656 9860/5161/1657 9859/5162/1657 9857/5160/1656
f 9860/5161/1657 9862/5163/1658 9861/5164/1658 9859/5162/1657
f 9862/5163/1658 9864/5165/1659 9863/5166/1659 9861/5164/1658
f 9864/5165/1659 9866/5167/1660 9865/5168/1660 9863/5166/1659
f 9866/5167/1660 9868/5169/1661 9867/5170/1661 9865/5168/1660
f 9868/5169/1661 9870/5171/1662 9869/5172/1662 9867/5170/1661
f 9870/5171/1662 9872/5173/1663 9871/5174/1663 9869/5172/1662
f 9872/5173/1663 9874/5175/1664 9873/5176/1664 9871/5174/1663
f 9874/5175/1664 9876/5177/1665 9875/5178/1665 9873/5176/1664
f 9876/5177/1665 9878/5179/1666 9877/5180/1666 9875/5178/1665
f 9878/5179/1666 9880/5181/1667 9879/5182/1667 9877/5180/1666
f 9880/5181/1667 9882/5183/1668 9881/5184/1668 9879/5182/1667
f 9882/5183/1668 9884/5185/1669 9883/5186/1669 9881/5184/1668
f 9884/5185/1669 9886/5187/741 9885/5188/741 9883/5186/1669
f 9886/5187/741 9888/5189/1670 9887/5190/1670 9885/5188/741
f 9888/5189/1670 9890/5191/1671 9889/5192/1671 9887/5190/1670
f 9890/5191/1671 9892/5193/1672 9891/5194/1672 9889/5192/1671
f 9892/5193/1672 9894/5195/1673 9893/5196/1673 9891/5194/1672
f 9894/5195/1673 9896/5197/1674 9895/5198/1674 9893/5196/1673
f 9896/5197/1674 9898/5199/1675 9897/5200/1675 9895/5198/1674
f 9898/5199/1675 9900/5201/1676 9899/5202/1676 9897/5200/1675
f 9900/5201/1676 9902/5203/1677 9901/5204/1677 9899/5202/1676
f 9902/5203/1677 9904/5205/1678 9903/5206/1678 9901/5204/1677
f 9904/5205/1678 9906/5207/1679 9905/5208/1679 9903/5206/1678
f 9906/5207/1679 9908/5209/1680 9907/5210/1680 9905/5208/1679
f 9908/5209/1680 9910/5211/1681 9909/5212/1681 9907/5210/1680
f 9910/5211/1681 9912/5213/1682 9911/5214/1682 9909/5212/1681
f 9912/5213/1682 9914/5215/1683 9913/5216/1683 9911/5214/1682
f 9914/5215/1683 9916/5217/1684 9915/5218/1684 9913/5216/1683
f 9916/5217/1684 9918/5219/1685 9917/5220/1685 9915/5218/1684
f 9918/5219/1685 9920/5221/1686 9919/5222/1686 9917/5220/1685
f 9920/5221/1686 9922/5223/1687 9921/5224/1687 9919/5222/1686
f 9922/5223/1687 9924/5225/1688 9923/5226/1688 9921/5224/1687
f 9924/5225/1688 9926/5227/1689 9925/5228/1689 9923/5226/1688
f 9926/5227/1689 9928/5229/1690 9927/5230/1690 9925/5228/1689
f 9928/5229/1690 9930/5231/1691 9929/5232/1691 9927/5230/1690
f 9930/5231/1691 9932/5233/1692 9931/5234/1692 9929/5232/1691
f 9932/5233/1692 9934/5235/1693 9933/5236/1693 9931/5234/1692
f 9934/5235/1693 9936/5237/1694 9935/5238/1694 9933/5236/1693
f 9936/5237/1694 9938/5239/1695 9937/5240/1695 9935/5238/1694
f 9938/5239/1695 9940/5241/335 9939/5242/335 9937/5240/1695
f 9940/5241/335 9942/5243/1696 9941/5244/1696 9939/5242/335
f 9942/5243/1696 9944/5245/1697 9943/5246/1697 9941/5244/1696
f 9944/5245/1697 9946/5247/1698 9945/5248/1698 9943/5246/1697
f 9946/5247/1698 9948/5249/1699 9947/5250/1699 9945/5248/1698
f 9948/5249/1699 9950/5251/1700 9949/5252/1700 9947/5250/1699
f 9950/5251/1700 9952/5253/1701 9951/5254/1701 9949/5252/1700
f 9952/5253/1701 9954/5255/1702 9953/5256/1702 9951/5254/1701
f 9954/5255/1702 9956/5257/1703 9955/5258/1703 9953/5256/1702
f 9956/5257/1703 9958/5259/1704 9957/5260/1704 9955/5258/1703
f 9958/5259/1704 9960/5261/1705 9959/5262/1705 9957/5260/1704
f 9960/5261/1705 9962/5263/882 9961/5264/882 9959/5262/1705
f 9962/5263/882 9964/5265/1706 9963/5266/1706 9961/5264/882
f 9964/5265/1706 9966/5267/1707 9965/5268/1707 9963/5266/1706
f 9966/5267/1707 9968/5269/1708 9967/5270/1708 9965/5268/1707
f 9968/5269/1708 9970/5271/1709 9969/5272/1709 9967/5270/1708
f 9970/5271/1709 9972/5273/1710 9971/5274/1710 9969/5272/1709
f 9972/5273/1710 9974/5275/1711 9973/5276/1711 9971/5274/1710
f 9974/5275/1711 9976/5277/1712 9975/5278/1712 9973/5276/1711
f 9976/5277/1712 9978/5279/1713 9977/5280/1713 9975/5278/1712
f 9978/5279/1713 9980/5281/1714 9979/5282/1714 9977/5280/1713
f 9980/5281/1714 9982/5283/1715 9981/5284/1715 9979/5282/1714
f 9982/5283/1715 9984/5285/1716 9983/5286/1716 9981/5284/1715
f 9984/5285/1716 9986/5287/1717 9985/5288/1717 9983/5286/1716
f 9986/5287/1717 9988/5289/1718 9987/5290/1718 9985/5288/1717
f 9988/5289/1718 9990/5291/1719 9989/5292/1719 9987/5290/1718
f 9990/5291/1719 9992/5293/1720 9991/5294/1720 9989/5292/1719
f 9992/5293/1720 9994/5295/1721 9993/5296/1721 9991/5294/1720
f 9994/5295/1721 9996/5297/1722 9995/5298/1722 9993/5296/1721
f 9996/5297/1722 9998/5299/1723 9997/5300/1723 9995/5298/1722
f 9998/5299/1723 10000/5301/1724 9999/5302/1724 9997/5300/1723
f 10000/5301/1724 10002/5303/1725 10001/5304/1725 9999/5302/1724
f 10002/5303/1725 10004/5305/1726 10003/5306/1726 10001/5304/1725
f 10004/5305/1726 10006/5307/1727 10005/5308/1727 10003/5306/1726
f 10006/5307/1727 10008/5309/1728 10007/5310/1728 10005/5308/1727
f 10008/5309/1728 10010/5311/1729 10009/5312/1729 10007/5310/1728
f 10010/5311/1729 10012/5313/1727 10011/5314/1727 10009/5312/1729
f 10012/5313/1727 10014/5315/1730 10013/5316/1730 10011/5314/1727
f 10014/5315/1730 10016/5317/1731 10015/5318/1731 10013/5316/1730
f 10016/5317/1731 10018/5319/1732 10017/5320/1732 10015/5318/1731
f 10018/5319/1732 10020/5321/1733 10019/5322/1733 10017/5320/1732
f 10020/5321/1733 10022/5323/1734 10021/5324/1734 10019/5322/1733
f 10022/5323/1734 10024/2527/1720 10023/931/1720 10021/5324/1734
f 10024/2527/1720 10026/5325/1735 10025/5326/1735 10023/931/1720
f 10026/5325/1735 10028/5327/414 10027/5328/414 10025/5326/1735
f 10028/5327/414 10030/5329/1736 10029/5330/1736 10027/5328/414
f 10030/5329/1736 10032/5331/1737 10031/5332/1737 10029/5330/1736
f 10032/5331/1737 10034/5333/1738 10033/5334/1738 10031/5332/1737
f 10034/5333/1738 10036/5335/1739 10035/5336/1739 10033/5334/1738
f 10036/5335/1739 10038/5337/1740 10037/5338/1740 10035/5336/1739
f 10038/5337/1740 10040/5339/1741 10039/5340/1741 10037/5338/1740
f 10040/5339/1741 10042/5341/1742 10041/5342/1742 10039/5340/1741
f 10042/5341/1742 10044/5343/1743 10043/5344/1743 10041/5342/1742
f 10044/5343/1743 10046/5345/1744 10045/5346/1744 10043/5344/1743
f 10046/5345/1744 10048/5347/1745 10047/5348/1745 10045/5346/1744
f 10048/5347/1745 10050/5349/1746 10049/5350/1746 10047/5348/1745
f 10050/5349/1746 10052/5351/1747 10051/5352/1747 10049/5350/1746
f 10052/5351/1747 10054/5353/1748 10053/5354/1748 10051/5352/1747
f 10054/5353/1748 10056/5355/1749 10055/5356/1749 10053/5354/1748
f 10056/5355/1749 10058/5357/1750 10057/5358/1750 10055/5356/1749
f 10058/5357/1750 10060/5359/1749 10059/5360/1749 10057/5358/1750
f 10060/5359/1749 10062/5361/1748 10061/5362/1748 10059/5360/1749
f 10062/5361/1748 10064/5363/1747 10063/5364/1747 10061/5362/1748
f 10064/5363/1747 10066/5365/1746 10065/5366/1746 10063/5364/1747
f 10066/5365/1746 10068/5367/1745 10067/5368/1745 10065/5366/1746
f 10068/5367/1745 10070/5369/1744 10069/5370/1744 10067/5368/1745
f 10070/5369/1744 10072/5371/1743 10071/5372/1743 10069/5370/1744
f 10072/5371/1743 10074/5373/1742 10073/5374/1742 10071/5372/1743
f 10074/5373/1742 10076/5375/1741 10075/5376/1741 10073/5374/1742
f 10076/5375/1741 10078/5377/1740 10077/5378/1740 10075/5376/1741
f 10078/5377/1740 10080/5379/1739 10079/5380/1739 10077/5378/1740
f 10080/5379/1739 10082/5381/1751 10081/5382/1751 10079/5380/1739
f 10082/5381/1751 10084/5383/1752 10083/5384/1752 10081/5382/1751
f 10084/5383/1752 10086/5385/1753 10085/5386/1753 10083/5384/1752
f 10086/5385/1753 10088/5387/1754 10087/5388/1754 10085/5386/1753
f 10088/5387/1754 10090/5389/1755 10089/5390/1755 10087/5388/1754
f 10090/5389/1755 10092/5391/1756 10091/5392/1756 10089/5390/1755
f 10092/5391/1756 10094/5393/1757 10093/5394/1757 10091/5392/1756
f 10094/5393/1757 10096/5395/1758 10095/5396/1758 10093/5394/1757
f 10096/5395/1758 10098/5397/1056 10097/5398/1056 10095/5396/1758
f 10098/5397/1056 10100/5399/1759 10099/5400/1759 10097/5398/1056
f 10100/5399/1759 10102/5401/1760 10101/5402/1760 10099/5400/1759
f 10102/5401/1760 10104/5403/1761 10103/5404/1761 10101/5402/1760
f 10104/5403/1761 10106/5405/1762 10105/5406/1762 10103/5404/1761
f 10106/5405/1762 10108/5407/1763 10107/5408/1763 10105/5406/1762
f 10108/5407/1763 10110/5409/1764 10109/5410/1764 10107/5408/1763
f 10110/5409/1764 10112/5411/1765 10111/5412/1765 10109/5410/1764
f 10112/5411/1765 10114/5413/1766 10113/5414/1766 10111/5412/1765
f 10114/5413/1766 10116/5415/1767 10115/5416/1767 10113/5414/1766
f 10116/5415/1767 10118/5417/1768 10117/5418/1768 10115/5416/1767
f 10118/5417/1768 10120/5419/1769 10119/5420/1769 10117/5418/1768
f 10120/5419/1769 10122/5421/1770 10121/5422/1770 10119/5420/1769
f 10122/5421/1770 10124/5423/1771 10123/5424/1771 10121/5422/1770
f 10124/5423/1771 10126/5425/1772 10125/5426/1772 10123/5424/1771
f 10126/5425/1772 10128/5427/1773 10127/5428/1773 10125/5426/1772
f 10128/5427/1773 10130/5429/1774 10129/5430/1774 10127/5428/1773
f 10130/5429/1774 10132/5431/1775 10131/5432/1775 10129/5430/1774
f 10132/5431/1775 10134/5433/1776 10133/5434/1776 10131/5432/1775
f 10134/5433/1776 10136/5435/1777 10135/5436/1777 10133/5434/1776
f 10136/5435/1777 10138/5437/1778 10137/5438/1778 10135/5436/1777
f 10138/5437/1778 10140/5439/1779 10139/5440/1779 10137/5438/1778
f 10140/5439/1779 10142/5441/1780 10141/5442/1780 10139/5440/1779
f 10142/5441/1780 10144/5443/1781 10143/5444/1781 10141/5442/1780
f 10144/5443/1781 10146/5445/1782 10145/5446/1782 10143/5444/1781
f 10146/5445/1782 10148/5447/1783 10147/5448/1783 10145/5446/1782
f 10148/5447/1783 10150/5449/1784 10149/5450/1784 10147/5448/1783
f 10150/5449/1784 10152/5451/1785 10151/5452/1785 10149/5450/1784
f 10152/5451/1785 10154/5453/1786 10153/5454/1786 10151/5452/1785
f 10154/5453/1786 10156/5455/1785 10155/5456/1785 10153/5454/1786
f 10156/5455/1785 10158/5457/1784 10157/5458/1784 10155/5456/1785
f 10158/5457/1784 10160/5459/1783 10159/5460/1783 10157/5458/1784
f 10160/5459/1783 10162/5461/1782 10161/5462/1782 10159/5460/1783
f 10162/5461/1782 10164/5463/1781 10163/5464/1781 10161/5462/1782
f 10164/5463/1781 10166/5465/1780 10165/5466/1780 10163/5464/1781
f 10166/5465/1780 10168/5467/1779 10167/5468/1779 10165/5466/1780
f 10168/5467/1779 10170/5469/1778 10169/5470/1778 10167/5468/1779
f 10170/5469/1778 10172/5471/1787 10171/5472/1787 10169/5470/1778
f 10172/5471/1787 10174/5473/1776 10173/5474/1776 10171/5472/1787
f 10174/5473/1776 10176/5475/1775 10175/5476/1775 10173/5474/1776
f 10176/5475/1775 10178/5477/1788 10177/5478/1788 10175/5476/1775
f 10178/5477/1788 10180/5479/1789 10179/5480/1789 10177/5478/1788
f 10180/5479/1789 10182/5481/1790 10181/5482/1790 10179/5480/1789
f 10182/5481/1790 10184/5483/59 10183/5484/59 10181/5482/1790
f 10184/5483/59 10186/5485/1791 10185/5486/1791 10183/5484/59
f 10186/5485/1791 10188/5487/1792 10187/5488/1792 10185/5486/1791
f 10188/5487/1792 10190/5489/1793 10189/5490/1793 10187/5488/1792
f 10190/5489/1793 10192/5491/1794 10191/5492/1794 10189/5490/1793
f 10192/5491/1794 10194/5493/1795 10193/5494/1795 10191/5492/1794
f 10194/5493/1795 10196/5495/1277 10195/5496/1277 10193/5494/1795
f 10196/5495/1277 10198/5497/1796 10197/5498/1796 10195/5496/1277
f 10198/5497/1796 10200/5499/1797 10199/5500/1797 10197/5498/1796
f 10200/5499/1797 10202/5501/1798 10201/5502/1798 10199/5500/1797
f 10202/5501/1798 10204/5503/1799 10203/5504/1799 10201/5502/1798
f 10204/5503/1799 10206/5505/1273 10205/5506/1273 10203/5504/1799
f 10206/5505/1273 10208/5507/1800 10207/5508/1800 10205/5506/1273
f 10208/5507/1800 10210/5509/1801 10209/5510/1801 10207/5508/1800
f 10210/5509/1801 10212/5511/1802 10211/5512/1802 10209/5510/1801
f 10212/5511/1802 10214/5513/1803 10213/5514/1803 10211/5512/1802
f 10214/5513/1803 10216/5515/1804 10215/5516/1804 10213/5514/1803
f 10216/5515/1804 10218/5517/1805 10217/5518/1805 10215/5516/1804
f 10218/5517/1805 10220/5519/1806 10219/5520/1806 10217/5518/1805
f 10220/5519/1806 10222/5521/1807 10221/5522/1807 10219/5520/1806
f 10222/5521/1807 10224/5523/1808 10223/5524/1808 10221/5522/1807
f 10224/5523/1808 10226/5525/1809 10225/5526/1809 10223/5524/1808
f 10226/5525/1809 10228/5527/1810 10227/5528/1810 10225/5526/1809
f 10228/5527/1810 10230/5529/1811 10229/5530/1811 10227/5528/1810
f 10230/5529/1811 10232/5531/1812 10231/5532/1812 10229/5530/1811
f 10232/5531/1812 10234/5533/1813 10233/5534/1813 10231/5532/1812
f 10234/5533/1813 10236/5535/1814 10235/5536/1814 10233/5534/1813
f 10236/5535/1814 10238/5537/1815 10237/5538/1815 10235/5536/1814
f 10238/5537/1815 10240/5539/1816 10239/5540/1816 10237/5538/1815
f 10240/5539/1816 10242/5541/1817 10241/5542/1817 10239/5540/1816
f 10242/5541/1817 10244/5543/1818 10243/5544/1818 10241/5542/1817
f 10244/5543/1818 10246/5545/1819 10245/5546/1819 10243/5544/1818
f 10246/5545/1819 10248/5547/1820 10247/5548/1820 10245/5546/1819
f 10248/5547/1820 10250/5549/1821 10249/5550/1821 10247/5548/1820
f 10250/5549/1821 10252/5551/1822 10251/5552/1822 10249/5550/1821
f 10252/5551/1822 10254/5553/1823 10253/5554/1823 10251/5552/1822
f 10254/5553/1823 10256/5555/1824 10255/5556/1824 10253/5554/1823
f 10256/5555/1824 10258/5557/1825 10257/5558/1825 10255/5556/1824
f 10258/5557/1825 10260/5559/1826 10259/5560/1826 10257/5558/1825
f 10260/5559/1826 10262/5561/1827 10261/5562/1827 10259/5560/1826
f 10262/5561/1827 10264/5563/1828 10263/5564/1828 10261/5562/1827
f 10264/5563/1828 10266/5565/1829 10265/5566/1829 10263/5564/1828
f 10266/5565/1829 10268/5567/1830 10267/5568/1830 10265/5566/1829
f 10268/5567/1830 10270/5569/1831 10269/5570/1831 10267/5568/1830
f 10270/5569/1831 10272/5571/1832 10271/5572/1832 10269/5570/1831
f 10272/5571/1832 10274/5573/1833 10273/5574/1833 10271/5572/1832
f 10274/5573/1833 10276/5575/1834 10275/5576/1834 10273/5574/1833
f 10276/5575/1834 10278/5577/1835 10277/5578/1835 10275/5576/1834
f 10278/5577/1835 10280/5579/1836 10279/5580/1836 10277/5578/1835
f 10280/5579/1836 10282/5581/1837 10281/5582/1837 10279/5580/1836
f 10282/5581/1837 10284/5583/1838 10283/5584/1838 10281/5582/1837
f 10284/5583/1838 10286/5585/1839 10285/5586/1839 10283/5584/1838
f 10286/5585/1839 10288/5587/1840 10287/5588/1840 10285/5586/1839
f 10288/5587/1840 10290/5589/1841 10289/5590/1841 10287/5588/1840
f 10290/5589/1841 10292/5591/1842 10291/5592/1842 10289/5590/1841
f 10292/5591/1842 10294/5593/1843 10293/5594/1843 10291/5592/1842
f 10294/5593/1843 10296/5595/1844 10295/5596/1844 10293/5594/1843
f 10296/5595/1844 10298/5597/1845 10297/5598/1845 10295/5596/1844
f 10298/5597/1845 10300/5599/141 10299/5600/141 10297/5598/1845
f 10300/5599/141 10302/5601/1846 10301/5602/1846 10299/5600/141
f 10302/5601/1846 10304/5603/1847 10303/5604/1847 10301/5602/1846
f 10304/5603/1847 10306/5605/1848 10305/5606/1848 10303/5604/1847
f 10306/5605/1848 10308/5607/1849 10307/5608/1849 10305/5606/1848
f 10308/5607/1849 10310/5609/1850 10309/5610/1850 10307/5608/1849
f 10310/5609/1850 10312/5611/1851 10311/5612/1851 10309/5610/1850
f 10312/5611/1851 10314/5613/1852 10313/5614/1852 10311/5612/1851
f 10314/5613/1852 10316/5615/751 10315/5616/751 10313/5614/1852
f 10316/5615/751 10318/5617/1853 10317/5618/1853 10315/5616/751
f 10318/5617/1853 10320/5619/1854 10319/5620/1854 10317/5618/1853
f 10320/5619/1854 10322/5621/1855 10321/5622/1855 10319/5620/1854
f 10322/5621/1855 10324/5623/1856 10323/5624/1856 10321/5622/1855
f 10324/5623/1856 10326/5625/1857 10325/5626/1857 10323/5624/1856
f 10326/5625/1857 10328/5627/1858 10327/5628/1858 10325/5626/1857
f 10328/5627/1858 10330/5629/1859 10329/5630/1859 10327/5628/1858
f 10330/5629/1859 10332/5631/1860 10331/5632/1860 10329/5630/1859
f 10332/5631/1860 10334/5633/1861 10333/5634/1861 10331/5632/1860
f 10334/5633/1861 10336/5635/751 10335/5636/751 10333/5634/1861
f 10336/5635/751 10338/5637/1862 10337/5638/1862 10335/5636/751
f 10338/5637/1862 10340/5639/1851 10339/5640/1851 10337/5638/1862
f 10340/5639/1851 10342/5641/1863 10341/5642/1863 10339/5640/1851
f 10342/5641/1863 10344/5643/1864 10343/5644/1864 10341/5642/1863
f 10344/5643/1864 10346/5645/1865 10345/5646/1865 10343/5644/1864
f 10346/5645/1865 10348/5647/1866 10347/5648/1866 10345/5646/1865
f 10348/5647/1866 10350/5649/381 10349/5650/381 10347/5648/1866
f 10350/5649/1867 10352/5651/1868 10351/5652/1868 10349/5650/1867
f 10352/5651/1868 10354/5653/1869 10353/5654/1869 10351/5652/1868
f 10354/5653/1869 10356/5655/1870 10355/5656/1870 10353/5654/1869
f 10356/5655/1870 10358/5657/1871 10357/5658/1871 10355/5656/1870
f 10358/5657/1871 10360/5659/1872 10359/5660/1872 10357/5658/1871
f 10360/5659/1872 10362/5661/1873 10361/5662/1873 10359/5660/1872
f 10362/5661/1873 10364/5663/1874 10363/5664/1874 10361/5662/1873
f 10364/5663/1874 10366/5665/1875 10365/5666/1875 10363/5664/1874
f 10366/5665/1875 10368/5667/1876 10367/5668/1876 10365/5666/1875
f 10368/5667/1876 10370/5669/1877 10369/5670/1877 10367/5668/1876
f 10370/5669/1877 10372/5671/1878 10371/5672/1878 10369/5670/1877
f 10372/5671/1878 10374/5673/1879 10373/5674/1879 10371/5672/1878
f 10374/5673/1880 10376/5675/1881 10375/5676/1881 10373/5674/1880
f 10376/5675/1881 10378/5677/1882 10377/5678/1882 10375/5676/1881
f 10378/5677/1882 10380/5679/1883 10379/5680/1883 10377/5678/1882
f 10380/5679/1883 10382/5681/1884 10381/5682/1884 10379/5680/1883
f 10382/5681/1884 10384/5683/1885 10383/5684/1885 10381/5682/1884
f 10384/5683/1885 10386/5685/1886 10385/5686/1886 10383/5684/1885
f 10386/5685/1886 10388/5687/1887 10387/5688/1887 10385/5686/1886
f 10388/5687/1887 10390/5689/1888 10389/5690/1888 10387/5688/1887
f 10390/5689/1888 10392/5691/1889 10391/5692/1889 10389/5690/1888
f 10392/5691/1889 10394/5693/1806 10393/5694/1806 10391/5692/1889
f 10394/5693/1806 10396/5695/1890 10395/5696/1890 10393/5694/1806
f 10396/5695/1890 10398/5697/308 10397/5698/308 10395/5696/1890
f 10398/5697/308 10400/5699/1891 10399/5700/1891 10397/5698/308
f 10400/5699/1891 10402/5701/1892 10401/5702/1892 10399/5700/1891
f 10402/5701/1892 10404/5703/1893 10403/5704/1893 10401/5702/1892
f 10404/5703/1893 10406/5705/1894 10405/5706/1894 10403/5704/1893
f 10406/5705/1894 10408/5707/1895 10407/5708/1895 10405/5706/1894
f 10408/5707/1895 10410/5709/1896 10409/5710/1896 10407/5708/1895
f 10410/5709/1896 10412/5711/1897 10411/5712/1897 10409/5710/1896
f 10412/5711/1897 10414/5713/1898 10413/5714/1898 10411/5712/1897
f 10414/5713/1898 10416/5715/1899 10415/5716/1899 10413/5714/1898
f 10416/5715/1899 10418/5717/1900 10417/5718/1900 10415/5716/1899
f 10418/5717/1900 10420/5719/1901 10419/5720/1901 10417/5718/1900
f 10420/5719/1901 10422/5721/1902 10421/5722/1902 10419/5720/1901
f 10422/5721/1902 10424/5723/1903 10423/5724/1903 10421/5722/1902
f 10424/5723/1903 10426/5725/1904 10425/5726/1904 10423/5724/1903
f 10426/5725/1904 10428/5727/1905 10427/5728/1905 10425/5726/1904
f 10428/5727/1905 10430/5729/1906 10429/5730/1906 10427/5728/1905
f 10430/5729/1906 10432/5731/1907 10431/5732/1907 10429/5730/1906
f 10432/5731/1907 10434/5733/1908 10433/5734/1908 10431/5732/1907
f 10434/5733/1908 10436/5735/1909 10435/5736/1909 10433/5734/1908
f 10436/5735/1909 10438/5737/1910 10437/5738/1910 10435/5736/1909
f 10438/5737/1910 10440/5739/1911 10439/5740/1911 10437/5738/1910
f 10440/5739/1911 10442/5741/1912 10441/5742/1912 10439/5740/1911
f 10442/5741/1912 10444/5743/1913 10443/5744/1913 10441/5742/1912
f 10444/5743/1913 10446/5745/1914 10445/5746/1914 10443/5744/1913
f 10446/5745/1914 10448/5747/1915 10447/5748/1915 10445/5746/1914
f 10448/5747/1915 10450/5749/1916 10449/5750/1916 10447/5748/1915
f 10450/5749/1916 10452/5751/1917 10451/5752/1917 10449/5750/1916
f 10452/5751/1917 10454/5753/1918 10453/5754/1918 10451/5752/1917
f 10454/5753/1918 10456/5755/1919 10455/5756/1919 10453/5754/1918
f 10456/5755/1919 10458/5757/1920 10457/5758/1920 10455/5756/1919
f 10458/5757/1920 10460/5759/1921 10459/5760/1921 10457/5758/1920
f 10460/5759/1921 10462/5761/1922 10461/5762/1922 10459/5760/1921
f 10462/5761/1922 10464/5763/1923 10463/5764/1923 10461/5762/1922
f 10464/5763/1923 10466/5765/1924 10465/5766/1924 10463/5764/1923
f 10466/5765/1924 10468/5767/1925 10467/5768/1925 10465/5766/1924
f 10468/5767/1925 9578/2890/784 9577/105/784 10467/5768/1925
f 10470/2164/740 10472/3251/1926 10471/3252/1926 10469/107/740
f 10472/3251/1926 10474/3253/1927 10473/3254/1927 10471/3252/1926
f 10474/3253/1927 10476/3255/1928 10475/1193/1928 10473/3254/1927
f 10476/3255/1928 10478/3256/1929 10477/3257/1929 10475/1193/1928
f 10478/3256/1929 10480/3258/1930 10479/3259/1930 10477/3257/1929
f 10480/3258/1930 10482/3260/1931 10481/1162/1931 10479/3259/1930
f 10482/3260/1931 10484/3261/1932 10483/3262/1932 10481/1162/1931
f 10484/3261/1932 10486/3263/1933 10485/3264/1933 10483/3262/1932
f 10486/3263/1933 10488/3265/1934 10487/1136/1934 10485/3264/1933
f 10488/3265/1934 10490/3266/1935 10489/3267/1935 10487/1136/1934
f 10490/3266/1935 10492/3268/1936 10491/3269/1936 10489/3267/1935
f 10492/3268/1936 10494/3270/1937 10493/1140/1937 10491/3269/1936
f 10494/3270/1937 10496/3271/1938 10495/3272/1938 10493/1140/1937
f 10496/3271/1938 10498/3273/1939 10497/3274/1939 10495/3272/1938
f 10498/3273/1939 10500/3275/1940 10499/1187/1940 10497/3274/1939
f 10500/3275/1940 10502/3276/1941 10501/3277/1941 10499/1187/1940
f 10502/3276/1941 10504/3278/1942 10503/3279/1942 10501/3277/1941
f 10504/3278/1942 10506/3280/1943 10505/1202/1943 10503/3279/1942
f 10506/3280/1943 10508/3281/1944 10507/3282/1944 10505/1202/1943
f 10508/3281/1944 10510/3283/1945 10509/3284/1945 10507/3282/1944
f 10510/3283/1945 10512/3285/1946 10511/1172/1946 10509/3284/1945
f 10512/3285/1946 10514/3286/1947 10513/3287/1947 10511/1172/1946
f 10514/3286/1947 10516/3288/1948 10515/3289/1948 10513/3287/1947
f 10516/3288/1948 10518/3290/1949 10517/1142/1949 10515/3289/1948
f 10518/3290/1949 10520/3291/1950 10519/3292/1950 10517/1142/1949
f 10520/3291/1950 10522/3293/1951 10521/3294/1951 10519/3292/1950
f 10522/3293/1951 10524/3295/1952 10523/1105/1952 10521/3294/1951
f 10524/3295/1952 10526/3296/1953 10525/3297/1953 10523/1105/1952
f 10526/3296/1953 10528/3298/1954 10527/3299/1954 10525/3297/1953
f 10528/3298/1954 10530/3300/1955 10529/1057/1955 10527/3299/1954
f 10530/3300/1955 10532/3301/1956 10531/3302/1956 10529/1057/1955
f 10532/3301/1956 10534/3303/1957 10533/3304/1957 10531/3302/1956
f 10534/3303/1957 10536/3305/1958 10535/1019/1958 10533/3304/1957
f 10536/3305/1958 10538/3306/1959 10537/3307/1959 10535/1019/1958
f 10538/3306/1959 10540/3308/1960 10539/3309/1960 10537/3307/1959
f 10540/3308/1960 10542/3310/1961 10541/995/1961 10539/3309/1960
f 10542/3310/1961 10544/3311/1962 10543/3312/1962 10541/995/1961
f 10544/3311/1962 10546/3313/1963 10545/3314/1963 10543/3312/1962
f 10546/3313/1963 10548/3315/1964 10547/973/1964 10545/3314/1963
f 10548/3315/1964 10550/3316/1965 10549/3317/1965 10547/973/1964
f 10550/3316/1965 10552/3318/1966 10551/3319/1966 10549/3317/1965
f 10552/3318/1966 10554/3320/1967 10553/936/1967 10551/3319/1966
f 10554/3320/1967 10556/3321/1968 10555/3322/1968 10553/936/1967
f 10556/3321/1968 10558/3323/1969 10557/3324/1969 10555/3322/1968
f 10558/3323/1969 10560/3325/1970 10559/900/1970 10557/3324/1969
f 10560/3325/1970 10562/3326/1971 10561/3327/1971 10559/900/1970
f 10562/3326/1971 10564/3328/1972 10563/3329/1972 10561/3327/1971
f 10564/3328/1972 10566/3330/1973 10565/874/1973 10563/3329/1972
f 10566/3330/1973 10568/3331/1974 10567/3332/1974 10565/874/1973
f 10568/3331/1974 10570/3333/1975 10569/3334/1975 10567/3332/1974
f 10570/3333/1975 10572/3335/1976 10571/881/1976 10569/3334/1975
f 10572/3335/1976 10574/3336/1977 10573/3337/1977 10571/881/1976
f 10574/3336/1977 10576/3338/1978 10575/3339/1978 10573/3337/1977
f 10576/3338/1978 10578/2527/1979 10577/931/1979 10575/3339/1978
f 10578/2527/1979 10580/3340/1980 10579/3341/1980 10577/931/1979
f 10580/3340/1980 10582/3342/1981 10581/3343/1981 10579/3341/1980
f 10582/3342/1981 10584/3344/1982 10583/949/1982 10581/3343/1981
f 10584/3344/1982 10586/3345/1983 10585/3346/1983 10583/949/1982
f 10586/3345/1983 10588/3347/1984 10587/3348/1984 10585/3346/1983
f 10588/3347/1984 10590/3349/1985 10589/929/1985 10587/3348/1984
f 10590/3349/1985 10592/3350/1986 10591/3351/1986 10589/929/1985
f 10592/3350/1986 10594/3352/1987 10593/3353/1987 10591/3351/1986
f 10594/3352/1987 10596/3354/1988 10595/895/1988 10593/3353/1987
f 10596/3354/1988 10598/3355/1989 10597/3356/1989 10595/895/1988
f 10598/3355/1989 10600/3357/1990 10599/3358/1990 10597/3356/1989
f 10600/3357/1990 10602/3359/1991 10601/856/1991 10599/3358/1990
f 10602/3359/1991 10604/3360/1992 10603/3361/1992 10601/856/1991
f 10604/3360/1992 10606/3362/1993 10605/3363/1993 10603/3361/1992
f 10606/3362/1993 10608/3364/1994 10607/837/1994 10605/3363/1993
f 10608/3364/1994 10610/3365/1995 10609/3366/1995 10607/837/1994
f 10610/3365/1995 10612/3367/1996 10611/3368/1996 10609/3366/1995
f 10612/3367/1996 10614/3369/1997 10613/815/1997 10611/3368/1996
f 10614/3369/1997 10616/3370/1998 10615/3371/1998 10613/815/1997
f 10616/3370/1998 10618/3372/1999 10617/3373/1999 10615/3371/1998
f 10618/3372/1999 10620/3374/2000 10619/836/2000 10617/3373/1999
f 10620/3374/2000 10622/3375/2001 10621/3376/2001 10619/836/2000
f 10622/3375/2001 10624/3377/2002 10623/3378/2002 10621/3376/2001
f 10624/3377/2002 10626/3379/2003 10625/867/2003 10623/3378/2002
f 10626/3379/2003 10628/3380/2004 10627/3381/2004 10625/867/2003
f 10628/3380/2004 10630/3382/2005 10629/3383/2005 10627/3381/2004
f 10630/3382/2005 10632/3384/2006 10631/963/2006 10629/3383/2005
f 10632/3384/2006 10634/3385/2007 10633/3386/2007 10631/963/2006
f 10634/3385/2007 10636/3387/2008 10635/3388/2008 10633/3386/2007
f 10636/3387/2008 10638/3389/2009 10637/986/2009 10635/3388/2008
f 10638/3389/2009 10640/3390/2010 10639/3391/2010 10637/986/2009
f 10640/3390/2010 10642/3392/2011 10641/3393/2011 10639/3391/2010
f 10642/3392/2011 10644/3394/2012 10643/1007/2012 10641/3393/2011
f 10644/3394/2012 10646/3395/2013 10645/3396/2013 10643/1007/2012
f 10646/3395/2013 10648/3397/2014 10647/3398/2014 10645/3396/2013
f 10648/3397/2014 10650/3399/2015 10649/1028/2015 10647/3398/2014
f 10650/3399/2015 10652/3400/2016 10651/3401/2016 10649/1028/2015
f 10652/3400/2016 10654/3402/2017 10653/3403/2017 10651/3401/2016
f 10654/3402/2017 10656/3404/2018 10655/1073/2018 10653/3403/2017
f 10656/3404/2018 10658/3405/2019 10657/3406/2019 10655/1073/2018
f 10658/3405/2019 10660/3407/2020 10659/3408/2020 10657/3406/2019
f 10660/3407/2020 10662/3409/2021 10661/1056/2021 10659/3408/2020
f 10662/3409/2021 10664/3410/2022 10663/3411/2022 10661/1056/2021
f 10664/3410/2022 10666/3412/2023 10665/3413/2023 10663/3411/2022
f 10666/3412/2023 10668/3414/2024 10667/1045/2024 10665/3413/2023
f 10668/3414/2024 10670/3415/2025 10669/3416/2025 10667/1045/2024
f 10670/3415/2025 10672/3417/2026 10671/3418/2026 10669/3416/2025
f 10672/3417/2026 10674/3419/2027 10673/1080/2027 10671/3418/2026
f 10674/3419/2027 10676/3420/2028 10675/3421/2028 10673/1080/2027
f 10676/3420/2028 10678/3422/2029 10677/3423/2029 10675/3421/2028
f 10678/3422/2029 10680/3424/2030 10679/1097/2030 10677/3423/2029
f 10680/3424/2030 10682/3425/2031 10681/3426/2031 10679/1097/2030
f 10682/3425/2031 10684/3427/2032 10683/3428/2032 10681/3426/2031
f 10684/3427/2032 10470/2890/740 10469/105/740 10683/3428/2032
f 10686/2164/2033 10688/5769/2034 10687/1715/2034 10685/107/2033
f 10688/5769/2034 10690/3255/2035 10689/1193/2035 10687/1715/2034
f 10690/3255/2035 10692/3454/2036 10691/1732/2036 10689/1193/2035
f 10692/3454/2036 10694/3260/2037 10693/1162/2037 10691/1732/2036
f 10694/3260/2037 10696/5770/2038 10695/1727/2038 10693/1162/2037
f 10696/5770/2038 10698/3265/2039 10697/1136/2039 10695/1727/2038
f 10698/3265/2039 10700/5771/2040 10699/1739/2040 10697/1136/2039
f 10700/5771/2040 10702/3270/2041 10701/1140/2041 10699/1739/2040
f 10702/3270/2041 10704/3505/2042 10703/1750/2042 10701/1140/2041
f 10704/3505/2042 10706/3275/2043 10705/1187/2043 10703/1750/2042
f 10706/3275/2043 10708/5772/2044 10707/1763/2044 10705/1187/2043
f 10708/5772/2044 10710/3280/2045 10709/1202/2045 10707/1763/2044
f 10710/3280/2045 10712/5773/2046 10711/1778/2046 10709/1202/2045
f 10712/5773/2046 10714/3285/2047 10713/1172/2047 10711/1778/2046
f 10714/3285/2047 10716/3556/2048 10715/1791/2048 10713/1172/2047
f 10716/3556/2048 10718/3290/2049 10717/1142/2049 10715/1791/2048
f 10718/3290/2049 10720/5774/2050 10719/1777/2050 10717/1142/2049
f 10720/5774/2050 10722/3295/2051 10721/1105/2051 10719/1777/2050
f 10722/3295/2051 10724/5775/2052 10723/1764/2052 10721/1105/2051
f 10724/5775/2052 10726/3300/2053 10725/1057/2053 10723/1764/2052
f 10726/3300/2053 10728/3607/2054 10727/1745/2054 10725/1057/2053
f 10728/3607/2054 10730/3305/2055 10729/1019/2055 10727/1745/2054
f 10730/3305/2055 10732/5776/2056 10731/1713/2056 10729/1019/2055
f 10732/5776/2056 10734/3310/175 10733/995/175 10731/1713/2056
f 10734/3310/175 10736/5777/2057 10735/1664/2057 10733/995/175
f 10736/5777/2057 10738/3315/2058 10737/973/2058 10735/1664/2057
f 10738/3315/2058 10740/3658/2059 10739/1615/2059 10737/973/2058
f 10740/3658/2059 10742/3320/2060 10741/936/2060 10739/1615/2059
f 10742/3320/2060 10744/5778/2061 10743/1571/2061 10741/936/2060
f 10744/5778/2061 10746/3325/2062 10745/900/2062 10743/1571/2061
f 10746/3325/2062 10748/5779/2063 10747/1562/2063 10745/900/2062
f 10748/5779/2063 10750/3330/2064 10749/874/2064 10747/1562/2063
f 10750/3330/2064 10752/3709/2065 10751/1554/2065 10749/874/2064
f 10752/3709/2065 10754/3335/2066 10753/881/2066 10751/1554/2065
f 10754/3335/2066 10756/5780/2067 10755/1545/2067 10753/881/2066
f 10756/5780/2067 10758/2527/2068 10757/931/2068 10755/1545/2067
f 10758/2527/2068 10760/5781/2069 10759/1552/2069 10757/931/2068
f 10760/5781/2069 10762/3344/2070 10761/949/2070 10759/1552/2069
f 10762/3344/2070 10764/3760/2071 10763/1577/2071 10761/949/2070
f 10764/3760/2071 10766/3349/2072 10765/929/2072 10763/1577/2071
f 10766/3349/2072 10768/5782/2073 10767/1621/2073 10765/929/2072
f 10768/5782/2073 10770/3354/2074 10769/895/2074 10767/1621/2073
f 10770/3354/2074 10772/5783/2075 10771/1666/2075 10769/895/2074
f 10772/5783/2075 10774/3359/2076 10773/856/2076 10771/1666/2075
f 10774/3359/2076 10776/3811/2077 10775/1709/2077 10773/856/2076
f 10776/3811/2077 10778/3364/2078 10777/837/2078 10775/1709/2077
f 10778/3364/2078 10780/5784/2079 10779/1614/2079 10777/837/2078
f 10780/5784/2079 10782/3369/2080 10781/815/2080 10779/1614/2079
f 10782/3369/2080 10784/5785/2081 10783/1595/2081 10781/815/2080
f 10784/5785/2081 10786/3374/2082 10785/836/2082 10783/1595/2081
f 10786/3374/2082 10788/3862/2083 10787/1588/2083 10785/836/2082
f 10788/3862/2083 10790/3379/2084 10789/867/2084 10787/1588/2083
f 10790/3379/2084 10792/5786/2085 10791/1606/2085 10789/867/2084
f 10792/5786/2085 10794/3384/2086 10793/963/2086 10791/1606/2085
f 10794/3384/2086 10796/5787/2087 10795/1619/2087 10793/963/2086
f 10796/5787/2087 10798/3389/2088 10797/986/2088 10795/1619/2087
f 10798/3389/2088 10800/3913/2089 10799/1640/2089 10797/986/2088
f 10800/3913/2089 10802/3394/2090 10801/1007/2090 10799/1640/2089
f 10802/3394/2090 10804/5788/941 10803/1665/941 10801/1007/2090
f 10804/5788/941 10806/3399/537 10805/1028/537 10803/1665/941
f 10806/3399/537 10808/5789/2091 10807/1694/2091 10805/1028/537
f 10808/5789/2091 10810/3404/2092 10809/1073/2092 10807/1694/2091
f 10810/3404/2092 10812/3964/2093 10811/1704/2093 10809/1073/2092
f 10812/3964/2093 10814/3409/2094 10813/1056/2094 10811/1704/2093
f 10814/3409/2094 10816/5790/2095 10815/1687/2095 10813/1056/2094
f 10816/5790/2095 10818/3414/2096 10817/1045/2096 10815/1687/2095
f 10818/3414/2096 10820/5791/2097 10819/1674/2097 10817/1045/2096
f 10820/5791/2097 10822/3419/2098 10821/1080/2098 10819/1674/2097
f 10822/3419/2098 10824/4015/2099 10823/1655/2099 10821/1080/2098
f 10824/4015/2099 10826/3424/2100 10825/1097/2100 10823/1655/2099
f 10826/3424/2100 10828/5792/2101 10827/1639/2101 10825/1097/2100
f 10828/5792/2101 10686/2890/2033 10685/105/2033 10827/1639/2101
f 10830/2164/2102 10832/5793/1915 10831/5794/1915 10829/107/2102
f 10832/5793/1915 10834/4833/2103 10833/1714/2103 10831/5794/1915
f 10834/4833/2103 10836/5795/2104 10835/5796/2104 10833/1714/2103
f 10836/5795/2104 10838/3441/2105 10837/1718/2105 10835/5796/2104
f 10838/3441/2105 10840/5797/2106 10839/5798/2106 10837/1718/2105
f 10840/5797/2106 10842/4834/2107 10841/1721/2107 10839/5798/2106
f 10842/4834/2107 10844/5799/2108 10843/5800/2108 10841/1721/2107
f 10844/5799/2108 10846/3454/2109 10845/1732/2109 10843/5800/2108
f 10846/3454/2109 10848/5801/2110 10847/5802/2110 10845/1732/2109
f 10848/5801/2110 10850/4835/2111 10849/1733/2111 10847/5802/2110
f 10850/4835/2111 10852/5803/2112 10851/5804/2112 10849/1733/2111
f 10852/5803/2112 10854/3467/2113 10853/1730/2113 10851/5804/2112
f 10854/3467/2113 10856/5805/2114 10855/5806/2114 10853/1730/2113
f 10856/5805/2114 10858/4836/2115 10857/1726/2115 10855/5806/2114
f 10858/4836/2115 10860/5807/2116 10859/5808/2116 10857/1726/2115
f 10860/5807/2116 10862/3265/2117 10861/1136/2117 10859/5808/2116
f 10862/3265/2117 10864/5809/2118 10863/5810/2118 10861/1136/2117
f 10864/5809/2118 10866/4837/2119 10865/1738/2119 10863/5810/2118
f 10866/4837/2119 10868/5811/1664 10867/5812/1664 10865/1738/2119
f 10868/5811/1664 10870/3492/2120 10869/1743/2120 10867/5812/1664
f 10870/3492/2120 10872/5813/2121 10871/5814/2121 10869/1743/2120
f 10872/5813/2121 10874/4838/2122 10873/1747/2122 10871/5814/2121
f 10874/4838/2122 10876/5815/2123 10875/5816/2123 10873/1747/2122
f 10876/5815/2123 10878/3505/2124 10877/1750/2124 10875/5816/2123
f 10878/3505/2124 10880/5817/2125 10879/5818/2125 10877/1750/2124
f 10880/5817/2125 10882/4839/2126 10881/1755/2126 10879/5818/2125
f 10882/4839/2126 10884/5819/2127 10883/5820/2127 10881/1755/2126
f 10884/5819/2127 10886/3518/2128 10885/1759/2128 10883/5820/2127
f 10886/3518/2128 10888/5821/2129 10887/5822/2129 10885/1759/2128
f 10888/5821/2129 10890/4840/2130 10889/1765/2130 10887/5822/2129
f 10890/4840/2130 10892/5823/2131 10891/5824/2131 10889/1765/2130
f 10892/5823/2131 10894/3280/2132 10893/1202/2132 10891/5824/2131
f 10894/3280/2132 10896/5825/2133 10895/5826/2133 10893/1202/2132
f 10896/5825/2133 10898/4841/2134 10897/1776/2134 10895/5826/2133
f 10898/4841/2134 10900/5827/2135 10899/5828/2135 10897/1776/2134
f 10900/5827/2135 10902/3543/2136 10901/1782/2136 10899/5828/2135
f 10902/3543/2136 10904/5829/2137 10903/5830/2137 10901/1782/2136
f 10904/5829/2137 10906/4842/2138 10905/1786/2138 10903/5830/2137
f 10906/4842/2138 10908/5831/2139 10907/5832/2139 10905/1786/2138
f 10908/5831/2139 10910/3556/2140 10909/1791/2140 10907/5832/2139
f 10910/3556/2140 10912/5833/2141 10911/5834/2141 10909/1791/2140
f 10912/5833/2141 10914/4843/2142 10913/1785/2142 10911/5834/2141
f 10914/4843/2142 10916/5835/2143 10915/5836/2143 10913/1785/2142
f 10916/5835/2143 10918/3569/2144 10917/1781/2144 10915/5836/2143
f 10918/3569/2144 10920/5837/2145 10919/5838/2145 10917/1781/2144
f 10920/5837/2145 10922/4844/2146 10921/1775/2146 10919/5838/2145
f 10922/4844/2146 10924/5839/2147 10923/5840/2147 10921/1775/2146
f 10924/5839/2147 10926/3295/2148 10925/1105/2148 10923/5840/2147
f 10926/3295/2148 10928/5841/2149 10927/5842/2149 10925/1105/2148
f 10928/5841/2149 10930/4845/2150 10929/1766/2150 10927/5842/2149
f 10930/4845/2150 10932/5843/2151 10931/5844/2151 10929/1766/2150
f 10932/5843/2151 10934/3594/2152 10933/1760/2152 10931/5844/2151
f 10934/3594/2152 10936/5845/2153 10935/5846/2153 10933/1760/2152
f 10936/5845/2153 10938/4846/2154 10937/1756/2154 10935/5846/2153
f 10938/4846/2154 10940/5847/2155 10939/5848/2155 10937/1756/2154
f 10940/5847/2155 10942/3607/2156 10941/1745/2156 10939/5848/2155
f 10942/3607/2156 10944/5849/2157 10943/5850/2157 10941/1745/2156
f 10944/5849/2157 10946/4847/2158 10945/1740/2158 10943/5850/2157
f 10946/4847/2158 10948/5851/2159 10947/5852/2159 10945/1740/2158
f 10948/5851/2159 10950/3620/2160 10949/1720/2160 10947/5852/2159
f 10950/3620/2160 10952/5853/2161 10951/5854/2161 10949/1720/2160
f 10952/5853/2161 10954/4848/2162 10953/1710/2162 10951/5854/2161
f 10954/4848/2162 10956/5855/1177 10955/5856/1177 10953/1710/2162
f 10956/5855/1177 10958/3310/2163 10957/995/2163 10955/5856/1177
f 10958/3310/2163 10960/5857/2164 10959/5858/2164 10957/995/2163
f 10960/5857/2164 10962/4849/2165 10961/1669/2165 10959/5858/2164
f 10962/4849/2165 10964/5859/2166 10963/5860/2166 10961/1669/2165
f 10964/5859/2166 10966/3645/2167 10965/1652/2167 10963/5860/2166
f 10966/3645/2167 10968/5861/2168 10967/5862/2168 10965/1652/2167
f 10968/5861/2168 10970/4850/2169 10969/1636/2169 10967/5862/2168
f 10970/4850/2169 10972/5863/2170 10971/5864/2170 10969/1636/2169
f 10972/5863/2170 10974/3658/2171 10973/1615/2171 10971/5864/2170
f 10974/3658/2171 10976/5865/2172 10975/5866/2172 10973/1615/2171
f 10976/5865/2172 10978/4851/2173 10977/1582/2173 10975/5866/2172
f 10978/4851/2173 10980/5867/2174 10979/5868/2174 10977/1582/2173
f 10980/5867/2174 10982/3671/2175 10981/1576/2175 10979/5868/2174
f 10982/3671/2175 10984/5869/2176 10983/5870/2176 10981/1576/2175
f 10984/5869/2176 10986/4852/1046 10985/1570/1046 10983/5870/2176
f 10986/4852/1046 10988/5871/2177 10987/5872/2177 10985/1570/1046
f 10988/5871/2177 10990/3325/2178 10989/900/2178 10987/5872/2177
f 10990/3325/2178 10992/5873/2179 10991/5874/2179 10989/900/2178
f 10992/5873/2179 10994/4853/2180 10993/1563/2180 10991/5874/2179
f 10994/4853/2180 10996/5875/2181 10995/5876/2181 10993/1563/2180
f 10996/5875/2181 10998/3696/2182 10997/1560/2182 10995/5876/2181
f 10998/3696/2182 11000/5877/2183 10999/5878/2183 10997/1560/2182
f 11000/5877/2183 11002/4854/2184 11001/1557/2184 10999/5878/2183
f 11002/4854/2184 11004/5879/2185 11003/5880/2185 11001/1557/2184
f 11004/5879/2185 11006/3709/2186 11005/1554/2186 11003/5880/2185
f 11006/3709/2186 11008/5881/2187 11007/5882/2187 11005/1554/2186
f 11008/5881/2187 11010/4855/2188 11009/1550/2188 11007/5882/2187
f 11010/4855/2188 11012/5883/2189 11011/5884/2189 11009/1550/2188
f 11012/5883/2189 11014/3722/2190 11013/1548/2190 11011/5884/2189
f 11014/3722/2190 11016/5885/2191 11015/5886/2191 11013/1548/2190
f 11016/5885/2191 11018/4856/2192 11017/1544/2192 11015/5886/2191
f 11018/4856/2192 11020/5887/2193 11019/5888/2193 11017/1544/2192
f 11020/5887/2193 11022/2527/2194 11021/931/2194 11019/5888/2193
f 11022/2527/2194 11024/5889/2195 11023/5890/2195 11021/931/2194
f 11024/5889/2195 11026/4857/2196 11025/1547/2196 11023/5890/2195
f 11026/4857/2196 11028/5891/2197 11027/5892/2197 11025/1547/2196
f 11028/5891/2197 11030/3747/2198 11029/1564/2198 11027/5892/2197
f 11030/3747/2198 11032/5893/2199 11031/5894/2199 11029/1564/2198
f 11032/5893/2199 11034/4858/2200 11033/1572/2200 11031/5894/2199
f 11034/4858/2200 11036/5895/887 11035/5896/887 11033/1572/2200
f 11036/5895/887 11038/3760/2201 11037/1577/2201 11035/5896/887
f 11038/3760/2201 11040/5897/2202 11039/5898/2202 11037/1577/2201
f 11040/5897/2202 11042/4859/2203 11041/1581/2203 11039/5898/2202
f 11042/4859/2203 11044/5899/2204 11043/5900/2204 11041/1581/2203
f 11044/5899/2204 11046/3773/2205 11045/1596/2205 11043/5900/2204
f 11046/3773/2205 11048/5901/2206 11047/5902/2206 11045/1596/2205
f 11048/5901/2206 11050/4860/2206 11049/1629/2206 11047/5902/2206
f 11050/4860/2206 11052/5903/2206 11051/5904/2206 11049/1629/2206
f 11052/5903/2206 11054/3354/2206 11053/895/2206 11051/5904/2206
f 11054/3354/2206 11056/5905/2206 11055/5906/2206 11053/895/2206
f 11056/5905/2206 11058/4861/2206 11057/1661/2206 11055/5906/2206
f 11058/4861/2206 11060/5907/2206 11059/5908/2206 11057/1661/2206
f 11060/5907/2206 11062/3798/2206 11061/1676/2206 11059/5908/2206
f 11062/3798/2206 11064/5909/2206 11063/5910/2206 11061/1676/2206
f 11064/5909/2206 11066/4862/2206 11065/1689/2206 11063/5910/2206
f 11066/4862/2206 11068/5911/2207 11067/5912/2207 11065/1689/2206
f 11068/5911/2207 11070/3811/2208 11069/1709/2208 11067/5912/2207
f 11070/3811/2208 11072/5913/2209 11071/5914/2209 11069/1709/2208
f 11072/5913/2209 11074/4863/2210 11073/1624/2210 11071/5914/2209
f 11074/4863/2210 11076/5915/2211 11075/5916/2211 11073/1624/2210
f 11076/5915/2211 11078/3824/2212 11077/1618/2212 11075/5916/2211
f 11078/3824/2212 11080/5917/1349 11079/5918/1349 11077/1618/2212
f 11080/5917/1349 11082/4864/2213 11081/1613/2213 11079/5918/1349
f 11082/4864/2213 11084/5919/2214 11083/5920/2214 11081/1613/2213
f 11084/5919/2214 11086/3369/2215 11085/815/2215 11083/5920/2214
f 11086/3369/2215 11088/5921/2216 11087/5922/2216 11085/815/2215
f 11088/5921/2216 11090/4865/2217 11089/1597/2217 11087/5922/2216
f 11090/4865/2217 11092/5923/2218 11091/5924/2218 11089/1597/2217
f 11092/5923/2218 11094/3849/2219 11093/1593/2219 11091/5924/2218
f 11094/3849/2219 11096/5925/2220 11095/5926/2220 11093/1593/2219
f 11096/5925/2220 11098/4866/2221 11097/1591/2221 11095/5926/2220
f 11098/4866/2221 11100/5927/2222 11099/5928/2222 11097/1591/2221
f 11100/5927/2222 11102/3862/2223 11101/1588/2223 11099/5928/2222
f 11102/3862/2223 11104/5929/2224 11103/5930/2224 11101/1588/2223
f 11104/5929/2224 11106/4867/2225 11105/1602/2225 11103/5930/2224
f 11106/4867/2225 11108/5931/2226 11107/5932/2226 11105/1602/2225
f 11108/5931/2226 11110/3875/2227 11109/1604/2227 11107/5932/2226
f 11110/3875/2227 11112/5933/2228 11111/5934/2228 11109/1604/2227
f 11112/5933/2228 11114/4868/2229 11113/1607/2229 11111/5934/2228
f 11114/4868/2229 11116/5935/2230 11115/5936/2230 11113/1607/2229
f 11116/5935/2230 11118/3384/2231 11117/963/2231 11115/5936/2230
f 11118/3384/2231 11120/5937/2232 11119/5938/2232 11117/963/2231
f 11120/5937/2232 11122/4869/2233 11121/1617/2233 11119/5938/2232
f 11122/4869/2233 11124/5939/2234 11123/5940/2234 11121/1617/2233
f 11124/5939/2234 11126/3900/2235 11125/1625/2235 11123/5940/2234
f 11126/3900/2235 11128/5941/2236 11127/5942/2236 11125/1625/2235
f 11128/5941/2236 11130/4870/2237 11129/1631/2237 11127/5942/2236
f 11130/4870/2237 11132/5943/2238 11131/5944/2238 11129/1631/2237
f 11132/5943/2238 11134/3913/2239 11133/1640/2239 11131/5944/2238
f 11134/3913/2239 11136/5945/2240 11135/5946/2240 11133/1640/2239
f 11136/5945/2240 11138/4871/2241 11137/1648/2241 11135/5946/2240
f 11138/4871/2241 11140/5947/2242 11139/5948/2242 11137/1648/2241
f 11140/5947/2242 11142/3926/2243 11141/1657/2243 11139/5948/2242
f 11142/3926/2243 11144/5949/2244 11143/5950/2244 11141/1657/2243
f 11144/5949/2244 11146/4872/2245 11145/1668/2245 11143/5950/2244
f 11146/4872/2245 11148/5951/2246 11147/5952/2246 11145/1668/2245
f 11148/5951/2246 11150/3399/2247 11149/1028/2247 11147/5952/2246
f 11150/3399/2247 11152/5953/2248 11151/5954/2248 11149/1028/2247
f 11152/5953/2248 11154/4873/2249 11153/1693/2249 11151/5954/2248
f 11154/4873/2249 11156/5955/2250 11155/5956/2250 11153/1693/2249
f 11156/5955/2250 11158/3951/2251 11157/1697/2251 11155/5956/2250
f 11158/3951/2251 11160/5957/2252 11159/5958/2252 11157/1697/2251
f 11160/5957/2252 11162/4874/2253 11161/1700/2253 11159/5958/2252
f 11162/4874/2253 11164/5959/2254 11163/5960/2254 11161/1700/2253
f 11164/5959/2254 11166/3964/2255 11165/1704/2255 11163/5960/2254
f 11166/3964/2255 11168/5961/2256 11167/5962/2256 11165/1704/2255
f 11168/5961/2256 11170/4875/2257 11169/1695/2257 11167/5962/2256
f 11170/4875/2257 11172/5963/2258 11171/5964/2258 11169/1695/2257
f 11172/5963/2258 11174/3977/2259 11173/1690/2259 11171/5964/2258
f 11174/3977/2259 11176/5965/2260 11175/5966/2260 11173/1690/2259
f 11176/5965/2260 11178/4876/2261 11177/1686/2261 11175/5966/2260
f 11178/4876/2261 11180/5967/2262 11179/5968/2262 11177/1686/2261
f 11180/5967/2262 11182/3414/2263 11181/1045/2263 11179/5968/2262
f 11182/3414/2263 11184/5969/2264 11183/5970/2264 11181/1045/2263
f 11184/5969/2264 11186/4877/2265 11185/1678/2265 11183/5970/2264
f 11186/4877/2265 11188/5971/98 11187/5972/98 11185/1678/2265
f 11188/5971/98 11190/4002/2266 11189/1670/2266 11187/5972/98
f 11190/4002/2266 11192/5973/2267 11191/5974/2267 11189/1670/2266
f 11192/5973/2267 11194/4878/2268 11193/1663/2268 11191/5974/2267
f 11194/4878/2268 11196/5975/2269 11195/5976/2269 11193/1663/2268
f 11196/5975/2269 11198/4015/2270 11197/1655/2270 11195/5976/2269
f 11198/4015/2270 11200/5977/2271 11199/5978/2271 11197/1655/2270
f 11200/5977/2271 11202/4879/2272 11201/1649/2272 11199/5978/2271
f 11202/4879/2272 11204/5979/2273 11203/5980/2273 11201/1649/2272
f 11204/5979/2273 11206/4028/2274 11205/1644/2274 11203/5980/2273
f 11206/4028/2274 11208/5981/2275 11207/5982/2275 11205/1644/2274
f 11208/5981/2275 11210/4880/2276 11209/1637/2276 11207/5982/2275
f 11210/4880/2276 11212/5983/2277 11211/5984/2277 11209/1637/2276
f 11212/5983/2277 10830/2890/2102 10829/105/2102 11211/5984/2277
